para_id,paragraph,gpt_oss_or_label,gpt_oss_or_reasoning,gpt_oss_or_confidence,gpt_oss_or_considered,tier
29,"The four fundamental operations of arithmetic are addition, subtraction, multiplication, and division. In this lesson we will review the operations of arithmetic with whole numbers and with money. Amounts of money are sometimes indicated with a dollar sign ($) or with a cent sign (¢), but not both. We can show 50 cents either of these two ways:
$0.50 or 50¢
Occasionally we will see a dollar sign or cent sign used incorrectly.
This sign [Soft Drinks 0.50¢ each] is incorrect because it uses a decimal point with a cent sign. This incorrect sign literally means that soft drinks cost not half a dollar but half a cent! Take care to express amounts of money in the proper form when performing arithmetic with money.",COMMON_ERROR_ALERT,"The paragraph warns about a specific mistake (using a decimal point with a cent sign) and advises students to avoid it, matching the definition of a common error alert.",high,,A_positive
40,"Practice Set
a. This sign is incorrect. Show two ways to correct the sign. [Lemonade 0.45¢ per glass]
b. Name a whole number that is not a counting number.
c. Justify When the product of 4 and 4 is divided by the sum of 4 and 4, what is the quotient? Explain how you found the answer.
Simplify by adding, subtracting, multiplying, or dividing as indicated:
d. $1.75 + 60¢ + $3    e. $2 − 47¢
f. 5(65¢)    g. 250 ⋅ 24
h. $24.00 ÷ 5    i. 234 / 18
Evaluate each expression for a = 20 and b = 4:
j. a + b    k. a − b
l. ab       m. a / b
Connect Write equations using the number 15, where 15 is:
n. an addend    o. the product
p. the quotient  q. the subtrahend
r. the dividend  s. the minuend",EXPLICIT_ERROR_DETECTION,"Item a states an error (the sign is incorrect) and asks the reader to correct it, which matches explicit error detection. No named student is given, so INCORRECT_TO_CORRECT is less fitting.",medium,INCORRECT_TO_CORRECT,A_positive
128,"Example 4: Use words to write 3406521. Solution: We start on the right and insert a comma every third place as we move to the left: 3,406,521. Three million, four hundred six thousand, five hundred twenty-one. Note: We do not write "". . . five hundred and twenty-one."" We never include ""and"" when saying or writing whole numbers.",COMMON_ERROR_ALERT,"The paragraph includes a warning not to include ""and"" when writing whole numbers, which alerts the reader to a common mistake.",high,,A_positive
278,"2. (1) Represent The sign shown is incorrect. Show two ways to correct the sign.
Apples 0.99¢ per pound",INCORRECT_TO_CORRECT,"The paragraph states an error (the sign is incorrect) and asks the reader to show ways to correct it, which aligns with fixing an error rather than just detecting it.",medium,EXPLICIT_ERROR_DETECTION,A_positive
657,"Example 6
Dickerson Ranch is a level plot of land 4 miles square. The area of Dickerson Ranch is how many square miles?
Solution
""Four miles square"" does not mean ""4 square miles."" A plot of land that is 4 miles square is square and has sides 4 miles long. So the area is
4 mi × 4 mi = 16 mi^2",COMMON_ERROR_ALERT,The paragraph warns readers that interpreting '4 miles square' as 4 square miles is a common mistake and clarifies the correct interpretation.,high,,A_positive
1828,"* 28. (36) Discuss A spinner is spun once. Derrick says the sample space is {1, 2, 3}. Jorge says the sample space is {1, 1, 1, 2, 2, 3}. Whose sample space is better? Explain why?",COMPARE_AND_CONTRAST,"The paragraph presents two named students with differing sample spaces and asks the reader to decide whose is better, which matches the compare-and-contrast pattern.",high,,A_positive
1881,3. Represent Larry made a bar graph that compares his amount of reading time to Josela's. Create another bar graph that shows the same information in a less misleading way. Explain why your graph is less misleading.,NA,"The paragraph asks the student to create a less misleading graph and explain why, without presenting a specific student's error, warning about common mistakes, or asking to locate an error.",high,,A_positive
2789,"When dividing figures, we must avoid assumptions based on appearances. Although it may appear that the figure at right is divided into two triangles, the larger “triangle” is actually a quadrilateral. The slanted “segment” bends where the solid and dashed segments intersect. The assumption that the figure is divided into two triangles leads to an incorrect calculation for the area of the figure.",COMMON_ERROR_ALERT,"The paragraph warns readers about a common mistake (assuming a shape is two triangles) and advises caution, matching the COMMON_ERROR_ALERT category.",high,,A_positive
4371,"When performing algebraic operations, it is necessary to guard against dividing by zero. For example, the following expression reduces to 2 only if x is not zero: 2x/x = 2 if x ≠ 0. What is the value of this expression if x is zero? 2x/x (expression); 2 · 0 / 0 (substituted 0 for x); 0/0 (multiplied 2 · 0).",COMMON_ERROR_ALERT,"The paragraph warns about a frequent mistake (dividing by zero) and asks the student to consider the case when x=0, fitting the pattern of a common error alert.",high,,A_positive
3,"When we solve a problem, it helps to ask ourselves some questions along the way.

Follow the Process | Ask Yourself Questions
Step 1: Understand | What information am I given? What am I asked to find or do?
Step 2: Plan | How can I use the given information to solve the problem? What strategy can I use to solve the problem?
Step 3: Solve | Am I following the plan? Is my math correct?
Step 4: Check (Look Back) | Does my solution answer the question that was asked? Is my answer reasonable?",NA,"The paragraph provides general problem‑solving steps and self‑question prompts, without showing a student's error, comparing approaches, or warning about common mistakes.",high,,B_boundary
8,"Refer to the following problem to answer questions 3–8.
Aaron wants to buy a baseball glove that costs $86.37 including tax. Aaron has saved $28.50. He earns $15 each weekend mowing lawns. How many weekends will he need to work so that he can earn enough money to buy the baseball glove?
3. What information are we given?
4. What are we asked to find?
5. Which step of the four-step problem-solving process have you completed when you have answered questions 3 and 4?
6. Describe your plan for solving the problem. Besides the arithmetic, is there anything else you can draw or do that will help you solve the problem?
7. Solve the problem by following your plan. Show your work and any tables or diagrams you used. Write your solution to the problem in a way someone else will understand.
8. Check your work and your answer. Look back to the problem. Be sure you use the information correctly. Be sure you found what you were asked to find. Is your answer reasonable?",NA,"The paragraph asks the student to solve a word problem, identify given information, plan, solve, and check their own work. It does not present a student's error, compare approaches, or warn about common mistakes.",high,,B_boundary
16,Make an organized list. Making a list can help us organize our thinking about a problem.,NA,"The paragraph gives a general instructional tip about making a list, with no mention of errors, mistakes, or comparing student work.",high,,B_boundary
17,"Guess and check. Guessing the answer and trying the guess in the problem might start a process that leads to the answer. If the guess is not correct, use the information from the guess to make a better guess. Continue to improve your guesses until you find the answer.",NA,"The paragraph explains the guess-and-check strategy without referencing any student errors, comparisons, or warnings about common mistakes.",high,,B_boundary
18,"Make or use a table, chart, or graph. Arranging information in a table, chart, or graph can help us organize and keep track of data needed and might reveal patterns or relationships that can help us solve the problem.",NA,"The paragraph gives a general instructional suggestion about using tables, charts, or graphs, with no mention of errors, mistakes, or comparing student work.",high,,B_boundary
19,"Work backwards. Finding a route through a maze is often easier by beginning at the end and tracing a path back to the start. Likewise, some problems are easier to solve by working back from information that is given toward the end of the problem to information that is missing near the beginning of the problem.",NA,"The paragraph describes a problem‑solving strategy (working backwards) and does not present any student work, error detection, comparison, or warning about common mistakes.",high,,B_boundary
24,"Other times, we will be asked to write a problem for a given equation. Be sure to include the correct numbers and operations to represent the equation.
11. Write a word problem for (2 × 42) + 18.",NA,"The paragraph simply instructs students to create a word problem; it does not involve error detection, correction, comparison, or warning about common mistakes.",high,,B_boundary
28,"Including zero with the set of counting numbers forms the set of whole numbers.
{0, 1, 2, 3, 4, . . .}
The set of whole numbers does not include any numbers less than zero, between 0 and 1, or between any consecutive counting numbers.",NA,"The paragraph provides a definition of whole numbers and does not involve any error detection, correction, comparison, or warning about common mistakes.",high,,B_boundary
33,"Example 2
Subtract:
a. 5207 − 948
b. $5 − 25¢
Solution
a. We align the digits in the ones place. We must follow the correct order of subtraction by writing the minuend (first number) above the subtrahend (second number).
 5207
− 948
-----
 4259
b. We write each amount in dollar form. We align decimal points and subtract.
 $5.00
−$0.25
-----
 $4.75",NA,"The paragraph simply demonstrates how to perform subtraction with no mention of errors, mistakes, or comparison of student work.",high,,B_boundary
34,"Numbers that are multiplied are called factors. The result of their multiplication is the product.
factor × factor = product
We can indicate the multiplication of two factors with a times sign, with a center dot, or by writing the factors next to each other with no sign between them.
4 × 5    4 ⋅ 5    4(5)    ab
The parentheses in 4(5) clarify that 5 is a quantity separate from 4 and that the two digits do not represent the number 45. The expression ab means “a times b.”",NA,"The paragraph provides definitions and notation for factors and products without mentioning errors, mistakes, or comparing student work.",high,,B_boundary
37,"Example 4
Divide:
a. 1234 ÷ 56
b. $12.60 / 5
Solution
a. In this division there is a remainder. Other methods for dealing with a remainder will be considered later.
1234 ÷ 56 = 22 R 2
Analyze Should the remainder be greater than, equal to, or less than the divisor? Why?
b. We write the quotient with a dollar sign. The decimal point in the quotient is directly above the decimal point in the dividend.
$12.60 / 5 = $2.52",NA,"The paragraph presents division examples and asks a conceptual question about remainders, without showing a student's error, comparing approaches, or warning about common mistakes.",high,,B_boundary
46,"We see that both 2 + 3 and 3 + 2 equal 5. Changing the order of addends does not change the sum. This characteristic of addition is known as the Commutative Property of Addition and is often stated in equation form using variables.
a + b = b + a
Since changing the order of numbers in subtraction may change the result, subtraction is not commutative.
Reading Math The symbol ≠ means is not equal to.
Addition is commutative.
2 + 3 = 3 + 2
Subtraction is not commutative.
5 − 3 ≠ 3 − 5",NA,"The paragraph only defines and illustrates the commutative property; it does not present errors, compare student work, or warn about common mistakes.",high,,B_boundary
49,"Changing the order of the factors does not change the product. This characteristic of multiplication is known as the Commutative Property of Multiplication.
a × b = b × a
Since changing the order of division may change the quotient, division is not commutative.
Thinking Skill Conclude How are the Commutative Properties of addition and multiplication alike?
Multiplication is commutative.
4 × 5 = 5 × 4
Division is not commutative.
20 ÷ 5 ≠ 5 ÷ 20",NA,"The paragraph explains the commutative property and asks a conceptual question; it does not present student errors, compare student work, or warn about common mistakes.",high,,B_boundary
52,"The operations of arithmetic are binary, which means that we only work with two numbers in one step. If we wish to add
2 + 3 + 4
we can add two of the numbers and then add the other number. The parentheses around 2 + 3 in the expression below show that 2 + 3 should be treated as a single quantity. Therefore, 2 and 3 should be added, and then 4 should be added to the sum.
(2 + 3) + 4 add 2 and 3 first
5 + 4 then add 5 and 4
9 sum
In the expression below, the parentheses indicate that 3 and 4 are to be added first.
2 + (3 + 4) add 3 and 4 first
2 + 7 then add 2 and 7
9 sum
Notice that the sum is the same whichever way we group the addends.
(2 + 3) + 4 = 2 + (3 + 4)
The Associative Property of Addition states that the grouping of addends does not change the sum.
(a + b) + c = a + (b + c)",NA,"The paragraph explains the associative property with examples and does not involve student errors, error detection, or warnings about common mistakes.",high,,B_boundary
54,"The grouping of numbers in subtraction and division does affect the result, as we see in the following expressions. Thus, there is no associative property of subtraction, and there is no associative property of division.
(8 − 4) − 2 ≠ 8 − (4 − 2)
(8 ÷ 4) ÷ 2 ≠ 8 ÷ (4 ÷ 2)
Discuss How do the equations above prove that the Associative Property cannot be applied to subtraction and division?",NA,"The paragraph explains a concept and asks for discussion; it does not present a student's error, compare approaches, ask to find an error, or warn about common mistakes.",high,,B_boundary
58,"We can use properties of operations to simplify expressions and to solve equations. In example 3 we show a way to simplify 4 × (15 × 25). We list and describe each step.
Example 3
Dena simplified 4 × (15 × 25) in four steps. Justify each step.
Step: Justification:
4 × (15 × 25) The given expression
Step 1: 4 × (25 × 15)
Step 2: (4 × 25) × 15
Step 3: 100 × 15
Step 4: 1500
Solution
Thinking Skill Discuss How can the properties help us use mental math to simplify the expression?
We study how Dena changed the expression from one step to the next. To the right of each step, we justify that step by stating the property or operation Dena used.
Step: Justification:
4 × (15 × 25) The given expression
Step 1: 4 × (25 × 15) Commutative Property of Multiplication
Step 2: (4 × 25) × 15 Associative Property of Multiplication
Step 3: 100 × 15 Multiplied 4 and 25
Step 4: 1500 Multiplied 100 and 15",NA,"The paragraph presents a worked example and asks students to justify steps, without showing an error, asking to find/correct errors, compare students, or warn about common mistakes.",high,,B_boundary
61,"Written Practice Strengthening Concepts
* 1. When the product of 2 and 3 is subtracted from the sum of 4 and 5, what is the difference?
2. Write 4 cents twice, once with a dollar sign and once with a cent sign.
3. The sign shown is incorrect. Show two ways to correct the sign. [Fruit 0.75¢ per apple]
* 4. Which operation of arithmetic is the inverse of addition?
* 5. If the dividend is 60 and the divisor is 4, what is the quotient?
6. Connect For the fact family 3, 4, and 7, we can write two addition facts and two subtraction facts.
3 + 4 = 7    7 − 4 = 3
4 + 3 = 7    7 − 3 = 4
For the fact family 3, 5, and 15, write two multiplication facts and two division facts.
7. Justify List the properties used in the first and second steps to simplify the expression 5 + (27 + 35).
Step: Justification:
5 + (27 + 35) Given expression
Step 1: (27 + 35) + 5 a.
Step 2: 27 + (35 + 5) b.
Step 3: 27 + 40 Added 5 and 35
Step 4: 67 Added 27 and 40
Simplify:
8. $20.00 − $14.79
9. $1.54 × 7
10. $30.00 / 8
* 11. $4.36 + 75¢ + $12 + 6¢
* 12. Analyze $10.00 − ($4.89 + 74¢)
13. 8 + 5 + 4 + 6 + 5 + 4 + 3 + 7 + 2 + 4 + 1 + 8
14. 3105 ÷ 15
15. 1630 ÷ 40
16. 81 ÷ (9 ÷ 3)
17. (81 ÷ 9) ÷ 3
18. (10)($3.75)
* 19. 3167 − (450 − 78)
* 20. (3167 − 450) − 78
21. $20.00 ÷ 16
22. 70 ⋅ 800
23. 3714 + 268 + 47 + 9
24. 5 ⋅ 4 ⋅ 3 ⋅ 2 ⋅ 1
* 25. $20 − ($1.47 + $8)
26. 30 × 45¢
* 27. Which property can we use to find each missing number?
a. 10x = 0    b. 10y = 10
* 28. Evaluate each expression for x = 18 and y = 3:
a. x − y    b. xy
c. x / y    d. x + y
* 29. Explain Why is zero called the additive identity?
* 30. Connect The equation below shows the relationship of factors and their product
factor × factor = product
Using the vocabulary we have learned, write a similar equation to show the relationships in division.",NA,"The paragraph is a list of practice problems; only one item mentions an incorrect sign but does not reference a student's work or ask to locate the error, so it does not fit the defined error-focused categories.",medium,EXPLICIT_ERROR_DETECTION,B_boundary
77,"problem solving
Lawrence drew a closed shape with a wide gray marker. Then Marta drew a closed shape with a thin black pen. Marta’s shape crosses Lawrence’s shape exactly eight times. Is it possible for Marta to draw a closed shape that crosses Lawrence’s shape only seven times?",NA,"The paragraph presents a problem scenario with named characters but does not involve detecting or correcting errors, comparing conflicting answers, or warning about common mistakes.",high,,B_boundary
87,"Together, examples 4 and 5 show graphically that subtraction is not commutative; that is, the order of the numbers affects the outcome in subtraction. In fact, notice that reversing the order of subtraction results in opposite differences.
5 − 3 = 2
3 − 5 = −2
We can use this characteristic of subtraction to help us with subtraction problems like the next example.",NA,"The paragraph explains a mathematical property and provides examples; it does not present a student's error, compare approaches, ask to find an error, or warn about common mistakes.",high,,B_boundary
88,"Example 6
Simplify: 376 − 840
Solution
We see that the result will be negative. We reverse the order of the numbers to perform the subtraction.
840 − 376 = 464
The answer to the original problem is the opposite of 464, which is −464.
Discuss How do we know that the answer is the opposite of 464, and not 464?",NA,"The paragraph presents a correct solution and asks a conceptual question about sign, without showing a student's error, comparison, or warning about common mistakes.",high,,B_boundary
91,"Example 7: The first four terms of a sequence are shown below. Find the next three terms in the sequence. 1, 4, 9, 16, . . . Solution: This sequence is neither arithmetic nor geometric. We will describe two solutions. First we see that the terms increase in size by a larger amount as we move to the right in the sequence: 1 (+3) 4 (+5) 9 (+7) 16, . . . The increase itself forms a sequence we may recognize: 3, 5, 7, 9, 11, . . . . We will continue the sequence by adding successively larger odd numbers: 1 (+3) 4 (+5) 9 (+7) 16 (+9) 25 (+11) 36 (+13) 49, . . . We find that the next three numbers in the sequence are 25, 36, and 49. Another solution to the problem is to recognize the sequence as a list of perfect squares. When we multiply a counting number by itself, the product is a perfect square. 1 · 1 = 1, 2 · 2 = 4, 3 · 3 = 9, 4 · 4 = 16. Continuing this pattern, the next three terms are 5 × 5 = 25, 6 × 6 = 36, 7 × 7 = 49.",NA,"The paragraph presents a problem and two correct solution methods without asking the reader to find or correct errors, nor warning about common mistakes.",high,,B_boundary
98,Practice Set h. Justify What is the first step you take before comparing the expressions in exercises f and g?,NA,"The paragraph asks the student to justify a step before comparing expressions, with no mention of errors, mistakes, or named students.",high,,B_boundary
126,"Reading and Writing Whole Numbers: Whole numbers with more than three digits may be written with commas to make the numbers easier to read. Commas help us read large numbers by separating the trillions, billions, millions, and thousands places. We need only to read the three-digit number in front of each comma and then say either ""trillion,"" ""billion,"" ""million,"" or ""thousand"" when we reach the comma. We will use the following guidelines when writing numbers as words: 1. Put commas after the words trillion, billion, million, and thousand. 2. Hyphenate numbers between 20 and 100 that do not end in zero. For example, 52, 76, and 95 are written ""fifty-two,"" ""seventy-six,"" and ""ninety-five.""",NA,"The paragraph provides instructional guidelines on writing numbers with commas and hyphenation, without mentioning errors, mistakes, or comparing student work.",high,,B_boundary
127,"Example 3: Use words to write 1,380,000,050,200. Solution: One trillion, three hundred eighty billion, fifty thousand, two hundred. Explain: Why do we not say the millions when we read this number aloud?",NA,"The paragraph presents a standard example and asks a conceptual question about naming conventions, without showing or asking about errors.",high,,B_boundary
129,"Example 5: Use digits to write twenty trillion, five hundred ten million. Solution: It may be helpful to first draw a ""skeleton"" of the number with places through the trillions. We use abbreviations for ""trillion,"" ""billion,"" ""million,"" and ""thousand"". We will read the number until we reach a comma and then write what we have read. We read ""twenty trillion,"" so we write 20 before the trillions comma: 20 _ _ _, _ _ _, _ _ _. Next we read ""five hundred ten million."" We write 510 before the millions comma: 20, _ _ _, 510, _ _ _, _ _ _. Since there are no billions, we write zeros in the three places before the billions comma: 20, 000, 510, _ _ _, _ _ _. To hold place values, we write zeros in the remaining places. Now we omit the dashes and write the number: 20,000,510,000,000.",NA,"The paragraph provides a step-by-step example of writing a number in digits without mentioning errors, mistakes, or comparing student work.",high,,B_boundary
133,"Example 7: Terrell said he and his family traveled twenty-four hundred miles on a summer driving trip. Use digits to write the number of miles they traveled. Solution: Counting up by hundreds, some people say ""eight hundred,"" ""nine hundred,"" ""ten hundred,"" ""eleven hundred,"" and so on for 800, 900, 1000, 1100, . . . . In this example Terrell said ""twenty-four hundred"" for 2400, which is actually two thousand, four hundred. Four-digit whole numbers are often written without commas, so either of these forms is correct: 2400 or 2,400.",NA,"The paragraph provides an example of writing a number in digits and does not ask the reader to find or correct an error, nor does it warn about a common mistake.",high,,B_boundary
156,"Example 2: List the factors of 51. Solution: As we try to think of whole numbers that divide 51 with no remainder, we may think that 51 has only two factors, 1 and 51. However, there are actually four factors of 51. Notice that 3 and 17 are also factors of 51: 3 × 17 = 51. Thus, the four factors of 51 are 1, 3, 17, and 51. From the first two examples we see that 12 and 51 have two common factors, 1 and 3. The greatest common factor (GCF) of 12 and 51 is 3, because it is the largest common factor of both numbers.",COMMON_ERROR_ALERT,"The paragraph warns readers about a common misconception that 51 has only two factors, then corrects it, matching the COMMON_ERROR_ALERT pattern.",high,,B_boundary
183,"A segment has a specific length. We may refer to the length of segment AB by writing mAB, which means ""the measure of segment AB,"" or by writing the letters AB without an overbar. Thus, both AB and mAB refer to the distance from point A to point B. We use this notation to state that the sum of the lengths of the shorter segments equals the length of the longest segment: AB + BC = AC, mAB + mBC = mAC.",NA,"The paragraph only defines notation and states a geometric relationship; it does not present an error, compare student work, or warn about common mistakes.",high,,B_boundary
189,"An angle is formed by two rays that have a common endpoint. The common endpoint is the vertex of the angle. Ray MD and ray MB are the sides of the angle. Angles may be named by listing the following points in order: a point on one ray, the vertex, and then a point on the other ray. So our angle may be named either angle DMB or angle BMD. When there is no chance of confusion, an angle may be named by only one point, the vertex (angle A). An angle may also be named by placing a small letter or number near the vertex and between the rays (angle 1). The symbol ∠ is often used instead of the word angle: ∠DMB, ∠A, ∠1.",NA,"The paragraph only defines terminology for angles and gives naming conventions; it does not present any student work, error detection, comparison, or warning about common mistakes.",high,,B_boundary
196,"Example 6: Sketch two intersecting planes. Which word below best describes the location where the planes intersect? A Point  B Line  C Segment. Solution: We draw parallelograms through each other to illustrate the planes. In our sketch the intersection appears to be a segment. However, the actual planes extend without boundary, so the intersection continues without end and is a line. Lines in the same plane that do not intersect are parallel. Lines in different planes that do not intersect are skew lines. Connect: Can you identify where planes intersect in your classroom?",NA,"The paragraph asks a conceptual multiple‑choice question and explains the correct answer; it does not present a student's error, compare students, or explicitly warn about a common mistake.",high,,B_boundary
213,Written Practice 24. Compare: 4000 ÷ (200 ÷ 10) ○ (4000 ÷ 200) ÷ 10,NA,"The paragraph asks the student to compare two arithmetic expressions without mentioning any errors, named students, or error detection prompts.",high,,B_boundary
229,"Example 2
Which of the following could describe the part of this rectangle that is shaded?
A 1/2 B 40% C 60%
Solution
There is a shaded and an unshaded part of this rectangle, but the parts are not equal. More than 1/2 of the rectangle is shaded, so the answer is not A. Half of a whole is 50%.
100% ÷ 2 = 50%
Since more than 50% of the rectangle is shaded, the correct choice must be C 60%.",NA,"The paragraph provides a straightforward solution explanation without showing a student's error, comparing approaches, or warning about common mistakes.",high,,B_boundary
231,"Example 3
Point A represents what mixed number on this number line?
Solution
We see that point A represents a number greater than 8 but less than 9. It represents 8 plus a fraction. To find the fraction, we first notice that the segment from 8 to 9 has been divided into five smaller segments. The distance from 8 to point A crosses two of the five segments. Thus, point A represents the mixed number 8 2/5.
Note: It is important to focus on the number of segments and not on the number of vertical tick marks. The four tick marks divide the space between 8 and 9 into five segments, just as four cuts divide a strip of paper into five pieces.",COMMON_ERROR_ALERT,"The paragraph includes a note warning students not to confuse tick marks with segments, which is a warning about a common mistake.",high,,B_boundary
233,"Bear in mind that all measurements are approximate. The quality of a measurement depends upon many conditions, including the care taken in performing the measurement and the precision of the measuring instrument. The finer the gradations are on the instrument, the more precise the measurement can be.",NA,"The paragraph provides general information about measurement precision and does not involve any error-focused pedagogy, named students, or prompts to find or correct errors.",high,,B_boundary
234,"For example, if we measure segments AB and CD below with an undivided inch ruler, we would describe both segments as being about 3 inches long.
We can say that the measure of each segment is 3 inches ± 1/2 inch (“three inches plus or minus one half inch”). This means each segment is within 1/2 inch of being 3 inches long. In fact, for any measuring instrument, the greatest possible error due to the instrument is one half of the unit that marks the instrument.",NA,"The paragraph explains the concept of measurement uncertainty and does not ask the reader to find or correct an error, compare approaches, or warn about a common student mistake.",high,,B_boundary
235,"We can improve the precision of measurement and reduce the possible error by using an instrument with smaller units. Below we use a ruler divided into quarter inches. We see that AB is about 3 1/4 inches and CD is about 2 3/4 inches. These measures are precise to the nearest quarter inch. The greatest possible error due to the measuring instrument is one eighth of an inch, which is half of the unit used for the measure.",NA,"The paragraph explains measurement precision and possible error but does not ask the reader to find or correct an error, nor does it warn about a common student mistake.",high,,B_boundary
239,"Practice Set
a. What fraction of this circle is not shaded?
b. What percent of this circle is not shaded?
c. Half of a whole is what percent of the whole?
Model Draw and shade circles to illustrate each fraction, mixed number, or percent:
d. 2/3 e. 75% f. 2 3/4
Evaluate Points g and h represent what mixed numbers on these number lines?
i. Find XZ to the nearest sixteenth of an inch.
j. Jack’s ruler is divided into eighths of an inch. Assuming the ruler is used correctly, what is the greatest possible measurement error that can be made with Jack’s ruler? Express your answer as a fraction of an inch.
k. Arrange these fractions in order from least to greatest:
1/4, 1/2, 1/8, 1/16",NA,"The paragraph lists practice problems without referencing errors, student work, or warnings about common mistakes.",high,,B_boundary
255,"27. (2, 4) Compare: 416 − (86 + 119) ○ (416 − 86) + 119",NA,"The paragraph asks the student to compare two mathematical expressions; it contains no named students, error detection, or warnings about common mistakes, so it is standard textbook content.",high,,B_boundary
257,"30. (7) Explain Referring to the figure below, what is the difference in meaning between the notations QR and QR?",NA,"The paragraph asks for an explanation of notation differences and does not involve student errors, error detection, or comparison of erroneous work.",high,,B_boundary
262,"Math Language Here, the word common means “shared by two or more.”
When adding fractions that have the same denominators, we add the numerators and write the sum over the common denominator.",NA,"The paragraph provides a definition and procedural instruction without mentioning errors, mistakes, or comparing student work.",high,,B_boundary
276,"Practice Set
Simplify:
a. 5/6 + 1/6
b. 4/5 − 3/5
c. 3/5 × 1/2 × 3/4
d. 3/3 + 3/3 + 2/3
e. 4/7 × 2/3
f. 5/8 − 5/8
g. 14 2/7% + 14 2/7%
h. 87 1/2% − 12 1/2%
Explain Write the reciprocal of each number. Tell what your answer shows about the product of a number and its reciprocal.
i. 4/5
j. 8/7
k. 5
Find each unknown number:
l. 5/8 a = 1
m. 6m = 1
n. Gia’s ruler is divided into tenths of an inch. What fraction of an inch represents the greatest possible measurement error due to Gia’s ruler? Why?
o. How many 2/3s are in 1?
p. If a ÷ b equals 4, what does b ÷ a equal?
q. What property of multiplication is illustrated by this equation?
2/3 · 3/2 = 1",NA,"The paragraph consists solely of practice problems and instructions without any mention of errors, student mistakes, or comparisons, so it is standard textbook content.",high,,B_boundary
279,"* 3. (4, 9) Replace each circle with the proper comparison symbol. Then write the comparison as a complete sentence, using words to write the numbers.
a. 1/2 ○ 1/2 · 1/2
b. −2 ○ −4",NA,"The paragraph asks students to fill in comparison symbols and write sentences; it does not involve identifying or correcting errors, nor warning about common mistakes.",high,,B_boundary
298,"writing division answers as mixed numbers Alexis cut a 25-inch ribbon into four equal lengths. How long was each piece?
To find the answer to this question, we divide. However, expressing the answer with a remainder does not answer the question.
4)25 = 6 R 1
Interpret What unit of measure does the answer 6 R 1 stand for?
The answer 6 R 1 means that each of the four pieces of ribbon was 6 inches long and that a piece remained that was 1 inch long. But that would make five pieces of ribbon!
Instead of writing the answer with a remainder, we will write the answer as a mixed number. The remainder becomes the numerator of the fraction, and we use the divisor as the denominator.",COMMON_ERROR_ALERT,"The paragraph warns that writing division answers with a remainder is a mistake and advises using a mixed number instead, which matches a common error alert.",high,,B_boundary
299,"Thinking Skill Analyze What given information shows that the answer is 6 1/4, rather than 6 R 1?
This answer means that each piece of ribbon was 6 1/4 inches long, which is the correct answer to the question.",NA,"The paragraph asks the student to analyze given information to justify an answer; it does not present a student's error, compare approaches, or warn about common mistakes.",high,,B_boundary
305,"Example 4
Rewrite 3 7/5 with a proper fraction.
Solution
The mixed number 3 7/5 means 3 + 7/5. The fraction 7/5 converts to 1 2/5.
7/5 = 1 2/5
Now we combine 3 and 1 2/5.
3 + 1 2/5 = 4 2/5
When the answer to an arithmetic problem is an improper fraction, we may convert the improper fraction to a mixed number.",NA,"The paragraph simply demonstrates a standard conversion with no error focus, comparison, or warning about common mistakes.",high,,B_boundary
315,"* 6. (4, 9) Replace each circle with the proper comparison symbol:
a. 2 − 2 ○ 2 ÷ 2
b. 1/2 + 1/2 ○ 1/2 × 1/2",NA,"The paragraph asks students to replace circles with comparison symbols; it does not involve identifying or correcting errors, nor does it warn about common mistakes.",high,,B_boundary
343,"extension
a. Formulate Write new problems for other groups to answer.
b. Justify Choose between mental math, manipulatives, or paper and pencil to complete the comparisons. Explain why you chose a particular method.
3/5 ○ 50%
1/2 + 2/6 ○ 1/4 + 1/8
1/2 + 1/3 ○ 1
c. Infer Look at the two sets of figures. The figures in Set 2 are nonexamples of Set 1. Based on the attributes of members of both sets, sketch another figure that would fit in Set 1. Support your choice.",NA,"The paragraph lists instructional tasks (formulate, justify, infer) without any mention of errors, mistakes, or comparing student work.",high,,B_boundary
347,"problems about combining In this lesson we will begin solving one-step word problems by writing and solving equations for the problems. To write an equation, it is helpful to understand the plot of the word problem. Problems with the same plot can be modeled with the same equation or formula. In this lesson we consider two common plots.
One common idea in word problems is that of combining. Here is an example.
Albert has $12. Betty has $15. Together they have $27.",NA,"The paragraph introduces a word problem example without any mention of errors, comparisons, or error detection tasks.",high,,B_boundary
349,"Although we sometimes use subtraction to solve the problem, it is important to recognize that word problems about combining have addition thought patterns.
We follow the four-step problem solving process when solving word problems.",NA,"The paragraph provides general instructional advice about using addition for combining word problems, without referencing a specific student error, error detection task, or comparison.",high,,B_boundary
369,16. Compare: 100 − (5 × 20) ○ (100 − 5) × 20,NA,"The paragraph asks the reader to compare two mathematical expressions without referencing any student's work, error detection, or warning about common mistakes.",high,,B_boundary
381,"New Concepts Increasing Knowledge
problems about comparing Problems about comparing often ask questions that contain words like “how much greater” or “how much less.” The number that describes how much greater or how much less is called the difference. We find the difference by subtracting the lesser number from the greater number. Here is the formula:
greater − lesser = difference
g − l = d",NA,"The paragraph only defines the concept of difference and provides a formula; it does not present student errors, compare student work, or warn about common mistakes.",high,,B_boundary
383,Thinking Skill Estimate How can we use estimation to see if the answer is reasonable?,NA,"The paragraph asks about using estimation to check reasonableness, with no mention of errors, named students, or error detection.",high,,B_boundary
415,"Example 2 Movie tickets were $8 each. The total ticket sales were $960. How many tickets were sold?
Solution
Understand Each ticket sold for the same price. This problem is about equal groups of money.
Plan We write an equation. In the equation we use n for the number of tickets. Each ticket cost $8 and the total was $960.
n × g = t
n × $8 = $960
Solve To find an unknown factor, we divide the product by the known factor. We can verify that our arithmetic is correct by substituting the answer into the original equation.
960 ÷ 8 = 120
120 × $8 = $960 verify
Check We review the question and write the answer: 120 tickets were sold.",NA,"The paragraph presents a straightforward problem and solution without showing errors, comparing students, or warning about common mistakes.",high,,B_boundary
434,26. Compare: 1000 ÷ (100 ÷ 10) ○ (1000 ÷ 100) ÷ 10,NA,"The paragraph simply asks to compare two mathematical expressions without involving named students, errors, or warnings, so it is standard content.",high,,B_boundary
449,Reading Math The symbols P(Red) and P(R) are both read as “the probability of red.”,NA,The paragraph simply explains how to read probability notation and does not involve identifying or correcting errors.,high,,B_boundary
479,Math Language The term reduce means to rewrite a fraction in lowest terms. Reducing a fraction does not change its value.,NA,The paragraph only provides a definition and explanation; it does not involve identifying or correcting errors.,high,,B_boundary
482,"Example 3 Reduce 18/24 to lowest terms.
Solution
Both 18 and 24 are divisible by 2, so we divide both terms by 2.
18/24 = (18 ÷ 2)/(24 ÷ 2) = 9/12
This is not in lowest terms, because 9 and 12 are divisible by 3.
9/12 = (9 ÷ 3)/(12 ÷ 3) = 3/4
We could have used just one step had we noticed that the greatest common factor of 18 and 24 is 6.
18/24 = (18 ÷ 6)/(24 ÷ 6) = 3/4
Both methods are correct. One method took two steps, and the other took just one step.",NA,The paragraph presents a worked example of reducing a fraction and discusses two correct methods; it does not ask the reader to find or correct an error.,high,,B_boundary
484,"Example 5 Write 12/9 as a mixed number with the fraction reduced.
Solution
There are two steps to reduce and convert to a mixed number. Either step may be taken first.
Reduce First:
Reduce: 12/9 = 4/3
Convert: 4/3 = 1 1/3
Convert First:
Convert: 12/9 = 1 3/9
Reduce: 1 3/9 = 1 1/3
Discuss Which method, reduce first or convert first, do you prefer in the example above and why? Can you think of an example for which you would prefer the other method?",COMPARE_AND_CONTRAST,"The paragraph presents two different methods (reduce first vs convert first) and asks the reader to compare and discuss them, matching the compare-and-contrast pattern.",high,,B_boundary
501,13. (4) Compare: (11)(6 + 7) ◯ 66 + 77,NA,"The paragraph asks the reader to compare two mathematical expressions; it does not involve student errors, error detection, or named students.",high,,B_boundary
505,"* 20. (2, 9) Justify Name the four properties used to simplify the expression.
3/4 · 5/6 · 4/3 Given
3/4 · 4/3 · 5/6 a. ___________
(3/4 · 4/3) · 5/6 b. ___________
1 · 5/6 c. ___________
5/6 d. ___________",NA,"The paragraph asks the student to name properties used in simplifying a given expression; it does not present a student's error, compare approaches, or warn about common mistakes.",high,,B_boundary
557,"The measures of three angles shown are as follows:
∠ AOB = 30° ∠ AOC = 110° ∠ AOD = 150°
Notice there are two scales on a protractor, one starting from the left side, the other from the right. One way to check whether you are reading from the correct scale is to consider whether you are measuring an acute angle or an obtuse angle.
Verify Explain how you know that ∠AOD does not have a measure of 30°?",NA,"The paragraph asks the reader to verify and explain why an angle does not have a certain measure, without presenting a student's error, comparison, or common mistake warning.",high,,B_boundary
559,"Example 2 Use a protractor to draw a 60º angle.
Solution We use a ruler or the straight edge of the protractor to draw a ray. Our sketch of the ray should be longer than half the diameter of the protractor. Then we carefully position the protractor so it is centered over the endpoint of the ray, with the ray extending through either the left or right 0° mark.
From the 0° mark we follow the curve of the protractor to the 60° mark and make a dot on the paper. Then we remove the protractor and use a straightedge or ruler to draw the second ray of the angle from the endpoint of the first ray through the dot. This completes the 60° angle.",NA,"The paragraph provides step-by-step instructions for drawing a 60° angle and does not involve any error identification, correction, comparison, or warning about common mistakes.",high,,B_boundary
563,"Represent Use your protractor to draw each of these angles:
g. 45º h. 120º i. 100º j. 80º
k. Analyze Perry’s protractor is marked at each degree. Assuming the protractor is used correctly, what is the greatest possible error that can be made with Perry’s protractor? Express your answer as a fraction of a degree.",NA,"The paragraph asks the student to draw angles and calculate the maximum measurement error of a protractor; it does not present a student's mistake, compare approaches, or warn about common errors.",high,,B_boundary
568,"* 5. (10, 15) Which of the following does not equal 1 1/3?
A 4/3
B 1 2/6
C 5/3
D 1 4/12",NA,"The paragraph presents a standard multiple‑choice question with no mention of errors, student work, or error detection.",high,,B_boundary
577,"Find the value of each variable. Check your work.
14. (3) x − 231 = 141
15. (3) $6.30 + y = $25
16. (3) 8w = $30.00
17. (3) 100%/m = 20%",NA,"The paragraph asks students to solve equations and check their own work, with no mention of errors, mistakes, or comparing student work.",high,,B_boundary
580,"27. (2, 9) a. Compare: (1/2 · 3/4) · 2/3 ◯ 1/2 (3/4 · 2/3)
b. What property is illustrated by the comparison?",NA,"The paragraph asks the student to compare two algebraic expressions and identify the property illustrated; it does not involve a named student's error, conflict between students, or an explicit error detection.",high,,B_boundary
590,"Example 2 Which of these figures is a polygon?
A B C D
Solution Figure A is not a polygon because its sides are not all segments. Figure B is not a polygon because it is not closed. Figure C is a polygon. Figure D is not a polygon because it is not a plane (2-dimensional) figure, although its faces are polygons.",NA,"The paragraph presents a multiple-choice question and provides the correct answer with explanations, without referencing student errors, comparisons, or warnings about common mistakes.",high,,B_boundary
592,"Figures that are the same shape and size are not only similar, they are also congruent. All three of the triangles below are similar, but only triangles ABC and DEF are congruent. Note that figures may be reflected (flipped) or rotated (turned) without affecting their similarity or congruence.",NA,"The paragraph provides a definition and explanation of similarity and congruence without presenting errors, student work, or warnings.",high,,B_boundary
594,"Example 3
a. Which of these quadrilaterals appear to be similar?
b. Which of these quadrilaterals appear to be congruent?
I II III IV
Solution
a. I, II, IV b. I, IV
Discuss What is the difference between similar figures and congruent figures?",NA,The paragraph asks students to identify similar and congruent quadrilaterals and discuss a concept; it contains no error-focused prompts or warnings.,high,,B_boundary
606,"10. (18) Name each of these figures. Then tell which is not a polygon. Give the reason for your choice.
a. b. c.",NA,"The paragraph asks students to name figures and identify which is not a polygon, with no mention of errors, student work, or common mistakes.",high,,B_boundary
627,"Example 4 The perimeter of a square is 48 ft. How long is each side of the square?
Solution A square has four sides whose lengths are equal. The sum of the four lengths is 48 ft. Here are two ways to think about this problem:
1. The sum of what four identical addends is 48?
_____ + _____ + _____ + _____ = 48 ft",NA,"The paragraph presents a standard problem and solution approach without mentioning errors, mistakes, or comparing student work.",high,,B_boundary
645,"Thinking Skill Conclude: When the base of an exponential expression is a fraction, why is the fraction in parentheses?",NA,"The paragraph asks a conceptual question about why a fraction is placed in parentheses in an exponential expression, with no reference to student errors, comparisons, or common mistakes.",high,,B_boundary
650,"rectangular area, part 1
The diagram below represents the floor of a hallway that has been covered with square tiles that are 1 foot on each side. How many 1-ft square tiles does it take to cover the floor of the hallway?
We see that there are 4 rows and 8 floor tiles in each row. So there are 32 1-ft square tiles.
The floor tiles cover the area of the hallway. Area is an amount of surface. Floors, ceilings, walls, sheets of paper, and polygons all have areas. If a square is 1 foot on each side, it is a square foot. Thus the area of the hallway is 32 square feet. Other standard square units in the U.S. system include square inches, square yards, and square miles.
It is important to distinguish between a unit of length and a unit of area. Units of length, such as inches or feet, are used for measuring distances, not for measuring areas. To measure area, we use units that occupy area. Square inches and square feet occupy area and are used to measure area.",NA,"The paragraph presents a straightforward problem and explanation without showing any student error, comparison, or warning about common mistakes.",high,,B_boundary
651,"Explain When finding the perimeter of the classroom floor, would you use feet or square feet? Explain your answer.",NA,"The paragraph asks a conceptual question about units for perimeter, without presenting errors, student work, or comparisons.",high,,B_boundary
653,One way to find the area of the rectangular hallway is to count each tile. What is another way to find the area?,NA,"The paragraph asks for another method to find area, with no mention of errors, mistakes, or comparison of student work.",high,,B_boundary
668,"* 28. (2, 9, 15) Which properties are illustrated by these equations?
a. 3/4 × 4/3 = 1    b. 1/3 · 2/2 = 2/6
* 29. (19, 20) Generalize A common floor tile is 12 inches square.
a. What is the perimeter of a common floor tile?
b. What is the area of a common floor tile?
* 30. (19) What is the perimeter of this hexagon?",NA,"The paragraph lists standard math problems without mentioning errors, student work, or warnings about common mistakes.",high,,B_boundary
692,"New Concepts Increasing Knowledge
prime and composite numbers: We remember that the counting numbers (or natural numbers) are the numbers we use to count. They are
1, 2, 3, 4, 5, 6, 7, 8, 9, 10, . . .
Counting numbers greater than 1 are either prime numbers or composite numbers. A prime number has exactly two different factors, and a composite number has three or more factors. In the following table, we list the factors of the first ten counting numbers. The numbers 2, 3, 5, and 7 each have exactly two factors, so they are prime numbers.
Factors of Counting Numbers 1–10
Number | Factors
1 | 1
2 | 1, 2
3 | 1, 3
4 | 1, 2, 4
5 | 1, 5
6 | 1, 2, 3, 6
7 | 1, 7
8 | 1, 2, 4, 8
9 | 1, 3, 9
10 | 1, 2, 5, 10",NA,"The paragraph only defines prime and composite numbers and lists factors; it does not present errors, compare student work, or warn about common mistakes.",high,,B_boundary
694,Discuss The number 1 is neither a prime number nor a composite number. Why do you think that is true?,NA,"The paragraph asks a conceptual discussion about why 1 is neither prime nor composite, with no error detection, correction, or warning about common mistakes.",high,,B_boundary
698,"prime factorization: Every composite number can be composed (formed) by multiplying two or more prime numbers. Here we show each of the first nine composite numbers written as a product of prime factors,
4 = 2 ∙ 2    6 = 2 ∙ 3    8 = 2 ∙ 2 ∙ 2
9 = 3 ∙ 3    10 = 2 ∙ 5    12 = 2 ∙ 2 ∙ 3
14 = 2 ∙ 7    15 = 3 ∙ 5    16 = 2 ∙ 2 ∙ 2 ∙ 2
Notice that we factor 8 as 2 ∙ 2 ∙ 2 and not 2 ∙ 4, because 4 is not prime.
When we write a composite number as a product of prime numbers, we are writing the prime factorization of the number.",COMMON_ERROR_ALERT,"The paragraph warns against a typical mistake (using non‑prime factors like 2·4 for 8) by explicitly stating the correct prime factorization, which matches a common error alert.",medium,,B_boundary
700,"Example 4
Write the prime factorization of each number.
a. 30    b. 81    c. 420
Solution
We will write each number as the product of two or more prime numbers.
a. 30 = 2 · 3 · 5  We do not use 5 ∙ 6 or 3 ∙ 10, because neither 6 nor 10 is prime.
b. 81 = 3 · 3 · 3 · 3  We do not use 9 ∙ 9, because 9 is not prime.
c. 420 = 2 · 2 · 3 · 5 · 7  Two methods for finding this are shown after example 5.",NA,"The paragraph provides a standard example and solution without presenting a student error, comparison, or warning about common mistakes.",high,,B_boundary
703,There are two commonly used methods for factoring composite numbers. One method uses a factor tree. The other method uses division by primes. We will factor 420 using both methods.,NA,"The paragraph simply introduces two factoring methods without naming students or presenting conflicting answers, and does not ask the reader to find or correct errors.",high,,B_boundary
704,Thinking Skill Represent: You can begin a factor tree with any pair of factors. Find the prime factorization of 420 starting with 2 and 210. Then find it starting with 6 and 70. Is the result the same?,COMPARE_AND_CONTRAST,"The paragraph asks the student to perform the same task using two different factor‑pair starting points and then compare the outcomes, which matches the compare‑and‑contrast pattern of different approaches.",high,,B_boundary
728,29. (2) a. Compare: a + b O b + a b. What property of operations applies to part a of this problem?,NA,"The paragraph asks to compare two algebraic expressions and identify the property used, without presenting a student's error or conflict between students.",high,,B_boundary
737,Math Language Remember that a percent can be expressed as a fraction with a denominator of 100.,NA,"The paragraph simply provides a factual statement about percent representation, with no mention of errors, mistakes, or comparison of student work.",high,,B_boundary
750,10. (9) Analyze Simplify and compare: 3/3 - (1/3 · 3/1) O (3/3 - 1/3) · 3/1,NA,"The paragraph asks the reader to analyze, simplify, and compare expressions, with no mention of errors, mistakes, or named students.",high,,B_boundary
769,"New Concept Increasing Knowledge In this lesson we will practice subtracting mixed numbers that require regrouping. Regrouping that involves fractions differs from regrouping with whole numbers. When regrouping with whole numbers, we know that each unit equals ten of the next-smaller unit. However, when regrouping from a whole number to a fraction, we need to focus on the denominator of the fraction to determine how to regroup. We will use illustrations to help explain the process.",NA,"The paragraph only introduces a new concept and explains regrouping; it does not present errors, compare student work, or warn about common mistakes.",high,,B_boundary
775,Thinking Skill Explain How has 100% regrouped to 99 3/3%?,NA,"The paragraph is a prompt asking the student to explain a concept; it does not present a student's error, compare approaches, ask to locate an error, or warn about common mistakes.",high,,B_boundary
818,Explain What is another method we could have used to simplify the expression in Example 5? Which method do you prefer and why?,NA,"The paragraph asks for an alternative method and personal preference, with no mention of errors, mistakes, or comparing student work.",high,,B_boundary
838,14. (2) This equation illustrates that which property does not apply to division? 10 ÷ 5 ≠ 5 ÷ 10,NA,"The paragraph asks a conceptual question about properties of division without referencing student errors, comparisons, or warnings.",high,,B_boundary
856,"Example 3 2/3 ÷ 3/4 Solution To find how many 3/4 s are in 2/3, we take two steps. First we find how many 3/4 s are in 1. The answer is the reciprocal of 3/4. 1 ÷ 3/4 = 4/3 Then we use this reciprocal to find the number of 3/4 s in 2/3. The number of 3/4 s in 2/3 is 2/3 times as many 3/4 s as are in 1. So we multiply 2/3 by 4/3. 2/3 × 4/3 = 8/9 This means there is slightly less than one 3/4 in 2/3. We found the answer by multiplying 2/3 by the reciprocal of 3/4.",NA,"The paragraph provides a standard example solution without mentioning errors, mistakes, or comparing student work.",high,,B_boundary
878,"* 12. (21) a. The prime factorization of 40 is 2^3 · 5. Write the prime factorization of 640 using exponents.
b. Tell how you can use a calculator to verify your answer to 12a. Then follow your procedure.",NA,"The paragraph asks students to perform a calculation and describe a verification method; it does not involve identifying or correcting errors, comparing student work, or warning about common mistakes.",high,,B_boundary
886,"27. (20) a. Simplify and compare: 2^2 · 2^3 [O] 2^3 · 2^2
b. Simplify: √2^2",NA,"The paragraph presents standard math problems asking the student to simplify expressions, with no mention of errors, named students, or warnings about common mistakes.",high,,B_boundary
894,"Example 1: Sergio used three lengths of ribbon 2 1/2 feet long to wrap packages. How many feet of ribbon did he use?

Solution: This is an equal groups problem. We want to find the total.
3 × 2 1/2 = T
We will show two ways to find the answer. One way is to recognize that 3 × 2 1/2 equals three 2 1/2s, which we add.
3 × 2 1/2 = 2 1/2 + 2 1/2 + 2 1/2 = 7 1/2
Another way to find the product is to write 3 and 2 1/2 as improper fractions and multiply.
Explain: How can we write 3 as an improper fraction?
3 × 2 1/2
↓   ↓
3/1 × 5/2 = 15/2 = 7 1/2
Sergio used 7 1/2 feet of ribbon.",NA,"The paragraph presents a straightforward example and solution without showing any student error, comparison, or warning about common mistakes.",high,,B_boundary
895,"Thinking Skill: Predict: If we multiply example a without canceling, will we get the same answer? If so, will the answer be in simplest form?",NA,"The paragraph asks a predictive question about a procedure, without showing errors, comparisons, or warnings about common mistakes.",high,,B_boundary
994,"New Concepts: Increasing Knowledge
rounding whole numbers: The first sentence below uses an exact number to state the size of a crowd. The second sentence uses a rounded number.
There were 3947 fans at the game.
There were about 4000 fans at the game.
Rounded numbers are often used instead of exact numbers. One way to round a number is to consider its location on the number line.",NA,"The paragraph only introduces a concept and gives examples; it does not present errors, compare student work, or warn about common mistakes.",high,,B_boundary
995,Thinking Skill: Analyze: What word in the second sentence of the problem tells you that 4000 is not an exact number?,NA,"The paragraph asks a student to analyze wording; it does not present a student's error, compare approaches, or warn about common mistakes.",high,,B_boundary
999,Discuss: Did we find the same answer using the 4–5 split strategy as we did using the number line? How are the two strategies different?,COMPARE_AND_CONTRAST,"The paragraph asks the reader to compare two problem‑solving strategies (the 4–5 split and the number line) and discuss their differences, fitting the compare-and-contrast pattern.",high,,B_boundary
1002,"rounding mixed numbers: When rounding a mixed number to a whole number, we need to determine whether the fraction part of the mixed number is greater than, equal to, or less than 1/2. If the fraction is greater than or equal to 1/2, the mixed number rounds up to the next whole number. If the fraction is less than 1/2, the mixed number rounds down.
A fraction is greater than 1/2 if the numerator of the fraction is more than half of the denominator. A fraction is less than 1/2 if the numerator is less than half of the denominator.",NA,"The paragraph only provides instructional content on rounding mixed numbers and does not reference student errors, named students, or warnings about common mistakes.",high,,B_boundary
1007,"Example 8: Eldon calculated the area of this rectangle to be 25 1/4 sq. in. Is Eldon’s calculation reasonable? Why or why not?

Solution: By estimating the area we can decide quickly whether Eldon’s answer is reasonable. We round 7 3/4 up to 8 and round 4 7/8 up to 5 and estimate that the area of the rectangle is a little less than 40 sq. in. (8 in. × 5 in.). Based on this estimate, Eldon’s calculation seems unreasonably low. Furthermore, by rounding the length and width down to 7 in. and 4 in., we see that the area of the rectangle must be more than 28 sq. in. This confirms that Eldon’s calculation is not correct.",INCORRECT_TO_CORRECT,"The paragraph presents a named student's (Eldon) calculation and asks the reader to judge its reasonableness, which is a request to detect an error in the student's work.",medium,EXPLICIT_ERROR_DETECTION,B_boundary
1008,"Practice Set:
a. Round 1760 to the nearest hundred.
b. Round 5489 to the nearest thousand.
c. Round 186,282 to the nearest thousand.
Estimate each answer:
d. 7986 – 3074
e. 297 × 31
f. 5860 ÷ 19
g. 12 1/4 ÷ 3 7/8
h. Calculate the area of this rectangle. After calculating, check the reasonableness of your answer.",NA,"The paragraph lists practice problems for students to solve and check reasonableness, without mentioning any errors, named students, or error detection prompts.",high,,B_boundary
1039,"Explain In this example, the least common denominator is the product of the two original denominators. Is the product of the denominators always a common denominator? Is the product of the denominators always the least common denominator? Explain.",NA,"The paragraph asks conceptual questions about denominators without presenting a student's error, comparison, or warning about common mistakes.",high,,B_boundary
1040,"Reading Math Read the abbreviation LCM as ""least common multiple.""",NA,The paragraph simply defines the abbreviation LCM and gives no error-focused instruction or warning.,high,,B_boundary
1054,"* 3. Verify While helping her father build a stone fence, Tanisha lifted 17 rocks averaging 8 pounds each. She calculated that she had lifted over 2000 pounds in all. Her father thought Tanisha's calculation was unreasonable. Do you agree or disagree with Tanisha's father? Why?",NA,"The paragraph asks the student to evaluate Tanisha's calculation but does not present a specific error to locate or compare multiple students' work; it's a verification prompt, not an error-focused activity.",high,,B_boundary
1060,"* 9. Estimate Martin used a calculator to divide 28,910 by 49. The answer displayed was 59. Did Martin enter the problem correctly? (Use estimation to determine whether the displayed answer is reasonable.)",NA,"The paragraph asks the student to estimate and judge the reasonableness of a displayed answer, without presenting a specific error, comparison, or common mistake warning.",high,,B_boundary
1062,11. Write these fractions so that they have common denominators. Then compare the fractions. 5/6 O 7/8,NA,The paragraph simply asks students to rewrite fractions with common denominators and compare them; it contains no error-focused prompts or warnings.,high,,B_boundary
1103,"Reading Math When reading a decimal number, be sure to include the ending suffix –ths. Read 0.6 as “6 tenths.”",COMMON_ERROR_ALERT,"The paragraph warns readers to remember to include the suffix –ths when reading decimals, which matches a common mistake alert.",high,,B_boundary
1108,"Discuss Which has a greater value, the 123 to the left of the decimal point, or the 123 to the right of the decimal point? How do you know?",NA,"The paragraph asks a conceptual comparison question about place value, without referencing a student's error, warning about common mistakes, or asking to find/correct an error.",high,,B_boundary
1109,"Thinking Skill Discuss When a decimal number has zero as its whole-number part, why is it helpful to show the zero in the ones place?",NA,"The paragraph asks a conceptual discussion question about decimal notation and does not involve identifying or correcting errors, comparing student work, or warning about common mistakes.",high,,B_boundary
1140,"problem solving Wes and Josh took turns multiplying numbers. Josh began by choosing the number 4. Wes multiplied Josh’s number by 4 to get 16. Josh then multiplied 16 by 4 and got 64. Wes multiplied 64 by 4 and got 256. They continued this pattern until one of the brothers found the product 1,048,576. Which brother found the product 1,048,576?",NA,"The paragraph presents a story problem with two characters but does not involve any error, correction, or comparison of differing approaches; it simply asks which brother reached a given product.",high,,B_boundary
1148,"The basic unit of mass in the metric system is the kilogram. For scientific purposes, we distinguish between mass and weight. The weight of an object varies with the gravitational force, while its mass does not vary. The weight of an object on the Moon is about 1/6 of its weight on Earth, yet its mass is the same. The mass of this book is about one kilogram. A gram is 0.001 (1/1000) of a kilogram—about the mass of a paperclip. A milligram, 0.001 (1/1000) of a gram and 0.000001 (1/1,000,000) of a kilogram, is a unit used for measuring the mass of smaller quantities of matter, such as the amount of vitamins in the food we eat.",NA,"The paragraph only provides factual information about mass units and does not involve any error detection, correction, comparison, or warning about common mistakes.",high,,B_boundary
1155,"Example 4: A temperature increase of 100° on the Celsius scale is an increase of how many degrees on the Fahrenheit scale? Solution: The Celsius and Fahrenheit scales are different scales. An increase of 1°C is not equivalent to an increase of 1°F. On the Celsius scale there are 100° between the freezing point of water and the boiling point of water. On the Fahrenheit scale water freezes at 32° and boils at 212°, a difference of 180°. So an increase of 100°C is an increase of 180°F. Thus, a change of one degree on the Celsius scale is equivalent to a change of 1.8 degrees on the Fahrenheit scale.",NA,"The paragraph provides a straightforward example and solution without presenting errors, student work, or warnings about common mistakes.",high,,B_boundary
1180,problem solving: Simon held a number cube so that he could see the dots on three adjoining faces. Simon said he could see a total of 8 dots. Could Simon be correct? Why or why not?,NA,"The paragraph presents a problem scenario without showing a student's work, error, or warning about common mistakes; it simply asks the reader to evaluate the claim.",high,,B_boundary
1182,Thinking Skill Generalize: Remember that the value of the decimal places decreases from left to right. Thus 0.1 > 0.01 > 0.001.,NA,"The paragraph simply states a mathematical fact about decimal place values and does not involve any error detection, correction, or comparison of student work.",high,,B_boundary
1184,"Note that terminal zeros on a decimal number add no value to the decimal number. 1.3 = 1.30 = 1.300 = 1.3000. When we compare two decimal numbers, it may be helpful to insert terminal zeros so that both numbers will have the same number of digits to the right of the decimal point. We will practice this technique in the next few examples.",NA,"The paragraph provides a conceptual explanation and suggests practice, without mentioning errors, mistakes, or comparing student work.",high,,B_boundary
1186,Example 3: Compare: 0.4 O 0.400. Solution: We can delete two terminal zeros from the number on the right: 0.4 O 0.4. Or we could have added terminal zeros to the number on the left: 0.400 O 0.400. We write our answer this way: 0.4 = 0.400.,NA,"The paragraph simply demonstrates how to compare decimal numbers by adding or removing terminal zeros, without mentioning errors, mistakes, or named students.",high,,B_boundary
1189,"Example 5: Round 3.14159 to the nearest hundredth. Solution: Thinking Skill Generalize: When rounding, if the circled digit is less than 5, the underlined digit does not change. The hundredths place is two places to the right of the decimal point. We underline the digit in that place and circle the digit to its right: 3.14(1)59. Since the circled digit is less than 5, we leave the underlined digit unchanged. Then we replace the circled digit and all digits to the right of it with zeros: 3.14000. Terminal zeros to the right of the decimal point do not serve as placeholders as they do in whole numbers. After rounding decimal numbers, we should remove terminal zeros to the right of the decimal point: 3.14000 -> 3.14.",NA,"The paragraph provides a standard instructional example on rounding without presenting a student error, warning, or comparison.",high,,B_boundary
1190,"Discuss: Not every zero in a decimal is a terminal zero. Consider these numbers: 302.15, 86.2050, 900.1, and 0.65000. Which of the zeros in these numbers are terminal zeros?",NA,"The paragraph asks students to identify terminal zeros in given numbers; it does not present a student's error, compare approaches, explicitly detect an error, or warn about common mistakes.",high,,B_boundary
1191,"Note that a calculator simplifies decimal numbers by omitting from the display extraneous (unnecessary) zeros. For example, enter the following sequence of keystrokes: [1][0][.][2][0][3][0][0]. Notice that all entered digits are displayed. Now press the [=] key, and observe that the unnecessary zeros disappear from the display.",NA,"The paragraph explains calculator behavior and does not involve any error detection, correction, comparison, or warning about common mistakes.",high,,B_boundary
1192,"Example 6: Round 4396.4315 to the nearest hundred. Solution: We are rounding to the nearest hundred, not to the nearest hundredth: 43(9)6.4315. Since the circled digit is 5 or more, we increase the underlined digit by 1. All the following digits become zeros: 4400.0000. Zeros at the end of the whole-number part are needed as placeholders. Terminal zeros to the right of the decimal point are not needed as placeholders. We remove these zeros: 4400.0000 -> 4400.",NA,"The paragraph provides a standard example solution for rounding and does not ask the reader to find or correct an error, compare approaches, detect errors, or warn about common mistakes.",high,,B_boundary
1217,"* 29. (29) When Paulo saw the following addition problem, he knew that the sum would be greater than 13 and less than 15. How did he know? 8 7/8 + 5 2/3",NA,"The paragraph asks how a student inferred a range for the sum, without presenting an error, comparison, or warning about common mistakes.",high,,B_boundary
1229,Practice Set: Refer to the figure below to answer problems a–c. a. Find the length of the segment in centimeters. b. Find the length of the segment to the nearest millimeter. c. Analyze What is the greatest possible error of the measurement in problem b? Express your answer as a fraction of a millimeter. d. Seventy-five centimeters is how many meters? e. Carmen’s wardrobe closet is 1.57 meters tall. How many centimeters tall is it? f. Model What point on a number line is halfway between 2.6 and 2.7? g. What decimal number names the point marked A on this number line? h. Estimate the length of this segment in centimeters. Then use a centimeter ruler to measure its length. i. Compare: 4.6 O 4.45 j. Compare: 2.5 cm O 25 mm,NA,"The paragraph lists standard practice problems without showing student work, naming students, or warning about common mistakes; it does not ask the reader to find or correct errors.",high,,B_boundary
1239,"Reading Math: In a decimal number, the word and indicates the position of the decimal point.",NA,The paragraph provides a definition about decimal numbers and does not involve any error-focused instruction or warning.,high,,B_boundary
1241,* 11. (33) Replace each circle with the proper comparison symbol: a. 6.174 O 6.17401 b. 14.276 O 1.4276,NA,"The paragraph asks students to choose comparison symbols for given numbers, with no mention of errors, mistakes, or named students.",high,,B_boundary
1258,"Example 1: Add: 3.6 + 0.36 + 36. Solution: This problem is equivalent to adding $3.60 + $0.36 + $36. We align the decimal points vertically. A number written without a decimal point is a whole number, so the decimal point is to the right of 36. 3.6 + 0.36 + 36. = 39.96.",NA,"The paragraph simply demonstrates a standard addition example with no error, student name, or warning about common mistakes.",high,,B_boundary
1259,"Example 2: Find the perimeter of this rectangle. Solution: We align the decimal points vertically and add. The sum is 1.0, not 0.10. Since 1.0 equals 1, we can simplify the answer to 1. The perimeter of the rectangle is 1 meter.",NA,"The paragraph presents a straightforward example and solution without asking the reader to detect or correct an error, nor does it warn about common mistakes.",high,,B_boundary
1263,"Here we use an area model to illustrate this multiplication: Each side of the square is one unit in length. We multiply three tenths of one side by seven tenths of a perpendicular side. The product is an area that contains twenty-one hundredths of the square. 0.3 × 0.7 = 0.21. Notice that the factors each have one decimal place and the product has two decimal places. When we multiply decimal numbers, the product has as many decimal places as there are in all the factors combined.",NA,"The paragraph explains a concept using an area model and does not present any student error, comparison, or warning about common mistakes.",high,,B_boundary
1264,"Example 5: Find the area of this rectangle. Solution: Math Language: The term square meters can be abbreviated in two ways: sq. m or m^2. We multiply the length times the width. We need not align decimal points to multiply. We set up the problem as though we were multiplying whole numbers. After multiplying, we count the number of decimal places in both factors. There are a total of three decimal places, so we write the product with three decimal places. We remove unnecessary zeros. The area is 0.1 sq. m.",NA,"The paragraph simply explains how to compute the area of a rectangle, with no mention of errors, mistakes, or comparison of student work.",high,,B_boundary
1267,"Example 7: Simplify: (0.03)^2. Solution: To simplify this expression, we multiply 0.03 times 0.03. We can perform the multiplication mentally. First we multiply as though we were multiplying whole numbers: 3 × 3 = 9. Then we count decimal places. There are four decimal places in the two factors. Starting from the right side, we count to the left four places. We write zeros in the empty places: .0009 -> 0.0009.",NA,"The paragraph provides a straightforward worked example with no mention of errors, student work, or warnings about common mistakes.",high,,B_boundary
1271,"Example 10: Divide: 1.2 ÷ 5. Solution: We do not write a decimal division answer with a remainder. Since a decimal point fixes place values, we may write a zero in the next decimal place. This zero does not change the value of the number, but it does let us continue dividing. The answer is 0.24.",NA,"The paragraph explains a procedural rule for decimal division without referencing a student's error, warning, or comparison; it is standard instructional content.",high,,B_boundary
1281,Math Language: The first number in a coordinate is the x-coordinate. The second number is the y-coordinate.,NA,"The paragraph simply defines terms without mentioning errors, mistakes, or comparing student work.",high,,B_boundary
1295,"Early Finishers Real-World Application: Kayla goes to the grocery store. While shopping she estimates the cost of each item by rounding to the nearest whole dollar. The items she put in her basket were ground beef ($2.99), cereal ($3.09), milk ($3.89), fruit ($1.23), and peanut butter ($1.29). a. Based on her method of rounding, how much does she estimate she will spend on groceries? b. How does her estimation compare to what she will actually pay at the register? c. How could Kayla change her method to be sure she does not put more in her basket than she can afford?",NA,"The paragraph presents a real-world estimation task without showing a student's mistake, comparison, or warning about common errors.",high,,B_boundary
1298,"A ratio is a way to describe a relationship between two numbers. For example, if there are 12 boys and 16 girls in the classroom, the ratio of boys to girls is 12 to 16. One way to write a ratio is as a fraction. The ratio 12 to 16 can be written as 12/16 which reduces to 3/4. The ratio 3 to 4 can be written in the following forms: with the word to: 3 to 4; as a fraction: 3/4; as a decimal number: 0.75; with a colon: 3:4. The numbers used to express a ratio are stated in the same order as the items named. If the boy-girl ratio is 3 to 4, then the girl-boy ratio is 4 to 3. Although we may reduce ratios, we do not express them as mixed numbers.",NA,"The paragraph only explains what a ratio is and how to express it; it does not present any errors, student work, or warnings about common mistakes.",high,,B_boundary
1299,"Most ratios involve three numbers, even though only two numbers may be stated. When the ratio of boys to girls is 3 to 4, the unstated number is 7, which represents the total: 3 boys + 4 girls = 7 total. Sometimes the total is given and one of the parts is unstated, as we see in examples 1 and 2.",NA,"The paragraph only explains a concept about ratios and does not involve any error detection, correction, comparison, or warning about common mistakes.",high,,B_boundary
1300,"Example 1: In a class of 28 students, there are 12 boys. a. What is the boy-girl ratio? b. What is the girl-boy ratio?
Solution: We will begin by stating all three numbers in the ratio. We find the missing number by subtracting, using mental math: 12 boys + 16 girls = 28 total. The three numbers in the ratio are: 12 boys, 16 girls, 28 total. Now we can write the ratios. a. The boy-girl ratio is 12/16, which reduces to 3/4, or a ratio of 3 to 4. b. The girl-boy ratio is 16/12, which reduces to 4/3, or a ratio of 4 to 3. Remember, we do not change the ratio to a mixed number.",NA,"The paragraph presents a worked example and ratio calculation without prompting error detection, comparison, or warning about common mistakes.",high,,B_boundary
1306,Math Language: Remember that probability is the likelihood that a particular event will occur.,NA,"The paragraph provides a definition of probability and contains no mention of errors, mistakes, or comparison of student work.",high,,B_boundary
1314,Thinking Skill / Discuss: Give an example of when might it be easier to use the Fundamental Counting Principle than to create a tree diagram or table.,NA,"The paragraph asks students to discuss and give an example, with no mention of errors, mistakes, or comparing student work.",high,,B_boundary
1316,"Practice Set (Lesson 36): a. In the pond were 240 little fish and 90 big fish. What was the ratio of big fish to little fish? b. Fourteen of the 30 students in the class were girls. What was the boy-girl ratio in the class? c. The team won 3/8 of its games and lost the rest. What was the team’s win-loss ratio? d. The bag contained red marbles and blue marbles. If the ratio of red marbles to blue marbles was 5 to 3, what fraction of the marbles were blue? e. What is the name for the list of all possible outcomes of a probability experiment? f. Represent A penny and a nickel are tossed in the air once. One possible outcome is HT (H for head, T for tails; position of penny listed first then the nickel). List all the possible outcomes. Record the sample space in braces. g. Represent A coin is tossed and the spinner is spun. Use a tree diagram to find the sample space for this experiment. h. With one toss of a coin and one spin of the spinner in problem g, what is the probability of getting tails and a number less than 3? i. Justify Which sample space below is the better way to show the possible outcomes of rolling two number cubes? Why? Use the better sample space to find the probability of rolling a sum of 7.",NA,"The paragraph lists standard practice problems without any mention of errors, mistakes, or comparing student work.",high,,B_boundary
1347,We show two formulas for finding the area of a triangle: Area of a triangle = 1/2 bh; Area of a triangle = bh / 2. Discuss: How are the formulas different? Why do both formulas yield the same result?,NA,"The paragraph asks students to discuss two equivalent formulas; it does not present a student's error, compare named students, or warn about common mistakes.",high,,B_boundary
1349,Thinking Skill: Why isn’t one of the sides of this triangle its height?,NA,"The paragraph asks a conceptual question about geometry and does not involve identifying or correcting an error, comparing student work, or warning about common mistakes.",high,,B_boundary
1352,"Example 3: Nate sketched this floor plan of his bedroom. Dimensions are in feet. All angles are right angles. What is the area of the room?
Solution: We show two ways to solve this problem.
Solution 1: Total area = area A + area B; Area A = 10 ft · 12 ft = 120 ft^2; Area B = 3 ft · 7 ft = 21 ft^2; Total area = 141 ft^2.
Solution 2: Total area = area C + area D; Area C = 10 ft · 5 ft = 50 ft^2; Area D = 13 ft · 7 ft = 91 ft^2; Total area = 141 ft^2.",NA,"The paragraph presents two correct solution methods without highlighting any error or conflict, so it is standard content.",high,,B_boundary
1353,"Example 4: Find the area of the figure at right. Dimensions are in meters. All angles are right angles.
Solution: This time we will think of our figure as a large rectangle with a small rectangular piece removed. If we find the area of the large rectangle and then subtract the area of the small rectangle, the answer will be the area of the figure shown above. Here we show the figure redrawn and the calculations: Area of figure = area of large rectangle − area of small rectangle. Area of large rectangle = 20 m ∙ 10 m = 200 m^2; − Area of small rectangle = 6 m ∙ 5 m = 30 m^2; Area of figure = 170 m^2. We did not need to subtract to find the area. We could have added the areas of two smaller rectangles as we did in example 3.
Explain: Which method do you think is easier? Why?",NA,"The paragraph presents a solved example and then asks the reader to reflect on which method is easier, without mentioning any errors, student work, or comparisons.",high,,B_boundary
1360,"Copy this hexagon on your paper, and find the length of each unmarked side. Dimensions are in inches. All angles are right angles. Refer to the figure to answer problems 6 and 7.
6. What is the perimeter of the hexagon?
7. Analyze There are two ways to find the area of the hexagon. What are they? Find the area using both methods.",NA,"The paragraph asks the student to copy a figure and compute perimeter and area using two methods, with no mention of errors, mistakes, or comparing student work.",high,,B_boundary
1369,16. Simplify and compare: 0.2 + 0.3 O 0.2 × 0.3,NA,"The paragraph simply asks the reader to simplify and compare two expressions, with no mention of errors, named students, or warnings about common mistakes.",high,,B_boundary
1383,"Conclude: Which type of representation, a bar graph or a line graph, would be best to display the data on the pictograph? Justify your selection.",NA,"The paragraph asks the student to choose a representation and justify it, with no mention of errors, mistakes, or comparing student work.",high,,B_boundary
1385,Discuss: Compare the bar graph to the pictograph. How are they alike? How are they different?,NA,"The prompt asks students to compare two representations (bar graph vs pictograph) without involving errors or named students, so it is standard content.",high,,B_boundary
1389,"Discuss: How is a circle graph different from a pictograph, a bar graph, and a line graph?",NA,"The prompt asks students to discuss differences between graph types; it does not involve error detection, correction, or warnings about common mistakes, nor does it feature named students with conflicting answers.",high,,B_boundary
1390,"Example 5: Which of these two graphs is constructed in a misleading way? What feature of the graph makes it misleading?
Solution: Although both bar graphs present the same information, Graph B is visually misleading because the lengths of the bars makes it appear that three times as much rain fell in 2004 than in 2006. Breaking the vertical scale in Graph B, which is sometimes helpful, distorted the relative lengths of the bars.",EXPLICIT_ERROR_DETECTION,"The paragraph presents two graphs, one of which is misleading, and asks the reader to identify which graph is misleading and what feature causes the error, which matches explicit error detection.",high,,B_boundary
1391,"Example 6: Which of these two graphs is better to display Todd’s height from age 10 to 14?
Solution: Todd’s height gradually increased during these years, which is displayed better by Graph D. In contrast, Graph C makes it appear that Todd’s height did not change until his age changed.",NA,"The paragraph asks which of two graphs better displays data, without involving errors, named students, or error alerts. It is standard content, not error-focused pedagogy.",high,,B_boundary
1402,"11. The face of this spinner is divided into eight congruent sectors. The spinner is spun once. a. On which number is it most likely to stop? b. On which number is it least likely to stop? c. Analyze Which is the better sample space for this experiment and why? Sample Space 1 = {1, 2, 3, 4}; Sample Space 2 = {1, 1, 1, 2, 2, 3, 3, 4}.",NA,"The paragraph presents a standard probability problem with no named student work, error detection, or warning about common mistakes.",high,,B_boundary
1411,"29. Analyze Five books on the library shelf were in the order shown below. Which two books should be switched so that they are arranged in the correct order? (916.35, 916.42, 916.3, 916.37, 916.5)",NA,"The paragraph asks the reader to analyze a list and determine which two items to swap for correct order, with no mention of errors, named students, or common mistakes.",high,,B_boundary
1419,Thinking Skill Justify: Would reducing before cross-multiplying be a helpful strategy for this problem? Why or why not?,NA,"The paragraph asks the student to justify a strategy; it does not present a student's error, compare approaches, explicitly detect an error, or warn about a common mistake.",high,,B_boundary
1494,"Activity: Perimeter Formulas. Kurt finds the perimeter of a rectangle by doubling the length, doubling the width, and then adding the two numbers. Molly finds the perimeter by adding the length and width, then doubling that number. Write a formula for Kurt’s method and another formula for Molly’s method.",COMPARE_AND_CONTRAST,"The paragraph presents two named students using different methods to find the perimeter and asks the reader to write formulas for each, fitting the compare-and-contrast pattern.",high,,B_boundary
1495,"distributive property: There are two formulas commonly used to relate the perimeter (p) of a rectangle to its length and width. p = 2(l + w), p = 2l + 2w. Both formulas describe how to find the perimeter of a rectangle if we are given its length and width. The first formula means “add the length and width and then double this sum.” The second formula means “double the length and double the width and then add.”",NA,The paragraph simply explains two equivalent formulas for rectangle perimeter and does not involve any error-focused instruction or warning.,high,,B_boundary
1496,Example 3: Use the two perimeter formulas to find the perimeter of this rectangle. Solution: In both formulas we replace l with 30 in. and w with 20 in. Then we simplify. p = 2(l + w) = 2(30 in. + 20 in.) = 2(50 in.) = 100 in. p = 2l + 2w = 2(30 in.) + 2(20 in.) = 60 in. + 40 in. = 100 in.,NA,"The paragraph simply demonstrates applying two formulas to compute a rectangle's perimeter; it contains no error focus, named students, or warnings.",high,,B_boundary
1499,Example 4: Show two ways to simplify this expression: 6(20 + 5). Solution: One way is to add 20 and 5 and then multiply the sum by 6: 6(20 + 5) = 6(25) = 150. Another way is to multiply 20 by 6 and multiply 5 by 6. Then add the products: 6(20 + 5) = (6 ∙ 20) + (6 ∙ 5) = 120 + 30 = 150.,NA,"The paragraph presents two correct methods for simplifying an expression without mentioning errors, mistakes, or named students.",high,,B_boundary
1501,"Practice Set a. Connect Find A in A = bh when b is 15 in. and h is 8 in. b. Evaluate ab/2 when a is 6 ft and b is 8 ft. c. Formulate Write an equation using the letters x, y, and z that illustrates the Distributive Property of Multiplication Over Addition. d. Analyze Show two ways to simplify this expression: 6(20 – 5) e. Write two formulas for finding the perimeter of a rectangle. f. Describe two ways to simplify this expression: 2(6 + 4) g. Simplify: 2(n + 5). Show and justify the steps.",NA,"The paragraph lists practice problems without any mention of errors, student work, or warnings about common mistakes.",high,,B_boundary
1521,* 29. (41) a. Discuss Compare: (12 ∙ 7) + (12 ∙ 13) O 12(7 + 13) b. Which property of operations is illustrated by this comparison?,NA,"The paragraph asks the student to discuss a comparison of two algebraic expressions to identify a property; it does not involve error detection or named students, so it is standard content.",high,,B_boundary
1523,"Early Finishers Real-World Application: At an online auction site, a popular 1960’s record album is listed for sale. The ten highest bids are shown below. $200 $250 $210 $200 $180 $200 $230 $285 $220 $285. Which display—a stem-and-leaf plot or a line plot—is the most appropriate way to display this data? Draw the display and justify your choice.",NA,"The paragraph asks students to choose and create a data display; it does not involve error detection, correction, or comparison of student work.",high,,B_boundary
1525,"problem solving: Darla noticed that each of the numbers in this sequence is a prime number: 31; 331; 3,331; 33,331; 333,331; 3,333,331; 33,333,331; . . . Does the pattern of prime numbers continue?",NA,"The paragraph presents a problem about a sequence of primes and asks if the pattern continues; it does not involve error detection, correction, comparison, or warning about common mistakes.",high,,B_boundary
1527,"The repeating digits of a decimal number are called the repetend. In 7.1666…, the repetend is 6. In 0.31818…, the repetend is 18 (not 81). One way to indicate that a decimal number has repeating digits is to write the number with a bar over the repetend where it first appears to the right of the decimal point. For example, 7.1666 . . . = 7.16̄, 0.31818 . . . = 0.31̄8̄",NA,"The paragraph only provides definitions and examples of repetends with no mention of errors, mistakes, or comparison of student work.",high,,B_boundary
1528,Example 1: Rewrite each of these repeating decimals with a bar over the repetend: a. 0.0833333… b. 5.14285714285714… c. 454.5454545… Solution: a. The repeating digit is 3: 0.083̄. b. This is a six-digit repeating pattern: 5.1̄4̄2̄8̄5̄7̄. c. The repetend is always to the right of the decimal point. We do not write a bar over a whole number: 454.5̄4̄,NA,"The paragraph provides a standard example with solutions and does not involve identifying or correcting errors, comparing student work, or warning about common mistakes.",high,,B_boundary
1530,"Example 3: a. Compare: 0.3̄ O 0.3 b. Arrange in order from least to greatest: 0.6̄, 0.6, 0.65. Solution: a. Although the digits in the tenths place are the same for both numbers, the digits in the hundredths place differ. 0.3 = 0.30, 0.3̄ = 0.33. . . Therefore, 0.3 < 0.3̄. b. We write each number with two decimal places to make the comparison easier: 0.66, 0.60, 0.65. We can now see how to arrange the numbers in order: 0.6, 0.65, 0.6̄",NA,"The paragraph presents a standard example comparing numbers and ordering them, without showing a student's mistake, warning about common errors, or asking the reader to find or correct an error.",high,,B_boundary
1531,"Example 4: Divide 1.5 by 11 and write the quotient a. with a bar over the repetend. b. rounded to the nearest hundredth. Solution: a. Since place value is fixed by the decimal point, we can write zeros in the “empty” places to the right of the decimal point. We continue dividing until the repeating pattern is apparent. The repetend is 36 (not 63). We write the quotient with a bar over 36 where it first appears: 0.13636... = 0.13̄6̄. b. The hundredths place is the second place to the right of the decimal point: 0.13636. . . → 0.14",NA,"The paragraph provides a worked example and explanation without asking the reader to locate or correct an error, compare students, or warn about common mistakes.",high,,B_boundary
1533,"When a division problem is entered into a calculator and the display is filled with a decimal number, it is likely that the quotient is a repeating decimal. However, since a calculator either truncates (cuts off ) or rounds the number displayed, the repetend may not be obvious. For example, to convert the fraction 1/7 to a decimal, we enter 1 ÷ 7 =. An eight-digit display shows 0.1428571. We might wonder whether the final digit, 1, is the beginning of another 142857 pattern. We can get a peek at the next digit by shifting the digits",NA,"The paragraph explains how calculators display repeating decimals and warns about truncation, but it does not ask the reader to find or correct an error, compare student work, or explicitly warn about a common student mistake.",high,,B_boundary
1555,* 20. (41) Analyze Show two ways to simplify this expression: 4(5 + 6),NA,"The paragraph asks the reader to show two ways to simplify an expression, with no mention of errors, named students, or common mistakes.",high,,B_boundary
1569,"Solution: The digits 125 form the numerator of the fraction. The denominator of the fraction is 1000 because 5, the last digit, is in the thousandths place. 0.125 = 125/1000. Notice that the denominator of the fraction has as many zeros as the decimal number has decimal places. Now we reduce. 125/1000 = 1/8",NA,"The paragraph simply explains how to convert 0.125 to a fraction; it does not present a student's error, compare approaches, ask to find an error, or warn about common mistakes.",high,,B_boundary
1577,"c. To change a mixed number to a decimal number, we can change the mixed number to an improper fraction and then divide. Another way is to separate the fraction from the whole number and change the fraction to a decimal number. Then we write the whole number and the decimal number as one number. Here we show both ways. 3 4/5 = 19/5 or 3 4/5 = 3 + 4/5. 5)19.0 = 3.8; 5)4.0 = 0.8. 3 4/5 = 3.8. d. To change 2/3 to a decimal number, we divide. 2/3 = 3)2.000... = 0.666... = 0.6",NA,"The paragraph only explains procedures for converting fractions to decimals without mentioning errors, mistakes, or comparing student work.",high,,B_boundary
1578,"Thinking Skill Summarize: When a fraction is equivalent to a repeating decimal, write a bar over the repetend unless directed otherwise.",NA,"The paragraph gives a procedural tip about writing a bar over a repetend; it does not present student errors, compare approaches, or warn about common mistakes.",high,,B_boundary
1582,"Many scientific calculators do not have a percent key. Designers of these calculators assume the user will mentally convert percents to decimals before entering the calculation. If your calculator does have a percent key, you may find the decimal equivalent of a percent by entering 1 × the percent. For example, enter [1] [×] [2] [5] [%]. The calculator displays the decimal equivalent 0.25.",NA,"The paragraph provides factual information about calculator percent keys and how to convert percents; it does not present a student error, compare approaches, or warn about common mistakes.",high,,B_boundary
1604,20. (27) Compare and explain the reason for your answer: 32/2 ◯ 320/20,NA,"The paragraph asks the student to compare two expressions and explain the reason, without mentioning any errors, named students, or common mistakes.",high,,B_boundary
1605,"* 21. (41) Analyze Show two ways to evaluate a(b + c) if a = 2, b = 3, and c = 4.",NA,"The paragraph asks the student to show two ways to evaluate an expression, with no mention of errors, mistakes, or named students.",high,,B_boundary
1616,Sometimes a quotient written as a decimal number will be a repeating decimal. Other times it will have more decimal places than the problem requires. In this book we show the complete division of the number unless the problem states that the answer is to be rounded.,NA,"The paragraph only explains how decimal quotients are presented; it does not present a student error, ask to find or correct an error, compare student work, or warn about a common mistake.",high,,B_boundary
1627,"3. (38) Which would be a better graph for displaying her scores, a circle graph, or a bar graph? Why?",NA,"The paragraph asks the student to choose an appropriate graph type, with no reference to errors, mistakes, or comparing student work.",high,,B_boundary
1659,"Example 5: Divide: 1.54 ÷ 0.8. Solution: We do not write a remainder. We write zeros in the places to the right of the 4. We continue dividing until the remainder is zero, until the digits begin repeating, or until we have divided to the desired number of decimal places.",NA,"The paragraph provides procedural instruction for division with decimals and does not involve identifying or correcting errors, nor does it warn about common mistakes.",high,,B_boundary
1662,Justify: How can we check that our answer is correct?,NA,"The paragraph asks the reader to justify and check their own answer, which is a self‑verification prompt, not an error‑focused activity.",high,,B_boundary
1691,Verify: How can you check that the solution is correct?,NA,"The paragraph asks the reader to verify a solution, not to detect or correct an error, nor does it mention common mistakes or compare student work.",high,,B_boundary
1719,"* 15. (41) Analyze Show two ways to evaluate x(y + z) for x = 0.3, y = 0.4, and z = 0.5.",NA,"The paragraph asks the student to show two ways to evaluate an expression; it does not involve errors, comparisons, or warnings.",high,,B_boundary
1763,* 28. (47) Connect Simplify and compare: 125 ÷ 10^2 ○ 0.125 × 10^2,NA,"The paragraph simply asks the reader to simplify and compare two expressions, with no mention of errors, student work, or warnings.",high,,B_boundary
1807,Conclude: How is subtracting mixed measures similar to subtracting whole numbers with the same measure? How is it different?,NA,"The paragraph asks students to compare and contrast concepts, not to identify or correct errors, nor does it warn about common mistakes.",high,,B_boundary
1809,"Practice Set
a. Change 70 inches to feet and inches.
b. Change 6 feet 3 inches to inches.
c. Simplify: 5 ft 20 in.
d. Add: 2 yd 1 ft 8 in. + 1 yd 2 ft 9 in.
e. Add: 5 hr 42 min 53 s + 6 hr 17 min 27 s
Connect Subtract:
f. 3 hr 3 s – 1 hr 15 min 55 s
g. 8 yd 1 ft 5 in. – 3 yd 2 ft 7 in.
h. 2 days 3 hr 30 min – 1 day 8 hr 45 min
i. Justify How can you check your answer to exercise h?",NA,"The paragraph lists practice conversion and arithmetic problems and asks the student to justify how to check an answer, without presenting errors, named students, or warnings about common mistakes.",high,,B_boundary
1832,"problem solving
Alan wanted to form a triangle out of straws that were 5 cm, 7 cm, and 12 cm long. He threaded a piece of string through the three straws, pulled the string tight, and tied it. What was the area of the triangle formed by the three straws?",NA,"The paragraph simply presents a problem to solve, with no mention of errors, error detection, or comparison of student work.",high,,B_boundary
1874,"30. (41) a. Show two ways to evaluate a(b − c) for a = 4, b = 5, and c = 3.
b. Do both methods simplify to the same number?
c. What property is demonstrated in a?",NA,"The paragraph asks the student to perform calculations and identify a property, without referencing errors, named students, or common mistakes.",high,,B_boundary
1879,"Histograms and other bar graphs are useful for showing comparisons, but sometimes the visual effect can be misleading. When viewing a graph, it is important to carefully note the scale. Compare these two bar graphs that display the same information.",NA,"The paragraph only advises careful attention to scale and asks to compare two graphs, without naming students, presenting errors to fix, or explicitly warning about a common student mistake.",high,,B_boundary
1880,2. Analyze Which of the two graphs visually exaggerates the growth in sales from Year 1 to Year 2? How was the exaggerated visual effect created?,COMPARE_AND_CONTRAST,"The paragraph asks the reader to compare two graphs and determine which one exaggerates growth, fitting the compare-and-contrast pattern of evaluating differing representations.",high,,B_boundary
1882,Changes over time are often displayed by line graphs. A double-line graph may compare two performances over time. The graph below illustrates the differences in the growing value of a $1000 investment compounded at 7% and at 10% annual interest rates.,NA,"The paragraph only explains how line graphs are used to display changes over time and describes a double-line graph; it contains no error-focused instruction, warning, or comparison of student work.",high,,B_boundary
1884,Thinking Skill Analyze: Will this graph show an exaggerated difference if it does not include a break in the scale? Explain.,NA,"The paragraph asks a conceptual analysis question about graph scaling, without referencing a student's error, comparison, or warning about common mistakes.",high,,B_boundary
1887,extensions a. Which other type of display—a line graph or a bar graph—would be an appropriate way to display the data about how Kerry spends her day? Draw the display and justify your choice. Then write a question a person could answer by looking at the graph.,NA,"The paragraph asks the student to choose a graph type, draw it, and justify, with no mention of errors, mistakes, or comparing student work.",high,,B_boundary
1888,"extensions b. During one week of a very hot summer, Dan recorded the following high temperatures in his back yard.
Mon. 94, Tu. 98, Wed. 96, Th. 99, Fri. 101
Which display—a line graph or a bar graph—is the most appropriate way to display this data if you want to emphasize the day-to-day changes in high temperature? Draw the display and justify your choice. Then write a question a person could answer by looking at the graph.",NA,"The paragraph asks students to choose and create a graph, not to detect or correct errors, compare student work, or warn about common mistakes.",high,,B_boundary
1891,"extensions e. Analyze Read each situation below and answer the questions.
• A toothpaste company advertises that 3 out of 4 dentists recommend their toothpaste. The company surveyed 8 dentists. Do you think most dentists are recommending this toothpaste? Explain why or why not.
• A candidate for public office surveyed 1,000 people and 900 said they would vote for her. Do you think the politician has a good chance of being elected? Explain your reasoning.",NA,"The paragraph asks students to analyze scenarios and explain reasoning; it does not present an error, compare student work, or warn about common mistakes.",high,,B_boundary
1898,Math Language: The small looped arrow below the digits shows the movement of the original decimal point to its new location.,NA,The paragraph merely explains a notation symbol and does not involve identifying or correcting errors.,high,,B_boundary
1901,"Example 4: Compare: 1.2 × 10^4 ○ 2.1 × 10^3
Solution: Since 1.2 × 10^4 equals 12,000 and 2.1 × 10^3 equals 2100, we see that 1.2 × 10^4 > 2.1 × 10^3",NA,"The paragraph simply presents a comparison example with its solution, without any error detection, correction, or warning about common mistakes.",high,,B_boundary
1902,"Scientific calculators will display the results of an operation in scientific notation if the number would otherwise exceed the display capabilities of the calculator. For example, to multiply one million by one million, we would enter 1 0 0 0 0 0 0 × 1 0 0 0 0 0 0 =. The answer, one trillion, contains more digits than can be displayed by many calculators. Instead of displaying one trillion in standard form, a scientific calculator displays one trillion in some modified form of scientific notation such as 1. 12 or perhaps 1. × 10^12. Other scientific calculators will display the answer as 1e 12 or 1e + 12. If a calculator displays an E or the word Error, it is not a scientific calculator.",NA,"The paragraph only explains how scientific calculators display results and does not involve student errors, comparisons, or warnings about common mistakes.",high,,B_boundary
1903,"Practice Set Connect Write each number in scientific notation:
a. 15,000,000
b. 400,000,000,000
c. 5,090,000
d. two hundred fifty billion
e. two point four times ten to the fifth
Connect Write each number in standard form:
f. 3.4 × 10^6
g. 1 × 10^5
Compare:
h. 1.5 × 10^5 ○ 1.5 × 10^6
i. one million ○ 1 × 10^6
j. Use words to show how 9.3 × 10^7 is read.",NA,"The paragraph only asks students to perform conversions and comparisons; it does not present errors, error detection, or warnings about common mistakes.",high,,B_boundary
1915,"13. (14, 36) Layla is thinking of a positive, single-digit, even number. Luis guesses it is 7.
a. What is the sample space?
b. What is the probability that Luis's guess is correct?",NA,"The paragraph asks students to determine sample space and probability; it does not involve identifying or correcting errors, comparing student answers, or warning about common mistakes.",high,,B_boundary
1920,27. (41) Show two ways to evaluate x(x + y) for x = 0.5 and y = 0.6. What property do the results demonstrate?,NA,"The paragraph asks the student to compute an expression in two ways and identify the property, without mentioning any error, mistake, or comparing student work.",high,,B_boundary
1926,"The initial letter of each word in the sentence “Please excuse my dear Aunt Sally” reminds us of the order of operations:
Please: Parenthesis (or other symbols of inclusion)
Excuse: Exponents (and roots)
My Dear: Multiplication and division (left to right)
Aunt Sally: Addition and subtraction (left to right)",NA,"The paragraph provides a mnemonic for remembering the order of operations and does not present student errors, compare approaches, or warn about common mistakes.",high,,B_boundary
1929,Thinking Skill Explain: Why are the parentheses needed in the expression 4 × (3 + 7)?,NA,"The paragraph asks for an explanation of the purpose of parentheses, with no mention of errors, mistakes, or comparing student work.",high,,B_boundary
1930,"Example 3: Evaluate: a + ab if a = 3 and b = 4
Solution: We will begin by writing parentheses in place of each variable. This step may seem unnecessary, but many errors can be avoided if this is always our first step.
a + ab
( ) + ( )( ) parentheses
Then we replace a with 3 and b with 4.
(3) + (3)(4) substituted
We follow the order of operations, multiplying before adding.
(3) + (3)(4) problem
3 + 12 multiplied
15 added",NA,"The paragraph presents a worked example with no request to find or correct an error, no named students, and only a general tip about avoiding errors, so it is standard content.",high,,B_boundary
1989,"Example 1
If Mr. Gomez drives his car at an average speed of 55 miles per hour, how far will he drive in 3 hours?
Solution
Thinking Skill Summarize How is the information in the ratio box organized?
We can make a ratio box to solve this problem. The units are miles and hours. We use the numbers 55 and 1 to write the rate. To find how far he drives in 3 hours, use the number 3 for the actual number of hours. We let d represent the actual distance.
Rate Actual Measure
Distance (mi) 55 d
Time (hr) 1 3
55/1 = d/3
1 × d = 3 · 55
d = 165
Mr. Gomez will drive 165 miles.
Discuss Why is it important to include the units of measure and time in the ratio box?",NA,"The paragraph presents a standard example problem with solution and a discussion prompt, without any focus on detecting or correcting errors.",high,,B_boundary
1991,"Example 3
Hana works for 8 hours at a sporting goods store and earns a total of $68.00.
a. What is her hourly rate of pay?
b. Use her hourly rate of pay to find how much she will earn if she works for 30 hours.
Solution
Thinking Skill Discuss In the ratio boxes for examples 1–3, the position of the unknown varies. Does this affect how we set up the proportion?
a. We will use a ratio box to solve both parts of the problem.
Rate Actual Measure
Amount ($) p 68
Time (hr) 1 8
p/1 = 68/8
8p = 68 · 1
p = 8.5
Hana earns $8.50 per hour.
b. We use the rate we found in a to find Hana's pay for 30 hours.
Rate Actual Measure
Amount ($) 8.5 T
Time (hr) 1 30
8.5/1 = T/30
1 × T = 8.5 × 30
T = 255
In 30 hours Hana would earn $255.00.",NA,"The paragraph presents a straightforward worked example with no mention of errors, mistakes, or comparison of student work.",high,,B_boundary
2014,"Early Finishers Real-World Application Ngo ran for student council representative and received 0.875 of the vote. Marley ran for treasurer and received 13/65 of all the votes cast. Vega took 54.6% of the total votes for president.
a. Express each election result as a decimal, percent, and simplified fraction.
b. Even though we do not have the results from the other candidates, who do you think won and lost the election? Support your conclusion.",NA,The paragraph asks students to convert numbers and make a judgment about election outcomes; it does not involve identifying or correcting errors.,high,,B_boundary
2021,"Some word problems involve many steps before a final answer can be found. When solving multiple-step problems, it is important to keep the steps and results organized.
To solve rate problems with multiple steps, we can break the problem into simpler parts. Then we can solve each part to find the final answer.",NA,"The paragraph provides general advice on solving multi-step word problems and does not mention any errors, mistakes, or compare student work.",high,,B_boundary
2022,"Example 4
Tyrone is buying refreshments for the next Math Club meeting. Brand A cranberry juice is on sale at $3.20 for a 64-fl oz bottle. Brand B costs $1.19 for a 17-fl oz bottle.
Which brand is the better buy?
Solution
Thinking Skill Explain How does finding the unit price of each brand help us solve the problem?
Break the problem into simpler parts.
Step 1: Find the unit price of Brand A.
$3.20 for 64 fl oz -> $3.20 / (64 fluid ounces) = $0.05 / (1 fluid ounce)
Step 2: Find the unit price of Brand B.
$1.19 for 17 fl oz -> $1.19 / (17 fluid ounces) = $0.07 / (1 fluid ounce)
Step 3: Compare unit prices to find the better buy.
$0.05 < $0.07
Brand A is the better buy.",NA,"The paragraph presents a straightforward problem and solution without showing any student error, comparison of errors, or warning about common mistakes.",high,,B_boundary
2040,16. (41) Show two ways to evaluate b(a + b) for a = 1/4 and b = 1/2.,NA,"The paragraph simply asks the student to demonstrate two methods for evaluating an expression; it does not involve error detection, correction, comparison of student work, or warnings about common mistakes.",high,,B_boundary
2059,* 5. (55) Twelve ounces of Brand X costs $1.50. Sixteen ounces of Brand Y costs $1.92. Find the unit price for each brand. Which brand is the better buy?,NA,"The paragraph simply asks students to compute unit prices and compare brands, with no mention of errors, mistakes, or correction of a student's work.",high,,B_boundary
2066,12. (51) Compare: 11 million ○ 1.1 × 10⁶,NA,"The paragraph simply asks the student to compare two numbers; there are no named students, errors, or warnings about common mistakes.",high,,B_boundary
2078,"New Concepts Increasing Knowledge
negative exponents Cantara multiplied 0.000001 by 0.000001 on her scientific calculator. After she pressed = the display read 1. × 10^-12
The calculator displayed the product in scientific notation. Notice that the exponent is a negative number. So
1 × 10⁻¹² = 0.000000000001
Studying the pattern below may help us understand the meaning of a negative exponent.
10⁵/10³ = (10·10·10·10·10)/(10·10·10) = 10² = 100
10⁴/10³ = (10·10·10·10)/(10·10·10) = 10¹ = 10
Recall that to divide powers of the same base we subtract (the exponent of the divisor from the exponent of the dividend). Now we will continue the pattern.
10³/10³ = (10·10·10)/(10·10·10) = 10⁰ = 1
10²/10³ = (10·10)/(10·10·10) = 10⁻¹ = 1/10 = 1/10¹
10¹/10³ = 10/(10·10·10) = 10⁻² = 1/100 = 1/10²
Notice especially these results:
10⁰ = 1
10⁻¹ = 1/10¹
10⁻² = 1/10²
The pattern suggests two facts about exponents, which we express algebraically below.
Thinking Skill Summarize Write a rule that summarizes the algebraic expression a⁻ⁿ = 1/aⁿ.
If a number a is not zero, then
a⁰ = 1
a⁻ⁿ = 1/aⁿ",NA,"The paragraph explains concepts and provides examples without presenting a student's error, a comparison, or a warning about common mistakes.",high,,B_boundary
2083,"Example 4
Compare: zero ○ 1 × 10⁻³
Solution
The expression 1 × 10⁻³ equals 0.001. Although this number is less than 1, it is still positive, so it is greater than zero.
zero < 1 × 10⁻³",NA,"The paragraph simply presents an example comparing zero with a positive number, without any error detection, correction, or warning about common mistakes.",high,,B_boundary
2084,"Very small numbers may exceed the display capabilities of a calculator. One millionth of one millionth is more than zero, but it is a very small number. On a calculator we enter .000001 × .000001 =. The product, one trillionth, contains more digits than can be displayed by many calculators. Instead of displaying one trillionth in standard form, calculators that can express numbers in scientific notation, or in a modified form of scientific notation, might display this number as shown below: 1.^-12 or perhaps 1. × 10^-12",NA,"The paragraph only explains calculator display limits and scientific notation; it does not present an error, ask to find or correct one, compare approaches, or warn about a common student mistake.",high,,B_boundary
2085,"Practice Set Simplify:
a. 5⁻² b. 3⁰ c. 10⁻⁴
Write each number in scientific notation:
d. 0.00000025 e. 0.000000001 f. 0.000105
Write each number in standard form:
g. 4.5 × 10⁻⁷ h. 1 × 10⁻³ i. 1.25 × 10⁻⁵
j. Explain In exercises g–i, how did you shift the decimal point as you changed each number from scientific notation to standard form?
Compare:
k. 1 × 10⁻³ ○ 1 × 10² l. 2.5 × 10⁻² ○ 2.5 × 10⁻³
m. Use digits to write ""three point five times ten to the negative eight.""",NA,"The paragraph consists of practice problems and instructions without any mention of errors, error detection, or comparison of student work.",high,,B_boundary
2098,"* 13. Compare:
a. 2.5 × 10−2 ◯ 2.5 ÷ 102
b. one millionth ◯ 1 × 10−6
c. 3^0 ◯ 2^0",NA,"The paragraph asks students to compare mathematical expressions; it does not involve named students, error detection, or warnings about common mistakes.",high,,B_boundary
2108,"Actually, the regular triangle has three lines of symmetry.",NA,"The sentence is a factual statement about symmetry and does not involve student errors, comparisons, or warnings.",high,,B_boundary
2116,"Example 2: Which of these figures does not have rotational symmetry?
A B C D
Solution:
Figure A has rotational symmetry of order 2.
Figure B has rotational symmetry of order 3.
Figure C has rotational symmetry of order 4.
Figure D does not have rotational symmetry because it does not reappear in its original position in less than one full turn.",NA,"The paragraph asks a conceptual question and provides a solution without referencing student errors, error detection, or comparisons.",high,,B_boundary
2118,"Practice Set
a. Explain Copy this rectangle on your paper, and show that it has only 2 lines of symmetry. Why aren’t the diagonals of a rectangle lines of symmetry?
b. The y-axis is a line of symmetry for a triangle. The coordinates of two of its vertices are (0, 1) and (3, 4). What are the coordinates of the third vertex?
c. Which of these letters have rotational symmetry? Which have reflective symmetry?
V W X Y
d. Which of these polygons does not necessarily have rotational symmetry? Sketch an example of the polygon without rotational symmetry.
rectangle square triangle parallelogram",NA,"The paragraph presents standard practice questions about symmetry without referencing any student errors, named students, or error alerts.",high,,B_boundary
2125,"* 9. Compare: 2 gal ◯ 8 liters
Use a unit multiplier to help you make the comparison. (1 liter = 1.06 qt)(1 gal = 4 qt)",NA,"The paragraph presents a comparison task with unit multipliers and contains no named students, error detection, or warnings about common mistakes.",high,,B_boundary
2139,"Early Finishers Math and Science: Electrons, protons, and neutrons are particles that are so small they can only be seen with a special microscope. Below are the weight in grams (g) for an electron, proton and neutron.
electron 9.1083 × 10^−28
proton 1.6726 × 10^−24
neutron 1.6750 × 10^−24
a. Which particle in this list is the lightest?
b. Which particle is the heaviest?",NA,"The paragraph presents factual information and asks straightforward content questions about the lightest and heaviest particles, without referencing errors, mistakes, or comparing student work.",high,,B_boundary
2153,"The double-line graph below compares the daily maximum temperatures for the first seven days of August to the average maximum temperature for the entire month of August. Refer to the graph to answer problems 2 and 3:
2. The maximum temperature reading on August 6 was how much greater than the average maximum temperature for the month of August?
3. What was the average maximum temperature for the first seven days of August?",NA,The paragraph asks students to read a graph and compute values; it does not involve identifying or correcting errors.,high,,B_boundary
2158,"* 9. a. Represent A micron is 1 × 10^−6 meter. Write that number and unit in standard form.
b. Compare: 1 millimeter ◯ 1 × 10^−3 meter",NA,The paragraph asks the student to write a number in standard form and compare two quantities; it does not involve any error-focused instruction or mention of mistakes.,high,,B_boundary
2179,"Example 3: The jacket sold for $75. Forty percent of the selling price was profit. How much money is 40% of $75?
Solution: We translate the question into an equation. We may convert the percent to a fraction or to a decimal. We show both ways.
Percent to Fraction:
WN = (40/100) · $75
WN = (2/5) · $75
WN = $30
Percent to Decimal:
WN = 0.40 × $75
WN = 0.4 × $75
WN = $30",NA,"The paragraph presents a straightforward example and solution without mentioning any errors, mistakes, or contrasting student work.",high,,B_boundary
2183,"Connect: Show how you could have solved this problem by changing the percent to a decimal.
Whether a percent should be changed to a fraction or to a decimal is up to the person solving the problem. Often one form makes the problem easier to solve than the other form. With practice the choice of which form to use becomes more apparent.",NA,"The paragraph merely prompts the student to consider a strategy (changing percent to decimal) and does not present an error, compare approaches, or warn about common mistakes.",high,,B_boundary
2197,"* 11. Compare:
a. 1/3 ◯ 0.33
b. | 5 − 3 | ◯ | 3 − 5 |",NA,"The paragraph asks the reader to compare two mathematical expressions, with no mention of student errors, named students, or error detection.",high,,B_boundary
2205,"22. a. Compare: 3/4(4/9 + 2/3) ◯ 3/4 · 4/9 + 3/4 · 2/3
b. Which property helps us make the comparison in a without performing the calculations?",NA,"The paragraph asks students to compare two algebraic expressions and identify the property used; it does not involve student errors, error detection, or warnings.",high,,B_boundary
2222,"Another student made a model of a rectangle out of straws and pipe cleaners (Figure L). Then the student reversed the positions of two of the straws so that the straws that were the same length were adjacent to each other instead of opposite each other (Figure M).
Figure M does not have a pair of parallel sides, so it is a trapezium. However, it is a special type of trapezium called a kite.
17. Which of the figures A–G from the beginning of this investigation is a kite?
18. If two sides of a kite are 2 ft and 3 ft, what is the perimeter of the kite?",NA,"The paragraph asks the student to identify a kite among figures and compute its perimeter, without referencing errors, corrections, or comparisons.",high,,B_boundary
2225,"Not every trapezoid has a line of symmetry. Any parallelogram that is not a rhombus or rectangle does not have line symmetry. However, every parallelogram does have point symmetry. A figure is symmetrical about a point if every line drawn through the point intersects the figure at points that are equal distances from the point of symmetry.",NA,"The paragraph provides factual information about symmetry of shapes without mentioning student errors, asking to find errors, or comparing student work.",high,,B_boundary
2231,"Classify Answer true or false, and state the reason(s) for your answer. 26. A square is a rectangle. 27. All rectangles are parallelograms. 28. Some squares are trapezoids. 29. Some parallelograms are rectangles.",NA,"The paragraph asks the reader to evaluate statements as true or false and give reasons; it does not present a student's error, compare approaches, or warn about common mistakes.",high,,B_boundary
2238,Thinking Skill Discuss Why is the figure on the right not a parallelogram?,NA,"The paragraph asks a discussion question about a geometric figure, without presenting a student's error, comparing approaches, or warning about common mistakes.",high,,B_boundary
2239,"In this lesson we will practice finding the areas of parallelograms, but first we will review a couple of terms. Recall that the dimensions of a rectangle are called the length and the width. When describing a parallelogram, we do not use these terms. Instead we use the terms base and height.",NA,"The paragraph only reviews terminology and does not present any error, mistake, or comparison of student work.",high,,B_boundary
2240,"Notice that the height is not one of the sides of the parallelogram (unless the parallelogram is a rectangle). Instead, the height is perpendicular to the base.",NA,"The paragraph simply explains a geometric concept without mentioning errors, mistakes, or student work.",high,,B_boundary
2248,"The quality of all types of measurement is affected by the quality of the measuring instrument, the material being measured, and the person performing the measurement. However, even rough measurements can suggest underlying relationships. The rough measurements performed in activity 2 should suggest the relationships between the angles of a parallelogram shown on the next page.",NA,The paragraph discusses measurement quality and suggests using rough measurements to infer relationships; it does not involve error-focused pedagogy.,high,,B_boundary
2250,Conclude What is the sum of the measures of the angles of the parallelogram? How does this sum compare to the sum of the measures of the angles of a rectangle?,NA,"The paragraph asks a conceptual question about angle sums, with no mention of errors, mistakes, or named students.",high,,B_boundary
2280,"problem solving Michelle’s grandfather taught her this method for converting kilometers to miles: “Divide the kilometers by 8, and then multiply by 5.” Michelle’s grandmother taught her this method: “Multiply the kilometers by 0.6.” Use both of these methods to convert 80 km to miles. Do both methods produce the same result?",COMPARE_AND_CONTRAST,"The paragraph presents two different conversion methods and asks the reader to apply both and compare the results, fitting the compare-and-contrast pattern.",high,,B_boundary
2325,Early Finishers Math Applications Melody said she could use properties to make simplifying each expression easier. Is Melody correct? Use properties to validate your conclusion. 1/2 · 41 + 1/2 · 35 + 1/2 · 24; 1/4 · 20.5 + 1/4 · 3.5 + 1/4 + 5.25 + 3/4,NA,"The paragraph asks the reader to evaluate a student's claim about using properties, without presenting an error or contrasting approaches, so it is standard content.",high,,B_boundary
2333,Discuss Compare the vertical arrangement of solution steps above with the same steps arranged in horizontal form: 50 − [20 + (10 − 5)] = 50 − [20 + (5)] = 50 − [25] = 25. Discuss which method is more helpful in understanding how the problem is solved.,COMPARE_AND_CONTRAST,"The paragraph asks the reader to compare two different ways of arranging solution steps (vertical vs horizontal), which matches the compare-and-contrast pattern.",high,,B_boundary
2338,"To perform calculations such as the one in example 3 using a calculator, we follow one of these two procedures: 1. We perform the calculations above the bar and record the result. Then we perform the calculations below the bar and record the result. Finally, we perform the division using the two recorded numbers. 2. To perform the calculation with one uninterrupted sequence of keystrokes, we picture the problem like this: (4 + 5 × 6 − 7) / (10 − (9 − 8)) =. We press the equals key after the 7 to complete the calculations above the bar. Then we press ÷ for the division bar. We place all the operations below the division bar within a set of parentheses so that the denominator is handled by the calculator as though it were one number.",NA,"The paragraph only explains two procedures for calculator calculations and does not involve any error-focused pedagogy such as identifying or correcting mistakes, comparing student work, or warning about common errors.",high,,B_boundary
2370,We can summarize these observations with the following statements. 1. The sum of two numbers with the same sign has an absolute value equal to the sum of their absolute values. Its sign is the same as the sign of the numbers. 2. The sum of two numbers with opposite signs has an absolute value equal to the difference of their absolute values. Its sign is the same as the sign of the number with the greater absolute value. 3. The sum of two opposites is zero.,NA,"The paragraph simply states mathematical rules about sums and absolute values, without presenting a student's work, error detection, comparison, or warning about common mistakes.",high,,B_boundary
2375,"Solution
We will show two methods.
Method 1: Adding in order from left to right, add the first two numbers. Then add the third number. Then add the fourth number.
(-3) + (-2) + (+7) + (-4) problem
(-5) + (+7) + (-4) added -3 and -2
(+2) + (-4) added -5 and +7
-2 added +2 and -4
Method 2: Employing the commutative and associative properties, rearrange the terms and add all numbers with the same sign first.
(-3) + (-2) + (-4) + (+7) rearranged
(-9) + (+7) added
-2 added",NA,"The paragraph simply presents two methods for adding numbers without asking the reader to find or correct errors, nor does it warn about common mistakes.",high,,B_boundary
2388,"* 9. (57) Analyze Compare:
a. 1.6 × 10^7 O 7 × 10^-6
b. 7 × 10^-6 O 0
c. 2^-3 O 2^-2",NA,"The paragraph presents a set of comparison tasks with no mention of student errors, named characters, or warnings about common mistakes; it simply asks the reader to analyze and compare values.",high,,B_boundary
2407,"Activity
Investigating Circumference and Diameter
Materials needed:
• Metric tape measure (or string and meter stick)
• Circular objects of various sizes
• Calculator (optional)
Working in a small group, select a circular object and measure its circumference and its diameter as precisely as you can. Then calculate the number of diameters that equal the circumference by dividing the circumference by the diameter. Round the quotient to two decimal places. Repeat the activity with another circular object of a different size. Record your results on a table similar to the one shown below. Extend the table by including the results of other students in the class. Are your ratios of circumference to diameter basically the same?
Sample Table
Object: Waste basket | Circumference: 94 cm | Diameter: 30 cm | Circumference/Diameter: 3.13
Object: Plastic cup | Circumference: 22 cm | Diameter: 7 cm | Circumference/Diameter: 3.14",NA,"The paragraph describes a hands‑on measurement activity and asks students to compute and compare ratios; it does not present errors, error detection, or conflicting student answers.",high,,B_boundary
2409,"Neither 3 1/7 nor 3.14 is the exact number of diameters needed. They are approximations. There is no fraction or decimal number that states the exact number of diameters in a circumference. (Some computers have calculated the number to more than 1 million decimal places.) We use the symbol π, which is the Greek letter pi (pronounced like “pie”), to represent this number. Note that π is not a variable. Rather, π is a constant because its value does not vary.
The circumference of a circle is π times the diameter of the circle. This idea is expressed by the formula
C = πd
In this formula C stands for circumference and d for diameter. To perform calculations with π, we can use an approximation. The commonly used approximations for π are
3.14 and 22/7
For calculations that require great accuracy, more accurate approximations for π may be used, such as
3.14159265359
Sometimes π is left as π. Unless directed otherwise, we use 3.14 for π for calculations in this book.",NA,"The paragraph only defines π and gives approximations; it does not ask students to find or correct errors, compare approaches, or warn about common mistakes.",high,,B_boundary
2411,"Thinking Skill
Connect
For any calculation that uses an inexact value for π, the answer is approximate and we use the ≈ symbol.",NA,"The paragraph only provides a factual statement about using ≈ for approximate values of π, with no error detection, correction, or warning about common mistakes.",high,,B_boundary
2414,Discuss When might it be better to use 22/7 instead of 3.14 for π?,NA,"The prompt asks for a discussion about when to use 22/7 versus 3.14, with no reference to errors, mistakes, or student work.",high,,B_boundary
2417,"2. (41) a. Simplify and compare:
(0.3)(0.4) + (0.3)(0.5) O 0.3(0.4 + 0.5)
b. What property is illustrated by this comparison?",NA,"The paragraph asks the student to simplify and compare two algebraic expressions and identify the property illustrated; it does not involve a student's error, error detection, or warning about common mistakes.",high,,B_boundary
2444,Discuss How is this ratio box different from the ratio boxes we have been using?,NA,"The paragraph asks for a discussion about differences in ratio boxes, with no mention of errors, mistakes, or comparing student work.",high,,B_boundary
2484,"Example 5
Which of these patterns will not fold to form a cube?
a. b. c. d.
Solution
Pattern d will not fold into a cube.",NA,"The paragraph presents a multiple‑choice question and its answer without referencing student errors, comparisons, or warnings about common mistakes.",high,,B_boundary
2507,"21. (41) a. Show two ways to simplify 2(5 ft + 3 ft).
b. Which property is illustrated in a?",NA,"The paragraph asks students to simplify an expression and identify a property, with no mention of errors, student work, or common mistakes.",high,,B_boundary
2514,"There are two ways to simplify the expression 7 - 3. The first way is to let the minus sign signify subtraction. When we subtract 3 from 7, the answer is 4.
7 - 3 = 4",NA,"The paragraph simply explains a method for simplifying an expression without presenting an error, a student mistake, or a comparison of differing answers.",high,,B_boundary
2515,"The second way is to use the thought process of algebraic addition. To use algebraic addition, we let the minus sign mean that -3 is a negative number and we treat the problem as an addition problem.
7 + (-3) = 4
Notice that we get the same answer both ways. The only difference is in the way we think about the problem.
We can also use algebraic addition to simplify this expression:
7 - (-3)
We use an addition thought and think that 7 is added to -(-3). This is what we think:
7 + [-(-3)]
But the opposite of -3 is 3, so we can write
7 + [3] = 10
We will practice using the thought process of algebraic addition because algebraic addition can be used to simplify expressions that would be very difficult to simplify if we used the thought process of subtraction.",NA,"The paragraph explains a teaching method and provides examples, without presenting a student's error, a comparison, or a warning about common mistakes.",high,,B_boundary
2548,Discuss: How can we check to see that 4600 × 10^5 is equal to 4.6 × 10^8?,NA,"The paragraph asks students to discuss a verification method, without presenting an error, named student work, or warning about common mistakes.",high,,B_boundary
2550,Thinking Skill: Explain: When 0.25 is written in scientific notation why does it have a negative exponent?,NA,"The paragraph asks for an explanation of a concept, not to identify or correct an error, compare approaches, or warn about common mistakes.",high,,B_boundary
2579,"Thinking Skill: Predict: A prism has 4 layers, each containing 9 cubes. Will it have the same volume as the prism on the right? Why or why not?",NA,"The paragraph asks a predictive reasoning question about volume, with no mention of errors, mistakes, or comparing student work.",high,,B_boundary
2582,"Volumes are measured by using cubes of a standard size. A cube whose edges are 1 centimeter long has a volume of 1 cubic centimeter, which we abbreviate by writing 1 cm^3.
1 cubic centimeter = 1 cm^3
Similarly, if each of the edges is 1 foot long, the volume is 1 cubic foot. If each of the edges is 1 meter long, the volume is 1 cubic meter.
1 cubic foot = 1 ft^3
1 cubic meter = 1 m^3
To calculate the volume of a solid, we can imagine constructing the solid out of unit cubes of the same size. We would begin by constructing the base and then building up the layers to the specified height.",NA,"The paragraph only explains concepts about volume and unit cubes, with no mention of errors, mistakes, or comparing student work.",high,,B_boundary
2591,"* 3. Verify Using a tape measure, Gretchen found that the circumference of the great oak was 600 cm. Rounding π to 3, she estimated that the tree’s diameter was 200 cm. Was her estimate for the diameter a little too large or a little too small? Why?",NA,"The paragraph asks the student to evaluate whether Gretchen's estimate is too large or small, without explicitly presenting a mistake to locate or a warning about common errors; it is not a correction or comparison task.",high,,B_boundary
2614,"Equations are sometimes called balanced equations because the two sides of the equation “balance” each other. A balance scale can be used as a model of an equation. We replace the equal sign with a balanced scale. The left and right sides of the equation are placed on the left and right trays of the balance. For example, x + 12 = 33 becomes [a balance with x + 12 on the left and 33 on the right].
Using a balance-scale model we think of how to simplify the equation to get the unknown number, in this case x, alone on one side of the scale. Using our example, we could remove 12 (subtract 12) from the left side of the scale. However, if we did that, the scale would no longer be balanced. So we make this rule for ourselves.
Whatever operation we perform on one side of an equation, we also perform on the other side of the equation to maintain a balanced equation.",NA,The paragraph explains the concept of balanced equations using a scale model and does not involve any error-focused activity or warning.,high,,B_boundary
2620,"Now we will consider an equation that involves multiplication rather than addition.
2x = 132
Since 2x means two x’s (x + x), we may show this equation on a balance scale two ways.
Our goal is to isolate x, that is, to have one x. We must perform the operations necessary to get one x alone on one side of the scale. We do not subtract 2, because 2 is not added to x. We do not subtract an x, because there is no x to subtract from the other side of the equation. To isolate x in this equation, we divide by 2. To keep the equation balanced, we divide both sides by 2.
Select operation:
To isolate x, divide by 2.",NA,"The paragraph explains how to solve an equation and asks the student to select the correct operation, without presenting errors, mistakes, or comparing student work.",high,,B_boundary
2623,"Most students choose to solve the equation 3x = 132 by dividing both sides of the equation by 3. There is another operation that could be selected that is often useful, which we will describe next. First note that the number multiplying the variable, in this case 3, is called the coefficient of x. Instead of dividing by the coefficient of x, we could choose to multiply by the reciprocal of the coefficient. In this case we could multiply by 1/3. In either case the goal is to make the coefficient 1.
3x = 132
1/3 · 3x = 1/3 · 132
1x = 132/3
x = 44",NA,"The paragraph only explains an alternative method for solving an equation and does not present a student's error, compare approaches, or warn about common mistakes.",high,,B_boundary
2625,"When solving equations with whole number or decimal number coefficients, it is usually easier to think about dividing by the coefficient. However, when solving equations with fractional coefficients, it is usually easier to multiply by the reciprocal of the coefficient. Refer to the following equation for problems 11–14:
3/4 x = 9/10
11. Analyze Select the operation that will result in 3/4 x becoming 1x in the equation. Tell why you chose the operation.
12. Describe how to perform the operation and keep the equation balanced.
13. Write a line-by-line solution of the equation.
14. Show the check of the solution.",NA,"The paragraph asks students to perform operations and solve the equation, without presenting errors, comparisons, or warnings about common mistakes.",high,,B_boundary
2626,We find that the solution to the equation is 6/5 (or 1 1/5). In arithmetic we usually convert improper fractions to mixed numbers. In algebra we usually leave improper fractions in improper form unless the problem states or implies that a mixed number answer is preferable.,NA,"The paragraph only states conventions about fraction forms and does not present an error, warning, or compare student work.",high,,B_boundary
2630,"extensions:
a. Justify Write an equation for each problem below. Then, choose between mental math, estimation, paper and pencil, or calculator to solve the equation. Justify your choice.
Marsha hiked a total of 12 miles on two trails in a national park. One trail was twice as long as the other. How long was each trail? Let s = the shorter trail.
Jake earned $50. He put half of his money in the bank. He spent half of the money he did not put in the bank. How much money does Jake have left? Let m = the money Jake has left.
Mr. Wang’s business averages $14,250 in expenses each month. Company salaries average $26,395 each month. The rent for the company is $2,825 each month. How much should Mr. Wang budget for salaries, expenses, and rent for the year? Let a = the total budget.
b. Justify Look at the four equations below. Which equation does not belong? Explain your reasoning.
4x = 8
132 = x + 130
22x = 66
x + 12 = 14",NA,"The paragraph presents new problems and a classification task without showing any student error, comparison, or warning about common mistakes.",high,,B_boundary
2635,Justify: How can we check that 136 pages is correct?,NA,"The paragraph asks the reader to justify and check a result, without presenting an error, named student work, or warning about common mistakes.",high,,B_boundary
2650,* 10. (65) Find the circumference of each circle: a. 28 cm. Use 3.14 for π. b. 14 cm. Use 22/7 for π. c. Connect How did your method for finding the circumference for the circle in a differ from your method for finding the circumference of the circle in b?,NA,"The paragraph asks students to compute circumferences and compare methods, without presenting errors, student work, or warnings about common mistakes.",high,,B_boundary
2678,"Example 2 Mrs. Campbell can tie 25 bows in 3 minutes. At that rate, how many bows can she tie in 1 hour? Solution: We can use either minutes or hours but not both. The units must be the same in both cases. Since there are 60 minutes in 1 hour, we will use 60 minutes instead of 1 hour. Next we write the proportion, cross multiply, and solve by dividing by 3. 25/3 = b/60 proportion. 25 · 60 = 3b cross multiplied. (25 · 60)/3 = 3b/3 divided by 3. b = 500 simplified. We see that Mrs. Campbell can tie 500 bows in one hour.",NA,The paragraph presents a straightforward example solution without showing a student's mistake or warning about common errors.,high,,B_boundary
2703,20. (43) Compare: 2/3 [O] 0.667,NA,"The paragraph simply asks the student to compare two numbers; there is no named student error, error detection prompt, or warning about common mistakes.",high,,B_boundary
2718,"Rules For Multiplying And Dividing Positive And Negative Numbers 1. If the two numbers in the multiplication or division problem have the same sign, the answer is a positive number. 2. If the two numbers in the multiplication or division problem have different signs, the answer is a negative number.",NA,"The paragraph only states rules for multiplying and dividing signed numbers; it does not present student work, errors, or warnings.",high,,B_boundary
2741,20. (60) Compare: 2/3 of 96 [O] 5/6 of 84,NA,"The paragraph simply asks the student to compare two calculations; there is no mention of errors, named students, or warnings about common mistakes.",high,,B_boundary
2743,"Analyze For problems 22–24, solve and check each equation. Show each step. * 22. (Inv. 7) 3/5 w = 15 * 23. (Inv. 7) b − 1.6 = (0.4)^2 * 24. (Inv. 7) 20w = 5.6",NA,"The paragraph simply instructs students to solve and check equations, with no mention of errors, mistakes, or comparison of student work.",high,,B_boundary
2757,"Example 2 Three fourths of what number is 60? Solution: In this problem the total is the unknown. But we can still translate directly from the question to an equation. Three fourths of what number is 60? question. 3/4 × WN = 60 equation. To solve, we multiply both sides by 4/3. 4/3 · 3/4 · WN = 60 · 4/3 multiplied by 4/3. WN = 80 simplified. Had the question been phrased using 0.75 instead of 3/4, the procedure would have been similar. Seventy-five hundredths of what number is 60? question. 0.75 × WN = 60 equation. To solve, we can divide both sides by 0.75. (0.75 · WN)/0.75 = 60/0.75 divided by 0.75. WN = 80 simplified.",NA,"The paragraph presents a worked example solving a problem, with no mention of errors, student work, or comparison; it is standard instructional content.",high,,B_boundary
2760,2. (46) Twelve ounces of Brand X costs $1.14. Sixteen ounces of Brand Y costs $1.28. Brand X costs how much more per ounce than Brand Y?,NA,"The paragraph simply presents a word problem to solve; it does not involve identifying or correcting errors, comparing student work, or warning about common mistakes.",high,,B_boundary
2776,"Analyze For problems 21–24, solve and check each equation. Show each step. * 21. (Inv. 7) p + 3 1/5 = 7 1/2 * 22. (Inv. 7) 3n = 0.138 * 23. (Inv. 7) n − 0.36 = 4.8 * 24. (Inv. 7) 2/3 x = 8/9",NA,"The paragraph merely instructs students to solve and check equations, with no mention of errors, mistakes, or comparing student work.",high,,B_boundary
2791,Example 2 Find the area of this figure. Corners that look square are square. Dimensions are in centimeters. Solution: There are many ways to divide this figure. We decided to use c. We will find the area of the big rectangle and subtract from it the area of the triangle. Area of rectangle = 10 × 10 = 100 cm^2. − Area of triangle = (4 × 7)/2 = 14 cm^2. Total of figure = 86 cm^2.,NA,"The paragraph presents a straightforward example solution without mentioning any error, student work, or warning about common mistakes.",high,,B_boundary
2792,area of a trapezoid Now we will consider how to find the area of a trapezoid. The parallel sides of a trapezoid are both bases. The distance between the bases is the height. Multiplying one of the bases and the height does not give us the area of the trapezoid. Base 2 × height: Rectangle is too big. Base 1 × height: Rectangle is too small.,COMMON_ERROR_ALERT,"The paragraph warns that using a single base times height is an incorrect way to find the area, alerting readers to a common mistake.",high,,B_boundary
2797,Model Some people like to find the area of a trapezoid by dividing the trapezoid into two triangles. How could you divide the trapezoid in this example into two triangles?,NA,"The paragraph asks how to divide a trapezoid into triangles, with no mention of errors, mistakes, or comparison of student work.",high,,B_boundary
2805,"* 6. (57, 69) Analyze Compare: 12.5 × 10^–4 [O] 1.25 × 10^–3",NA,"The paragraph asks to analyze and compare two numerical expressions, with no mention of student work, errors, or common mistakes.",high,,B_boundary
2852,* 15. (74) a. Sixty is what decimal part of 80? b. Justify How can you check that your answer to a is correct?,NA,"The paragraph asks the student to solve a problem and justify/check their answer, without presenting any error, comparison, or warning about mistakes.",high,,B_boundary
2869,Example 5. Sixty is 150 percent of what number? Solution: Predict: Do you think the answer will be greater than or less than 60? Why? We translate by writing 150% as either a decimal or a fraction. We will use the decimal form here. Sixty is 150% of what number? question. 60 = 1.5 × W_N equation. We divide both sides of the equation by 1.5: 60/1.5 = (1.5 × W_N)/1.5 divided by 1.5; 40 = W_N simplified.,NA,"The paragraph presents a worked example and solution without asking the reader to find or correct an error, nor does it warn about common mistakes.",high,,B_boundary
2870,"Practice Set Generalize Find each percent or quantity in a–f: a. Twenty-four is what percent of 40? b. What percent of 6 is 2? c. Fifteen percent of what number is 45? d. What percent of 4 is 6? e. Twenty-four is 120% of what number? f. What percent of $5.00 is $0.35? g. Rework example 5, writing 150% as a fraction instead of as a decimal. h. Justify How can you show that your answer to problem f is correct?",NA,"The paragraph consists of standard practice problems asking students to compute percentages and justify answers, with no mention of errors, mistakes, or comparing student work.",high,,B_boundary
2892,"This time we will graph all the numbers that are greater than or equal to 4. We might think the graph should look like this: dots at 4, 5, 6, 7, 8, 9. It is true that all the dots mark points that represent numbers greater than or equal to 4. However, we did not graph all the numbers that are greater than 4. For instance, we did not graph 10, 11, 12, and so on. Also, we did not graph numbers like 4 1/2, 5 1/3, √29, or 2π. If we were to graph all these numbers, the dots would be so close together that we would end up with a ray that goes on and on. Thus we graph all the numbers greater than or equal to 4 like this: a large dot at 4 and a ray continuing to the right. The large dot marks the 4. The blue ray marks the numbers greater than 4. The blue arrowhead shows that this ray continues without end.",NA,"The paragraph explains a concept (graphing numbers ≥4) without presenting a student's error, comparing approaches, or warning about common mistakes.",high,,B_boundary
2896,"Example 2. Graph on a number line: x > 4. Solution: We are told to graph all numbers greater than 4 but not including 4. We do not start the graph at 5, because we need to graph numbers like 4 1/2 and 4.001. To show that the graph does not include 4, we draw an empty circle at 4. Then we shade the portion of the number line to the right of the circle. Discuss: How would a graph of x ≥ 4 differ from the graph of x > 4?",NA,"The paragraph explains graphing an inequality and asks a conceptual comparison, without mentioning errors or named students.",high,,B_boundary
2916,"For problems 22–24, solve and check each equation. Show each step: 22. (Inv. 7) m + 8.7 = 10.25; 23. (Inv. 7) 4/3 w = 36; 24. (Inv. 7) 0.7y = 48.3",NA,"The paragraph simply instructs students to solve and check equations, with no mention of errors, mistakes, or comparing student work.",high,,B_boundary
2922,"Example. To prevent a 500 pound piano from damaging the floor, the owner put 6-inch diameter circular castors under the three legs of the piano. Use Tucker’s method to estimate the area of each castor. Then find the pounds per square inch the floor supports. Solution: We count 24 whole or nearly whole squares. The “half squares” we mark with dots. There are 8 “half squares” that we count as 4 full squares. We estimate the total area of each castor as 28 square inches. There are three castors so their total area is about 84 in.^2. The weight of the piano is distributed over the area of the three castors, so we divide the 500 lbs weight by 84 in.^2 to find the pounds per square inch: 500 lbs / 84 in.^2 ≈ 6 lbs per in.^2. Infer: The number of pounds per square inch may not be the same on each castor. Why is this true?",NA,"The paragraph presents a worked example and asks a conceptual inference question, without showing student errors, comparisons, or warnings about common mistakes.",high,,B_boundary
2980,"For problems 21–23, solve and check each equation. Show each step.
21. 17a = 408",NA,"The paragraph simply instructs students to solve and check an equation, with no mention of errors, mistakes, or comparison of student work.",high,,B_boundary
2987,"Another way to express the likelihood of an event is as odds. The odds of spinning 1 on the spinner above are 1 to 3 or 1:3. Odds show the ratio of favorable to unfavorable outcomes and are written with the word “to” or with a colon (:).
Odds:
favorable to unfavorable
favorable : unfavorable
In other words, odds express the relationship between the probabilities of an event and its complement. Although we do not write odds as a fraction, we do reduce the numbers used to express odds.",NA,"The paragraph only defines odds and explains how to express them; it does not present any error, mistake, or compare student work.",high,,B_boundary
2996,"Refer to the illustration in example 1 to answer problems 10–12.
10. Represent What is the sample space for one coin toss and one spin?
11. Find the probability of heads and 2 by multiplying the probability of heads and the probability of 2. Check your answer by inspecting the sample space for the event.
12. What are the odds of getting heads and 2? Check your answer by inspecting the sample space for the event.",NA,"The paragraph asks students to solve probability problems and verify their answers, without presenting errors, named students, or warnings about common mistakes.",high,,B_boundary
3001,"Events like tossing a coin, spinning a spinner, and rolling a number cube are independent events. One outcome does not affect the next outcome. If a tossed coin happens to land heads up three times in a row, then the probability of heads on the next toss is still just 1/2. The so called “law of averages” does not apply to individual events. However, over a very large number of trials, we expect a coin will land heads up 1/2 of the trials, and we expect a rolled number cube will end up 6 on 1/6 of the trials. This leads us to the topic of experimental probability.",COMMON_ERROR_ALERT,"The paragraph warns against the misconception that the law of averages applies to individual events, which is a common mistake students make.",medium,,B_boundary
3005,"Activity
Experimental Probability
• Investigation Activity 20
• Two number cubes
Section A of Investigation Activity 20 Probability Experiment displays the 36 equally likely outcomes of tossing a pair of number cubes. Section B is the outline of a bar graph. On the graph draw bars to indicate the theoretical outcome of tossing a pair of number cubes 36 times.
After completing Section B, take turns tossing the number cubes and recording the results for 36 tosses. Record and graph the results of the tosses in Section C.
If the results of the experiment differ from the theoretical outcome, discuss why you think the results differ and write your reasons in Section D.",NA,"The paragraph describes an experimental activity where students compare experimental and theoretical results and discuss differences, without presenting a specific student's error or asking to locate an error.",high,,B_boundary
3034,"22. Write each number in scientific notation:
a. 56 × 10^7
b. 56 × 10^−7",NA,"The paragraph simply asks students to rewrite numbers in scientific notation; it contains no error-focused prompts, named students, or warnings about common mistakes.",high,,B_boundary
3035,"For problems 23 and 24, solve and check the equation. Show each step.
23. 5x = 16.5",NA,"The paragraph simply asks the student to solve and check an equation, with no mention of errors, named students, or error detection.",high,,B_boundary
3041,"Early Finishers Real-World Application The per barrel price of crude oil, in U.S. dollars per barrel, varies from day to day. Here are the closing prices rounded to the nearest tenth for a five-day period.
Mon. 65.4, Tues. 66.3, Wed. 66.9, Th. 67.5, Fri. 66.8
Which display—a line graph or a bar graph—is the most appropriate way to display this data if you want to emphasize the changes in the price of crude oil? Draw the display and justify your choice.",NA,"The paragraph asks students to choose and create a graph type; it does not involve identifying or correcting errors, nor does it mention common mistakes or compare student work.",high,,B_boundary
3046,"Example Find the area of each circle:
a. Radius 10 cm. Use 3.14 for π.
b. Radius 7 in. Use 22/7 for π.
c. Diameter 12 ft. Leave π as π.
Solution
a. The area of a square built on the radius is 100 cm^2. We multiply this by π.
A = πr^2
A ≈ (3.14)(100 cm^2)
A ≈ 314 cm^2
Explain Why is the symbol ≈ used instead of = when 3.14 is substituted for π?
b. The area of a square built on the radius is 49 in.^2. We multiply this by π.
A = πr^2
A ≈ (22/7)(49 in.^2)
A ≈ 154 in.^2
Thinking Skill Summarize State the relationship between the diameter and the radius of a given circle.
c. Since the diameter is 12 ft, the radius is 6 ft. The area of a square built on the radius is 36 ft^2. We multiply this by π.
A = πr^2
A = π · 36 ft^2
A = 36π ft^2
Infer In the answers for a and b, we used the ≈ symbol, while in c we used the = sign. Why did we not use ≈ in c?",NA,"The paragraph presents standard example problems and asks for explanations about notation, without showing or asking to find errors.",high,,B_boundary
3055,8. Compare: x^2 − y^2 [O] (x + y)(x − y) if x = 5 and y = 3,NA,"The paragraph simply asks the student to compare two algebraic expressions with given values, with no mention of errors, named students, or common mistakes.",high,,B_boundary
3062,"15. Write each number in scientific notation:
a. 12 × 10^5
b. 12 × 10^−5",NA,"The paragraph simply asks the student to write numbers in scientific notation; it contains no error-focused prompt, named students, or warnings about common mistakes.",high,,B_boundary
3070,"For problems 23 and 24, solve and check the equation. Show each step.
23. 3/4 x = 36",NA,"The paragraph simply instructs students to solve and check the equation, with no mention of errors, mistakes, or comparing student work.",high,,B_boundary
3081,"Example 1
Multiply: (1.2 × 10^5)(3 × 10^7)
Solution
Notice that there are four factors.
1.2 × 10^5 × 3 × 10^7
Using the Commutative Property, we reverse the order of two factors.
1.2 × 3 × 10^5 × 10^7
Using the Associative Property, we group factors.
(1.2 × 3) × (10^5 × 10^7)
Then we simplify each group.
3.6 × 10^12
Usually we do not show the commutative and associative steps; we simply multiply the powers of 10 separately.",NA,"The paragraph presents a standard worked example of multiplying numbers in scientific notation with no mention of errors, mistakes, or comparisons.",high,,B_boundary
3115,"New Concept: We have used the word term in arithmetic to refer to the numerator or denominator of a fraction. For example, we reduce a fraction to its lowest terms. In algebra, term refers to a part of an algebraic expression or equation. Polynomials are algebraic expressions that contain one, two, three, or more terms.",NA,"The paragraph only defines terminology and introduces a concept; it does not present errors, compare student work, or warn about common mistakes.",high,,B_boundary
3118,"Terms are separated from one another in an expression by plus or minus signs that are not within symbols of inclusion. To help us see the individual terms we have separated the terms of the binomial and trinomial examples with slashes:
a^2 / − 4b^2      3x^2 / − x / − 4
Every term contains a positive or negative number and may contain one or more variables (letters). Sometimes the number is understood and not written. For instance, the understood number of a^2 is +1 since a^2 = +1a^2. When a term is written without a number, it is understood that the number is 1. When a term is written without a sign, it is understood that the sign is positive.
Term: 3x^2 | −x | −4
Number: +3 | −1 | −4
Variable: x^2 | x | none
It is not necessary for a term to contain a variable. A term that does not contain a variable, like −4, is often called a constant term, because its value never changes.",NA,"The paragraph only explains terminology and concepts about terms in expressions, with no mention of errors, mistakes, or student work to correct.",high,,B_boundary
3123,"Thinking Skills: Conclude
Why are x^2 and x not like terms?",NA,"The paragraph asks a conceptual question about why x^2 and x are not like terms, with no mention of a student's error, comparison, or warning about common mistakes.",high,,B_boundary
3124,"Notice that x^2 terms and x terms are not like terms and cannot be combined by addition. There are other possible arrangements of the collected terms, such as the following:
2x + 3x^2 + 3
Customarily, however, we arrange terms in descending order of exponents so that the term with the largest exponent is on the left and the constant term is on the right. An expression written without a constant term is understood to have zero as a constant term.
Generalize Rewrite the expression 4 + 3x^2 + x in descending order.",NA,"The paragraph provides a procedural explanation and asks the student to rewrite an expression in descending order, without presenting a student's error, warning about common mistakes, or asking to locate an error.",high,,B_boundary
3135,10. (10) Compare: f ○ g if f/g = 1,NA,"The paragraph is a simple instruction to compare functions, with no mention of errors, named students, or warnings about common mistakes.",high,,B_boundary
3148,"For problems 24 and 25, solve and check the equation. Show each step.
24. (Inv. 7) b − 4.75 = 5.2
25. (Inv. 7) 2/3 y = 36",NA,"The paragraph simply instructs students to solve and check equations, without presenting errors, named students, or warnings about common mistakes.",high,,B_boundary
3150,"Early Finishers: Real-World Application
Twenty students guessed the number of marbles in a glass container. The results are shown below.
28 20 15 19 37 40 22 42 30 36
25 28 25 33 45 20 50 32 21 30
Which type of display—a stem-and-leaf plot or a line graph—is the most appropriate way to display this data? Draw your display and justify your choice.",NA,The paragraph asks students to choose and create a data display; it does not involve identifying or correcting errors.,high,,B_boundary
3155,"Example 1: Simplify: (−2) + (−2)(−2) − (−2)/(+2)
Solution: First we multiply and divide in order from left to right.
(−2) + (−2)(−2) − (−2)/(+2)
(−2) + (+4) − (−1)
Then we add and subtract in order from left to right.
(−2) + (+4) − (−1)
(+2) − (−1)
+3
Mentally separating an expression into its terms can make an expression easier to simplify. Here is the same expression. This time we will use slashes to separate the terms.
(−2) / + (−2)(−2) / − (−2)/(+2)
First we simplify each term; then we combine the terms.
(−2) / + (−2)(−2) / − (−2)/(+2)
−2 / +4 / +1
+3",NA,"The paragraph presents a worked example of simplifying an expression without asking the reader to locate or correct an error, nor does it warn about common mistakes or compare student work.",high,,B_boundary
3158,"Signed numbers are often written without parentheses. To simplify such expressions we simply add algebraically from left to right.
−3 + 4 − 5 = −4
Another way to simplify this expression is to use the commutative and associative properties to rearrange and regroup the terms by their signs.
−3 + 4 − 5    Given
+4 − 3 − 5    Commutative Property
+4 + (−3 − 5)    Associative Property
+4 − 8    −3 − 5 = −8
−4    +4 − 8 = −4",NA,"The paragraph explains a method for simplifying signed numbers and shows steps, without presenting a student's error, a comparison, or a warning about common mistakes.",high,,B_boundary
3179,"22. (51, 83) Evaluate Compare: (5 × 10^−3)(6 × 10^8) ◯ (5 × 10^8)(6 × 10^−3)",NA,"The paragraph presents a straightforward evaluation/comparison problem with no named student, error detection, or warning about common mistakes.",high,,B_boundary
3187,"Notice that there are no dots to the left of zero. This is because no whole number is a negative number. Also notice that there are no dots between consecutive whole numbers. Numbers between consecutive whole numbers are not “whole.” The blue arrowhead on the right end of the number line indicates that the whole numbers increase without end.
• The Integers. The integer family includes all the whole numbers. It also includes the opposites (negatives) of the positive whole numbers. The list of integers goes on and on in both directions as indicated by the ellipses below.
Integers: …, −4, −3, −2, −1, 0, 1, 2, 3, 4, …
A graph of the integers looks like this:
–5 –4 –3 –2 –1 0 1 2 3 4 5
The blue arrowheads on both ends of the number line indicate that the set of integers continues without end in both directions. Notice that integers do not include such numbers as 1/2, 5/3, and other fractions.",NA,"The paragraph only explains concepts about whole numbers and integers with no mention of errors, student work, or comparisons.",high,,B_boundary
3192,"Example 2: Answer true or false:
a. All whole numbers are integers.
b. All rational numbers are integers.
Solution:
a. True. Every whole number is included in the family of integers.
b. False. Although every integer is a rational number, it is not true that every rational number is an integer. Rational numbers such as 1/2 and 5/3 are not integers.",NA,"The paragraph presents true/false statements and their solutions, without showing a student's error, comparing approaches, asking to locate a mistake, or warning about common errors.",high,,B_boundary
3215,"For problems 23 and 24, solve and check the equation. Show each step.
23. (Inv. 7) 56 = 7/8 w
24. (Inv. 7) 4.8 + c = 7.34",NA,"The paragraph simply asks students to solve and check the equations, without presenting errors, comparisons, or warnings about common mistakes.",high,,B_boundary
3221,"Example 1: Simplify: (−3x^2y)(2x)(−4xy)
Solution: The minus signs on these terms indicate negative numbers, not subtraction. We will multiply the three terms to make one term. First we list all the factors:
(−3) ∙ x ∙ x ∙ y ∙ (+2) ∙ x ∙ (−4) ∙ x ∙ y
Using the Commutative Property, we rearrange the factors as shown below.
(−3)(+2)(−4) ∙ x ∙ x ∙ x ∙ x ∙ y ∙ y
Using the Associative Property, we then group the factors by multiplying the numerical factors and gathering the variable factors with exponents.
24x^4y^2",NA,"The paragraph presents a standard worked example without mentioning any student error, comparison, or warning about common mistakes.",high,,B_boundary
3225,"Recall that we can multiply exponents to find a power of a power.
(x^a)^b = x^(ab)
If a term with multiple factors is raised to a power, then the exponent applies to each of the factors.
(3xy)^2 = (3xy)(3xy)
So, (3xy)^2 = 3^2 x^2 y^2 = 9x^2y^2
If a term that includes exponents is raised to a power, then we can multiply the exponents in the term by the power.
(3x^2y^3)^2 = 3^2(x^2)^2(y^3)^2 = 9x^4y^6",NA,"The paragraph only explains exponent rules and provides examples; it does not present a student's work, ask to find or correct errors, compare approaches, or warn about common mistakes.",high,,B_boundary
3226,"Example 3: Simplify: (−3a^2b^3)^2
Solution: We show two methods.
Method 1: Show factors.
(−3a^2b^3)^2 = (−3a^2b^3)(−3a^2b^3)
= (−3)aabbb(−3)aabbb
= (−3)(−3)aaaabbbbbb
= 9a^4b^6
Method 2: Apply exponent rules.
(−3a^2b^3)^2 = (−3)^2(a^2)^2(b^3)^2
= 9a^4b^6",NA,"The paragraph presents two solution methods without mentioning errors, mistakes, or named students, so it is standard content.",high,,B_boundary
3227,"Practice Set:
Justify Find the following products. Show and justify each step.
a. (−3x)(−2xy)
b. 3x^2(xy^3)
c. (2a^2)(−3ab^3)
d. (−4x)(−5x^2y)
Generalize Find each product by multiplying the numerical factors and gathering variable factors with exponents.
e. (−xy^2)(xy)(2y)
f. (−3m)(−2mn)(m^2n)
g. (4wy)(3wx)(−w^2)(x^2y)
h. 5d(−2df)(−3d^2fg)
i. Simplify (show two methods): (3xy^3)^2",NA,"The paragraph is a set of practice problems asking students to compute products and justify steps, with no mention of errors, mistakes, or comparing student work.",high,,B_boundary
3250,"For problems 23 and 24, solve and check the equation. Show each step.
23. (Inv. 7) d − 8.47 = 9.1
24. (Inv. 7) 0.25m = 3.6",NA,"The paragraph simply instructs students to solve and check equations, without presenting errors, comparisons, or warnings about common mistakes.",high,,B_boundary
3252,"Early Finishers: Real-World Application
While on vacation, Sanjay and Aditi decide to spend an afternoon biking. They can rent the bikes from one of two companies in town. Beau’s Bikes charges $10 per hour per bike. Celine’s Cycles charges $4 per hour per bike plus an initial fixed fee of $15 per bike.
a. Let t represent the time one bike is rented (in hours) and y represent the total cost of renting one bike. Represent the cost from each company with an algebraic expression.
b. If Sanjay and Aditi expect to bike for 2 hours, from which bike shop should they rent? Support your answer.
c. If they want to bike for 4 hours, from which bike shop should they rent? Support your answer.",NA,"The paragraph presents a real-world application problem with no mention of errors, mistakes, or comparing student work; it simply asks students to create expressions and make decisions.",high,,B_boundary
3258,Discuss What is the difference between the 60 in the first unit multiplier and the 60 in the second unit multiplier?,NA,"The paragraph asks a conceptual discussion question about unit multipliers, with no mention of errors, mistakes, or named students.",high,,B_boundary
3259,"To convert from one unit of area to another, it is helpful to use two unit multipliers.",NA,"The paragraph provides a general instructional tip about unit conversion and does not mention any errors, mistakes, or compare student work.",high,,B_boundary
3261,Thinking Skill Explain: Diego could have converted 16 ft and 9 ft to yards. Which method would you use? Explain.,NA,"The paragraph mentions a student but does not present any error, conflict, or warning; it simply asks which method to use, so it is standard instructional content.",high,,B_boundary
3266,When using multiple unit multipliers it is often helpful to use a calculator for the arithmetic.,NA,"The sentence gives a general tip about using a calculator; it does not mention errors, mistakes, or compare student work.",high,,B_boundary
3293,"26. (20, 52) Which of the following does not equal 4³? a. 2⁶ b. 4 · 4² c. 4⁴ / 4 d. 4² + 4",NA,"The paragraph presents a standard multiple‑choice question asking which expression does not equal 4³, with no reference to student errors, named students, or error warnings.",high,,B_boundary
3298,"Early Finishers Real-World Application A group of 200 volunteers were shown television commercials A, B, C, and D. Then the volunteers were asked to identify their favorite commercial. The results are shown below: Commercial A: 78, B: 35, C: 45, D: 42. a. Which type of display—a circle graph or a histogram—is the most appropriate way to display this data? Draw your display and justify your choice.",NA,"The paragraph asks students to choose and create an appropriate display for given data, with no mention of errors, comparisons, or error alerts.",high,,B_boundary
3328,"12. (20, 35) Compare: a² ◯ a if a = 0.5",NA,"The paragraph is a straightforward problem prompt asking to compare expressions; it contains no named student work, error detection, or warning about common mistakes.",high,,B_boundary
3350,"To solve an equation that has a mixed-number coefficient, we convert the mixed number to an improper fraction as the first step. Then we multiply both sides by the reciprocal of the improper fraction.",NA,"The paragraph simply explains a procedural step for solving equations with mixed-number coefficients and does not involve error detection, correction, comparison, or warnings about common mistakes.",high,,B_boundary
3353,"negative coefficients To solve an equation with a negative coefficient, we multiply (or divide) both sides of the equation by a negative number. The coefficient of x in this equation is negative. −3x = 126. To solve this equation, we can either divide both sides by −3 or multiply both sides by −1/3. The effect of either method is to make +1 the coefficient of x. We show both ways on the following page.",NA,"The paragraph explains how to solve an equation with a negative coefficient and does not reference any student error, comparison, or warning about common mistakes.",high,,B_boundary
3355,Method 1: −3x = 126; −3x / −3 = 126 / −3; x = −42. Method 2: −3x = 126; (−1/3)(−3x) = (−1/3)(126); x = −42.,NA,"The paragraph only presents two solution methods without asking the reader to locate or correct an error, nor does it involve named students or warnings about common mistakes.",high,,B_boundary
3357,"Example 4: Solve: −5x = 0.24. Solution: We may either multiply both sides by −1/5 or divide both sides by −5. Since the right side of the equation is a decimal number, it appears that dividing by −5 will be easier. −5x = 0.24, equation. −5x / −5 = 0.24 / −5, divided by −5. x = −0.048, simplified.",NA,"The paragraph presents a straightforward worked example with no error identification, correction, or warning about common mistakes.",high,,B_boundary
3358,"Practice Set Generalize Solve: a. 1 1/8 x = 36; b. 3 1/2 a = 490; c. 2 3/4 w = 6 3/5; d. 2 2/3 y = 1 4/5; e. −3x = 0.45; f. −3/4 m = 2/3; g. −10y = −1.6; h. −2 1/2 w = 3 1/3; i. Conclude When solving an equation, how can you show that your answer is correct?",NA,"The paragraph presents a set of practice equations to solve and asks a general reflective question, without mentioning any errors, mistakes, or comparing student work.",high,,B_boundary
3361,3. (46) A 24-ounce jar of applesauce costs $1.68. A 58-ounce jar costs $2.88. Which costs more per ounce? How much more?,NA,"The paragraph simply asks a calculation question without presenting errors, comparisons of student work, or warnings about common mistakes.",high,,B_boundary
3385,30. (52) Compare for x = 10 and y = 5: x² − y² ◯ (x + y)(x − y),NA,"The paragraph presents a standard comparison problem with no mention of errors, named students, or warnings about common mistakes.",high,,B_boundary
3413,The graph of an inverse proportion is a curve and not a line. The graph does not include the origin and does not intercept an axis. The graph may include points in the third quadrant as we see in the graph of xy = 6.,NA,"The paragraph provides factual information about inverse proportion graphs without presenting errors, student work, or warnings about common mistakes.",high,,B_boundary
3423,"New Concept Increasing Knowledge
We have practiced evaluating expressions such as
x − xy − y
with positive numbers in place of x and y. In this lesson we will practice evaluating such expressions with negative numbers as well. When evaluating expressions with signed numbers, it is helpful to first replace each variable with parentheses. This will help prevent making mistakes in signs.",COMMON_ERROR_ALERT,"The paragraph warns readers about potential sign mistakes and advises a strategy to avoid them, fitting the pattern of a common error alert.",medium,NA,B_boundary
3427,"Example 2
Nikki says the solution of the equation 3x + 5 = −1 is −2. Show how Nikki can check her answer.
Solution
Nikki can replace x in the original equation with −2 and simplify.
3x + 5 = −1
3(−2) + 5 = −1 Substituted −2
−6 + 5 = −1 Multiplied 3(−2)
−1 = −1 Added −6 and +5
The two sides of the equation are equal. Nikki’s solution is checked.",NA,"The paragraph asks the student to verify Nikki's answer by substitution, not to locate or correct an error, compare approaches, or warn about common mistakes.",high,,B_boundary
3428,"Practice Set Generalize Evaluate each expression. Write parentheses as the first step.
a. x + xy − y if x = 3 and y = −2
b. −m + n − mn if m = −2 and n = −5
Verify Check each solution for the original equations.
c. 4x + 25 = 9, solution: x = −4
d. 3x + 7 = 8, solution: x = −5
Justify Solve and check these equations.
e. 4x = −20 f. −2x = 16
g. Explain How did you check your solutions for e and f?",NA,"The paragraph asks students to evaluate expressions, verify solutions, and justify work, without presenting a student's error or warning about common mistakes.",high,,B_boundary
3461,Thinking Skill Formulate We can use a ratio box to solve part-of-a-whole and increase-decrease word problems. How are the problems different?,NA,"The paragraph asks about using a ratio box and compares problem types, without mentioning errors, mistakes, or named students.",high,,B_boundary
3475,12. (60) Compare: 30% of 20 ○ 20% of 30,NA,"The paragraph simply asks to compare two percentage calculations without mentioning any errors, students, or common mistakes.",high,,B_boundary
3488,"Justify For problems 25–27, solve and check. Show each step.
* 25. (90) 3 1/7 x = 66
26. (Inv. 7) w − 0.15 = 4.9
* 27. (90, 91) −8y = 600",NA,"The paragraph asks students to solve and check problems themselves, without presenting errors, mistakes, or contrasting student work.",high,,B_boundary
3501,"We check the solution by replacing x in the original inequality with numbers equal to and greater than 3. We try 3 and 4 below.
2x − 5 ≥ 1 original inequality
2(3) − 5 ≥ 1 replaced x with 3
1 ≥ 1 simplified and checked
2(4) − 5 ≥ 1 replaced x with 4
3 ≥ 1 simplified and checked
Predict Would the number 2 satisfy the inequality? Why or why not?
Now we graph the solution x ≥ 3.
This graph indicates that all numbers greater than or equal to 3 satisfy the original inequality.
Discuss Why is the dot at 3 solid?",NA,"The paragraph provides a procedural check and asks predictive questions, without presenting a student's error, comparison, or warning about common mistakes.",high,,B_boundary
3512,"10. (33, 48) Compare: 1/3 ○ 33%",NA,"The paragraph is a straightforward comparison problem with no mention of errors, named students, or warnings about common mistakes.",high,,B_boundary
3527,"Generalize For problems 25–28, solve and check. Show each step.
* 25. (93) 3x + 2 = 9
* 26. (93) 2/3 w + 4 = 14
* 27. (93) 0.2y − 1 = 7
* 28. (90) -2/3 m = 6",NA,"The paragraph only instructs students to solve and check a set of equations, with no mention of errors, named students, or error detection.",high,,B_boundary
3546,"* 16. (60, 92) a. What is 200 percent of $7.50?
b. Analyze What is 200 percent more than $7.50?",NA,"The paragraph only asks for calculations of percentages, with no mention of errors, mistakes, or comparing student work.",high,,B_boundary
3558,"* 30. (94) Analyze In a bag are two red marbles, three white marbles, and four blue marbles.
a. One marble is drawn and put back in the bag. Then a marble is drawn again. What is the probability of drawing a white marble on both draws? Are the events dependent or independent?
b. One marble is drawn and not replaced. Then a second marble is drawn. What is the probability of drawing a white marble on both draws? Are the events independent or dependent?",NA,"The paragraph presents standard probability problems asking the student to compute probabilities and determine dependence, without referencing any errors, mistakes, or comparing student work.",high,,B_boundary
3596,"Justify For problems 24 and 25, solve and check. Show each step.
* 24. (93) −5w + 11 = 51
* 25. (93) 4/3x − 2 = 14",NA,"The paragraph asks students to solve and check problems, without presenting a student's error, comparison, or warning about common mistakes.",high,,B_boundary
3605,"Discuss A student estimated that m∠DOC was about 36°. Without measuring this angle, do you think that this estimate is close to the actual measure? Explain.",NA,"The paragraph asks the reader to evaluate a student's estimate, without presenting an error to locate or correct, nor comparing multiple students, nor warning about a common mistake.",high,,B_boundary
3608,Thinking Skills Analyze: Why is the simplified expression in b −2x − 6 and not −2x + 6?,EXPLICIT_ERROR_DETECTION,"The paragraph points out a specific incorrect form (-2x + 6) and asks the reader to explain why it is wrong, which matches explicit error detection.",high,,B_boundary
3612,"Estimate In practice problems j–m, estimate the measure of each angle. Then use a protractor to measure each angle. By how many degrees did your estimate differ from your measurement?
j. ∠BOC
k. ∠DOC
l. ∠FOE
m. ∠FOB",NA,"The paragraph asks students to estimate angles and then measure them, without referencing any student errors, comparisons, or warnings about common mistakes.",high,,B_boundary
3635,"Justify For problems 25 and 26, solve and check. Show each step.
* 25. (93) 2 1/2x − 7 = 13
* 26. (93) −3x + 8 = 14",NA,"The paragraph simply asks students to solve and check the given equations, without presenting errors, comparisons, or warnings about common mistakes.",high,,B_boundary
3645,"indirect measure
Sarah looked up and said, “I wonder how tall that tree is.” Beth looked down and said, “It’s about 25 feet tall.” Beth did not directly measure the height of the tree. Instead she used her knowledge of proportions to indirectly estimate the height of the tree.
The lengths of the shadows cast by two objects are proportional to the heights of the two objects (assuming the objects are in the same general location).
We can separate the objects and their shadows into two “triangles.”
We assume that the ground is flat and level, and that both the tree and Beth are perpendicular to the ground. We also assume that the angle of the Sun’s light is the same for both Beth and the tree. Thus the triangles are similar.",NA,"The paragraph explains indirect measurement using a scenario with Sarah and Beth, without asking to find or correct errors, compare approaches, or warn about common mistakes.",high,,B_boundary
3646,"Discuss Why do we have to make these assumptions?
The height of Beth (HB) and the length of Beth’s shadow (SB) are proportional to the height of the tree (HT) and the length of the tree’s shadow (ST). We can record the relationship in a ratio box.
Thinking Skill Explain: In indirect measurement, why must the light strike the objects at the same angle?",NA,"The paragraph asks for discussion and explanation of assumptions in indirect measurement, without presenting a student's error, comparison, or warning about common mistakes.",high,,B_boundary
3647,"How did Beth perform the calculation? We suggest two ways. Knowing her own height (5 ft), she may have estimated the length of her shadow (6 ft) and the length of the shadow of the tree (30 ft). She then could have solved this proportion in which the dimensions are feet:
5/HT = 6/30
6HT = 5 · 30
HT = 25
Another way Beth may have estimated the height of the tree is by estimating that the tree’s shadow was five times as long as her own shadow. If the tree’s shadow was five times as long as her shadow, then the tree’s height must have been five times her height.
5 ft × 5 = 25 ft",NA,"The paragraph describes possible methods Beth could use to calculate the tree height and does not ask the reader to find or correct an error, compare approaches, or warn about common mistakes.",high,,B_boundary
3648,"Example 2
To indirectly measure the height of a telephone pole on the playground, some students measured the length of the shadow cast by the pole. The shadow measured 24 ft and the length of the shadow cast by a vertical meterstick was 40 cm. About how tall was the telephone pole?
Solution
We sketch the objects and their shadows using the given information.
We use a ratio box to record the given information. Then we write and solve a proportion.
Height of Object | Length of Shadow
Meterstick: 100 cm | 40 cm
Pole: HP | 24 ft
100/HP = 40/24
40 HP = 24 · 100
HP = 60
We find that the height of the telephone pole was about 60 feet. Note that the two objects were measured using different units. Exercise caution whenever mixing units in proportions to ensure the solution is expressed in the desired units. You may choose to include units in your calculation, as we have done below.
100 cm / HP = 40 cm / 24 ft
40 cm · HP = 24 ft · 100 cm
HP = (24 ft · 100 cm) / 40 cm = 60 ft",COMMON_ERROR_ALERT,"The paragraph includes a warning about a frequent mistake (mixing units) and advises caution, matching the COMMON_ERROR_ALERT pattern.",high,,B_boundary
3649,"Example 3
Brad saw that his shadow was the length of about one big step (3 ft). He then walked along the shadow of a nearby flagpole and found that it was eight big steps long. Brad is about 5 ft tall. Which is the best choice for the height of the flagpole?
A 15 ft B 24 ft C 40 ft D 60 ft
Solution
We can estimate the heights of objects by the lengths of their shadows. In this example, Brad, who is about 5 ft tall, cast a shadow about 3 ft long. So Brad is nearly twice as tall as the length of the shadow he cast. The shadow of the flagpole was the length of about eight big steps, or about 24 ft. So the height of the pole is about, but not quite, twice the length of its shadow. Thus, the best choice for the height of the pole is C 40 ft.
Discuss Is there a quicker way to estimate that the pole is about 40 feet tall? If so, describe it.",NA,"The paragraph presents a problem, solution, and a discussion prompt without showing student errors, comparisons, or warnings about common mistakes.",high,,B_boundary
3650,"Activity: Indirect Measure
Materials: metersticks, rulers and/or tape measures.
Have small groups of students indirectly measure the height of a tree, building, pole, or other tall object as described in example 2.
Discuss If different groups measure the same object, discuss why and how answers differ.",NA,"The paragraph describes a hands‑on activity and suggests a discussion about differing measurements, without presenting a specific error, named students' work, or a common mistake.",high,,B_boundary
3679,"Solution
The scale indicates that the dimensions of the actual airplane are 24 times the dimensions of the model, so the wingspan is 24 times 18 inches. Note that the model is measured in inches, but the question asks for the wingspan in feet. Thus we will divide the product of 18 and 24 by 12. This is the calculation:
(18 · 24) / 12 = 36
The wingspan is 36 feet.
Another way to approach this problem is to construct a ratio box as we have done with ratio problems. In one column we write the ratio numbers, which are the scale numbers. In the other column we write the measures. The first number of the scale refers to the model. The second number refers to the object. We can use the entries in the ratio box to write a proportion.
Model: scale 1, measure 18
Object: scale 24, measure w
1/24 = 18/w
w = 432
The wingspan of the model was given in inches. Solving the proportion, we find that the full-size wingspan is 432 inches. We are asked for the wingspan in feet, so we convert units from inches to feet.
432 in. · (1 ft / 12 in.) = 36 ft
We find that the wingspan of the airplane is 36 feet.",NA,"The paragraph provides a worked solution and explanation without referencing any student error, comparison, or warning about common mistakes.",high,,B_boundary
3686,"Example 3
Solve: 3/7 = 15/n
Solution
Instead of finding cross products, we note that multiplying the numerator 3 by 5 gives us the other numerator, 15. Thus the scale factor is 5. We use this scale factor to find n.
(3/7) · (5/5) = 15/35
We find that n is 35.",NA,"The paragraph presents a worked example of solving a proportion without mentioning any error, student work, or warning about common mistakes.",high,,B_boundary
3689,"In this book we will express the scale factor in decimal form unless otherwise directed.

Math Language: The term linear measures refers to measures of lengths of lines.

Note that the scale factor refers to the linear measures of two similar figures and not to the area or volume measures of the figures. The scale factor from cube A to cube B below is 2 because the linear measures of cube B are twice the corresponding measures of cube A.
However, the surface area of cube B is 4 times the surface area of cube A, and the volume of cube B is 8 times the volume of cube A. Since we multiply two dimensions of a figure to calculate the area of the figure, the relationship between the areas of two figures is the scale factor times the scale factor; in other words, the scale factor squared. Likewise, the relationship between the volumes of two similar figures is the scale factor cubed.",NA,"The paragraph only provides definitions and explanations about scale factors, with no mention of errors, mistakes, or student work to correct or compare.",high,,B_boundary
3691,"It is important to note that the measurements used to calculate scale factor must have the same units. If the measurements have different units, we should convert before calculating scale factor.",COMMON_ERROR_ALERT,"The paragraph warns about a potential mistake (using mismatched units) and advises conversion, fitting the COMMON_ERROR_ALERT pattern.",high,,B_boundary
3709,"Early Finishers Math Applications
Which type of display—a bar graph or a Venn diagram—is the most appropriate way to display the factors and common factors of the numbers 12 and 36? Draw your display and justify your choice.",NA,"The paragraph asks the student to choose a display type and justify it; it does not involve error detection, correction, comparison of student work, or warning about common mistakes.",high,,B_boundary
3712,"Example 1
Between which two consecutive whole numbers is √200?

Solution
We remember that √100 is 10, so √200 is more than 10. We might guess that √200 is 20. We check our guess.
20 × 20 = 400 too large
Our guess is much too large. Next we guess 15.
15 × 15 = 225 too large
Since 15 is still too large, we try 14.
14 × 14 = 196 too small
We see that 14 is less than √200 and 15 is more than √200. So √200 is between the consecutive whole numbers 14 and 15.

Generalize Using the same method, we find that √10 is between which two consecutive whole numbers?",NA,"The paragraph presents a worked example and a follow‑up question, without showing a student's mistake, comparing approaches, or warning about common errors.",high,,B_boundary
3733,"Example 3
The angles marked x and 2x in this figure are supplementary. What is the measure of the larger angle?
Solution
The sum of the angle measures is 180°. We write this relationship as an equation.
2x + x = 180°
Since 2x + x = 3x, we may simplify then solve the equation.
2x + x = 180° equation
3x = 180° simplified
3x/3 = 180°/3 divided both sides by 3
x = 60° simplified
The solution of the equation is 60°, but 60° is not the answer to the question. We were asked to find the measure of the larger angle, which in the diagram is marked 2x. Since x is 60°, we find that the larger angle measures 2(60°) = 120°.
Discuss How are angles x and 2x related in size?",NA,"The paragraph presents a worked example and a discussion prompt, without asking the reader to locate or correct an error, compare student work, or warn about common mistakes.",high,,B_boundary
3745,* 11. (9) Analyze Compare: w ◯ m if w is 0.5 and m is the reciprocal of w.,NA,"The paragraph is a straightforward problem prompt with no named students, no error identification, and no warning about common mistakes.",high,,B_boundary
3806,"problem solving
Sheena’s younger sister quickly calculated several products on a piece of scrap paper. In her hurry, she misplaced the product of 0.203 and 4.16. She determined from her notes that the product was 0.84448, 8.21218, 0.88444, or 0.04848. Without calculating, Sheena told her sister the correct answer. What is the correct answer, and how did Sheena know?",EXPLICIT_ERROR_DETECTION,"The paragraph presents a student's mistaken calculation and asks the reader to identify the correct answer among options, which is an explicit error detection task.",high,,B_boundary
3807,"New Concepts Increasing Knowledge
powers of negative numbers
One way to multiply three or more signed numbers is to multiply the factors in order from left to right, keeping track of the signs with each step, as we show here:
(−3)(−4)(+5)(−2)(+3) problem
(+12)(+5)(−2)(+3) multiplied (−3)(−4)
(+60)(−2)(+3) multiplied (+12)(+5)
(−120)(+3) multiplied (+60)(−2)
−360 multiplied (−120)(+3)
Another way to keep track of signs when multiplying signed numbers is to count the number of negative factors. Notice the pattern in the multiplications on the following page.",NA,"The paragraph only explains methods for multiplying signed numbers and shows a worked example; it does not ask the reader to find or correct an error, compare students, or warn about common mistakes.",high,,B_boundary
3809,"Thinking Skill Explain Tell how to find the following product without multiplying: (–2)(4)(–5)(0)(5).
Note: If any of the multiplied factors are zero, their product is also zero (which has no sign).",NA,"The paragraph asks the student to explain a method for finding a product, with a note about zero, without presenting an error, comparison, or warning about common mistakes.",high,,B_boundary
3811,"We remember that an exponent can indicate how many times the base is used as a factor.
(−3)^4 means (−3)(−3)(−3)(−3)",NA,"The paragraph simply defines exponent notation and gives an example; it does not involve error detection, correction, comparison, or warning about common mistakes.",high,,B_boundary
3812,"Example 2
Simplify:
a. (−2)^4 b. (−2)^5
Solution
a. The expression (−2)^4 means (−2)(−2)(−2)(−2). There is an even number of negative factors, so the product is a positive number. Since 2^4 is 16, we find that (−2)^4 is +16.
b. The expression (−2)^5 means (−2)(−2)(−2)(−2)(−2). This time there is an odd number of negative factors, so the product is a negative number. Since 2^5 = 32, we find that (−2)^5 = −32.",NA,"The paragraph provides a straightforward example and solution without asking the reader to find or correct errors, compare approaches, or warn about common mistakes.",high,,B_boundary
3818,"Example 6
Simplify: √36x^2y^4
Solution
We show two methods.
Method 1: Separate the factors of 36x^2y^4 into two identical groups.
36x^2y^4 = 2 ∙ 2 ∙ 3 ∙ 3 ∙ x ∙ x ∙ y ∙ y ∙ y ∙ y
= (2 ∙ 3 ∙ x ∙ y ∙ y)(2 ∙ 3 ∙ x ∙ y ∙ y)
= (6xy^2)(6xy^2)
We see that a square root of 36x^2y^4 is 6xy^2.
Method 2: Find the square root of 36 and half of each exponent.
√36x^2y^4 = 6xy^2",NA,"The paragraph presents two correct solution methods without mentioning errors, student work, or common mistakes.",high,,B_boundary
3848,"Early Finishers Real-World Application
India is creating a map of her neighborhood as shown below. She draws a right triangle with a base of 8 cm and a height of 6 cm.
a. Redraw India’s triangle on graph paper with a ruler. Measure the length of the hypotenuse.
b. Using the Pythagorean Theorem, solve for the length of the hypotenuse (a^2 + b^2 = c^2). Did you get the same answer as your measurement?
c. If India’s scale for the map is 1 cm = 0.6 mi., how many miles is it from her house to school using Main St. then Wagon Wheel Rd.?",NA,"The paragraph presents a standard application problem with measurement and calculation tasks, without any mention of errors, mistakes, or comparison of student work.",high,,B_boundary
3876,* 15. (91) Compare: ab ◯ a − b if a is positive and b is negative.,NA,"The paragraph asks the student to compare two expressions under given conditions, with no mention of errors, named students, or common mistakes.",high,,B_boundary
3885,"Generalize Solve and check:
24. (90, 93) 2 3/4 w + 4 = 48
* 25. (102) 2.4n + 1.2n − 0.12 = 7.08",NA,"The paragraph only lists problems with a directive to solve and check, without any mention of errors, named students, or warnings about common mistakes.",high,,B_boundary
3918,Thinking Skill Verify How can we verify that the changed formula is true?,NA,"The paragraph asks a general verification question without presenting a specific error, student work, or warning about common mistakes.",high,,B_boundary
3920,"more on roots
The perfect square 25 has both positive and negative square roots, 5 and −5.
5 · 5 = 25
(−5)(−5) = 25
Thus the equation x^2 = 25 has two solutions, 5 and −5.
The positive square root of a number is sometimes called the principal square root. So the principal square root of 25 is 5. The radical symbol \sqrt{} implies the principal root. So \sqrt{25} is 5 only and does not include −5.",NA,"The paragraph only explains the concept of positive and negative square roots and the principal square root, without presenting a student's error, a comparison, an explicit error detection task, or a warning about common mistakes.",high,,B_boundary
3922,"A radical symbol may be used to indicate other roots besides square roots. The expression below means cube root of 64. The small 3 is called the index of the root. The cube root of 64 is the number that, when used as a factor three times, yields a product of 64.
\sqrt[3]{64}
(?)(?)(?) = 64
Thus the cube root of 64 is 4 because
4 · 4 · 4 = 64
Discuss Is –4 a cube root of 64? Why or why not?",NA,"The paragraph explains cube roots and asks a conceptual discussion question, without presenting a student's error, comparing approaches, or warning about common mistakes.",high,,B_boundary
3923,"Example 5
Simplify:
a. \sqrt[3]{1000}
b. \sqrt[3]{-27}
Solution
a. The cube root of 1000 is 10 because 10 · 10 · 10 = 1000. Notice that −10 is not a cube root of 1000, because (−10)(−10)(−10) = −1000.
b. The cube root of −27 is −3 because (−3)(−3)(−3) = −27.
Predict Which will be a negative number, the cube root of 8 or the cube root of −8?",NA,"The paragraph presents examples and asks a predictive question about sign of cube roots, without showing student errors or warnings about common mistakes.",high,,B_boundary
3938,"To determine the numerical value of the slope of a line, it is helpful to draw a right triangle using the background grid of the coordinate plane and a portion of the graphed line. First we look for points where the graphed line crosses intersections of the grid. We have circled some of these points on the graphs below.
Next we select two points from the graphed line and, following the background grid, sketch the legs of a right triangle so that the legs intersect the chosen points. (It is a helpful practice to first select the point to the left and draw the horizontal leg to the right. Then draw the vertical leg to meet the line.)
Discuss Why do you think we look for points where the graphed line crosses intersections of the grid?",NA,The paragraph explains a procedure for finding slope and asks a discussion question; it does not present or warn about errors.,high,,B_boundary
3941,"Example 2
Find the slope of the graphed line below.
Solution
We note that the slope is positive. We locate and select two points where the graphed line passes through intersections of the grid. We choose the points (0, −1) and (3, 1). Starting from the point to the left, (0, −1), we draw the horizontal leg to the right. Then we draw the vertical leg up to (3, 1).
We see that the run is 3 and the rise is positive 2. We write the slope as “rise over run.”
slope = 2/3
Analyze If we had chosen the points (−3, −3) and (3, 1), the run would be 6 and the rise 4. However, the slope would be the same. Why is this true?",NA,"The paragraph explains a method and asks a conceptual question about why slope is invariant; it does not present a student's error, compare approaches, or warn about common mistakes.",high,,B_boundary
3942,"One way to check the calculation of a slope is to “zoom in” on the graph. When the horizontal change is one unit to the right, the vertical change will equal the slope. To illustrate this, we will zoom in on the square just below and to the right of the origin of the graph above.
Discuss Summarize how we can zoom in to see if a calculated slope is reasonable.",NA,"The paragraph explains a strategy for checking slope calculations and asks students to discuss it; it does not present a student error, compare approaches, or warn about common mistakes.",high,,B_boundary
3960,"Another way to find t is to first solve the formula for t.
d = rt formula
t = d/r divided by r
Then replace d and r with 36 and 9 and simplify.
t = 36/9 substituted
t = 4 divided
Connect If a bike ride is 36 miles, and the rate is 9 miles per hour, how long will the trip take?",NA,"The paragraph presents a straightforward method to solve for t with no mention of errors, mistakes, or comparison between students.",high,,B_boundary
3962,"Practice Set
a. Use the formula A = bh to find b when A is 20 and h is 4.
b. Use the formula A = 1/2bh to find b when A is 20 and h is 4.
c. Use the formula F = 1.8C + 32 to find F when C is −40.
d. Connect The formula for converting from Fahrenheit to Celsius is often given as F = 9/5C + 32. How are 9/5 and 1.8 related?",NA,"The paragraph presents standard practice problems without any mention of errors, student work, or error detection.",high,,B_boundary
3996,"Thinking Skill Explain Why do we subtract 1 from both sides of the equation first?

Isolating the variable in this equation takes three steps: first we subtract 1 from both sides; next we divide both sides by 3; then we find the square root of both sides. We show the results of each step below.
3x^2 + 1 = 28 equation
3x^2 = 27 subtracted 1 from both sides
x^2 = 9 divided both sides by 3
x = 3, −3 found the square root of both sides
Notice that there are two solutions, 3 and −3. Both solutions satisfy the equation, as we show below.
3(3)^2 + 1 = 28       3(-3)^2 + 1 = 28
3(9) + 1 = 28         3(9) + 1 = 28
27 + 1 = 28           27 + 1 = 28
28 = 28               28 = 28
When the variable of an equation has an exponent of 2, we remember to look for two solutions.",NA,"The paragraph explains solving an equation step‑by‑step and does not ask the reader to find or correct an error, compare students, or warn about common mistakes.",high,,B_boundary
3997,"Example 1
Solve: 3x^2 − 1 = 47
Solution
There are three steps. We show the results of each step.
3x^2 − 1 = 47 equation
3x^2 = 48 added 1 to both sides
x^2 = 16 divided both sides by 3
x = 4, −4 found the square root of both sides
Verify Check both solutions.",NA,"The paragraph presents a worked example of solving an equation with no request to find or correct errors, compare students, or warn about common mistakes.",high,,B_boundary
3998,"Example 2
Solve: 2x^2 = 10
Solution
We divide both sides by 2. Then we find the square root of both sides.
2x^2 = 10 equation
x^2 = 5 divided both sides by 2
x = √5, −√5 found the square root of both sides
Since √5 is an irrational number, we leave it in radical form. The negative of √5 is −√5 and not √-5.
Verify Check both solutions.",NA,"The paragraph presents a worked example and asks the reader to verify solutions, without prompting error detection or comparison.",high,,B_boundary
4034,"Most interest-bearing accounts, however, are compound-interest accounts, not simple-interest accounts. In a compound-interest account, interest is paid on accumulated interest as well as on the principal. If you deposited $100 in an account with 6% annual percentage rate, the amount of interest you would be paid each year increases if the earned interest is left in the account. After three years you would have a total of $119.10.
Compound Interest
$100.00 principal
$6.00 first-year interest (6% of $100.00)
$106.00 total after one year
$6.36 second-year interest (6% of $106.00)
$112.36 total after two years
$6.74 third-year interest (6% of $112.36)
$119.10 total after three years
Notice that in three years, $100.00 grows to $118.00 at 6% simple interest, while it grows to $119.10 at 6% compound interest. The difference is not very large in three years, but as this table shows, the difference can become large over time.
Total Value of $100 at 6% Interest
Number of Years | Simple Interest | Compound Interest
3 | $118.00 | $119.10
10 | $160.00 | $179.08
20 | $220.00 | $320.71
30 | $280.00 | $574.35
40 | $340.00 | $1028.57
50 | $400.00 | $1842.02",NA,"The paragraph only explains compound interest with examples and a table, without asking the reader to find or correct errors, compare student work, or warn about common mistakes.",high,,B_boundary
4035,"Thinking Skill Analyze After 10 years, what is the difference in the interest earned through simple and compound interest? After 30 years? After 50 years?",NA,"The paragraph asks the student to analyze and compute differences in interest; it does not involve error detection, correction, comparison of student work, or warnings about common mistakes.",high,,B_boundary
4040,"successive discounts
Related to compound interest is successive discount. To calculate successive discount, we find a percent of a percent. In the following example we show two methods for finding successive discounts.
Thinking Skill Connect How is calculating compound interest related to calculating successive discounts?",NA,"The paragraph only introduces the concept and mentions showing two methods, without presenting errors, student work, or warnings about mistakes.",high,,B_boundary
4041,"Example 4
An appliance store reduced the price of a $400 washing machine 25%. When the washing machine did not sell at the sale price, the store reduced the sale price 20% to its clearance price. What was the clearance price of the washing machine?
Solution
One way to find the answer is to first find the sale price and then find the clearance price. We will use a ratio box to find the sale price.
Percent | Actual Count
Original: 100 | 400
- Change: 25 | D
New (Sale): 75 | S
100/75 = 400/S
100S = 30,000
S = 300
We find that the sale price was $300. The second discount, 20%, was applied to the sale price, not to the original price. So for the next calculation we consider the sale price to be 100% and the clearance price to be what remains after the discount.
Percent | Actual Count
Original: 100 | 300
- Change: 20 | D
New (Clearance): 80 | C
100/80 = 300/C
100C = 24,000
C = 240
We find that the clearance price of the washing machine was $240.
Another way to look at this problem is to consider what percent of the original price is represented by the sale price. Since the original price was discounted 25%, the sale price represents 75% of the original price.
Sale price = 75% of the original price
Furthermore, since the sale price was discounted 20%, the clearance price was 80% of the sale price.
Clearance price = 80% of the sale price
So the clearance price was 80% of the sale price, which was 75% of the original price.
Clearance price = 80% of 75% of $400
= 0.8 × 0.75 × $400
= 0.6 × $400
= $240
Evaluate Which method, the first or the second, is a more efficient way to find a clearance price after a successive discount?",COMPARE_AND_CONTRAST,"The paragraph presents two solution methods and asks the reader to evaluate which is more efficient, a direct compare-and-contrast of approaches.",high,,B_boundary
4055,"Reading Math Read the term 1:36 as “one to thirty-six.”

* 13. (98) Generalize The car model was built on a 1:36 scale. If the length of the car is 180 inches, how many inches long is the model?",NA,"The paragraph presents a straightforward scale conversion problem with no mention of errors, mistakes, or comparison of student work.",high,,B_boundary
4073,"Refer to the table on the previous page to answer the following questions:
Compare the 2-cm cube to the 1-cm cube.
1. The edge length of the 2-cm cube is how many times the edge length of the 1-cm cube?
2. The surface area of the 2-cm cube is how many times the surface area of the 1-cm cube?
3. The volume of the 2-cm cube is how many times the volume of the 1-cm cube?",NA,"The paragraph asks the reader to compare properties of two cubes, without presenting student errors, conflicts, or warnings about common mistakes.",high,,B_boundary
4074,"Compare the 4-cm cube to the 2-cm cube.
4. The edge length of the 4-cm cube is how many times the edge length of the 2-cm cube?
5. The surface area of the 4-cm cube is how many times the surface area of the 2-cm cube?
6. The volume of the 4-cm cube is how many times the volume of the 2-cm cube?",NA,"The paragraph asks the reader to compare dimensions of two cubes, with no mention of errors, named students, or common mistakes.",high,,B_boundary
4075,"Analyze Compare the 3-cm cube to the 1-cm cube.
7. The edge length of the 3-cm cube is how many times the edge length of the 1-cm cube?
8. The surface area of the 3-cm cube is how many times the surface area of the 1-cm cube?
9. The volume of the 3-cm cube is how many times the volume of the 1-cm cube?",NA,"The paragraph asks the student to compare dimensions, surface area, and volume of two cubes, with no mention of errors, mistakes, or conflicting student work.",high,,B_boundary
4076,"Predict Use the patterns that can be found in answers 1–9 to predict the comparison of a 6-cm cube to a 2-cm cube.
10. The edge length of a 6-cm cube is how many times the edge length of a 2-cm cube?
11. The surface area of a 6-cm cube is how many times the surface area of a 2-cm cube?
12. The volume of a 6-cm cube is how many times the volume of a 2-cm cube?
13. Calculate a the surface area and b the volume of a 6-cm cube.
14. The calculated surface area of a 6-cm cube is how many times the surface area of a 2-cm cube?
15. The calculated volume of a 6-cm cube is how many times the volume of a 2-cm cube?",NA,The paragraph asks students to predict and calculate ratios; it contains no error-focused prompts or warnings.,high,,B_boundary
4087,"24. Predict After a summer picnic, the ice in two large insulated containers was emptied on the ground to melt. A large block of ice in the form of a 6-inch cube fell out of one container. An equal quantity of ice, but in the form of 1-inch cubes, fell scattered out of the other container. Which, if either, do you think will melt sooner, the large block of ice or the small scattered cubes? Explain your answer.",NA,"The paragraph asks students to predict which ice will melt sooner and explain, without referencing errors, mistakes, or student work.",high,,B_boundary
4088,"25. If someone does not eat very much, we might say that he or she “eats like a bird.” However, birds must eat large amounts, relative to their body weights, in order to maintain their body temperature. Since mammals and birds regulate their own body temperature, there is a limit to how small a mammal or bird may be. Comparing a hawk and a sparrow in the same environment, which of the two might eat a greater percentage of its weight in food every day? Explain your answer.",NA,"The paragraph asks a factual comparison about animal metabolism and does not involve student errors, error detection, or contrasting student solutions.",high,,B_boundary
4130,"New Concept Increasing Knowledge: Workers who construct buildings need to be sure that the structures have square corners. If the corner of a 40-foot-long building is 89° or 91° instead of 90°, the other end of the building will be about 8 inches out of position.
One way construction workers can check whether a building under construction is square is by using a Pythagorean triplet. The numbers 3, 4, and 5 satisfy the Pythagorean theorem and are an example of a Pythagorean triplet.
3^2 + 4^2 = 5^2",NA,"The paragraph only introduces a concept and gives an example; it does not present a student error, compare approaches, ask to find a mistake, or warn about common errors.",high,,B_boundary
4148,12. (77) What percent of 2.5 is 2? Explain how you can determine if your answer is reasonable.,NA,"The paragraph simply asks a student to compute a percent and reflect on reasonableness, with no mention of errors, mistakes, or conflicting student work.",high,,B_boundary
4165,problem solving: Sylvia wants to pack a 9-by-14 in. rectangular picture frame that is 1/2 in. thick into a rectangular box. The box has inside dimensions of 12-by-9-by-10 in. Describe why you think the frame will or will not fit into the box.,NA,"The paragraph presents a standard problem asking the student to determine if an object fits, without referencing any errors, mistakes, or comparisons.",high,,B_boundary
4167,Thinking Skill Explain: Both pyramids and triangular prisms have surfaces that are triangles. How are the two different?,NA,"The paragraph asks for an explanation comparing two geometric solids, without mentioning errors, mistakes, or named students.",high,,B_boundary
4184,"4. (46) Nelda worked 5 hours and earned $34. Christy worked 6 hours and earned $45.
a. How much did Nelda earn per hour?
b. How much did Christy earn per hour?
c. Christy earned how much more per hour than Nelda?",NA,"The paragraph presents a straightforward word problem asking students to compute hourly rates and a difference, with no mention of errors, mistakes, or comparison of incorrect work.",high,,B_boundary
4247,Conclude What property can you use to mentally check that you have factored correctly?,NA,"The paragraph asks a general question about a property to check factoring, without presenting a student's error, comparison, or warning about common mistakes.",high,,B_boundary
4248,Discuss What might indicate that you have not found the greatest common factor?,NA,"The paragraph asks a discussion question about possible indicators of an error, but does not present a specific student error, compare approaches, or explicitly warn about a common mistake.",high,,B_boundary
4250,"Example 2 Factor the trinomial 6a^2b + 4ab^2 + 2ab. Solution First we find the greatest common factor of the three terms. Often we can do this visually. Notice that each term has 2 as a factor, a as a factor, and b as a factor. So the GCF is 2ab. Next we divide each term of the trinomial by 2ab to find what remains of each term after 2ab is factored out of the expression. 6a^2b/2ab + 4ab^2/2ab + 2ab/2ab (2ab removed by division); 3a + 2b + 1 (remaining trinomial). Notice that the third term is 1, not zero. This is because we divided 2ab by 2ab; we did not subtract. Now we write the factored expression in this form: GCF(remaining polynomial). The GCF is 2ab and the remaining trinomial is 3a + 2b + 1. 2ab(3a + 2b + 1)",NA,"The paragraph simply explains how to factor a trinomial with no mention of errors, mistakes, or comparison of student work.",high,,B_boundary
4255,"4. An 18-ounce bottle of strawberry-melon juice costs $2.16. The 1-quart container costs $3.36. Which costs more per ounce, the bottle or container? How much more per ounce?",NA,"The paragraph presents a straightforward word problem without mentioning any errors, student work, or error detection prompts.",high,,B_boundary
4282,The three equations below are equivalent equations. Each equation has the same graph as shown. a. 2x + y − 4 = 0 b. 2x + y = 4 c. y = −2x + 4,NA,"The paragraph simply presents three equivalent equations and mentions they have the same graph; it does not ask the reader to find or correct errors, compare student work, or warn about common mistakes.",high,,B_boundary
4294,3. Which sign seems to advertise the better sale? Explain your choice. Sale! 40% off the regular price! Sale! 40% of the regular price!,NA,"The paragraph asks a conceptual question about interpreting signs, with no mention of errors, mistakes, or comparing student work.",high,,B_boundary
4307,"Thinking Skill Identify If a = 12, what values will be substituted in the formula for b and h?",NA,"The paragraph asks the student to identify substitution values; it contains no error-focused prompt, named students, or warnings about common mistakes.",high,,B_boundary
4373,"What is the value of 0/0? How many zeros are in zero? Is the quotient 0? Is the quotient 1? Is the quotient some other number? Try the division with a calculator. What answer does the calculator display? Notice that the calculator displays an error message when division by zero is entered. The display is frozen and other calculations cannot be performed until the erroneous entry is cleared. In this lesson we will consider why division by zero is not possible. Consider what happens to a quotient when a number is divided by numbers closer and closer to zero. As we know, zero lies on the number line between −1 and 1. Zero is also between −0.1 and 0.1, and between −0.01 and 0.01. In the following example, notice the quotients we get when we divide a number by numbers closer and closer to zero.",NA,"The paragraph explains why division by zero is undefined and notes the calculator error, but it does not ask the reader to find or correct a specific error, compare approaches, or warn about a common student mistake.",high,,B_boundary
4376,"Notice from example 1a that as the divisors approach zero from the positive side, the quotients become greater and greater toward positive infinity (+∞). However, in example 1b as the divisors approach zero from the negative side, the quotients become less and less toward negative infinity (−∞). In other words, as the divisors of a number approach zero from opposite sides of zero, the quotients do not become closer. Rather, the quotients grow infinitely far apart. As the divisor finally reaches zero, we might wonder whether the quotient would equal positive infinity or negative infinity! Considering this growing difference in quotients as divisors approach zero from opposite sides can help us understand why division by zero is not possible. Another consideration is the relationship between multiplication and division. Recall that multiplication and division are inverse operations. The numbers that form a multiplication fact may be arranged to form two division facts. For the multiplication fact 4 × 5 = 20, we may arrange the numbers to form these two division facts: 20/4 = 5 and 20/5 = 4",NA,"The paragraph provides a conceptual explanation of division by zero with examples, without presenting student work, errors, or warnings about common mistakes.",high,,B_boundary
4379,Predict Does the relationship between multiplication and division apply when zero is a factor? Try 2 × 0 = 0.,NA,"The paragraph simply asks the reader to predict and try a multiplication example; it does not present an error, compare approaches, or warn about common mistakes.",high,,B_boundary
4380,"This relationship between multiplication and division breaks down when zero is one of the factors, as we see in example 2.",COMMON_ERROR_ALERT,"The paragraph warns that a relationship fails when zero is a factor, which is a caution about a common misconception rather than asking the reader to find or correct a specific error.",medium,,B_boundary
4381,"Example 2 The numbers in the multiplication fact 2 × 3 = 6 can be arranged to form two division facts. 6/3 = 2 and 6/2 = 3. If we attempt to form two division facts for the multiplication fact 2 × 0 = 0, one of the arrangements is not a fact. Which arrangement is not a fact? Solution The product is 0 and the factors are 2 and 0. So the possible arrangements are these: 0/2 = 0 (fact) and 0/0 = 2 (not a fact). The arrangement 0 ÷ 0 = 2 is not a fact. The multiplication fact 2 × 0 = 0 does not imply 0 ÷ 0 = 2 any more than 3 × 0 = 0 implies 0 ÷ 0 = 3. This breakdown in the inverse relationship between multiplication and division when zero is one of the factors is another indication that division by zero is not possible.",EXPLICIT_ERROR_DETECTION,"The paragraph presents a situation where one of the derived division facts is incorrect and asks the reader to identify which arrangement is not a fact, which matches explicit error detection.",high,,B_boundary
4382,"Example 3 If we were asked to graph the following equation, what number could we not use in place of x when generating a table of ordered pairs? y = 12 / (3 + x) Solution This equation involves division. Since division by zero is not possible, we need to guard against the divisor, 3 + x, being zero. When x is 0, the expression 3 + x equals 3. So we may use 0 in place of x. However, when x is −3, the expression 3 + x equals zero. y = 12 / (3 + x) (equation); y = 12 / (3 + (−3)) (replaced x with −3); y = 12 / 0 (not permitted). Therefore, we may not use −3 in place of x in this equation. We can write our answer this way: x ≠ −3",NA,"The paragraph provides a worked example explaining why x = -3 is not allowed due to division by zero; it does not present a student's error, ask the reader to find an error, compare approaches, or warn about a frequent student mistake.",high,,B_boundary
4383,"Discuss If the numerator of the equation were 3 + x and the denominator were 12, could you use −3 in place of x? Why or why not?",NA,"The paragraph asks a conceptual discussion about substituting a value, without referencing a student error, comparison, or warning about common mistakes.",high,,B_boundary
4384,"Practice Set a. Use a calculator to divide several different numbers of your choosing by zero. Remember to clear the calculator before entering a new problem. What answers are displayed? b. The numbers in the multiplication fact 7 × 8 = 56 can be arranged to form two division facts. If we attempt to form two division facts for the multiplication fact 7 × 0 = 0, one of the arrangements is not a fact. Which arrangement is not a fact and why? Analyze For the following expressions, find the number or numbers that may not be used in place of the variable. c. 6/w d. 3/(x − 1) e. 4/(2w) f. (y + 3)/(y − 3) g. 8/(x^2 − 4) h. 3ab/c i. Justify Explain your answer to g.",NA,"The paragraph asks students to perform tasks and answer questions, but does not present a student's incorrect work, compare approaches, explicitly ask to locate an error in a shown solution, or warn about a common mistake.",high,,B_boundary
4400,"* 16. (105) Estimate Lina needs to estimate the surface area of a grapefruit. She cut a grapefruit in half. (The flat surface formed is called a cross section.) Lina estimated that the diameter of the grapefruit was 8 cm, and she used 3 in place of π. Using Lina’s numbers, estimate the area of the whole grapefruit peel.",NA,"The paragraph presents a standard estimation problem using a given (incorrect) approximation for π, but does not ask the reader to detect, correct, compare, or warn about errors.",high,,B_boundary
4441,"* 18. (118) Analyze In the following expressions, what number may not be used for the variable? a. 12/(3w) b. 12/(3 + m)",NA,"The paragraph asks a standard domain restriction question, not presenting or asking to find errors in student work.",high,,B_boundary
4451,"problem solving Does 0.9 = 1? Here are two arguments that say it is: 1/3 = 0.3, 2/3 = 0.6, 3/3 = 0.9 = 1; 5)5.0000 = 0.9999... Verify or refute each argument.",NA,"The paragraph asks students to verify or refute arguments about 0.9 = 1, without naming a student, presenting conflicting solutions, or explicitly pointing out a mistake to locate, so it does not fit any error-focused categories.",high,EXPLICIT_ERROR_DETECTION,B_boundary
4453,"Recall that the graphs in Lesson 119 were confined to the first quadrant. That is because we were graphing lengths and areas and volumes which are positive numbers. In this lesson we will graph functions whose variables may be negative, so we need to select some values for the input numbers that are negative as well as positive.",NA,"The paragraph only introduces a new concept about graphing functions with negative inputs; it does not involve error detection, correction, or comparison.",high,,B_boundary
4454,"Example 1 Graph: y = x2 Solution This equation is like the formula for the area of a square, except that y and x replace A and S respectively. We begin by making a table of ordered pairs. We think of numbers for x and then calculate y. We replace x with negative numbers as well. Remember that squaring a negative number results in a positive number.",NA,"The paragraph explains how to graph y = x^2, with no mention of errors, mistakes, or comparing student work.",high,,B_boundary
4460,Example 2 Graph: y = 6/x Solution We make a table of ordered pairs. For convenience we select x values that are factors of 6. We remember to select negative values as well. Note that we may not select zero for x.,NA,"The paragraph only gives instructions for constructing a table of ordered pairs; it does not mention errors, mistakes, or compare student work.",high,,B_boundary
4461,Thinking Skill Explain Why can’t you use zero in place of the variable x?,NA,"The paragraph asks the student to explain a concept and does not present a student's error, compare approaches, or warn about common mistakes.",high,,B_boundary
4465,"Practice Set Connect Graph each equation. a. y = 12/x Begin by creating a table of ordered pairs. Use 6, 4, 3, 2, −2, −3, −4, and −6 in place of x. b. y = x2 − 2 Compare your graph to the graph in example 2.",NA,"The paragraph gives instructions to create tables and graphs and to compare to an example, without mentioning errors, named students, or common mistakes.",high,,B_boundary
4466,c. y = 10/x Compare your graph to the graph in example 1. d. y = 2x2 Compare your graph to the graph in example 2.,NA,"The paragraph simply asks the reader to compare their graph to an example, with no mention of errors, named students, or common mistakes.",high,,B_boundary
4467,1. (Inv. 8) Schuster was playing a board game with a pair of number cubes. He rolled a 7 three times in a row. What are the odds of Schuster getting a 7 with the next roll?,NA,"The paragraph presents a straightforward probability question without any mention of errors, student work, or comparisons.",high,,B_boundary
4474,The figure below shows a cylinder and a cone whose heights and diameters are equal. Refer to the figure to answer problems 8 and 9. * 8. (113) Analyze What is the ratio of the volume of the cone to the volume of the cylinder? * 9. (105) The lateral surface area of a cylinder is the area of the curved side and excludes the areas of the circular ends. What is the lateral surface area of the cylinder rounded to the nearest square centimeter? (Use 3.14 for π.),NA,"The paragraph only asks students to solve geometry problems; it does not present errors, compare student work, or warn about common mistakes.",high,,B_boundary
4482,"* 18. (118) Analyze In the following expressions, what number may not be used for the variable? a. 12/(4 − 2m) b. (y − 5)/(y + 5)",NA,"The paragraph asks a standard domain restriction question without referencing student errors, comparisons, or warnings.",high,,B_boundary
4496,"Beginning with the tetrahedron pattern, cut around the border of the pattern. The line segments in the pattern are fold lines. Do not cut these. The folds will become the edges of the polyhedron. The triangles marked with “T” are tabs for gluing. These tabs are tucked inside the polyhedron and are hidden from view when the polyhedron is finished.",NA,"The paragraph gives construction instructions and does not involve any error detection, correction, comparison, or warning about common mistakes.",high,,B_boundary
4508,additive identity (2) identidad aditiva The number 0. See also identity property of addition. 7 + 0 = 7 We call zero the additive identity because adding zero to any number does not change the number.,NA,"The paragraph simply defines the additive identity and gives an example; it does not present any error, correction, or comparison.",high,,B_boundary
4519,"Associative Property of Addition (2) propiedad asociativa de la suma The grouping of addends does not affect their sum. In symbolic form, a + (b + c) = (a + b) + c. Unlike addition, subtraction is not associative. (8 + 4) + 2 = 8 + (4 + 2) (8 − 4) − 2 ≠ 8 − (4 − 2) Addition is associative. Subtraction is not associative.",NA,"The paragraph only explains the associative property and gives examples; it does not present student errors, compare student work, ask to find mistakes, or warn about common mistakes.",high,,B_boundary
4520,"Associative Property of Multiplication (2) propiedad asociativa de la multiplicación The grouping of factors does not affect their product. In symbolic form, a × (b × c) = (a × b) × c. Unlike multiplication, division is not associative. (8 × 4) × 2 = 8 × (4 × 2) (8 ÷ 4) ÷ 2 ≠ 8 ÷ (4 ÷ 2) Multiplication is associative. Division is not associative.",NA,"The paragraph only explains the associative property of multiplication and gives examples; it does not present student work, errors, or warnings about common mistakes.",high,,B_boundary
4536,"Commutative Property of Addition (2) propiedad conmutativa de la suma Changing the order of addends does not change their sum. In symbolic form, a + b = b + a. Unlike addition, subtraction is not commutative. 8 + 2 = 2 + 8 8 − 2 ≠ 2 − 8 Addition is commutative. Subtraction is not commutative.",NA,"The paragraph only defines the commutative property and gives examples; it does not present errors, compare student work, or warn about common mistakes.",high,,B_boundary
4537,"Commutative Property of Multiplication (2) propiedad conmutativa de la multiplicación Changing the order of factors does not change their product. In symbolic form, a × b = b × a. Unlike multiplication, division is not commutative. 8 × 2 = 2 × 8 8 ÷ 2 ≠ 2 ÷ 8 Multiplication is commutative. Division is not commutative.",NA,"The paragraph only defines the commutative property and gives examples; it does not ask the reader to find or correct errors, compare students, or warn about common mistakes.",high,,B_boundary
4538,"compare (4) comparar Looking at two numbers to find out if one number is greater than, less than, or equal to another number. This can be done using the number line. 1/2 is less than 1 and 0 is greater than –1",NA,"The paragraph provides a definition and examples of comparing numbers; it does not present student work, errors, or warnings.",high,,B_boundary
4539,"comparison symbol (4) símbolo de comparación The symbol used to show the comparison of two numbers: greater than (>), less than (<), or equal (=). The pointed end of the symbol points to the lesser number. For example, 4 < 6 and 8 > 4.",NA,"The paragraph only defines comparison symbols and gives examples; it does not involve error detection, correction, or warnings about common mistakes.",high,,B_boundary
4573,"double-line graph: A method of displaying a set of data, often used to compare two performances over time.",NA,"The paragraph provides a definition of a double-line graph and contains no mention of errors, mistakes, or student work to correct or compare.",high,,B_boundary
4575,equation: A statement that uses the symbol “=” to show that two quantities are equal. x = 3 and 3 + 7 = 10 are equations; 4 + 1 and x < 7 are not equations.,NA,"The paragraph provides a definition and examples of equations without mentioning errors, mistakes, or comparing student work.",high,,B_boundary
4584,"expression: A combination of numbers and/or variables by operations, but not including an equal or inequality sign. 3x + 2y and (x − 1)^2 are expressions; y = 3x − 1 and x < 4 are not expressions.",NA,"The paragraph provides a definition of an expression and examples, without any mention of errors, mistakes, or comparing student work.",high,,B_boundary
4596,"geometric solid: A three-dimensional geometric figure. Cube and cylinder are geometric solids; circle, rectangle, and hexagon are not geometric solids.",NA,"The paragraph provides a definition and examples, with no error-focused instruction or warning.",high,,B_boundary
4646,"numeral: A symbol or group of symbols that represents a number. 4, 72, and 1/2 are examples of numerals. “Four,” “seventy-two,” and “one-half” are words that name numbers but are not numerals.",NA,"The paragraph provides a definition and examples of numerals without any mention of errors, mistakes, or student work to correct.",high,,B_boundary
4750,"whole numbers números enteros (1) The members of the set {0, 1, 2, 3, 4, …}. 0, 25, and 134 are whole numbers. −3, 0.56, and 100 3/4 are not whole numbers.",NA,"The paragraph provides a definition and examples of whole numbers without presenting any error, comparison, or correction task.",high,,B_boundary
155,"Example 1: List the whole numbers that are factors of 12. Solution: The factors of 12 are the whole numbers that divide 12 with no remainder. We find the factors quickly by writing factor pairs. 12 divided by 1 is 12; 12 divided by 2 is 6; 12 divided by 3 is 4. Below we show the factor pairs arranged in order: 1, 2, 3, 4, 6, 12.",NA,"The paragraph simply explains how to list factors of 12 with no mention of errors, mistakes, or contrasting student work.",high,,C_control
1332,"16. Classify In this figure, which angle is: a. a right angle? b. an acute angle? c. an obtuse angle?",NA,"The paragraph asks the student to classify angles in a figure, with no mention of errors, mistakes, or comparing student work.",high,,C_control
533,"* 4. (14) Explain If a coin is flipped once, which outcome is more likely, heads or tails? Explain your answer.",NA,The paragraph asks a conceptual question about probability and does not involve identifying or correcting errors.,high,,C_control
3867,"6. (74) Matthew was thinking of a certain number. If 5/6 of the number was 75, what was 3/5 of the number?",NA,"The paragraph simply presents a word problem for the student to solve, with no mention of errors, incorrect work, or comparisons.",high,,C_control
2533,13. What number is 75 percent of 400?,NA,"The paragraph simply asks a straightforward calculation without referencing any error, mistake, or comparison.",high,,C_control
3339,"For problems 23 and 24, solve and check the equation. Show each step. 23. (Inv. 7) 4/9 p = 72; 24. (Inv. 7) 12.3 = 4.56 + f",NA,"The paragraph asks students to solve and check equations, with no error-focused prompt, comparison, or warning about common mistakes.",high,,C_control
4014,12. (Inv. 8) Yasmine is playing a true-false geography game. She has answered 15 of her 20 questions correctly. What is the probability that she will answer the five remaining questions correctly?,NA,"The paragraph simply presents a probability problem about Yasmine's performance, with no mention of errors, mistakes, or comparison of student work.",high,,C_control
3021,"8. Read this statement. Then answer the questions that follow.
So far Soon-Jin has sent out 48 invitations to her party. This is 4/5 of all of the invitations she will send out.
a. How many invitations will Soon-Jin send out?
b. What is the ratio of invitations sent out already to those not sent out yet?",NA,"The paragraph presents a standard word problem without any mention of errors, mistakes, or comparison of student work.",high,,C_control
3132,"7. (72) Write a proportion to solve this problem. If 4 cost $1.40, how much would 10 cost?",NA,The paragraph simply asks the student to write a proportion to solve a straightforward word problem; it does not involve identifying or correcting errors.,high,,C_control
4002,"Practice Set Generalize Solve and check each equation:
a. 3x^2 − 8 = 100
b. x^2 + x^2 = 12
c. Five less than twice what negative number squared is 157?
d. The area of a square is 3 square units. What is the length of each side?
e. w/4 = 9/w",NA,"The paragraph lists practice problems for students to solve and check, with no mention of errors, named students, or error warnings.",high,,C_control
2233,Verify Refer to the figure below to answer problems 31–33. 31. Explain why the figure is a parallelogram. 32. Explain why the figure is a rectangle. 33. Explain why the figure is a rhombus.,NA,"The paragraph asks students to explain properties of a figure, with no mention of errors, mistakes, or comparing student work.",high,,C_control
542,"13. (2, 9) Which properties are illustrated by these equations?
a. 1/2 · 2/2 = 2/4
b. 1/3 · 3/1 = 1",NA,"The paragraph simply asks the reader to identify mathematical properties illustrated by given equations, with no mention of errors, named students, or warnings about common mistakes.",high,,C_control
2405,"New Concept Increasing Knowledge
Recall from Investigation 2 that a circle is a smooth curve, every point of which is the same distance from the center. The distance from the center to the circle is the radius. The plural of radius is radii. The distance across a circle through the center is the diameter. The distance around a circle is the circumference.",NA,"The paragraph only provides definitions and recall of concepts; it does not present errors, compare student work, or warn about common mistakes.",high,,C_control
1877,Thinking Skill Conclude: Why is there no space between the bars on a histogram?,NA,"The paragraph asks a conceptual question about histograms and does not involve error detection, correction, or comparison of student work.",high,,C_control
2426,"Write equations to solve problems 11 and 12.
11. (60) What number is 75 percent of 64?
12. (46) What is the tax on a $7.40 item if the sales-tax rate is 8%?",NA,"The paragraph simply asks students to write equations and solve word problems, with no mention of errors, mistakes, or comparing student work.",high,,C_control
348,"Math Language A formula is an equation that represents a rule or method for doing something.
Problems about combining have an addition thought pattern that we show with this formula:
some + some more = total
s + m = t
There are three numbers in this description. In a word problem, one of the numbers is unknown. To write an equation for a problem, we write the numbers we are given in the formula and use a letter to stand for the unknown number. If the total is unknown, we add to find the unknown number. If an addend is unknown, we subtract the known addend from the sum to find the unknown addend.",NA,"The paragraph only explains concepts and procedures; it does not present student errors, warnings, or comparative approaches.",high,,C_control
801,28. (18) Model Draw an octagon. (A stop sign is a physical example of an octagon.),NA,The paragraph simply asks the student to draw an octagon and provides an example; it contains no error detection or comparison.,high,,C_control
3359,"1. (31, 35) The sum of 0.8 and 0.9 is how much greater than the product of 0.8 and 0.9? Use words to write the answer.",NA,"The paragraph asks the student to compute a difference and express the answer in words, with no mention of errors, mistakes, or comparison of student work.",high,,C_control
4258,"7. Kenny was thinking of a certain number. If 3/4 of the number was 48, what was 5/8 of the number?",NA,"The paragraph presents a straightforward word problem without showing any student work, error, or warning about common mistakes.",high,,C_control
2946,"Power Up facts: Power Up O. mental math: a. Positive/Negative: (−30) − (+45) b. Exponents: 40^2 c. Algebra: 5q − 4 = 36 d. Fractional Parts: 15 is 3/5 of n. e. Measurement: 1500 m to km f. Fractional Parts: What is 3/5 of 15? g. Statistics: Find the average of the set of numbers: 50, 60, 70. h. Geometry: Find the perimeter and area of a square with sides 1.5 m long.",NA,"The paragraph simply lists mental math problems for the student to solve, with no mention of errors, error detection, or comparison of student work.",high,,C_control
706,"To factor a number using division by primes, we write the number in a division box and divide by the smallest prime number that is a factor. Then we divide the resulting quotient by the smallest prime number that is a factor. We repeat this process until the quotient is 1. The divisors are the prime factors of the number.
420 = 2 ∙ 2 ∙ 3 ∙ 5 ∙ 7",NA,"The paragraph only explains a procedure for prime factorization and provides an example; it does not involve error detection, correction, comparison, or warnings about common mistakes.",high,,C_control
2329,"Parentheses are called symbols of inclusion. We have used parentheses to show which operation to perform first. For example, to simplify the following expression, we add 5 and 7 before subtracting their sum from 15. 15 − (5 + 7)",NA,"The paragraph only explains the purpose of parentheses and gives an example; it does not present any error, mistake, or comparison.",high,,C_control
4201,"23. (97) In the figure in problem 22, what is the length of CD?",NA,"The paragraph simply asks for a measurement from a figure, with no mention of errors, mistakes, or comparison of student work.",high,,C_control
2009,"* 18. (Inv. 4) Predict The box-and-whisker plot below was created from scores (number of correct out of 20) on a sports trivia quiz. Do you think that the mean (average) score is likely to be above, at, or below the median score? Explain your reasoning.",NA,"The paragraph asks the student to predict the relationship between mean and median using a box-and-whisker plot, with no mention of errors, named students, or common mistakes.",high,,C_control
4552,"coordinate plane (Inv. 3) plano coordenado A grid on which any point can be identified by an ordered pair of numbers. Point A is located at (−2, 2) on this coordinate plane.",NA,"The paragraph only defines the coordinate plane and gives an example point; it does not involve error detection, correction, comparison, or warnings about common mistakes.",high,,C_control
4473,* 7. (115) Generalize Factor each expression: a. 3y2 − y b. 6w2 + 9wx − 12w,NA,"The paragraph simply asks the student to factor expressions; there is no mention of errors, student work, or error detection.",high,,C_control
4162,"* 30. (105) The large grapefruit was nearly spherical and had a diameter of 14 cm. Using 22/7 for π, find the approximate surface area of the grapefruit to the nearest hundred square centimeters.",NA,"The paragraph presents a straightforward calculation problem with no mention of errors, mistakes, or comparison of student work.",high,,C_control
4105,"8. (94) In a bag are 12 marbles: 3 red, 4 white, and 5 blue. One marble is drawn from the bag and not replaced. A second marble is drawn and not replaced. Then a third marble is drawn.
a. What is the probability of drawing a red, a white, and a blue marble in that order?
b. What is the probability of drawing a blue, a white, and a red marble in that order?",NA,"The paragraph simply asks for probabilities of specific draw orders without mentioning errors, students, or comparisons.",high,,C_control
3921,"Example 4
What are the two square roots of 5?
Solution
The two square roots of 5 are \sqrt{5} and the opposite of \sqrt{5}, which is -\sqrt{5}.",NA,"The paragraph simply asks a question and provides the correct solution without referencing any error, student work, or comparison.",high,,C_control
4045,"3. (80) Triangle ABC with vertices A (3, 0), B (3, 4), and C (0, 0) is rotated 90° clockwise about the origin to its image △A′B′C′. Graph both triangles. What are the coordinates of the vertices of △A′B′C′?",NA,"The paragraph simply asks the student to perform a transformation and find coordinates; it contains no error detection, correction, comparison, or warning about common mistakes.",high,,C_control
2524,"4. Pens were on sale 4 for $1.24.
a. What was the price per pen?
b. How much would 100 pens cost?",NA,"The paragraph simply asks for calculations (price per pen, cost for 100 pens) with no mention of errors, mistakes, or comparison of student work.",high,,C_control
372,"* 26. Estimate Which choice below is the best estimate of the portion of the rectangle that is shaded?
A 1/4
B 1/2
C 40%
D 60%",NA,"The paragraph is a straightforward estimation multiple‑choice question with no mention of errors, mistakes, or comparison of student work.",high,,C_control
1536,Verify: Why does multiplying the numerator by 10 help us get a better idea of whether the pattern repeats?,NA,"The paragraph asks a conceptual verification question, not presenting an error, student work, or warning about common mistakes.",high,,C_control
3561,Math Language Volume (V) is the measure of cubic units of space occupied by a solid figure.,NA,"The sentence provides a definition of volume and contains no mention of errors, mistakes, or comparison of student work.",high,,C_control
3741,"* 7. (96) Generalize Use the Distributive Property to clear parentheses. Then simplify by adding like terms.
3(x − 4) − x",NA,"The paragraph is a standard instruction to apply the distributive property and simplify an expression, with no mention of errors, student work, or warnings.",high,,C_control
1077,"The two axes divide the plane into four regions called quadrants, which are numbered counterclockwise, beginning with the upper right, as first, second, third, and fourth. The signs of the coordinates of each quadrant are shown below. Every point on a plane is either in a quadrant or on an axis.",NA,"The paragraph only defines quadrants and their numbering; it does not present errors, compare student work, or warn about common mistakes.",high,,C_control
4565,"difference: The result of subtraction. In 12 − 8 = 4, the difference is 4.",NA,"The paragraph provides a definition and example of the term 'difference' with no mention of errors, mistakes, or student work.",high,,C_control
2492,"* 5. (66) Represent Use a ratio box to solve this problem. A collection of sedimentary rocks contained sandstone and shale in the ratio of 5 to 2. If there were 210 rocks in the collection, how many were sandstone?",NA,"The paragraph presents a standard ratio problem without mentioning any errors, mistakes, or comparing student work.",high,,C_control
1587,"4. (5, 12) From 1750 to 1850, the estimated population of the world increased from seven hundred twenty-five million to one billion, two hundred thousand. About how many more people were living in the world in 1850 than in 1750?",NA,"The paragraph simply asks a factual calculation about population change, with no mention of errors, mistakes, or comparing student work.",high,,C_control
4133,"Activity Application of the Pythagorean Theorem
Materials needed by each group of 2 or 3 students:
• Two full-length, unsharpened pencils (or other straightedges)
• Ruler
• Protractor
Position two pencils (or straightedges) so that they appear to form a right angle. Mark one pencil 3 inches from the vertex of the angle and the other pencil 4 inches from the vertex. Then measure from mark to mark to see whether the distance between the marks is 5 inches. Adjust the pencils if necessary.
Trace the angle formed. Then use a protractor to confirm that the angle formed by the pencils measures 90°.
Conclude Keep the pencils at a right angle. If you mark the pencils at 6 cm and 8 cm, what will be the distance between the marks?",NA,"The paragraph describes a hands‑on activity to apply the Pythagorean theorem and asks a question, without presenting errors, named students, or warnings about common mistakes.",high,,C_control
4672,positive numbers: Numbers greater than zero. 0.25 and 157 are positive numbers. −40 and 0 are not positive numbers.,NA,"The paragraph provides a definition and examples of positive numbers without any error detection, correction, or comparison.",high,,C_control
3815,"Example 4
Simplify: 10a^3bc^2 / 8ab^2c
Solution
We factor the terms and remove common factors. Then we regroup the remaining factors.
10a^3bc^2 / 8ab^2c = (2 · 5 · a · a · a · b · c · c) / (2 · 2 · 2 · a · b · b · c) = 5a^2c / 4b",NA,"The paragraph presents a worked example of simplifying a rational expression with no request to find or correct errors, nor any warning about common mistakes.",high,,C_control
4600,histogram: A method of displaying a range of data. A histogram is a special type of bar graph that displays data in intervals of equal size with no space between bars.,NA,"The paragraph provides a definition of a histogram and contains no request to find or correct errors, compare student work, or warn about common mistakes.",high,,C_control
2192,"* 5. Analyze Over a period of five days, the average time of a commuter train trip from one town to the city was 77 minutes. One trip was 71 minutes, another was 74 minutes, and two each were 78 minutes. How many minutes long was the fifth trip?",NA,"The paragraph presents a standard word problem requiring calculation of a missing value; it does not involve error detection, correction, comparison, or warning about common mistakes.",high,,C_control
219,Written Practice 30. Model Sketch two intersecting planes.,NA,"The paragraph is a simple instructional prompt to model and sketch intersecting planes, with no mention of errors, mistakes, or comparison of student work.",high,,C_control
4411,30. (100) The length of the hypotenuse of this right triangle is between which two consecutive whole numbers of millimeters?,NA,"The paragraph asks a straightforward problem about estimating the hypotenuse length; it contains no error-focused prompt, named students, or warnings about common mistakes.",high,,C_control
2035,"11. (48) Complete the table.
Fraction Decimal Percent
1/5 a. b.
c. 0.1 d.
e. f. 75%",NA,"The paragraph is a straightforward instruction to complete a conversion table with no mention of errors, student work, or error detection.",high,,C_control
2657,"16. (37, 62) Figure ABCD is a trapezoid. Dimensions are in centimeters. a. Find the perimeter of the trapezoid. b. Find the area of the right triangle. c. Find the area of the isosceles triangle. d. Combine the areas of the triangles to find the area of the trapezoid. e. Analyze What information from your solutions to problems a–c was not needed to solve d?",NA,"The paragraph presents a series of geometry tasks and an analysis question, without referencing errors, mistakes, or comparing student work.",high,,C_control
3762,"Power Up Building Power
facts Power Up U
mental math
a. Positive/Negative: (−0.25) + (−0.75)
b. Order of Operations/Exponents: (3 × 10^10)(2 × 10^−2)
c. Algebra: 3x + 2 1/2 = 10
d. Measurement: Convert 500 mL to L.
e. Percent: 150% of $40
f. Percent: 150% more than $40
g. Probability: A spinner has 3 sections with red, blue, and red. What is the probability that the spinner will land on red?
h. Calculation: Start with a score, − 5, × 2, + 2, ÷ 4, + 1, √ , × 7, − 1, ÷ 10.",NA,"The paragraph lists a series of practice problems without mentioning errors, named students, or warnings about common mistakes.",high,,C_control
964,"Thinking Skill: Summarize: In your own words, state a rule for finding an average?",NA,"The paragraph asks the student to summarize a rule for finding an average, with no mention of errors, mistakes, or conflicting student work.",high,,C_control
1161,"5. (29) Round 3,197,270 a. to the nearest million. b. to the nearest hundred thousand.",NA,"The paragraph simply asks the student to perform rounding tasks; it contains no error-focused prompts, named students, or warnings about common mistakes.",high,,C_control
4015,13. (75) Find the area of this trapezoid. Dimensions are in centimeters.,NA,The paragraph simply asks the student to compute the area of a trapezoid; it does not involve identifying or correcting errors.,high,,C_control
1262,"multiplying decimal numbers: If we multiply the fractions three tenths and seven tenths, the product is twenty-one hundredths. 3/10 × 7/10 = 21/100. Likewise, if we multiply the decimal numbers three tenths and seven tenths, the product is twenty-one hundredths: 0.3 × 0.7 = 0.21.",NA,"The paragraph simply explains how to multiply decimal numbers with no mention of errors, mistakes, or student work.",high,,C_control
240,"Written Practice Strengthening Concepts
* 1. (4, 8) Represent Use digits and a comparison symbol to write “One and three fourths is greater than one and three fifths.”",NA,"The paragraph asks the student to write a comparison using digits and a symbol; it does not involve error detection, correction, or warning about common mistakes.",high,,C_control
141,"Written Practice 7. Arrange these numbers in order from least to greatest: −1, 4, −7, 0, 5, 7",NA,"The paragraph simply asks the student to arrange numbers, with no mention of errors, mistakes, or comparison of student work.",high,,C_control
2823,* 29. (68) Generalize Simplify: a. (–26) + (–15) – (–40) b. (–5) + (– 4) – (–3) – (+2),NA,"The paragraph presents arithmetic simplification tasks without any mention of errors, student work, or warnings; it is a standard problem prompt.",high,,C_control
3703,"This property of right triangles was known to the Egyptians as early as 2000 b.c., but it is named for a Greek mathematician who lived about 550 b.c. The Greek’s name was Pythagoras, and the property is called the Pythagorean theorem. The Greeks are so proud of Pythagoras that they have issued a postage stamp that illustrates the theorem. Here we show a reproduction of the stamp:",NA,"The paragraph provides historical background and description of a stamp; it contains no request to find or correct errors, compare student work, or warn about common mistakes.",high,,C_control
1737,"Example 2
Write 5206 in expanded notation using powers of 10.
Solution
The number 5206 means 5000 + 200 + 6. We will write each number as a digit times its place value.
5000 + 200 + 6
(5 × 10^3) + (2 × 10^2) + (6 × 10^0)",NA,"The paragraph simply explains how to write a number in expanded notation; it contains no error identification, correction, comparison, or warning about common mistakes.",high,,C_control
3433,"5. (72) Vera bought 3 notebooks for $8.55. At this rate, how much would 5 notebooks cost?",NA,"The paragraph simply asks a student to solve a word problem about proportional cost, with no mention of errors or error detection.",high,,C_control
3175,"Use ratio boxes to solve problems 17 and 18.
17. (81) Connect Max was delighted when he found that 38 of the 40 seeds he planted had sprouted. What percent of the seeds sprouted?
18. (81) Before the assembly began, only 35 percent of the students were seated. If 91 students were not seated, how many students were there in all?",NA,"The paragraph simply instructs students to solve two word problems using ratio boxes, with no mention of errors, mistakes, or comparing students' work.",high,,C_control
4393,9. Write an equation to solve this problem: Two thirds less than half of what number is five sixths?,NA,"The paragraph asks the student to write an equation for a word problem, with no mention of errors, mistakes, or comparisons.",high,,C_control
1999,"* 7. (51) a. Write 405,000 in scientific notation.
b. Write 0.04 × 10⁵ in standard form.",NA,"The paragraph simply asks students to perform conversions; it does not present errors, compare student work, or warn about common mistakes.",high,,C_control
4439,"* 16. (110) If $8000 is deposited in an account paying 6% interest compounded annually, then what is the total value of the account after four years?",NA,"The paragraph simply asks for a calculation of compound interest with no mention of errors, mistakes, or comparison of student work.",high,,C_control
2006,"Refer to the figure below to answer problems 14 and 15. Dimensions are in centimeters. All angles are right angles.
14. (19) What is the perimeter of the figure?
15. (37) What is the area of the figure?",NA,"The paragraph simply asks for perimeter and area calculations; it does not involve error detection, correction, comparison, or warnings about common mistakes.",high,,C_control
3392,2. Analyze Notice that the graph of the function p = 4s is straight and not curved. Imagine two squares in which the side lengths of the larger square are twice the side lengths of the smaller square. Draw the two squares and find the perimeter of each. What effect does doubling the side length of a square have on the perimeter?,NA,"The paragraph asks students to analyze a relationship and compute perimeters; it does not involve error detection, correction, comparison of student work, or warnings about common mistakes.",high,,C_control
558,"Example 1 Find the measure of each angle.
a. ∠AOB b. ∠AOD c. ∠EOD
Solution
a. Since ∠AOB is acute, we read the numbers less than 90. Ray OB passes through the mark halfway between 40 and 50. Thus, the measure of ∠AOB is 45º.
b. Since ∠AOD is obtuse, we read the numbers greater than 90. The measure of ∠AOD is 140º.
c. Angle EOD is acute. The measure of ∠EOD is 40º.",NA,"The paragraph provides a worked example with solutions and contains no request to find or correct errors, compare students, or warn about common mistakes.",high,,C_control
2788,Example 1 Find the area of this figure. Corners that look square are square. Dimensions are in millimeters. Solution: We divide the figure into smaller polygons. In this case we draw dashes that divide the figure into a rectangle and a triangle. Area of rectangle = 7 × 10 = 70 mm^2. + Area of triangle = (6 × 9)/2 = 27 mm^2. Total area = 97 mm^2.,NA,"The paragraph presents a worked example of finding area with no mention of errors, student work, or warnings about common mistakes.",high,,C_control
3422,"problem solving Simplify the first three terms of the following sequence. Then write and simplify the next two terms.
√1³, √(1³ + 2³), √(1³ + 2³ + 3³), . . .",NA,"The paragraph asks the student to simplify terms of a sequence, with no mention of errors, named students, or error detection.",high,,C_control
202,Written Practice 5. Use only digits and commas to write 90 million.,NA,"The paragraph is a straightforward instruction to write a number using digits and commas, with no mention of errors, mistakes, or comparison.",high,,C_control
996,"Example 1: Use a number line to
a. round 283 to the nearest hundred.
b. round 283 to the nearest ten.

Solution:
a. We draw a number line showing multiples of 100 and mark the estimated location of 283.
We see that 283 is between 200 and 300 and is closer to 300. To the nearest hundred, 283 rounds to 300.
b. We draw a number line showing the tens from 200 to 300 and mark the estimated location of 283.
We see that 283 is between 280 and 290 and is closer to 280. To the nearest ten, 283 rounds to 280.",NA,"The paragraph provides a standard example with solution steps and does not involve error detection, correction, comparison, or warnings about common mistakes.",high,,C_control
2270,"* 14. (Inv. 6, 61) A park in the shape of a parallelogram has the dimensions shown in this figure. Refer to the figure to answer a–c. a. If Clyde walks around the park once, how far does he walk? b. What is the area of the park? c. Analyze Does the parallelogram have rotational symmetry?",NA,"The paragraph asks the student to solve geometry problems; it does not present errors, compare student work, or warn about common mistakes.",high,,C_control
4415,New Concept Increasing Knowledge The graph of a function may be a curve. In the example below we graph the relationship between the length of the side of a square and its area.,NA,"The paragraph only introduces a concept about graphing a relationship; it contains no mention of errors, mistakes, or comparisons.",high,,C_control
2860,* 29. (68) Generalize a. (−3) + (−5) − (−3) − |+5| b. (−2.4) − (+1.2),NA,"The paragraph presents a math exercise without mentioning any student work, errors, or warnings; it simply asks to generalize expressions.",high,,C_control
3623,"13. (16, 20) The perimeter of a certain square is 1 yard. Find the area of the square in square inches.",NA,"The paragraph presents a straightforward problem asking for the area of a square given its perimeter, with no mention of errors, error detection, or comparison of student work.",high,,C_control
3374,16. (83) Multiply. Write the product in scientific notation. (6 × 10⁴)(8 × 10⁻⁷),NA,The paragraph simply asks the student to perform a multiplication and express the result in scientific notation; it does not involve identifying or correcting errors.,high,,C_control
4591,"first quartile: In a set of data, the middle number of the lower half; the number below which 25% of the data lies; the 25th percentile; also called the lower quartile. In a box-and-whisker plot, the first quartile represents the left end of the box.",NA,"The paragraph provides a definition of the first quartile with no mention of errors, mistakes, or student work to correct or compare.",high,,C_control
1,"As we study mathematics we learn how to use tools that help us solve problems. We face mathematical problems in our daily lives, in our careers, and in our efforts to advance our technological society. We can become powerful problem solvers by improving our ability to use the tools we store in our minds. In this book we will practice solving problems every day.

This lesson has three parts:
Problem-Solving Process The four steps we follow when solving problems.
Problem-Solving Strategies Some strategies that can help us solve problems.
Writing and Problem Solving Describing how we solved a problem or formulating a problem.",NA,"The paragraph describes the lesson structure and goals; it does not present any student error, compare approaches, or warn about common mistakes.",high,,C_control
1387,"Example 3: This line graph shows Paul’s bowling scores for the last six games he played. a. What was Paul’s score for game 3? b. In general, were Paul’s scores improving or getting worse?
Solution: a. To find Paul’s score for game 3, we look at the scale across the bottom of the graph to 3, and go up to the point that represents the score. We see that the point is halfway between 170 and 180. Thus, Paul’s score for game 3 was 175. b. With only one exception, Paul scored higher on each succeeding game. So, in general, Paul’s scores were improving.",NA,"The paragraph asks factual questions about reading a graph and provides a solution; it does not involve identifying or correcting errors, comparing student work, or warning about common mistakes.",high,,C_control
2693,* 11. (67) Generalize Find the area of each of the six surfaces of the block of ice shown in problem 10. Then add the areas to find the total surface area of the block of ice.,NA,The paragraph simply asks the student to compute areas and total surface area; it does not involve identifying or correcting errors.,high,,C_control
212,Written Practice 23. Justify Show the steps and the properties that make this multiplication easier to perform mentally: 8 · 7 · 5,NA,"The paragraph asks students to justify steps and properties for a multiplication, with no mention of errors, mistakes, or comparing student work.",high,,C_control
883,"Simplify:
20. (10) 6 1/6 - 1 5/6
*21. (24) 3/4 · 5/9 · 8/15",NA,"The paragraph only presents arithmetic problems to simplify, with no error-focused prompts, named students, or warnings about common mistakes.",high,,C_control
2653,13. (60) Write an equation to solve each problem: a. What number is 35% of 80? b. Three fourths of 24 is what number?,NA,The paragraph simply asks students to write equations for word problems; it does not involve identifying or correcting errors.,high,,C_control
1928,"Example 2: Simplify: (3^2 + 3 · 5) / 2
Solution: A division bar may serve as a symbol of inclusion, like parentheses. We simplify above and below the bar before dividing.
(3^2 + 3 · 5) / 2 problem
(9 + 3 · 5) / 2 applied exponent
(9 + 15) / 2 multiplied above
24 / 2 added above
12 divided",NA,"The paragraph presents a straightforward worked example with step-by-step simplification and contains no error detection, correction, comparison, or warning about common mistakes.",high,,C_control
1013,"4. (14, 21) With one spin, what is the probability the arrow will stop on a prime number?",NA,"The paragraph simply asks a probability question; it contains no error-focused prompt, named students, or warnings about common mistakes.",high,,C_control
4656,parallel lines: Lines in the same plane that do not intersect.,NA,"The paragraph provides a definition of parallel lines with no mention of errors, mistakes, or comparison of student work.",high,,C_control
1213,"Simplify: * 18. (30) 3/4 + 5/8 + 1/2 * 19. (30) 3/4 − 1/6 * 20. (30) 4 1/2 − 3/8 21. (26) 3/8 · 2 2/5 · 3 1/3 22. (26) 2 7/10 ÷ 5 2/5 23. (26) 5 ÷ 4 1/6 * 24. (23, 30) 6 1/2 − 2 5/6 25. (25) 3/4 + (1/2 ÷ 2/3)",NA,"The paragraph only lists arithmetic simplification problems with no mention of errors, corrections, or comparisons.",high,,C_control
562,"Practice Set Analyze Find the measure of each angle named in problems a–f.
a. ∠AOD
b. ∠AOC
c. ∠AOE
d. ∠FOE
e. ∠FOC
f. ∠AOB",NA,"The paragraph simply asks students to find angle measures; it does not involve error detection, correction, comparison, or warnings about common mistakes.",high,,C_control
261,"adding fractions On the line below, AB is 1 3/8 in. and BC is 1 4/8 in. We can find AC by measuring or by adding 1 3/8 in. and 1 4/8 in.
1 3/8 in. + 1 4/8 in. = 2 7/8 in.",NA,"The paragraph simply demonstrates adding fractions with no mention of errors, mistakes, or comparison of student work.",high,,C_control
2750,Early Finishers Math Applications Look at the three figures in problem 19 above. a. What plane shape is formed if you make a vertical cut to divide each figure in half? Sketch the plane shape. b. What plane shape is formed if you make a horizontal cut? Sketch the plane shape.,NA,"The paragraph asks students to identify and sketch shapes resulting from cuts, with no mention of errors, mistakes, or comparing student work.",high,,C_control
3147,"23. (47, 83) Generalize Find each missing exponent:
a. 10^2 ∙ 10^2 ∙ 10^2 = 10^□
b. 10^2 / 10^6 = 10^□",NA,"The paragraph presents standard practice problems asking the reader to fill in missing exponents, with no mention of errors, student work, or warnings.",high,,C_control
678,"With a protractor we can measure each angle of the triangle. Since the vertex of each angle is on the circle and the angle opens to the interior of the circle, the angle is called an inscribed angle.
4. What is the measure of each inscribed angle? (If necessary, extend the rays of each angle to perform the measurements.)
5. What is the sum of the measures of all three angles of the triangle?
6. Predict What shape will we make if we now draw segments between the remaining three points of intersection?",NA,"The paragraph asks students to measure angles and predict a shape, with no mention of errors, mistakes, or comparing student work.",high,,C_control
385,"elapsed-time problems Elapsed time is the length of time between two points in time. Here we use points on a ray to illustrate elapsed time. Timelines are often used to indicate the sequence of important dates in history. The distance between two dates on a timeline indicates the elapsed time.
A person’s age is an example of elapsed time. Your age is the time that has elapsed since you were born until this present moment. By subtracting the date you were born from today’s date you can find your age.
Today’s date (later) − Your birth date (earlier) = Your age (difference)
Elapsed-time problems are like comparison problems. We can use a later-earlier-difference formula.
later − earlier = difference
l − e = d",NA,"The paragraph only explains the concept of elapsed time and provides formulas; it does not present errors, compare student work, or warn about common mistakes.",high,,C_control
4546,compound interest (110) interés compuesto Interest that pays on principal and previously earned interest.,NA,"The paragraph provides a definition of compound interest and contains no request to find, correct, compare, or warn about errors.",high,,C_control
824,i. Justify How can you use reducing fractions to demonstrate that the product of a fraction and its reciprocal is 1?,NA,"The paragraph asks the student to justify a mathematical concept and does not involve any error-focused instruction, named students, or warnings about common mistakes.",high,,C_control
1984,"30. (40) Find the measures of angles a, b, and c in this figure:",NA,"The paragraph simply asks the reader to find angle measures; it contains no error-focused instruction, named students, or warnings about common mistakes.",high,,C_control
2369,"We have also seen that when we add a positive number and a negative number, the sum is positive, negative, or zero depending upon which, if either, of the numbers has the greater absolute value. (−3) + (+5) = +2; (+3) + (−5) = −2; (+3) + (−3) = 0",NA,"The paragraph only explains a concept and provides examples; it does not ask the reader to find or correct an error, compare students, or warn about common mistakes.",high,,C_control
1731,"The positive powers of 10 are easy to write. The exponent matches the number of zeros in the product.
10^2 = 10 · 10 = 100 (two zeros)
10^3 = 10 · 10 · 10 = 1000 (three zeros)
10^4 = 10 · 10 · 10 · 10 = 10,000 (four zeros)",NA,"The paragraph simply explains how to write powers of 10 and provides examples; it does not present errors, compare student work, or warn about common mistakes.",high,,C_control
948,"10. (16) It was a very hot day. The temperature was 102°F in the shade.
a. The temperature was how many degrees above the freezing point of water?
b. The temperature was how many degrees below the boiling point of water?
c. Discuss What additional information did we need to know to answer a and b?",NA,"The paragraph asks straightforward temperature conversion questions and a discussion prompt, with no mention of errors, mistakes, or comparing student work.",high,,C_control
740,"Practice Set Model Diagram each statement. Then answer the questions. First statement: Three fourths of the 60 marbles in the bag were red. a. How many marbles were red? b. How many marbles were not red? Second statement: Sixty percent of the 20 tomatoes were green. c. What fraction of the tomatoes were not green? d. How many tomatoes were green? e. Formulate For the following statement, write and answer two questions: Three fifths of the thirty students were girls.",NA,"The paragraph only asks students to model statements and answer questions; it does not present errors, compare student work, or warn about common mistakes.",high,,C_control
531,* 2. (13) At Henry’s egg ranch 18 eggs are packaged in each carton. How many cartons would be needed to package 4500 eggs?,NA,"The paragraph simply asks a straightforward calculation without mentioning errors, mistakes, or comparing student work.",high,,C_control
4561,"dependent events: In probability, events that are not independent because the outcome of one event affects the probability of the other event. If a bag contains 4 red marbles and 2 blue marbles and a marble is drawn from the bag twice without replacing the first draw, then the probabilities for the second draw is dependent upon the outcome of the first draw.",NA,"The paragraph provides a definition and example of dependent events without mentioning any student work, error detection, or warnings about common mistakes.",high,,C_control
2634,"Example 1: When Juan finished page 51, he was 3/8 of the way through his book. His book had how many pages?
Solution: Juan read 51 pages. This is 3 of 8 parts of the book. Since 51 ÷ 3 is 17, each part is 17 pages. Thus the whole book (8 parts) totals 8 × 17, which is 136 pages.",NA,"The paragraph presents a standard example problem and its solution without any mention of errors, mistakes, or comparison of student work.",high,,C_control
114,Written Practice 16. Justify Look at the first and second steps of solving this equation. Justify each of these steps. Step: 4 + (n + 9) = 20 (Justification: Given equation); 4 + (9 + n) = 20 (Justification: a.); (4 + 9) + n = 20 (Justification: b.); 13 + n = 20 (Justification: 4 + 9 = 13); n = 7 (Justification: 13 + 7 = 20),NA,"The paragraph asks students to justify steps of a solution, with no error focus, named students, or warnings about common mistakes.",high,,C_control
3181,"Generalize Simplify:
25. (63) 3{20 − [6^2 − 3(10 − 4)]}
26. (49) 3 hr 15 min 25 s − 2 hr 45 min 30 s
27. (43, 57) 2^0 + 0.2 + 2^−2 (decimal answer)
28. (85) a. (−3) − [(−2) − (+2) − (−2)/(−2)]   b. (−3) − [(−2) − (+4)(−5)]
29. (84) Generalize Collect like terms: x^2 + 6x − 2x − 12",NA,"The paragraph lists practice problems without mentioning errors, student work, or warnings about common mistakes.",high,,C_control
4421,"Practice Set a. Connect Half of the area of a square is shaded. As the square becomes larger, the area of the shaded region becomes greater, as indicated by the function table in which A represents the area of half of a square and s represents the length of a side of the square. Copy this table and find the missing numbers. Then graph the function.",NA,"The paragraph asks students to copy a table, find missing numbers, and graph a function, with no mention of errors, mistakes, or comparing student work.",high,,C_control
3449,"* 21. (84, 87) a. Add algebraically: −3x − 3 − x − 1
b. Multiply: (−3x)(−3)(−x)(−1)",NA,"The paragraph simply presents algebraic addition and multiplication tasks without referencing any student's work, errors, or warnings.",high,,C_control
987,"27. (1, 20) Evaluate the following expressions for x = 3 and y = 4:
a. x^y
b. x^2 + y^2",NA,"The paragraph simply asks students to evaluate given expressions; it does not present a student's error, compare approaches, or warn about common mistakes.",high,,C_control
4100,"3. (36, 54) Thirty percent of the class wanted to go to the Museum of Natural History. The rest of the class wanted to go to the Planetarium.
a. What fraction of the class wanted to go to the Planetarium?
b. What was the ratio of those who wanted to go to the Museum of Natural History to those who wanted to go to the Planetarium?",NA,"The paragraph simply asks students to compute a fraction and a ratio based on given percentages; it does not present or warn about errors, compare student work, or ask to find/correct mistakes.",high,,C_control
3932,"Early Finishers Real-World Application The illustration below represents a semicircular window with a stained glass circle in the middle.
a. What is the area of the entire window?
b. What is the area of the circular stained glass window?
c. What is the combined area of sections A and B of the window? Use 3.14 for π.
d. What portion of the whole window is the stained glass?",NA,"The paragraph presents a set of geometry problems without mentioning any errors, student work, or warnings about common mistakes.",high,,C_control
3916,"Example 2
Solve for x: ax = b
Solution
To solve for x, we divide both sides of the equation by a.
ax = b equation
ax / a = b / a divided by a
x = b / a simplified",NA,"The paragraph simply presents a standard example of solving an equation with no error, warning, or comparison of student work.",high,,C_control
3509,"7. (36) A bag normally contains a dozen marbles, 4 of which are blue. However, 2 blue marbles are missing. If a marble is selected at random from the bag, what is the probability that the selected marble will be blue?",NA,"The paragraph simply presents a probability problem without referencing any student work, errors, or warnings about common mistakes.",high,,C_control
3274,"6. (72) Use a ratio box to solve this problem. Oranges were on sale 8 for $3. At that price, how much would 3 dozen oranges cost?",NA,The paragraph simply asks the student to solve a ratio problem; it does not present or warn about errors.,high,,C_control
4468,"2. (92) If the total cost of a package of paper clips including 8% sales tax is $2.70, then what was the price before tax was added?",NA,"The paragraph simply asks a straightforward calculation question with no mention of errors, mistakes, or comparing student work.",high,,C_control
1517,"15. (30) Write 3/5, 1/2, and 5/7 with a common denominator, and arrange the renamed fractions in order from least to greatest.",NA,The paragraph simply asks students to rewrite fractions with a common denominator and order them; it does not involve identifying or correcting errors.,high,,C_control
4085,22. When Betsy received the package she divided the contents into eight smaller cubes each composed of eight 2-cm cubes. Betsy wrapped the eight cubes with paper and sent them on to Charlie. The total volume of the eight packages was still 64 cm^3. What was the total surface area of the exposed wrapping paper of the eight packages?,NA,"The paragraph presents a straightforward problem statement without mentioning any errors, mistakes, or comparisons between students' work.",high,,C_control
523,"function tables A function is a mathematical rule that identifies the relationship between two sets of numbers. The rule uses an input number to generate an output number. For each input number, there is one and only one output number.
The rule for a function may be described with words or in an equation, and the relationship between the sets of numbers may be illustrated in tables or graphs.
In this lesson we will use function tables to help us solve problems. We will also study function tables to discover the rules of functions.",NA,"The paragraph only defines functions and describes using function tables; it does not present errors, compare approaches, or warn about common mistakes.",high,,C_control
3504,"2. (Inv. 4) Find the a mean and b range for this set of numbers:
3, 9, 7, 5, 10, 4, 5, 8, 5, 4, 8, 40",NA,"The paragraph simply asks the student to compute the mean and range of a list of numbers, with no mention of errors, mistakes, or comparison of student work.",high,,C_control
2935,"14. (48) Complete the table. Row 1: Fraction 1/25, Decimal a., Percent b. Row 2: Fraction c., Decimal d., Percent 8%",NA,"The paragraph asks students to complete a conversion table; it does not involve identifying or correcting errors, comparing student work, or warning about common mistakes.",high,,C_control
2167,"* 28. Conclude Evaluate: a – bc if a = 0.1, b = 0.2, and c = 0.3",NA,"The paragraph simply asks the student to evaluate an expression with given values; it does not involve error detection, correction, comparison, or warning about common mistakes.",high,,C_control
2531,"* 11. Analyze The coordinates of the vertices of △ABC are A (1, -1), B (-3, -1), and C (1, 3). Draw the triangle and answer these questions:
a. What type of triangle is △ABC classified by angles?
b. What type of triangle is △ABC classified by sides?
c. Triangle ABC’s one line of symmetry passes through which vertex?
d. What is the measure of ∠B?
e. What is the area of △ABC?",NA,"The paragraph asks students to analyze a triangle and answer geometry questions; it contains no error-focused prompts, named students, or warnings about common mistakes.",high,,C_control
3078,"problem solving David and Lisa are in a chess tournament. The first player to win either two consecutive games, or a total of three games, wins the match. How many different sets of games are possible in the match?",NA,"The paragraph simply presents a problem scenario without mentioning any errors, mistakes, or comparisons of student work.",high,,C_control
1129,"* 12. The vertices of a square are located at (3, 3), (3, −3), (−3, −3), and (−3, 3). a. Represent Sketch the axis. Then draw the square as described. Use your drawing to answer questions b and c. b. What is the perimeter of the square? c. What is the area of the square?",NA,The paragraph simply asks the student to sketch and compute perimeter and area; no error detection or comparison is involved.,high,,C_control
4159,* 23. (105) Connect Find the surface area of this right triangular prism. Dimensions are in feet.,NA,The paragraph simply asks the student to compute surface area; it does not involve identifying or correcting errors.,high,,C_control
1412,"30. On graph paper draw a ray from the origin through the point (−10, −10). Then draw a ray from the origin through the point (−10, 10). Use a protractor to measure the angle formed by the two rays, and write the measure on the graph paper.",NA,"The paragraph gives a geometry activity with no mention of errors, mistakes, or comparing student work.",high,,C_control
862,"The reciprocal function on a calculator is the [1/x] key. Pressing this key changes the previously entered number to its reciprocal (in decimal form). If we press 2 then [1/x], the calculator display changes from 2 to 0.5, which is the reciprocal of 2 in decimal form (1/2 = 0.5). The [1/x] key can be helpful when dividing. Consider this division problem. 144)$10,461.60 The divisor is 144. You could choose to divide $10,461.60 by 144 or to multiply $10,461.60 by the reciprocal of 144. Since multiplication is commutative, using the reciprocal allows you to enter the numbers in either order. The following multiplication yields the answer even though the entry begins with the divisor. Notice that we drop the terminal zero from $10,461.60, since it does not affect the value. Whether we choose to divide $10,461.60 by 144 or to multiply by the reciprocal of 144, the answer is $72.65.",NA,"The paragraph explains how to use the reciprocal key on a calculator and provides a division example, without mentioning errors, mistakes, or comparing student work.",high,,C_control
1443,"problem solving: At three o’clock the hands of an analog clock form a 90° angle. What is the measure of the angle that is formed by the hands of the clock two hours after three o’clock? Understand The hands of an analog clock form different angles depending on the time of day. At 3:00 the hands form a 90° angle. We are asked to find the angle formed by the hands two hours later, or at 5:00. We bring to this problem the knowledge that there are 360° in a circle. Plan We will draw a diagram that divides the circle into 12 sections, each representing one hour. Then we will find the measure of each section and multiply to find the angle formed by the hands at 5:00. Solve We divide 360° by 12 and find that each of the 12 sections span 30°. To solve for the angle’s measure, we multiply: 30° × 5 = 150°. Check We found the measure of the angle that is formed by the hands of a clock at 5:00. We know that the hands form a 90° angle at 3:00 and an 180° angle at 6:00, so it makes sense that at 5:00 the angle formed would be between these two measures.",NA,"The paragraph presents a standard worked example without showing a student's error, comparing approaches, or warning about common mistakes.",high,,C_control
4429,6. (17) a. Use a centimeter ruler and a protractor to draw a right triangle with legs 10 cm long. b. What is the measure of each acute angle? c. Measure the length of the hypotenuse to the nearest centimeter.,NA,"The paragraph gives a standard geometry activity with drawing and measuring tasks, without mentioning any errors, mistakes, or comparisons.",high,,C_control
782,* 5. (22) Model Draw a diagram of the statement. Then answer the questions that follow. Three eighths of the 56 restaurants in town were closed on Monday. a. How many of the restaurants in town were closed on Monday? b. How many of the restaurants in town were open on Monday?,NA,"The paragraph asks students to solve a word problem about fractions of restaurants, with no mention of errors, mistakes, or comparisons.",high,,C_control
2323,"* 29. (52, 59) Conclude Evaluate: |x − y| if x = 3 and y = 4",NA,"The paragraph simply asks the student to evaluate an expression with given values; it does not involve error detection, correction, comparison, or warning about common mistakes.",high,,C_control
3912,"Power Up Building Power
facts Power Up V
mental math
a. Positive/Negative: (−5)^3
b. Scientific Notation: (8 × 10^3)(5 × 10^−5)
c. Ratio: a/3.6 = 0.9/1.8
d. Measurement: Convert 2 sq. yd to sq. ft.
e. Percent: 66 2/3% of $45
f. Percent: 33 1/3% less than $45
g. Geometry: When plotting an ordered pair on a coordinate grid, which axis do you start with?
h. Percent/Estimation: Estimate a 15% tip on a $39.67 bill.",NA,"The paragraph lists a series of practice problems without any mention of errors, student work, or error detection.",high,,C_control
2615,"We see that there are two steps to the process.
Step 1: Select the operation that will isolate the variable.
Step 2: Perform the selected operation on both sides of the equation.
We select “subtract 12” as the operation required to isolate x (to “get x alone”). Then we perform this operation on both sides of the equation.
Select operation:
To isolate x, subtract 12.",NA,"The paragraph only outlines procedural steps for solving an equation and does not present a student's error, compare approaches, ask to find an error, or warn about common mistakes.",high,,C_control
2762,3. (50) Use a unit multiplier to convert 4 1/2 feet to inches.,NA,"The paragraph simply asks the student to perform a unit conversion; it does not present an error, compare approaches, or warn about common mistakes.",high,,C_control
3707,"12. (37) What is the area of the shaded region of this rectangle? [Vertices at (0,0), (6,0), (6,3), (0,3) with diagonal from (0,3) to (6,0)]
* 13. (98) Model Use a ratio box to solve this problem. On a 1:60 scale-model airplane, the wingspan is 8 inches. The wingspan of the actual airplane is how many inches? What is the wingspan of the actual airplane in feet?
14. (48) Complete the table.
[Fraction | Decimal | Percent: 1 1/3 | a. | b.; c. | d. | 1 1/3%]
15. (84, 87) Simplify:
a. (ax²)(−2ax)(−a²)
b. 1/2 π + 2/3 π − π
16. (83) Multiply. Write the product in scientific notation.
(8.1 × 10⁻⁶)(9 × 10¹⁰)
17. (20, 52) Evaluate: √c² − b² if c = 15 and b = 12
* 18. (99) Analyze Use the Pythagorean theorem to find c. [Leg 5, leg c, hypotenuse 13]
* 19. (95) Explain How would you would find the volume of this right solid? Then find the volume. Dimensions are in centimeters. (Use 3.14 for π.) [Cylinder diameter 20, height 10]
20. (40) Refer to the figure below to find the measures of the following angles.
[Intersecting lines with given angles 138° and 100°]
a. ∠X b. ∠Y c. ∠Z",NA,"The paragraph lists standard math problems without mentioning student errors, named students, or warnings about common mistakes.",high,,C_control
2878,"13. (48) Complete the table. Row 1: Fraction a., Decimal 0.2, Percent b. Row 2: Fraction c., Decimal d., Percent 2%",NA,"The paragraph asks the student to complete a table with missing values; it does not involve error detection, correction, or warnings about common mistakes.",high,,C_control
1548,"11. (21, 36) Ted has two spinners. He spins each spinner once. a. What is the sample space for the experiment? b. What is the probability of getting a consonant and a composite number?",NA,The paragraph asks the student to determine a sample space and compute a probability; it does not involve identifying or correcting errors.,high,,C_control
149,"Written Practice 29. Classify Name each set of numbers illustrated: a. {1, 2, 3, 4, . . .}  b. {0, 1, 2, 3, . . .}  c. {. . ., −2, −1, 0, 1, 2, . . .}",NA,"The paragraph simply asks students to classify sets of numbers, with no mention of errors, mistakes, or comparing student work.",high,,C_control
175,Written Practice 30. Justify List the properties used in the first three steps to simplify the expression (8 × 7) × 5. Step: (8 × 7) × 5 (Justification: Given expression); 8 × (7 × 5) (Justification: a.); 8 × (5 × 7) (Justification: b.); (8 × 5) × 7 (Justification: c.); 40 × 7 (Justification: 8 × 5 = 40); 280 (Justification: 40 × 7 = 280),NA,"The paragraph asks students to justify steps and list properties; it does not present an error, compare students, or warn about common mistakes.",high,,C_control
139,"Written Practice 5. Use digits to write two hundred fifty million, five thousand, seventy.",NA,"The paragraph simply asks the student to convert a spoken number into digits, with no mention of errors, mistakes, or comparison of student work.",high,,C_control
1276,"4. (28) In the 1896 Summer Olympics, Alfred Hajos of Hungary swam 100 m in about 1 minute 22 seconds. One hundred years later, Li Jinyi of China swam the same distance about 27 seconds faster than Alfred Hajos. About how many seconds did it take Li Jinyi to swim 100 m?",NA,"The paragraph presents a straightforward word problem asking for a calculation, with no mention of errors, mistakes, or comparing student work.",high,,C_control
1758,"15. (Inv. 2) Represent Use a compass to draw a circle with a radius of 1 inch. Then inscribe a regular hexagon in the circle.
a. What is the diameter of the circle?
b. What is the perimeter of the regular hexagon?",NA,"The paragraph asks the student to perform a drawing task and answer geometry questions; it contains no error-focused prompts, named students, or warnings about common mistakes.",high,,C_control
920,"27. (14, 15) Max is thinking of a counting number from 1 to 10. Deb guesses 7. What is the probability Deb’s guess is correct?",NA,"The paragraph simply asks a probability question with no mention of errors, mistakes, or comparison of student work.",high,,C_control
2907,"13. (57, 69) a. Write 1.5 × 10^–3 in standard form. b. Write 25 × 10^6 in scientific notation.",NA,"The paragraph simply asks the student to perform conversions between scientific and standard notation, with no mention of errors, mistakes, or comparison of student work.",high,,C_control
3451,23. (32) Segment AB is how many millimeters longer than segment BC?,NA,"The paragraph simply asks a straightforward measurement question with no mention of errors, mistakes, or comparison of student work.",high,,C_control
3755,"21. (44) Divide 1.23 by 9 and write the quotient
a. with a bar over the repetend.
b. rounded to three decimal places.",NA,"The paragraph simply asks the student to perform a division and present the result in two formats, with no mention of errors, mistakes, or comparison of student work.",high,,C_control
2557,"5. Refer to the following statement to answer a–c:
The survey found that only 2 out of 5 Lilliputians believe in giants.
a. According to the survey, what fraction of the Lilliputians do not believe in giants?
b. If 60 Lilliputians were selected for the survey, how many of them would believe in giants?
c. What is the probability that a randomly selected Lilliputian who participated in the survey would believe in giants?",NA,"The paragraph presents a straightforward word problem with three parts and does not involve identifying or correcting errors, comparing students' work, or warning about common mistakes.",high,,C_control
3924,"Practice Set
a. Solve for a: a + b = c
b. Analyze Solve for w: wx = y
c. Solve for y: y − b = mx
d. Solve the formula for the area of a parallelogram for b.
A = bh
e. Predict What are the two square roots of 16?
Generalize Simplify:
f. \sqrt[3]{125}
g. \sqrt[3]{-8}",NA,"The paragraph lists practice problems asking students to solve or simplify expressions, with no mention of errors, mistakes, or comparisons.",high,,C_control
574,"* 11. (6) a. What factors of 20 are also factors of 50?
b. What is the GCF of 20 and 50?",NA,"The paragraph simply asks factual questions about factors and GCF, with no mention of errors, student work, or warnings.",high,,C_control
1537,"Practice Set: Write each repeating decimal with a bar over the repetend: a. 2.72727. . . b. 0.816666. . . Justify Round each number to the thousandths place. Describe how you got your answer. c. 0.6 d. 5.381 e. Compare: 0.6 ◯ 0.6 f. Arrange in order from least to greatest: 1.3, 1.35, 1.3 Generalize Divide 1.7 by 12 and write the quotient g. with a bar over the repetend. h. rounded to four decimal places.",NA,"The paragraph consists of practice instructions for students to perform calculations and write answers; it does not present any errors, error detection, or compare student work.",high,,C_control
1826,"Simplify:
20. (20) √100 + 4^3
* 21. (47) 3.14 × 10^4
22. (23, 30) 3 3/4 + (4 1/6 – 2 1/2)
23. (26) 6 2/3 · (3 3/4 ÷ 1 1/2)
* 24. (49) Connect 3 days 8 hr 15 min + 2 days 15 hr 45 min
* 25. (49) 4 yd 1 ft 3 in. – 2 yd 1 ft 9 in.
26. (45) 18.00 ÷ 0.06",NA,"The paragraph lists a series of arithmetic simplification problems without any mention of errors, student work, or warnings about common mistakes.",high,,C_control
2120,"4. An art dealer sold 3 of the 12 paintings that were on display in her gallery.
a. What was the ratio of the number of paintings sold to the number of paintings not sold?
b. What fraction of the paintings did the dealer not sell?
c. What percent of the paintings were sold?",NA,"The paragraph simply asks the student to compute ratio, fraction, and percent; there is no mention of errors, mistakes, or comparing student work.",high,,C_control
3281,Collect like terms: 13. (84) 2x + 3y − 5 + x − y − 1,NA,"The paragraph simply presents a problem asking the student to collect like terms, with no mention of errors, mistakes, or comparison of student work.",high,,C_control
1743,"dividing by powers of 10
When dividing by positive powers of 10, the quotient has the same digits as the dividend, only with smaller place values. As with multiplication, we may shift place values by shifting the location of the decimal point.
4.75 ÷ 10^3 = 0.00475
To divide a number by a positive power of 10, we shift the decimal point to the left the number of places indicated by the exponent.",NA,"The paragraph only explains how to divide by powers of 10 and provides an example; it does not present any student work, error detection, comparison, or warning about common mistakes.",high,,C_control
4292,1. A pair of number cubes is rolled once. a. What is the probability of rolling a total of 5 (expressed as a decimal rounded to two decimal places)? b. What is the chance of rolling a total of either 4 or 7? c. What are the odds of rolling a total of 12?,NA,"The paragraph simply asks the student to compute probabilities and odds; it contains no error-focused prompts, named students, or warnings about common mistakes.",high,,C_control
3783,"7. (81) The dress was on sale for 60 percent of the regular price. If the sale price was $24, what was the regular price?",NA,"The paragraph presents a straightforward word problem without any mention of errors, student work, or comparisons.",high,,C_control
2063,"* 9. (45, 50) Connect From goal line to goal line a football field is 100 yd long. One hundred yards is about how many meters? Use a unit multiplier to make the conversion and round the answer to the nearest meter. (1 meter ≈ 1.1 yd)",NA,The paragraph asks the student to perform a unit conversion calculation; it does not involve identifying or correcting errors.,high,,C_control
640,"Early Finishers Real-World Application: Magali needs to fill a five-gallon cooler with sports drink for the soccer game. The label on the drink mix says that each packet will make 10 quarts.
a. Will one packet be enough to make a full cooler? If not, how many packets will Magali need? Show your work.
b. A package of 8 packets cost $11.95. Estimate the cost of 2 packets. Show your work.",NA,"The paragraph presents a word problem for students to solve and does not involve identifying or correcting errors, comparing student work, or warning about common mistakes.",high,,C_control
3958,"New Concept Increasing Knowledge
A formula is a literal equation that describes a relationship between two or more variables. Formulas are used in mathematics, science, economics, the construction industry, food preparation—anywhere that measurement is used.
To use a formula, we replace the letters in the formula with measures that are known. Then we solve the equation for the measure we wish to find.",NA,"The paragraph only defines formulas and explains how to use them; it does not present errors, compare student work, or warn about common mistakes.",high,,C_control
2190,"* 3. Represent In problem 2, the amount of money Cynthia pays is a function of the number of magazines she bought.
a. Write an equation that shows what Cynthia pays in dollars (d) for the number of magazines (m) she buys.
b. Make a function table with four (m, d) pairs of your choosing that satisfy the function.",NA,"The paragraph asks students to write an equation and create a function table; it does not involve error detection, correction, comparison, or warnings about common mistakes.",high,,C_control
2904,7. (50) Use a unit multiplier to convert 1.5 kg to g.,NA,"The paragraph simply asks the student to perform a unit conversion; it does not present an error, compare approaches, or warn about common mistakes.",high,,C_control
3004,"We can use probability experiments to find out information about a situation. Consider the spinner shown here. The spinner was spun 360 times. The results are recorded in the table.
Math Language: In the table, the term trial means an attempt or try.
Analyze Refer to the table to answer questions 17–20.
17. What is the experimental probability of spinning A?
18. What is the experimental probability of spinning B?
19. What is the experimental probability of spinning C?
20. Based on the results of the experiment:
a. What fraction of the spinner’s face is Sector C?
b. About what percent of the spinner’s face is Sector B?",NA,"The paragraph asks students to compute experimental probabilities and percentages from data; it does not involve identifying or correcting errors, comparing student work, or warning about common mistakes.",high,,C_control
2048,"problem solving Solve the following number puzzle: If 2 is added to both the numerator and the denominator of a certain fraction, its value becomes 1/2. If 2 is subtracted from both the numerator and the denominator of that same fraction, its value becomes 1/3. What is the original fraction?",NA,"The paragraph simply asks the student to solve a number puzzle without referencing any student's work, errors, or common mistakes.",high,,C_control
928,least common multiple: Of particular interest is the least (smallest) of the common multiples. The least common multiple of 4 and 6 is 12. Twelve is the smallest number that is a multiple of both 4 and 6. The term least common multiple is often abbreviated LCM.,NA,"The paragraph only defines the least common multiple and gives an example; it does not present any error, compare approaches, or warn about mistakes.",high,,C_control
4470,"4. (58) If a trapezoid has a line of symmetry and one of its angles measures 100°, what is the measure of each of its other angles?",NA,"The paragraph simply asks a geometry question to be solved; it contains no error detection, correction, comparison, or warning about common mistakes.",high,,C_control
3333,17. (77) Write an equation to solve this problem: Twenty is what percent of 200?,NA,"The paragraph simply asks the student to write an equation for a percent problem; it does not involve error detection, correction, comparison, or warning about common mistakes.",high,,C_control
3790,"14. (46) Find the total price, including tax, of a $12.95 bat, a $7.85 baseball, and a $49.50 glove. The tax rate is 7 percent.",NA,The paragraph simply asks the student to compute a total price with tax; it contains no error-focused prompts or warnings.,high,,C_control
3066,"19. The coordinates of the vertices of △XYZ are X (4, 3), Y (4, 1), and Z (1, 1).
a. Draw △XYZ and its image △X′Y′Z′ translated 5 units to the left and 3 units down.
b. What are the coordinates of the vertices of △X′Y′Z′?",NA,"The paragraph simply asks the student to perform a translation and find new coordinates, with no mention of errors, mistakes, or comparing student work.",high,,C_control
4188,"Write equations to solve problems 8 and 9.
8. (77) What percent of $30 is $1.50?
9. (77) Fifty percent of what number is 2 1/2?",NA,"The paragraph simply asks students to write equations and solve percentage problems, with no mention of errors, mistakes, or comparisons.",high,,C_control
1754,"* 11. (42) Round 53,714.54 to the nearest
a. thousandth.
b. thousand.",NA,The paragraph simply asks the student to round a number; it does not involve identifying or correcting errors.,high,,C_control
1940,"* 7. (51) Connect At its closest point, Pluto's orbit brings it to approximately 2,756,300,000 miles from the Sun. At its farthest point, Pluto is approximately 4,539,600,000 miles from the Sun.
a. Write the first distance in scientific notation.
b. Write the second distance in words.",NA,"The paragraph simply asks the student to convert distances to scientific notation and words, with no mention of errors, mistakes, or comparison of student work.",high,,C_control
2178,"percent of a number, part 1: We can translate percent problems into equations the same way we translate fractional-part-of-a-number problems: we convert the percent to either a fraction or a decimal.",NA,"The paragraph simply explains how to translate percent problems into equations, with no mention of errors, mistakes, or comparing student work.",high,,C_control
732,New Concept Increasing Knowledge In Lesson 13 we looked at problems about equal groups. In Lesson 14 we considered problems about parts of a whole. In this lesson we will solve problems that involve both equal groups and parts of a whole. Many of the problems will require two or more steps to solve. Consider the following statement: Two thirds of the students in the class wore sneakers on Monday. We can draw a diagram for this statement. We use a rectangle to represent all the students in the class. Next we divide the rectangle into three equal parts. Then we describe the parts.,NA,"The paragraph only introduces a new concept and describes instructional steps; it does not present student errors, comparisons, or warnings about common mistakes.",high,,C_control
1067,16. List the single-digit divisors of 5670.,NA,"The paragraph simply asks the student to list divisors; it does not involve identifying or correcting errors, comparing student work, or warning about common mistakes.",high,,C_control
3687,"Example 4
These two triangles are similar. Calculate the scale factor from the smaller triangle to the larger triangle.
[Triangles △A with sides 12, 16, 20 and △B with sides 15, 20, 25]

Solution
Math Language: The term dimension refers to the length of any side of △A or △B.
If we multiply the length of one side of the smaller triangle by the scale factor, we get the length of the corresponding side of the larger triangle.
Dimension of △A × scale factor = dimension of △B
We may select any pair of corresponding sides to calculate the scale factor. Here, we will select the longest sides. We write an equation using f for the scale factor and then solve for f.
20f = 25
f = 25/20
f = 5/4 or 1.25",NA,"The paragraph presents a standard example calculation without any error, comparison, or warning about common mistakes.",high,,C_control
36,"In division the dividend is divided by the divisor. The result is the quotient. We can indicate division with a division sign (÷), a division box ( ), or a division bar (−).
dividend ÷ divisor = quotient
quotient / divisor ) dividend
dividend / divisor = quotient",NA,"The paragraph only defines division terminology and notation; it does not present any errors, student work, or warnings about common mistakes.",high,,C_control
2726,"3. (35, 45) If the sum of 0.2 and 0.5 is divided by the product of 0.2 and 0.5, what is the quotient?",NA,The paragraph simply asks a straightforward calculation; it does not involve identifying or correcting errors.,high,,C_control
4147,11. (88) The final stage of the 2004 Tour de France was 163 km long. Bicyclist Tom Boonen covered that distance in about 4 hours. Find his approximate average speed in miles per hour. One km ≈ 0.6 mile.,NA,"The paragraph presents a straightforward word problem without any mention of errors, student work, or comparisons.",high,,C_control
410,"LESSON 13
• Problems About Equal Groups",NA,"The text is only a lesson heading with no mention of errors, mistakes, or comparison of student work.",high,,C_control
1514,13. (31) Connect Use digits to write each number: a. sixty-seven hundred-thousandths b. one hundred and twenty-three thousandths,NA,"The paragraph asks students to convert verbal numbers to digits, with no mention of errors, mistakes, or comparison of student work.",high,,C_control
3085,"Practice Set Generalize Multiply. Write each product in scientific notation.
a. (4.2 × 10^6)(1.4 × 10^3)
b. (5 × 10^5)(3 × 10^7)
c. (4 × 10^−3)(2.1 × 10^−7)
d. (6 × 10^−2)(7 × 10^−5)
e. Justify Show the commutative and associative steps to multiply 3 × 10^3 and 2 × 10^4.",NA,"The paragraph presents a set of practice problems asking students to compute products in scientific notation; it does not involve identifying or correcting errors, comparing student work, or warning about common mistakes.",high,,C_control
4405,* 21. (111) Analyze A dime is about 1 × 10−3 m thick. A kilometer is 1 × 103 m. About how many dimes would be needed to make a stack of dimes one kilometer high? Express the answer in scientific notation.,NA,"The paragraph presents a straightforward calculation problem with no mention of errors, student work, or warnings about common mistakes.",high,,C_control
3523,"21. (74) Write an equation to solve this problem:
Sixty is 3/8 of what number?",NA,The paragraph simply asks the student to write an equation for a word problem; it does not involve identifying or correcting errors.,high,,C_control
223,"New Concepts: Fractions and Percents. Fractions and percents are commonly used to name parts of a whole or parts of a group. At right we use a whole circle to represent 1. The circle is divided into four equal parts with one part shaded. One fourth of the circle is shaded, and 3/4 of the circle is not shaded. Since the whole circle also represents 100% of the circle, we may divide 100% by 4 to find the percent of the circle that is shaded: 100% ÷ 4 = 25%. We find that 25% of the circle is shaded, so 75% of the circle is not shaded.",NA,"The paragraph simply explains a concept using a visual example and does not involve any error detection, correction, comparison, or warning about common mistakes.",high,,C_control
2845,"8. (41, 57) For a = 2, evaluate a. √(2a^3) b. a^-1 · a^-2",NA,"The paragraph simply asks students to evaluate expressions with a given value; there is no mention of errors, mistakes, or comparison of student work.",high,,C_control
4671,polynomial: An algebraic expression that has one or more terms. The expression 3x^2 + 13x + 12y is a polynomial.,NA,"The paragraph provides a definition and example of a polynomial with no mention of errors, mistakes, or comparison of student work.",high,,C_control
1475,Thinking Skill Justify: Could a data set have more than one mode? Explain your reasoning.,NA,"The paragraph asks a conceptual justification question about modes, with no mention of errors, mistakes, or comparing student work.",high,,C_control
4670,"polyhedron: A geometric solid whose faces are polygons. Cube, triangular prism, and pyramid are polyhedrons; sphere, cylinder, and cone are not polyhedrons.",NA,"The paragraph provides a definition and examples, with no mention of errors, mistakes, or comparison of student work.",high,,C_control
722,* 23. (21) a. Write the prime factorization of 225. b. Generalize Find √225 and write its prime factorization.,NA,"The paragraph simply asks students to perform a standard task (prime factorization and square root) with no mention of errors, mistakes, or comparison of student work.",high,,C_control
947,"* 9. (15, 24) a. Write 24% as a reduced fraction.
b. Use prime factorization to reduce 36/180.",NA,"The paragraph simply asks the student to perform standard tasks (convert a percent to a fraction, reduce a fraction) with no mention of errors, named students, or error detection.",high,,C_control
4743,unit price: The price of one unit of measure of a product. The unit price of bananas is $1.19 per pound.,NA,The paragraph provides a definition of 'unit price' and an example; it contains no error-focused instruction or warning.,high,,C_control
3913,"problem solving Every whole number can be expressed as the sum of, at most, four squares. In the diagram we can see that 12 is made up of one 3 × 3 square and three 1 × 1 squares. The number sentence that represents the diagram is 12 = 9 + 1 + 1 + 1.
Diagram how 15, 18, and 20 are composed of—at most—four smaller squares. Write a number sentence to represent each diagram. (Hint: You may reposition the smaller squares if necessary.)",NA,"The paragraph asks students to create diagrams and write number sentences; it does not present errors, compare student work, or warn about common mistakes.",high,,C_control
150,"Written Practice 30. Represent Use braces, an ellipsis, and digits to illustrate the set of negative even numbers.",NA,The paragraph is a straightforward instruction to represent a set; it does not involve identifying or correcting errors.,high,,C_control
938,"Practice Set: Find the least common multiple (LCM) of each pair or group of numbers:
a. 8 and 10
b. 4, 6, and 10
Use prime factorization to help you find the LCM of these pairs of numbers:
c. 24 and 40
d. 30 and 75
e. Instead of dividing 7 1/2 by 1 1/2, double each number and mentally calculate the quotient.
Mentally calculate each quotient by finding an equivalent division problem. What strategy did you use and why?
f. 24,000 ÷ 400
g. $6.00 ÷ 12
h. 140 ÷ 5",NA,"The paragraph consists of practice problems asking students to compute LCMs and perform divisions, with no mention of errors, mistakes, or comparison of student work.",high,,C_control
3870,"In the figure below, AD is a diameter and CB is a radius of 12 units. Central angle ACB measures 60º. Refer to the figure to answer problems 9–11. (Leave π as π.)
9. (65, 82) a. What is the area of the circle?
b. What is the circumference of the circle?",NA,"The paragraph simply asks for calculations of area and circumference based on given measurements, with no mention of errors, mistakes, or comparison of student work.",high,,C_control
1194,Example 8: Estimate the product of 12.21 and 4.9 by rounding each number to the nearest whole number before multiplying. Solution: We round 12.21 to 12 and 4.9 to 5. Then we multiply 12 and 5 and find that the estimated product is 60. (The actual product is 59.829.),NA,"The paragraph simply presents an example of estimating a product by rounding; it does not involve error detection, correction, comparison, or warning about common mistakes.",high,,C_control
1564,LESSON 43: Converting Decimals to Fractions • Converting Fractions to Decimals • Converting Percents to Decimals,NA,"The paragraph only lists lesson topics and contains no mention of errors, mistakes, or student work to analyze.",high,,C_control
4525,cancel (canceling) (24) cancelar The process of reducing a fraction by matching equivalent factors from both the numerator and denominator. 14/28 = (7 · 2)/(7 · 2 · 2) = 1/2,NA,The paragraph defines the concept of canceling fractions and shows a straightforward example; it does not ask the reader to find or correct an error.,high,,C_control
3717,"Written Practice Strengthening Concepts
1. (28) Alberto paid $30.00 for 2 1/2 pounds of cheese that cost $6.60 per pound and 2 boxes of crackers that cost $1.79 each. How much money should he get back?
* 2. (21, Inv. 8) The face of this spinner is divided into fifths. [Sections 3, 4, 5, 6, 7]
a. What is the probability that the spinner will not stop on a prime number on one spin?
b. Explain If the spinner is spun twice, what is the probability that it will stop on a prime number both times? Explain how you found the answer.
3. (28, 86) What is the average of the first 10 counting numbers?
4. (53) At an average speed of 50 miles per hour, how long would it take to complete a 375-mile trip?
Use ratio boxes to solve problems 5–7.
5. (72) The Johnsons traveled 300 kilometers in 4 hours. At that rate, how long will it take them to travel 500 kilometers? Write the answer in hours and minutes.
6. (66) The ratio of children to adults at the museum was 1 to 15. If there were 800 visitors at the museum, how many children were there?
7. (92) The population of a colony of birds decreased 30 percent over one winter. If the population the next spring was 350, what was the population before winter came?
8. (60, 74) Three fourths of Genevieve’s favorite number is 36. What number is one half of Genevieve’s favorite number?",NA,"The paragraph lists standard practice problems without showing student errors, comparisons, or warnings about common mistakes.",high,,C_control
4401,* 17. (116) Write the equation y − 2x + 5 = 1 in slope-intercept form. Then graph the equation.,NA,"The paragraph simply asks the student to rewrite an equation and graph it, with no mention of errors, named students, or common mistakes.",high,,C_control
1623,"Analyze: What do the quotient (4), the divisor (6), and the remainder (3) represent?",NA,The paragraph asks the student to analyze the meaning of given numbers; it does not involve identifying or correcting an error.,high,,C_control
4687,"radical expression: An expression that indicates the root of a number. A radical expression contains a radical sign, √. √15^2, √9, √x, and 2 + √13 are radical expressions; 2 + 4, 16, xy, and 4133 are not radical expressions.",NA,The paragraph provides a definition and examples of radical expressions without asking students to find or correct errors.,high,,C_control
4,"Example
Mrs. Chang designed a 24-ft square courtyard using both gray and tan concrete divided into squares. The squares are 4 ft on each side and are called pads. The design is concentric squares in alternating colors. How many pads of each color are needed to make the design?

Solution
Step 1: Understand the problem. The problem gives the following information:
• The courtyard is a 24-ft square.
• The pads are 4 ft on each side.
• The pads are gray or tan.
• The design is concentric squares in alternating colors.
We need to find the number of pads for each color that are needed to make the design.

Step 2: Make a plan. We see that we cannot get to the answer in one step. We plan how to use the given information in a manner that will lead us toward the solution.
• Determine how many pads will cover the courtyard.
• Arrange the pads to model the design and decide how many pads are needed to show the alternating concentric squares.

Step 3: Solve the problem. (Follow the plan.) One side of the courtyard is 24 ft. One side of a pad is 4 ft.
24 ft ÷ 4 ft = 6 There are 6 pads on each side of the courtyard.
We place the pads so there are 6 on each side. The outside square has 20 pads. We place the other pads to model concentric squares. We used a total of 36 pads.
This design will need 24 tan pads and 12 gray pads.

Step 4: Check your answer. (Look back.) We read the problem again to see if our solution answers the question. We decide if our answer is reasonable.
The problem asks for the number of pads of each color to show concentric squares. Our solution shows 24 tan pads and 12 gray pads.",NA,"The paragraph presents a standard example problem with solution steps and a check, without any focus on errors, comparisons, or warnings about common mistakes.",high,,C_control
1439,28. (37) Refer to this triangle to answer a and b: a. What is the perimeter of △ABC? b. What is the area of △ABC?,NA,"The paragraph simply asks for perimeter and area calculations; it does not involve error detection, correction, comparison, or warning about common mistakes.",high,,C_control
4557,"decimal number: A numeral that contains a decimal point, sometimes called a decimal fraction or a decimal. 23.94 is a decimal number because it contains a decimal point.",NA,"The paragraph provides a definition and example of a decimal number with no mention of errors, mistakes, or comparison of student work.",high,,C_control
4481,"17. (70, 88) Premixed concrete is sold by the cubic yard. The Jeffersons are pouring a concrete driveway that is 36 feet long, 21 feet wide, and 1/2 foot thick. a. Find the number of cubic feet of concrete needed. b. Use three unit multipliers to convert answer a to cubic yards.",NA,"The paragraph presents a straightforward word problem asking for calculations and unit conversion, with no mention of errors, student work, or error detection.",high,,C_control
3495,"We see that 2x = 30, so we divide by 2 (or multiply by 1/2) to find 1x.
2x/2 = 30/2 divided both sides by 2
x = 15 simplified",NA,"The paragraph simply presents a solution steps without asking the reader to locate or correct an error, nor does it involve named students or warnings about common mistakes.",high,,C_control
2826,"Power Up Building Power facts Power Up P mental math a. Positive/Negative: (+6) + (−18) b. Decimals/Exponents: 6.25 × 10^-2 c. Algebra: 9a − 4 = 32 d. Fractional Parts: 12 is 2/3 of what number? e. Measurement: 5 mm to cm f. Fractional Parts: What is 2/3 of 12? g. Statistics: Find the average of the set of numbers: 95, 95, 50. h. Calculation: What is the total cost of a $25 video game plus 6% sales tax?",NA,"The paragraph lists various mental math problems without mentioning errors, mistakes, or comparing student work.",high,,C_control
837,* 13. (20) The perimeter of a square is one yard. a. How many inches long is each side of the square? b. What is the area of the square in square inches?,NA,"The paragraph simply asks the student to solve a standard geometry problem; it contains no error-focused prompts, named students, or warnings about common mistakes.",high,,C_control
1730,Math Language: An exponent is a small number at the upper right corner of a base number. It shows how many times the base is to be used as a factor.,NA,The paragraph provides a definition of exponent and contains no error-focused instruction or warning.,high,,C_control
2065,11. (51) How many pennies equal one million dollars? Write the answer in scientific notation.,NA,"The paragraph asks a straightforward conversion problem with no mention of errors, mistakes, or comparing student work.",high,,C_control
1761,"Explain Simplify:
22. (20) √(16 · 25)
* 23. (47) 3.6 × 10^3
24. (26) 8 1/3 · 3 3/5 · 1/3
25. (26) 3 1/8 ÷ 6 1/4
26. (35) 26.7 + 3.45 + 0.036 + 12 + 8.7",NA,"The paragraph lists a series of simplification problems without mentioning any errors, student work, or warnings about common mistakes.",high,,C_control
208,Written Practice 11. Connect The temperature at noon was 3°C. The temperature at 5:00 p.m. was −4°C. Did the temperature rise or fall between noon and 5:00 p.m.? By how many degrees?,NA,"The paragraph asks the student to determine whether temperature rose or fell and by how many degrees, with no mention of errors, mistakes, or comparing student work.",high,,C_control
3675,"Power Up Building Power
facts Power Up U
mental math
a. Positive/Negative: (–360) ÷ (8)
b. Order of Operations/Exponents: (2.5 × 10⁷)(4 × 10⁻²)
c. Algebra: 2c + 1 1/2 = 6 1/2
d. Measurement: Convert 0.02 kg to g.
e. Calculation: 4 × 3 3/4
f. Percent: 33 1/3% more than $60
g. Measurement: A centimeter is what fraction of a meter?
h. Rate: At 12 mph, how far can Toby ride a bike in 1 hour and 45 minutes?",NA,"The paragraph only lists a set of practice problems without mentioning any errors, student work, or warnings about common mistakes.",high,,C_control
3313,"We can calculate the measure of each exterior angle of a regular hexagon by remembering how many turns were required in order to face the same direction as when we started. We remember that we made six small turns. In other words, after six turns we had completed one full turn of 360°. If all the turns are in the same direction, the sum of the exterior angles of any polygon is 360°.",NA,"The paragraph explains a geometric concept without mentioning any errors, students, or comparisons.",high,,C_control
4621,irrational numbers: Numbers that cannot be expressed as a ratio of two integers. Their decimal expansions are nonending and nonrepeating. π and √3 are irrational numbers.,NA,The paragraph provides a definition of irrational numbers with examples and contains no request to find or correct errors.,high,,C_control
2941,"20. (62) Classify each triangle as acute, right, or obtuse. Then classify each triangle as equilateral, isosceles, or scalene: a. triangle with right angle; b. obtuse triangle; c. acute triangle.",NA,"The paragraph simply asks students to classify triangles; it does not present errors, compare student work, or warn about common mistakes.",high,,C_control
486,"Example 7 Write 70% as a reduced fraction.
Solution
Recall that a percent is a fraction with a denominator of 100.
70% = 70/100
We can reduce the fraction by dividing each term by 10.
70/100 ÷ 10/10 = 7/10",NA,"The paragraph simply explains how to convert 70% to a reduced fraction with no error focus, named students, or warnings about common mistakes.",high,,C_control
701,Explain How can you quickly tell that these three numbers are composite without writing the complete prime factorization of each number?,NA,"The paragraph asks for a method to identify composite numbers, with no mention of errors, mistakes, or comparing student work.",high,,C_control
3373,"15. (46) If the sales-tax rate is 6%, what is the total price of a $325 printer including sales tax?",NA,"The paragraph simply asks a straightforward calculation question about sales tax, with no mention of errors, student work, or warnings.",high,,C_control
2357,17. (36) What is the ratio of the length of the shortest side of △ABC to the length of the longest side?,NA,"The paragraph simply asks a geometry question without mentioning any error, student work, or comparison.",high,,C_control
4589,factor: 1. Noun: One of two or more numbers that are multiplied. 5 × 6 = 30. The factors in this problem are 5 and 6. 2. Noun: A whole number that divides another whole number without a remainder. The numbers 5 and 6 are factors of 30. 3. Verb: To write as a product of factors. We can factor the number 6 by writing it as 2 × 3.,NA,"The paragraph only provides definitions of the term 'factor' and examples; it does not present any student work, errors, or warnings about common mistakes.",high,,C_control
4263,"12. Complete the table. Fraction: a., 1/12; Decimal: 0.875, c.; Percent: b., d.",NA,"The paragraph asks the student to complete a table by filling in missing fractions, decimals, and percents; it does not involve error detection, correction, comparison, or warnings about common mistakes.",high,,C_control
800,"27. (9, 15) Multiply 3/4 by the reciprocal of 3 and reduce the product.",NA,"The paragraph is a straightforward instruction to perform a multiplication; it does not involve error detection, correction, comparison, or warning about common mistakes.",high,,C_control
2131,"* 15. The y-axis is a line of symmetry for a triangle. The coordinates of two of its vertices are (−3, 2) and (0, 5).
a. What are the coordinates of the third vertex?
b. What is the area of the triangle?",NA,"The paragraph presents a standard geometry problem without mentioning any errors, named students, or warnings about common mistakes.",high,,C_control
4025,"* 23. (99) Analyze We can use the Pythagorean theorem to find the distance between two points on a coordinate plane. To find the distance from point M to point P, we draw a right triangle and use the lengths of the legs to find the length of the hypotenuse. What is the distance from point M to point P?",NA,"The paragraph simply explains using the Pythagorean theorem and asks for the distance; it does not present errors, compare work, or warn about common mistakes.",high,,C_control
2563,"11. Refer to the figure to answer a–c. Dimensions are in millimeters. Corners that look square are square.
a. What is the area of the hexagon?
b. What is the area of the shaded triangle?
c. What fraction of the hexagon is shaded?",NA,"The paragraph asks for calculations of areas and a fraction, with no mention of errors, mistakes, or comparing student work.",high,,C_control
1058,* 7. Generalize Use prime factorization to subtract these fractions: 1/18 − 1/30,NA,"The paragraph simply instructs students to perform a subtraction using prime factorization, with no mention of errors, mistakes, or comparing student work.",high,,C_control
2052,"Example 2
The function y = 2x doubles every number that is put into it. If we input 5 the output is 10. If we input 10, the output is 20. Below is a function table that shows some input-output pairs. Graph all pairs of numbers for this function.
Input x Output y
0 0
1 2
2 4
3 6
4 8
Solution
We begin by graphing the input-output (x, y) pairs in the function table.
We have graphed some pairs of numbers for this function, but we are directed to graph all pairs. That means we need to graph (5, 10) and (6, 12) and so on. It also means we need to graph number pairs between these points such as (1/2, 1) and (1/4, 1/2) for which the output is twice the input. If we graph all such pairs the result is an uninterrupted series of points that form a line. The arrowhead shows that the line continues.
The graph of this function also continues in the opposite direction because the function applies to negative numbers as well as to positive numbers. If we input -1, the output is -2, and doubling -2 results in -4. We show the pairs (-1, -2) and (-2, -4) and all the other pairs of negative numbers for this function by continuing the line of function pairs.
All the points on this line represent the pairs of numbers for the function y = 2x.",NA,"The paragraph simply explains how to graph a linear function and does not involve identifying or correcting errors, comparing student work, or warning about common mistakes.",high,,C_control
3334,"18. (58, 75) a. Trace this isosceles trapezoid and draw its line of symmetry. b. Find the area of the trapezoid.",NA,"The paragraph simply asks the student to perform a drawing and compute area, with no mention of errors, mistakes, or comparison of student work.",high,,C_control
1620,Problems involving division often require us to interpret the results of the division and express our answer in other ways. Consider the following example.,NA,"The paragraph only introduces a topic and invites an example; it contains no error-focused prompt, named students, or warnings about common mistakes.",high,,C_control
717,* 11. (20) The perimeter of a regular quadrilateral is 12 inches. What is its area?,NA,"The paragraph simply asks a straightforward problem without mentioning errors, mistakes, or comparing student work.",high,,C_control
423,"* 4. The beach balls were packed 12 in each case. If 75 cases were delivered, how many beach balls were there in all?",NA,"The paragraph presents a standard word problem requiring multiplication; it does not involve error detection, correction, comparison, or warning about common mistakes.",high,,C_control
2433,"18. (40) Recall that one angle is the complement of another angle if their sum is 90°, and that one angle is the supplement of another if their sum is 180°. In this figure, a which angle is a complement of ∠BOC and b which angle is a supplement of ∠BOC?",NA,"The paragraph asks the student to identify complementary and supplementary angles; it contains no error-focused prompt, named students, or warnings about common mistakes.",high,,C_control
4092,"problem solving
Find the next three numbers in this sequence: 1, 1, 2, 3, 5, 8, 13, . . .",NA,"The paragraph simply asks the student to solve a problem (find the next three numbers) with no mention of errors, named students, or common mistakes.",high,,C_control
1666,"3. (31, 35) Fifty-four and five hundredths is how much greater than fifty and forty thousandths? Use words to write the answer.",NA,"The paragraph simply asks a student to compute a difference and express it in words, with no mention of errors, mistakes, or comparison of student work.",high,,C_control
391,* 3. William and the Normans conquered England in 1066. The Magna Carta was signed by King John in 1215. How many years were there from 1066 to 1215?,NA,"The paragraph simply asks for a calculation of the time span between two dates, with no mention of errors, student work, or common mistakes.",high,,C_control
1366,13. Find the length of segment BC.,NA,The paragraph simply asks the student to solve a geometry problem; it does not involve identifying or correcting errors.,high,,C_control
3850,"Power Up Building Power
facts Power Up V
mental math
a. Positive/Negative: (−0.25) − (−0.75)
b. Scientific Notation: (5 × 10^5)^2
c. Algebra: 80 = 4m − 20
d. Measurement: Convert 1 sq. yd to sq. ft.
e. Percent: 200% 0f $25
f. Percent: 200% more than $25
g. Geometry: A yard is shaped like an octagon and each side measures 4 ft. What is the perimeter of the yard?
h. Rate: At 12 mph, how far can Sherry skate in 45 minutes?",NA,"The paragraph lists a set of practice problems without mentioning errors, student work, or warnings about common mistakes.",high,,C_control
552,"problem solving If a 9 in.-by-9 in. dish of casserole serves nine people, how many 12 in.-by-12 in. dishes of casserole should we make to serve 70 people? (Hint: You may have “leftovers.” )
Understand A nine-inch-square dish of casserole will serve 9 people. We are asked to find how many 12-inch-square dishes of casserole are needed to feed 70 people.
Plan We will draw a diagram to help us visualize the problem. Then we will write an equation to find the number of 12-inch-square dishes of casserole needed.
Solve First, we find the size of each serving by “cutting” the 9-inch-square dish into nine pieces. Then we see how many pieces of the same size can be made from the 12-inch-square dish:
One 3-inch-square piece is one serving. One 12-inch-square pan of casserole can be cut into sixteen 3-inch-square pieces.
One 12-inch-square dish of casserole can serve 16 people. We use this information to write an equation: N × 16 = 70. We divide to find that N = 4 R6. Four dishes of casserole would only serve 64 people, so we must make five dishes of casserole in order to serve 70 people.
Check We found that we need to make five 12-inch dishes of casserole to feed 70 people. It would take 8 nine-inch-square dishes of casserole to feed 70 people. One 12-inch dish feeds almost twice as many people as one 9-inch dish, so our answer should be between 4 and 8. Our answer is reasonable.",NA,"The paragraph presents a standard problem-solving example without showing a student's mistake, comparison, or warning about common errors.",high,,C_control
3880,"19. (67, 70) a. Find the volume of this solid in cubic inches. Dimensions are in feet.
b. Find the surface area of this cube in square feet.",NA,"The paragraph only asks the student to compute volume and surface area; there is no mention of errors, student work, or error detection.",high,,C_control
3948,"Write equations to solve problems 9–11.
9. (77) Sixty is 125 percent of what number?
10. (77) Sixty is what percent of 25?
* 11. (101) Sixty is four more than twice what number?
12. (14, 94) In a can are 100 marbles: 10 yellow, 20 red, 30 green, and 40 blue.
a. If a marble is drawn from the can, what is the chance that the marble will not be red?
b. If the first marble is not replaced and a second marble is drawn from the can, what is the probability that both marbles will be yellow?",NA,"The paragraph only presents standard problem prompts without any mention of errors, mistakes, or comparing student work.",high,,C_control
2738,15. (48) Complete the table. Fraction | Decimal | Percent; a. | 2.5 | b.; c. | d. | 0.2%,NA,"The paragraph is a straightforward instruction to complete a table with missing fraction, decimal, and percent entries, without any mention of errors, student work, or warnings.",high,,C_control
3278,"10. (66, 82) To make a large circle on the field, Nathan tied a 30-foot rope to a pole. Then he walked around the stake with the rope extended as he scraped the ground with another stake. Use 3.14 for π to find the: a. circumference of the circle. b. area of the circle. c. What measure of a circle does the rope represent?",NA,The paragraph presents a straightforward problem asking for calculations; it does not involve identifying or correcting errors.,high,,C_control
4264,"13. The nurse measured Latisha’s resting heart rate by counting the number of times her heart beat over a 15 second interval. If the nurse counted 17 beats, what is Latisha’s heart rate in beats per minute?",NA,"The paragraph simply asks the student to compute a heart rate from given data, with no mention of errors, mistakes, or comparison of student work.",high,,C_control
591,"similar and congruent Two figures are similar if they have the same shape even though they may vary in size. In the illustration below, triangles I, II, and III are similar. To see this, we can imagine enlarging (dilating) triangle II as though we were looking through a magnifying glass. By enlarging triangle II, we could make it the same size as triangle I or triangle III. Likewise, we could reduce triangle III to the same size as triangle I or triangle II.
Although triangle IV is a triangle, it is not similar to the other three triangles, because its shape is different. Viewing triangle IV through a reducing or enlarging lens will change its size but not its shape.
Discuss Ask students how we might draw a triangle that is similar to triangle IV.",NA,"The paragraph explains concepts and asks a discussion question about drawing a similar triangle, without referencing errors or student mistakes.",high,,C_control
4288,"Example 2 Graph y = −3x + 6 using the slope and y-intercept. Solution The slope of the graph is the coefficient of x, which is −3, and the y-intercept is +6, which is located at +6 on the y-axis. From this point we move to the right 1 unit and down 3 units because the slope is −3. This gives us another point on the line. Continuing this pattern, we identify a series of points through which we draw the graph of the equation.",NA,"The paragraph simply explains how to graph a line using slope and y-intercept without mentioning errors, mistakes, or comparing student work.",high,,C_control
689,"Power Up Building Power
facts: Power Up E
mental math:
a. Number Sense: $1.25 + 99¢
b. Decimals: $6.50 ÷ 10
c. Number Sense: $20.00 − $15.75
d. Calculation: 6 × 34
e. Calculation: 1 2/3 + 2 1/3
f. Fractional Parts: 1/3 of 36
g. Measurement: Which is greater 3 pints or 1 quart?
h. Calculation: Start with the number of sides of a hexagon, × 5, + 2, ÷ 8, + 1, ÷ 5.",NA,"The paragraph lists mental math problems without showing errors, asking students to solve them, so it does not fit any error-focused categories.",high,,C_control
124,"We write a number in expanded notation by writing each nonzero digit times its place value. For example, we write 5280 in expanded notation this way: (5 × 1000) + (2 × 100) + (8 × 10) = 5000 + 200 + 80 = 5280.",NA,"The paragraph only explains a concept with an example and does not involve any error detection, correction, or comparison.",high,,C_control
3165,"7. (71) Diagram this statement. Then answer the questions that follow.
Thirty-five thousand dollars were raised in the charity drive. This was seven tenths of the goal.
a. The goal of the charity drive was to raise how much money?
b. The drive fell short of the goal by what percent?",NA,The paragraph presents a word problem and asks the reader to compute values; it does not involve error-focused pedagogy.,high,,C_control
3419,18. Explain Mentally find the product of 25 and 18 and explain how you found the product.,NA,"The paragraph asks the student to compute a product mentally and explain the method, with no mention of errors, named students, or common mistakes.",high,,C_control
3025,"12. Complete the table.
Fraction | Decimal | Percent
2 1/4 | a. | b.
c. | d. | 2 1/4 %",NA,"The paragraph presents a conversion table task with blanks to fill; it contains no error-focused prompts, named students, or warnings about common mistakes.",high,,C_control
2184,"Example 6: A bicycle is on sale for $119.95. The tax rate is 6 percent.
a. What is the tax on the bicycle?
b. What is the total price including tax?
Solution:
a. To find the tax, we change 6 percent to the decimal 0.06 and multiply $119.95 by 0.06. We round the result to the nearest cent.
$119.95 × 0.06 = $7.1970 ──> $7.20
b. To find the total price, including tax, we add the tax to the initial price.
$119.95 price + $7.20 tax = $127.15 total",NA,"The paragraph presents a standard worked example with calculations and no mention of errors, mistakes, or comparison of student work.",high,,C_control
4498,"When you have completed the tetrahedron, select another pattern to cut, fold, and form. All tabs are hidden when the pattern is properly folded, but all other polygons should be fully visible. When you have completed the models, copy this table and fill in the missing information by studying your models.",NA,"The paragraph gives procedural instructions for building models and filling a table, with no mention of errors, mistakes, or comparing student work.",high,,C_control
476,Thinking Skill Justify How do we know that we should multiply 2/3 by 4/4?,NA,"The paragraph asks for justification of a multiplication step, without presenting a student's error, comparison, or warning about common mistakes.",high,,C_control
1428,6. (22) Diagram this statement. Then answer the questions that follow. Three sevenths of the 105 students in the high school band have fewer than 5 years experience playing their instrument. a. How many students have fewer than 5 years experience? b. How many students have 5 or more years experience?,NA,"The paragraph presents a standard word problem and asks for calculations; it does not involve error detection, correction, comparison, or warnings about common mistakes.",high,,C_control
3500,"Example 4
Solve this inequality and graph its solution: 2x − 5 ≥ 1
Solution
We see that the variable term (2x) is positive. We begin by adding 5 to both sides of the inequality. Then we divide both sides of the inequality by 2.
2x − 5 ≥ 1 inequality
2x − 5 + 5 ≥ 1 + 5 added 5 to both sides
2x ≥ 6 simplified
2x/2 ≥ 6/2 divided both sides by 2
x ≥ 3 simplified",NA,"The paragraph presents a straightforward worked example without any error detection, correction, comparison, or warning about common mistakes.",high,,C_control
2918,"Early Finishers Real-World Application The Mendoza family needs to buy new carpet for their family room. The diagram below shows the dimensions of the family room. a. Calculate the area of this room. b. If the Mendozas choose a carpet that costs $2.95 per square foot, how much will it cost them to carpet their family room?",NA,"The paragraph presents a standard word problem without any mention of errors, mistakes, or comparing student work.",high,,C_control
1811,2. (44) Darren carried the football 20 times and gained a total of 184 yards. What was the average number of yards he gained on each carry? Write the answer as a decimal number.,NA,"The paragraph simply asks the student to compute an average; it does not present an error, compare approaches, or warn about common mistakes.",high,,C_control
3068,"21. The figure below illustrates regular hexagon ABCDEF inscribed in a circle with center at point M.
a. How many illustrated chords are diameters?
b. How many illustrated chords are not diameters?
c. What is the measure of central angle AMB?
d. What is the measure of inscribed angle ABC?",NA,"The paragraph presents a standard geometry problem without mentioning any errors, student work, or error detection.",high,,C_control
1168,"12. (5, 21) a. Write 2500 in expanded notation. b. Write the prime factorization of 2500 using exponents. c. Find √2500.",NA,"The paragraph presents a standard set of math tasks without mentioning any errors, student work, or warnings.",high,,C_control
293,"* 29. (4, 8) Generalize Describe the following sequence. Then find the next number in the sequence.
1/2, 1/4, 1/8, . . .",NA,"The paragraph asks the student to describe a sequence and predict the next term, with no mention of errors, mistakes, or comparing student work.",high,,C_control
1371,Solve: 18. 7 ∙ 8 = 4x; 19. 4.2 = 1.7 + y; 20. m – 3.6 = 0.45; 21. 4.5/w = 3,NA,"The paragraph simply asks students to solve a set of equations; it does not present errors, compare student work, or warn about common mistakes.",high,,C_control
2674,"New Concept Increasing Knowledge Consider the following problem: If 12 math books weigh 40 pounds, how much would 30 math books weigh? We could solve this problem by finding the weight of one book and then multiplying that weight by 30. However, since the weight per book is constant we may write a proportion. Notice that the problem describes two situations. In one case the number and weight of the books are given. In the other case the number is given and we are asked to find the weight. We will record the information in a ratio box. Instead of using the words “ratio” and “actual count,” we will write “Case 1” and “Case 2.” We will use p to stand for pounds. From the table we write a proportion and solve it. 12/40 = 30/p proportion. We will cross multiply to solve the proportion, as shown on the following page. 12p = 40 · 30 cross multiplied. 12p/12 = 40 · 30 / 12 divided by 12. p = 100 simplified. We find that 30 math books would weigh 100 pounds.",NA,"The paragraph explains how to solve a proportion problem and does not involve identifying or correcting errors, comparing student work, or warning about common mistakes.",high,,C_control
2862,"Power Up facts: Power Up P. mental math: a. Positive/Negative: (+12) − (−18) b. Exponents: 4 × 10^6 c. Ratio: 100/150 = 30/a d. Estimation: Estimate 15% of $61. e. Measurement: 25 cm to m f. Fractional Parts: 12 is 3/4 of n. g. Statistics: Find the average of the set of numbers: 100, 60, 90, 70. h. Calculation: 10% of 50, × 6, + 2, ÷ 4, × 2, √, × 9, √, × 7, ÷ 2",NA,"The paragraph lists a series of mental math problems without mentioning errors, mistakes, or comparing student work.",high,,C_control
158,"Divisibility: As we saw in example 2, the number 51 can be divided by 3. The capability of a whole number to be divided by another whole number with no remainder is called divisibility. Thus, 51 is divisible by 3.",NA,"The paragraph provides a definition and example of divisibility without presenting student errors, comparisons, or warnings about common mistakes.",high,,C_control
2627,"Evaluate For each of the following equations:
a. State the operation you select to isolate the variable.
b. Describe how to perform the operation and keep the equation balanced.
c. Write a line-by-line solution of the equation.
d. Show the check of the solution.
15. x + 2.5 = 7
16. 3.6 = y + 2
17. 4w = 132
18. 1.2m = 1.32
19. x + 3/4 = 5/6
20. 3/4 x = 5/6",NA,"The paragraph asks students to solve equations and describe steps, without referencing any errors, mistakes, or comparing student work.",high,,C_control
1554,* 19. (41) Conclude Evaluate 1/2 bh when b = 12 and h = 10.,NA,"The paragraph simply asks the student to evaluate a formula with given values; it does not involve error detection, correction, or comparison.",high,,C_control
1997,"5. (6, 27) What is the quotient when the least common multiple of 4 and 6 is divided by the greatest common factor of 4 and 6?",NA,"The paragraph simply asks a math question without referencing any error, student work, or comparison.",high,,C_control
1508,"The stem-and-leaf plot below shows the distribution of numbers of stamps collected by 20 stamp club members. Refer to the stem-and-leaf plot to answer problems 7 and 8. * 7. (Inv. 4) For the number of stamps collected, find a. the median. b. the first quartile. c. the third quartile. d. any outliers. * 8. (Inv. 4) Represent Make a box-and-whisker plot of the stamps collected in the stem-and-leaf plot.",NA,"The paragraph asks students to compute statistical measures and create a plot from given data, with no mention of errors, mistakes, or comparing student work.",high,,C_control
2637,Discuss: Why do we multiply both sides of the equation by 8/3?,NA,"The prompt asks for a conceptual discussion about a procedural step, without presenting a student's error, comparison, or warning about common mistakes.",high,,C_control
4425,"2. (92) If Khalid saved $5 by purchasing a box of blank CDs at a sale price of $15, then the regular price was reduced by what percent?",NA,"The paragraph presents a straightforward word problem asking for a percent reduction; it does not involve error detection, correction, comparison, or warnings about common mistakes.",high,,C_control
4344,"7. From 1990 to 2000, the population of Phoenix, Arizona increased from about 980,000 people to about 1,321,000 people. The population increased by what percent? Round your answer to the nearest one percent.",NA,"The paragraph presents a straightforward calculation problem with no mention of errors, student work, or warnings about common mistakes.",high,,C_control
2940,19. (65) Find the circumference of each circle: a. Circle with diameter 1 m; Use 3.14 for π. b. Circle with radius 0.5 m; Leave π as π.,NA,"The paragraph simply asks students to compute circumferences; it contains no error identification, correction, comparison, or warning about common mistakes.",high,,C_control
2332,Example 1 Simplify: 50 − [20 + (10 − 5)] Solution First we simplify within the parentheses. 50 − [20 + (5)] simplified within parentheses. 50 − [25] simplified within brackets. 25 subtracted,NA,"The paragraph presents a straightforward worked example with no mention of errors, students, or comparisons.",high,,C_control
3634,"* 24. (93) Represent Solve this inequality and graph its solution:
0.8x + 1.5 < 4.7",NA,"The paragraph simply asks the student to solve an inequality and graph it, with no mention of errors, mistakes, or comparing student work.",high,,C_control
1801,"A mixed measure is a measurement that includes different units from the same category (length, volume, time, etc.).
The movie was 1 hour 48 minutes long.
To add mixed measures, we align the numbers in order to add units that are the same. Then we simplify when possible.",NA,"The paragraph only defines mixed measures and explains how to add them; it does not present errors, compare student work, or warn about common mistakes.",high,,C_control
1515,Reading Math: The symbol π stands for pi and is pronounced “pie.”,NA,The paragraph simply defines the symbol π; it contains no error-focused instruction or warning.,high,,C_control
1923,"LESSON 52: Order of Operations
Power Up Building Power
facts: Power Up K
mental math:
a. Calculation: 6 × 75¢
b. Decimals/Exponents: 4.5 ÷ 10^2
c. Equivalent Fractions: 15/5 = m/6
d. Measurement: Convert 250 cm to m.
e. Exponents: 10^3 − 20^2
f. Fractional Parts: 9/10 of 200
g. Probability: How many different ways can you arrange the digits 8, 4, 6, 3?
h. Rate: At 80 km per hour, how far will a car travel in 2 1/2 hours?",NA,"The paragraph lists various math tasks and topics without presenting any student work, errors, or warnings about common mistakes.",high,,C_control
25,"Power Up Building Power
facts Power Up A
mental math
A score is 20. Two score and 4 is 44. How many is
a. Measurement: 3 score
b. Measurement: 4 score
c. Measurement: 4 score and 7
d. Measurement: Half a dozen
e. Measurement: 2 dozen
f. Measurement: 4 dozen
g. Probability: What is the probability of rolling a 3 on a number cube?
h. Calculation/Measurement: Start with a score. Add a dozen; divide by 4; add 2; then divide by 2. What is the answer?",NA,"The paragraph presents a series of math problems without referencing any student work, errors, or warnings about common mistakes; it is standard practice content.",high,,C_control
2612,"30. A coin is tossed and the spinner is spun. One possible outcome is heads and A (HA).
a. What is the sample space of the experiment?
b. What is the probability of getting heads and a consonant?",NA,The paragraph simply asks students to determine the sample space and probability; it does not present or ask about errors.,high,,C_control
2198,"12. Complete the table.
| Fraction | Decimal | Percent |
|---|---|---|
| 1/8 | a. | b. |
| c. | d. | 125% |",NA,"The paragraph simply asks the student to complete a conversion table with no mention of errors, mistakes, or comparison of student work.",high,,C_control
4365,28. Simplify: (−3) + (−2)[(−3)(−2) − (+4)] − (−3)(−4),NA,"The paragraph presents a single simplification problem with no mention of student errors, comparisons, or warnings.",high,,C_control
122,"New Concepts: Place Value Through Hundred Trillions. In our number system the value of a digit depends upon its position within a number. The value of each position is its place value. The chart shows place values from the ones place to the hundred-trillions place: hundred trillions, ten trillions, trillions, hundred billions, ten billions, billions, hundred millions, ten millions, millions, hundred thousands, ten thousands, thousands, hundreds, tens, ones.",NA,"The paragraph only explains place value concepts and provides a chart; it does not involve error detection, correction, comparison, or warnings about common mistakes.",high,,C_control
2618,"We show the line-by-line solution of the equation below.
45 = x + 18 original equation
45 – 18 = x + 18 - 18 subtracted 18 from both sides
27 = x + 0 simplified both sides
27 = x (x + 0 = x)
We check the solution by replacing x with 27 in the original equation.
45 = x + 18 original equation
45 = 27 + 18 replaced x with 27
45 = 45 simplified right side
By checking the solution in the original equation, we see that the solution is correct. Now we revisit the equation to illustrate one more idea.",NA,"The paragraph presents a worked example and verification, without asking the reader to find or correct an error.",high,,C_control
3643,"The lengths of the corresponding sides of triangles a and b are 6 and 3, 8 and 4, and 10 and 5. These pairs of lengths can be written as equal ratios.
triangle a / triangle b: 6/3 = 8/4 = 10/5
Notice that each of these ratios equals 2. If we choose to put the lengths of the sides of triangle b on top, we get three ratios, each equal to 1/2.
triangle b / triangle a: 3/6 = 4/8 = 5/10
Thinking Skills Explain: Do triangles have to be the same size to be similar?
We can write proportions using equal ratios in order to find the lengths of unknown sides of similar triangles.",NA,The paragraph explains ratios for similar triangles and asks a conceptual question; it does not involve identifying or correcting errors.,high,,C_control
4574,edge: A line segment formed where two faces of a polyhedron intersect. One edge of this cube is blue. A cube has 12 edges.,NA,The paragraph provides a definition and factual statements about edges; it contains no error-focused prompts or warnings.,high,,C_control
3257,"hours ➔ minutes ➔ seconds: 5 hr · (60 min / 1 hr) · (60 s / 1 min) = 18,000 s",NA,"The paragraph simply demonstrates a unit conversion calculation with no mention of errors, mistakes, or comparison of student work.",high,,C_control
550,"Early Finishers Real-World Application The number of miles a car can travel on one gallon of gas is expressed as “miles per gallon” (mpg). Petro’s mother drives an average of 15,000 miles a year. Her car averages 25 mpg.
a. How many gallons of gasoline will Petro’s mother buy every year? Show your work.
b. If the average cost of a gallon of gasoline is $2.39, how much will she spend on gasoline?",NA,"The paragraph presents a straightforward application problem asking students to compute quantities; it does not involve error detection, correction, comparison, or warnings about common mistakes.",high,,C_control
3128,"3. (Inv. 4) Refer to the graph below to answer a–c.
[Daily High Temperature: Mon 68°F, Tues 72°F, Wed 70°F, Thu 76°F, Fri 79°F]
a. What was the range of the daily high temperatures from Monday to Friday?
b. Which day had the greatest increase in temperature from the previous day?
c. Wednesday’s high temperature was how much lower than the average high temperature for these 5 days?",NA,"The paragraph asks factual questions about data; it does not present student errors, compare approaches, or warn about common mistakes.",high,,C_control
2000,"8. (47) Justify Find each missing exponent. What exponent rule did you use?
a. 10⁶ · 10² = 10^□
b. 10⁶ ÷ 10² = 10^□",NA,"The paragraph asks students to fill in missing exponents and justify the rule used; it does not involve identifying or correcting errors, comparing student work, or warning about common mistakes.",high,,C_control
1162,* 6. (29) Estimate Mentally estimate the product of 313 and 489.,NA,"The paragraph simply asks the student to estimate a product; it does not involve showing a student's error, comparing approaches, detecting an error, or warning about common mistakes.",high,,C_control
3269,1. (53) Janis earns $8 per hour at a part-time job. How much does she earn working 3 hours 15 minutes?,NA,"The paragraph is a straightforward word problem asking for a calculation, with no mention of errors, comparisons, or warnings.",high,,C_control
4311,* 19. Generalize Express each quotient in scientific notation: a. (8 × 10^-4) / (4 × 10^8) b. (4 × 10^8) / (8 × 10^-4),NA,"The paragraph simply asks students to perform a calculation (express quotients in scientific notation) with no mention of errors, mistakes, or comparison of student work.",high,,C_control
1959,Math Language: A proportion is a statement that two ratios are equal.,NA,"The paragraph provides a definition of a proportion and contains no mention of errors, mistakes, or comparison of student work.",high,,C_control
2599,11. What is the average of the three numbers marked by arrows on the number line below?,NA,"The paragraph simply asks for a calculation (average) of given numbers; it does not involve identifying or correcting errors, comparing student work, or warning about common mistakes.",high,,C_control
3311,"Activity Exterior Angles Materials needed: • A length of string (5 feet or more) • Chalk • Masking tape (optional) Before performing this activity, lay out a regular hexagon in the classroom or on the playground. This can be done by inscribing a hexagon inside a circle as described in Investigation 2. Use the string and chalk to sweep out the circle and to mark the vertices and sides of the hexagon. If desired, mark the sides of the hexagon with masking tape. After the hexagon has been prepared, walk the perimeter of the hexagon while making these observations: 1. Notice the direction you were facing when you started around the hexagon as well as when you finished going around the hexagon after six turns. 2. Notice how much you turned at each “corner” of the hexagon. Did you turn more than, less than, or the same as you would have turned at the corner of a square? Each student should have the opportunity to walk the perimeter of the hexagon.",NA,"The paragraph describes a hands‑on activity about walking a hexagon and observing turns, with no mention of errors, mistakes, or comparing student work.",high,,C_control
2819,25. (49) Simplify: 2 hr 48 min 20 s − 1 hr 23 min 48 s,NA,"The paragraph simply presents a subtraction problem with no mention of errors, mistakes, or comparison of student work.",high,,C_control
70,"Example 3
Find the unknown number in each equation:
a. 12n = 168    b. 7k = 105
Solution
In both a and b the unknown number is one of the two factors. Notice that 7k means “7 times k.” We can find an unknown factor by dividing the product by the known factor.
a. Divide: 168 ÷ 12 = 14. Try it: 12 × 14 = 168 check. In a, n is 14.
b. Divide: 105 ÷ 7 = 15. Try it: 15 × 7 = 105 check. In b, k is 15.
Model Draw a picture to help you find the unknown number in the equation 3y = 12. Hint: How many groups of 3 can you make?",NA,"The paragraph provides a worked example and a model prompt, without presenting a student's error or asking the reader to detect or correct an error.",high,,C_control
3511,"9. (22) Diagram this statement. Then answer the questions that follow.
Five ninths of the 45 cars pulled by the locomotive were not tanker cars.
a. How many tanker cars were pulled by the locomotive?
b. What percent of the cars pulled by the locomotive were not tanker cars?",NA,"The paragraph presents a word problem and asks the student to solve it; there is no mention of errors, mistakes, or comparing student work.",high,,C_control
2526,"6. Sound travels through air at about 1/3 of a kilometer per second. If thunder is heard 6 seconds after a flash of lightning, about how many kilometers away was the lightning?",NA,"The paragraph presents a standard word problem without any mention of errors, student work, or comparisons.",high,,C_control
2914,"20. (56) Write the rule of this function with words and as an equation. Then find the missing number. (Input x: 2, 3, 4, 5; Output y: 9, 14, [ ], 24)",NA,The paragraph asks the student to write a rule and find a missing number; it does not involve identifying or correcting errors.,high,,C_control
1312,Represent: How can we represent the sample space as a list?,NA,"The paragraph asks a conceptual question about representing a sample space; it contains no mention of errors, mistakes, or conflicting student work.",high,,C_control
1056,"5. In the following statement, change the percent to a reduced fraction. Then answer the questions. The Daltons completed 30% of their 2140-mile trip the first day. a. How many miles did they travel the first day? b. How many miles of their trip do they still have to travel?",NA,"The paragraph asks students to perform a conversion and solve straightforward questions, with no mention of errors, mistakes, or comparing student work.",high,,C_control
812,"Example 2 A set of alphabet cards includes one card for each letter of the alphabet. If one card is drawn from the set of cards, what is the probability of drawing a vowel, including y? Solution The vowels are a, e, i, o, u, and we are told to include y. So the probability of drawing a vowel card is 6 in 26, which we can reduce. 6/26 = (2 · 3) / (2 · 13) = 3/13",NA,"The paragraph presents a straightforward example problem and solution with no mention of errors, mistakes, or comparison of student work.",high,,C_control
3602,"New Concepts: estimating angle measures
In this lesson we will learn a technique for estimating the measure of an angle. To estimate angle measures, we need a mental image of a degree scale—a mental protractor. We can “build” a mental image of a protractor from a mental image we already have—the face of a clock.
The face of a clock is a full circle, which is 360°, and is divided into 12 numbered divisions that mark the hours. From one numbered division to the next is 1/12 of a full circle. One twelfth of 360° is 30°. Thus the measure of the angle formed by the hands of a clock at 1 o’clock is 30°, at 2 o’clock is 60°, and at 3 o’clock is 90°.",NA,"The paragraph only introduces a new concept and explains a technique; it does not present errors, compare student work, or warn about common mistakes.",high,,C_control
2861,"* 30. (76) Estimate Before dividing, determine whether the quotient is greater than or less than 1 and state why. Then perform the calculation: (5/6) / (2/3)",NA,"The paragraph asks the student to estimate and perform a calculation, with no mention of errors, mistakes, or comparing student work.",high,,C_control
585,"problem solving Letha has 7 coins in her hand totaling 50 cents. What are the coins?
Understand Letha has a combination of coins in her hand totaling 50 cents. We have been asked to determine what seven coins Letha has.
Plan We will use logical reasoning to eliminate coins that are not possible. Then, we will guess and check until we find the combination of coins in Letha’s hand. We will make a table to keep track of the combinations we try and to ensure we do not miss any combinations.
Solve Letha cannot have a half dollar, because one half dollar equals 50 cents. If one of Letha’s coins were a quarter, she would have to have six other coins that total 25 cents, which is impossible. Letha cannot have pennies, either. In order to have exactly 50 cents, she would need either 5 pennies (which would require two additional coins totaling 45 cents, which is impossible) or 10 pennies (which is too many). We recognize that we only need to consider nickels and dimes to determine Letha’s coins.
Now we are ready to make a table. We begin by considering 5 dimes and then add nickels to bring the total to 50 cents:
Dimes | Nickels | Total
5 = 50¢ | 0 = 0¢ | 5 coins = 50 cents
4 = 40¢ | 2 = 10¢ | 6 coins = 50 cents
3 = 30¢ | 4 = 20¢ | 7 coins = 50 cents
Check We found that Letha has three dimes and four nickels in her hand. Our table helped us keep track of each guess and helped us work through the problem in an organized way.",NA,"The paragraph presents a worked example and reasoning process without showing a student's error, comparing approaches, or warning about common mistakes.",high,,C_control
4563,"diagonal: A line segment, other than a side, that connects two vertices of a polygon.",NA,"The paragraph provides a definition of a diagonal with no mention of errors, mistakes, or comparison of student work.",high,,C_control
1012,"* 3. (28) The number of fruit flies in each of Sandra’s six samples were: 75, 70, 80, 80, 85, and 90. What was the mean number of fruit flies in her samples?",NA,"The paragraph simply asks the student to compute a mean from given data, with no mention of errors, mistakes, or comparison of student work.",high,,C_control
1570,Thinking Skill Generalize: What denominators would you use to express 0.3 and 0.24 as fractions? Explain why.,NA,"The paragraph asks a student to determine denominators for converting decimals to fractions, with no mention of errors, mistakes, or comparison of student work.",high,,C_control
469,"LESSON 15
• Equivalent Fractions
• Reducing Fractions, Part 1",NA,"The text is simply a lesson heading listing topics, with no mention of errors, student work, or comparisons.",high,,C_control
4166,New Concept Increasing Knowledge: A pyramid is a geometric solid that has three or more triangular faces and a base that is a polygon. Each of these figures is a pyramid:,NA,"The paragraph provides a definition of a pyramid and does not involve any error detection, correction, comparison, or warning about common mistakes.",high,,C_control
1535,Math Language Generalize: How would we write the answer to 1 ÷ 7 with a bar over the repetend?,NA,"The paragraph asks how to write a repeating decimal representation, with no mention of errors, mistakes, or comparison of student work.",high,,C_control
3011,"Example 1
Thinking Skill Explain How is the question in example 1 different from the previous question?
Forty percent of the students at Lincoln Middle School do not buy their lunch in the school cafeteria. If 480 students buy their lunch in the cafeteria, how many of the students do not buy their lunch in the cafeteria?
Solution
We solve this problem just as we solve a ratio problem. We use the percents to fill the percent column of the table. Together, all the students in the school are 100 percent. The part that does not buy lunch is 40 percent. Therefore, the part that buys lunch is 60 percent. The number 480 is the actual count of the students who buy their lunch. We write these numbers in the table.
Discuss How do you think we should decide which letters to use as variables in the table? Why?
Now we use the table to write a proportion. Since we know both numbers in the second row, we will use that row in the proportion. Since the problem asks us to find the actual count of students who do not buy their lunch in the cafeteria, we also use the first row of the table in the proportion.
40/60 = N/480
60N = 19,200
N = 320
We find that 320 students do not buy their lunch in the cafeteria.",NA,"The paragraph presents a standard example problem with solution and a discussion prompt, without any focus on identifying or correcting errors.",high,,C_control
1897,"Example 1: There are eight point six four times ten to the fourth seconds in a day. Show how this number is written in scientific notation.
Solution: 8.64 × 10^4
In scientific notation the power of 10 indicates where the decimal point is located when the number is written in standard form. Consider this number expressed in scientific notation:
4.62 × 10^6
Multiplying 4.62 by 10^6 has the effect of shifting the decimal point six places (note the exponent in 10^6) to the right. We use zeros as placeholders.
4,620,000
Discuss How do we determine the number of places to shift the decimal point?",NA,"The paragraph presents an example and asks a conceptual discussion question; it does not present a student error, compare approaches, or warn about common mistakes.",high,,C_control
3973,* 11. (101) Fifty-six is eight less than twice what number?,NA,"The paragraph is a straightforward word problem asking for a number; it does not involve identifying or correcting errors, comparing student work, or warning about common mistakes.",high,,C_control
3491,"Power Up Building Power
facts Power Up T
mental math
a. Positive/Negative: (−25)(−8)
b. Order of Operations/Exponents: (2.5 × 10⁸)(3 × 10⁻⁴)
c. Ratio: 100/x = 22/55
d. Measurement: 2 ft² equals how many square inches?
e. Calculation: 8 × 2 1/4
f. Percent: 10% less than 60
g. Geometry: A slide moves triangle ABC to form triangle A'B'C'. What is the proper name of the transformation that formed △A'B'C'?
h. Estimation: Estimate the product of 3.14 and 4.9 cm.",NA,"The paragraph simply lists a series of math problems without mentioning errors, student work, or warnings about common mistakes.",high,,C_control
2429,"14. (Inv. 3) A circle is drawn on a coordinate plane with its center at the origin. One point on the circle is (3, 4). Use a compass and graph paper to graph the circle. Then answer a and b.
a. What are the coordinates of the points where the circle intersects the x-axis?
b. What is the diameter of the circle?",NA,The paragraph asks the student to graph a circle and answer geometry questions; it does not involve identifying or correcting errors.,high,,C_control
2709,27. (26) Simplify: (2 1/2)^2 ÷ (4 1/2 · 6 2/3),NA,"The paragraph simply presents a simplification problem with no mention of errors, student work, or warnings.",high,,C_control
4179,f. A pyramid with a height of 12 inches and a base 12 inches square is packed in the smallest cubical box that can contain it. What is the volume of the box? What is the volume of the pyramid?,NA,"The paragraph simply asks the student to compute volumes; it does not present errors, compare approaches, or warn about common mistakes.",high,,C_control
804,"Early Finishers Real-World Application Zachary surveyed the 30 students in his class to find out how they get home. He found that 60% of the students ride the bus. a. How many students ride the bus? b. Half the students who do not ride the bus walk home. How many students walk home? c. Based on his survey, what fraction of the students in the school might Zachary conclude walk to school?",NA,"The paragraph presents a real-world application problem with no mention of errors, mistakes, or comparison of student work.",high,,C_control
123,"Example 1: a. Which digit is in the trillions place in the number 32,567,890,000,000? b. In 12,457,697,380,000, what is the place value of the digit 4? Solution: a. The digit in the trillions place is 2. b. The place value of the digit 4 is hundred billions.",NA,"The paragraph presents a standard place‑value question and its solution, with no mention of errors, mistakes, or conflicting student answers.",high,,C_control
3016,"2. Use a ratio box to solve this problem. Annuals are plants that complete their life cycle in one year. Perennials are plants that live for more than one year. In a botanical garden, the ratio of annuals to perennials was 9 to 5. If the total number of plants was 2800, how many annuals were there?",NA,"The paragraph presents a straightforward ratio problem without mentioning errors, mistakes, or comparing student work.",high,,C_control
4651,"odds: A way of describing the likelihood of an event; the ratio of favorable outcomes to unfavorable outcomes. If you roll a number cube, the odds of getting a 3 are 1 to 5.",NA,"The paragraph provides a definition of odds and an example; it does not involve error detection, correction, comparison, or warning about common mistakes.",high,,C_control
1215,27. (2) a. Solve: 54 = 54 + y b. What property is illustrated by the equation in a?,NA,The paragraph asks the student to solve an equation and identify a property; it does not involve error-focused pedagogy.,high,,C_control
680,Discuss What is the relationship between a chord and a diameter? Explain.,NA,The paragraph asks for a discussion of a geometric concept and does not involve any error-focused activity.,high,,C_control
4051,9. (77) Sixty percent of what number is 150?,NA,"The paragraph is a straightforward math problem asking for a number; it does not involve error detection, correction, comparison, or warnings about common mistakes.",high,,C_control
2254,Figure ABCD is a parallelogram. Refer to this figure to find the measures of the angles in problems h–j. h. ∠A i. ∠ADB j. ∠ABC,NA,"The paragraph simply asks students to find angle measures using a figure, with no mention of errors, mistakes, or comparing student work.",high,,C_control
4649,obtuse angle: An angle whose measure is between 90° and 180°. An obtuse angle is larger than both a right angle and an acute angle.,NA,"The paragraph provides a definition of an obtuse angle with no mention of errors, mistakes, or comparison of student work.",high,,C_control
1541,4. (22) Diagram this statement. Then answer the questions that follow. Seven ninths of the 450 students in the assembly were entertained by the speaker. a. How many students were entertained? b. How many students were not entertained?,NA,The paragraph asks students to diagram a statement and compute quantities; it does not involve identifying or correcting errors.,high,,C_control
1485,10. The interquartile range is the difference between the upper and lower quartiles. What is the interquartile range of these scores?,NA,The paragraph simply defines the interquartile range and asks for its value; it does not present or ask about errors.,high,,C_control
1870,* 26. (49) 4 yd 2 ft 7 in. + 3 yd 5 in.,NA,"The paragraph is a straightforward arithmetic problem involving unit addition, with no mention of errors, student work, or warnings.",high,,C_control
4323,"Power Up facts: Power Up V mental math: a. Positive/Negative: (−90)(−4) / −6 b. Scientific Notation: (7 × 10^-4) ÷ (2 × 10^-6) c. Algebra: 2a^2 = 50 d. Measurement: Convert 100°C to Fahrenheit. e. Percent: 12 1/2% of $4000 f. Percent: 12 1/2% less than $4000 g. Geometry: Angles A and B are A. complementary B. supplementary h. Calculation: Find 10% of 60, + 4, × 8, + 1, √ , × 3, + 1, ÷ 4, × 5, + 1, √ , – 7.",NA,"The paragraph lists a series of mental math problems without mentioning errors, student work, or warnings about common mistakes.",high,,C_control
2775,20. (52) Evaluate: (m + n) − mn if m = 1 1/2 and n = 2 2/3,NA,The paragraph simply asks the student to evaluate an expression with given values; it contains no error-focused prompt or warning.,high,,C_control
2835,Thinking Skill Generalize: Name three complex fractions equal to 1.,NA,"The paragraph asks students to generate examples of complex fractions equal to 1, with no mention of errors, mistakes, or comparison of student work.",high,,C_control
1218,30. (17) Use a protractor to draw a triangle that has a 30° angle and a 60° angle.,NA,The paragraph simply instructs the student to draw a triangle with specified angles; it does not involve identifying or correcting errors.,high,,C_control
214,Written Practice 25. Evaluate each expression for a = 200 and b = 400: a. ab  b. a − b  c. b/a,NA,"The paragraph simply asks students to evaluate expressions with given values; it contains no error detection, correction, comparison, or warning about common mistakes.",high,,C_control
638,"25. (9) a. How many 1/2s are in 1?
b. Use the answer to a to find the number of 1/2s in 5.
26. (7, 8) Use your ruler to draw AB 1 1/2 in. long. Then draw BC perpendicular to AB 2 in. long. Draw a segment from point A to point C to complete △ ABC. What is the length of AC?",NA,"The paragraph presents standard math problems asking the student to compute quantities and draw a figure; there is no mention of errors, mistakes, or comparison of student work.",high,,C_control
1509,"* 9. (19, 37) Analyze Refer to the figure at right to answer a and b. All angles are right angles. Dimensions are in feet. a. What is the area of the figure? b. What is the perimeter of the figure?",NA,The paragraph simply asks the student to compute area and perimeter of a figure; it does not involve identifying or correcting errors.,high,,C_control
3700,"Example 2
In this triangle, find a. Dimensions are in inches.
[Triangle with leg a, leg 12, hypotenuse 13]

Solution
We copy the triangle and draw a square on each side. The area of the largest square is 169 in.². The areas of the smaller squares are 144 in.² and a². By the Pythagorean theorem, a² plus 144 in.² must equal 169 in.².
a² + 144 in.² = 169 in.²
Subtracting 144 in.² from both sides, we see that
a² = 25 in.²
This means that a equals 5 in., because (5 in.)² is 25 in².",NA,"The paragraph presents a worked example solving for a side length using the Pythagorean theorem, with no request to find or correct errors, no named students, and no warning about common mistakes.",high,,C_control
1575,"Example 3: Find the probability of the spinner stopping on 5. Express the probability as a decimal number. Solution: Since there are five equally likely outcomes, the probability of the spinner stopping on 5 is 1/5. We convert 1/5 to a decimal by dividing 1 by 5. 5)1.0 = .2. We find that P(5) is 0.2.",NA,"The paragraph presents a straightforward worked example without any mention of errors, student work, or warnings about common mistakes.",high,,C_control
4396,12. Explain Find the measure of the smallest angle of the triangle shown. Explain how you found your answer.,NA,"The paragraph simply asks the student to solve a geometry problem and explain the solution, with no mention of errors, mistakes, or comparing student work.",high,,C_control
4268,"* 17. Analyze Find three pairs of numbers that satisfy the function y = −2x. Then graph the number pairs on a coordinate plane, and draw a line through the points to show other number pairs that satisfy the function. What is the slope of the graphed line?",NA,"The paragraph asks students to find pairs, graph, and determine slope, with no mention of errors, mistakes, or comparing student work.",high,,C_control
2721,"Conclude If the result of the multiplication of two numbers is a negative number, what can we say about the signs of the factors?",NA,"The paragraph asks a conceptual question about signs of factors, without presenting a student's error, comparison, or warning about common mistakes.",high,,C_control
2712,"30. (35, 43) Write the sum of 5 1/4 and 1.9 as a decimal.",NA,The paragraph simply asks the student to compute a sum; it does not involve identifying or correcting errors.,high,,C_control
3191,Verify Fractions such as 1/2 are also less than 4. Why didn’t we graph points for fractions such as 1/2 on the number line above?,NA,"The paragraph asks the student to verify a fact and asks a question about graphing fractions, without presenting an error, warning, or comparison.",high,,C_control
3721,"Use a metric ruler to draw a segment 6 cm long. Label the endpoints A and C.
Next open a compass so that the distance between the pivot point and pencil point is more than half the length of the segment to be bisected (in this case, more than 3 cm). You will swing arcs from both endpoints of the segment, so do not change the compass radius once you have it set. Place the pivot point of the compass on one endpoint of the segment, and make a curve by swinging an arc on both sides of the segment as shown.",NA,"The paragraph gives step‑by‑step instructions for a construction and does not involve any error detection, correction, comparison, or warning about common mistakes.",high,,C_control
2725,* 2. (55) Analyze Lydia walked 30 minutes a day for 5 days. The next 3 days she walked an average of 46 minutes per day. What was the average amount of time she spent walking per day during those 8 days?,NA,"The paragraph simply asks the student to compute an average; it does not present an error, compare approaches, or warn about common mistakes.",high,,C_control
3411,14. Multiply each pair of numbers in the table. What do you find about the products?,NA,"The paragraph asks students to perform a multiplication task and observe a pattern, with no mention of errors, named students, or error detection.",high,,C_control
3382,Generalize Simplify: 26. (57) 10¹ + 10⁰ + 10⁻¹ (decimal answer),NA,"The paragraph is a straightforward problem prompt with no mention of errors, student work, or warnings.",high,,C_control
1006,"Example 7: Mentally estimate:
a. 5 7/10 × 3 1/3
b. 396 × 312
c. 4160 ÷ 19

Solution:
a. We round each mixed number to the nearest whole number before we multiply.
5 7/10 × 3 1/3
↓       ↓
6 × 3 = 18
b. When mentally estimating we often round the numbers to one nonzero digit so that the calculation is easier to perform. In this case we round to the nearest hundred.
400 × 300 = 120,000
c. We round each number so there is one nonzero digit before we divide.
4160/19 → 4000/20 = 200
Performing a quick mental estimate helps us determine whether the result of a more complicated calculation is reasonable.",NA,"The paragraph provides estimation strategies without referencing student errors, mistakes, or comparisons.",high,,C_control
4285,"Represent What is the equation, in slope-intercept form, for a line whose slope is 4 and whose y-intercept is −2?",NA,"The paragraph simply asks for the equation of a line given slope and intercept, with no mention of errors, mistakes, or comparison of student work.",high,,C_control
1589,"The stem-and-leaf plot below shows the distribution of finish times in a 100-meter sprint. Refer to the stem-and-leaf plot to answer problems 6 and 7. Stem 11: Leaf 2; Stem 12: Leaf 3 4 8; Stem 13: Leaf 0 3 4 5 6; Stem 14: Leaf 1 4 7 8; Stem 15: Leaf 2 5. (12 | 3 represents 12.3 seconds) * 6. (Inv. 4) Analyze For the 100-meter finish times, find the a. median. b. lower quartile. c. upper quartile.",NA,"The paragraph simply asks the student to compute statistical measures from a given plot, with no focus on errors or mistakes.",high,,C_control
1571,Explain: How can we reduce 125/1000 to 1/8 using the GCF of 125 and 1000?,NA,"The paragraph asks for an explanation of a reduction process; it does not present a student's error, compare approaches, or warn about common mistakes.",high,,C_control
2694,* 12. (69) Represent Write each number in scientific notation: a. 0.6 × 10^6 b. 0.6 × 10^-6,NA,"The paragraph simply asks the student to write numbers in scientific notation; there is no mention of errors, mistakes, or comparison of student work.",high,,C_control
205,"Written Practice 8. Generalize Use words to describe the following sequence. Then find the next three numbers in the sequence: …, 49, 64, 81, 100, …",NA,"The paragraph asks students to describe a sequence and predict the next terms, with no mention of errors, mistakes, or comparing student work.",high,,C_control
2174,Math Language: An equation is a mathematical statement that two quantities are equal.,NA,"The paragraph provides a definition of an equation and contains no mention of errors, mistakes, or comparison of student work.",high,,C_control
4524,box-and-whisker plot (Inv. 4) gráfica de frecuencias acumuladas A method of displaying data that involves splitting the numbers into four groups of equal size.,NA,"The paragraph simply defines a box-and-whisker plot and does not present any student work, error detection, comparison, or warning about common mistakes.",high,,C_control
4599,"height: The perpendicular distance from the base to the opposite side of a parallelogram or trapezoid; from the base to the opposite face of a prism or cylinder; or from the base to the opposite vertex of a triangle, pyramid, or cone. See also altitude.",NA,"The paragraph provides a definition of height with no mention of errors, mistakes, or student work.",high,,C_control
3040,"30. Simplify:
a. (−3) + |−4| − (−5)
b. (−18) − (+20) + (−7)
c. 1/2 − (−1/2)",NA,"The paragraph only presents arithmetic simplification problems without any mention of errors, student work, or warnings about common mistakes.",high,,C_control
4110,"* 12. (102) Conclude In the figure below, if l || q and m∠h = 105°, what is the measure of
a. ∠a? b. ∠b?
c. ∠c? d. ∠d?",NA,"The paragraph asks the student to determine angle measures given a figure and conditions, with no mention of errors, mistakes, or comparison of student work.",high,,C_control
1643,"19. (Inv. 3, 37) The coordinates of the vertices of a triangle are (−2, 0), (4, 0), and (3, 3). What is the area of the triangle?",NA,"The paragraph simply asks for the area of a triangle given coordinates, with no mention of errors, mistakes, or comparison of student work.",high,,C_control
2675,Math Language The term cross multiply means to multiply the numerator of one fraction in an equality by the denominator of the other fraction.,NA,"The paragraph provides a definition of a term and does not involve error detection, correction, comparison, or warning about common mistakes.",high,,C_control
3719,"16. (48) Complete the table.
[Fraction | Decimal | Percent: a. | b. | 72%]
17. (83) Multiply. Write the product in scientific notation.
(4.5 × 10⁶)(6 × 10³)
* 18. (100) Analyze Each square root is between which two consecutive whole numbers?
a. √40 b. √20
19. (65, 82) Find the a circumference and b area of a circle that has a radius of 7 inches. (Use 22/7 for π.)
* 20. (99) Analyze Use the Pythagorean theorem to find a. Dimensions are in centimeters. [Right triangle with hypotenuse 17, legs 15 and a]
Analyze For problems 21 and 22, find the volume of each right solid. Dimensions are in centimeters. (Use 3.14 for π.)
* 21. (95) [Triangular prism with triangular base legs 3 and 4, length 6]
* 22. (95) [Cylinder with diameter 4, height 10]
23. (40) In the figure at right, find the measures of angles a, b, and c. [Intersecting lines with given vertical angle 48°]
Justify For problems 24 and 25, solve the equation. Show each step.
* 24. (57, 93) −4 1/2 x + 8⁰ = 4³
* 25. (98) 15/w = 45/3.3
Simplify:
26. (52) √6² + 8²
27. (43) 3 1/3 (7.2 ÷ 3/5)
28. (43) 8 5/6 − 2.5 − 1 1/3
29. (85) [|-18| − (2)(-3)] / [(-3) + (-2) - (-4)]
* 30. (100) Model Draw a number line and show the approximate locations of 1.5, −0.5, and √5.",NA,"The paragraph lists standard math tasks and problems without mentioning student errors, comparisons, or warnings about common mistakes.",high,,C_control
2264,8. (24) a. Use prime factorization to reduce . b. What is the greatest common factor of 128 and 192?,NA,"The paragraph simply asks students to perform calculations (prime factorization, GCF) with no mention of errors, mistakes, or comparing student work.",high,,C_control
3823,"4. (46) The plane completed the flight in 2 1/2 hours. If the flight covered 1280 kilometers, what was the plane’s average speed in kilometers per hour?",NA,"The paragraph simply asks for a calculation of average speed with no mention of errors, student work, or comparisons.",high,,C_control
3367,* 9. (88) Connect Use unit multipliers to perform these conversions: a. 2 ft² to square inches b. 1 m³ to cubic centimeters,NA,"The paragraph simply asks the student to perform unit conversions using unit multipliers, with no mention of errors, mistakes, or comparison of student work.",high,,C_control
1596,* 12. (42) Divide 1.9 by 12 and write the quotient a. with a bar over the repetend. b. rounded to three decimal places.,NA,The paragraph simply asks the student to perform a division and format the answer; it contains no error-focused prompts or warnings.,high,,C_control
1223,Analyze: What number is in the ones place in 2.3? What number is in the tenths place?,NA,"The paragraph asks students to identify place values; it does not involve error detection, correction, comparison, or warning about common mistakes.",high,,C_control
4570,"dividend: A number that is divided. In 12 ÷ 3 = 4, the dividend is 12.",NA,"The paragraph provides a definition of a term without any mention of errors, mistakes, or comparison of student work.",high,,C_control
4682,"proportion: A statement that shows two ratios are equal. 6/10 = 9/15. These two ratios are equal, so this is a proportion.",NA,"The paragraph simply defines a proportion and gives an example; it does not involve any error detection, correction, comparison, or warning about common mistakes.",high,,C_control
1456,"1. (14, 36) The bag contained only red marbles and white marbles in the ratio of 3 red to 2 white. a. What fraction of the marbles were white? b. What is the probability that a marble drawn from the bag will be white?",NA,"The paragraph simply asks students to compute fractions and probabilities; it does not present an error, compare approaches, or warn about common mistakes.",high,,C_control
2609,* 21. What is the surface area of a cube with edges 2 ft long?,NA,"The paragraph simply asks a factual computation about surface area, with no mention of errors, mistakes, or comparison of student work.",high,,C_control
3432,"Use ratio boxes to solve problems 4–7.
4. (66) The ratio of workers to supervisors at the job site was 3 to 5. Of the 120 workers and supervisors at the job site, how many were workers?",NA,"The paragraph simply presents a ratio problem for the student to solve, with no mention of errors, mistakes, or comparing student work.",high,,C_control
1092,"8. Shae wrote these directions for a dot-to-dot drawing. To complete the drawing, draw segments from point to point in the order given. 1. (0, 4) 2. (−3, − 4) 3. (5, 1) 4. (−5, 1) 5. (3, − 4) 6. (0, 4)",NA,"The paragraph simply gives instructions for a dot-to-dot drawing with no mention of errors, comparisons, or warnings.",high,,C_control
413,"New Concept Increasing Knowledge
In this lesson we will solve word problems that have a multiplication thought pattern.
Juanita packed 25 marbles in each box. If she filled 32 boxes, how many marbles did she pack in all?
This is a problem about equal groups. This is the equal groups formula:
number of groups × number in each group = total
n × g = t
To find the total, we multiply. To find an unknown factor, we divide. We will consider three examples.",NA,"The paragraph introduces a new concept and presents a straightforward word problem without mentioning any errors, mistakes, or comparisons.",high,,C_control
456,* 3. The Declaration of Independence was signed in 1776. The U.S. Constitution was ratified in 1789. How many years passed between these two events?,NA,"The paragraph asks a factual calculation about dates, with no mention of errors, mistakes, or comparing student work.",high,,C_control
1117,j. Conclude What word tells you that some of the numbers in exercises g–i include both whole–number parts and fraction parts?,NA,"The paragraph asks for a term describing numbers with whole and fractional parts; it does not involve error detection, correction, or comparison of student work.",high,,C_control
2949,Math Language: A coordinate plane is a grid on which any point can be identified by an ordered pair of numbers. A reflection of a figure in a line (a “flip”) produces a mirror image of the figure that is reflected. On a coordinate plane we might reflect shapes in the lines represented by the x-axis or y-axis.,NA,"The paragraph only provides definitions and explanations of terms; it does not present errors, compare student work, or warn about common mistakes.",high,,C_control
3835,"16. (56, Inv. 9) Find the missing numbers in the table by using the function rule. Then graph the function on a coordinate plane. Are x and y directly proportional? Explain your answer.
y = −x
x | y
2 |
0 |
−1 |",NA,"The paragraph asks the student to complete a table, graph, and explain proportionality, with no mention of errors, mistakes, or comparing student work.",high,,C_control
3053,"6. Use a case 1-case 2 ratio box to solve this problem. Don’s heart beats 225 times in 3 minutes. At that rate, how many times will his heart beat in 5 minutes?",NA,"The paragraph presents a standard ratio problem without mentioning any errors, mistakes, or comparisons.",high,,C_control
660,"If we know the area of a square, we can find the length of a side by finding the square root of the area. We often indicate square root with the radical symbol, √. This square also illustrates √9 = 3 which we read as, ""The square root of 9 equals 3.""
The square root of 9 square units is 3 units.",NA,The paragraph only explains how to find a side length from area and gives a straightforward example; it does not involve any error-focused instruction.,high,,C_control
1279,7. (20) A 6-by-6-cm square is cut from a 10-by-10-cm square sheet of paper as shown below. Refer to this figure to answer a−c: a. What was the area of the original square? b. What was the area of the square that was cut out? c. What is the area of the remaining figure?,NA,"The paragraph simply asks the student to compute areas; it does not involve error detection, correction, comparison of student work, or warnings about common mistakes.",high,,C_control
2917,Simplify: * 25. (63) Generalize {4^2 + 10[2^3 − (3)(√4)]} − √36; 26. (59) |5 − 3| − |3 − 5|; 27. (50) 1 m^2 · (100 cm / 1 m) · (100 cm / 1 m); 28. (26) 7 1/2 · 3 · (2/3)^2; 29. (30) 3 1/5 − (2 1/2 − 1 1/4); 30. (68) a. (–10) – (–8) – (+6) b. (–1/5) + (–2/5) – (–3/5),NA,"The paragraph only lists arithmetic simplification problems and does not ask students to find or correct errors, compare approaches, or warn about common mistakes.",high,,C_control
3793,"17. (60, 92) a. What number is 125% of 84?
b. What number is 25% more than 84?",NA,"The paragraph simply asks students to compute percentages; it does not present errors, compare student work, or warn about common mistakes.",high,,C_control
3858,"We can measure an arc in degrees. The number of degrees in an arc equals the measure of the central angle of the arc. If minor arc AB in the figure above measures 120º, then the measure of major arc ACB is 240º because the sum of the measures of the major arc and minor arc must be 360º.",NA,"The paragraph provides factual geometry information without presenting errors, student work, or warnings about common mistakes.",high,,C_control
3845,"Simplify:
27. (26, 57) 10 1/2 · 1 3/7 · 5^−2",NA,"The paragraph simply presents a simplification problem with no mention of errors, student work, or warnings.",high,,C_control
4569,Distributive Property: A number times the sum of two addends is equal to the sum of that same number times each individual addend: a × (b + c) = (a × b) + (a × c). 8 × (2 + 3) = (8 × 2) + (8 × 3). Multiplication is distributive over addition.,NA,"The paragraph only defines the distributive property and gives an example; it does not present any error, compare approaches, or warn about common mistakes.",high,,C_control
2972,13. Sixty is 60 percent of what number?,NA,"The paragraph is a straightforward math problem asking for a calculation, with no mention of errors, student work, or comparisons.",high,,C_control
1549,"Thinking Skill Classify: In English, the letters a, e, i, o, and u are vowels. All of the other letters are consonants.",NA,"The paragraph provides a factual definition about vowels and consonants with no mention of errors, corrections, or comparisons.",high,,C_control
2638,Thinking Skill: Explain: How did we know that 2/5 of the lights were off?,NA,"The paragraph asks for an explanation of a reasoning step, with no mention of errors, mistakes, or conflicting student work.",high,,C_control
23,10. Write a description of how we solved the problem in the Example.,NA,"The paragraph asks the student to describe the solution process; it does not involve identifying or correcting errors, comparing students, or warning about common mistakes.",high,,C_control
3111,"29. Simplify:
a. (−3) + (−4) − (−5)
b. (−1.5) − (+1.4) + (+1.0)",NA,"The paragraph simply asks students to simplify arithmetic expressions; it contains no error-focused prompts, named students, or warnings about common mistakes.",high,,C_control
1511,Math Language: A prime number is a counting number greater than 1 whose only factors are 1 and the number itself.,NA,"The paragraph provides a definition of a prime number with no mention of errors, mistakes, or comparison of student work.",high,,C_control
4347,10. Write an equation to solve this problem: Six more than three times what number squared is 81?,NA,"The paragraph simply asks the student to write an equation for a word problem; it does not involve error detection, correction, comparison, or warning about common mistakes.",high,,C_control
4321,"30. If AB is 1.2 units long and BD is 0.75 unit long, what is the length of AD?",NA,"The paragraph simply asks for a calculation of a length with given measurements and contains no mention of errors, student work, or comparisons.",high,,C_control
2602,14. Write an equation to solve this problem: What number is 1/6 of 100?,NA,The paragraph simply asks the student to write an equation for a straightforward problem; it does not involve identifying or correcting errors.,high,,C_control
1831,"Power Up Building Power
facts: Power Up I
mental math:
a. Calculation: 5 × $48.00
b. Decimals/Exponents: 0.0125 × 10^2
c. Equivalent Fractions: y/20 = 40/100
d. Square Roots: √225
e. Estimation: 4 3/4 · 1 7/8
f. Fractional Parts: 2/5 of 40
g. Statistics: Find the median of the set of numbers: 89, 45, 47, 32.
h. Calculation: Start with a half dozen, + 4, square that number, ÷ 2, + 6, ÷ 8, × 7, + 1, ÷ 10, − 10.",NA,"The paragraph lists a series of mental math tasks without mentioning any errors, mistakes, or comparisons between students.",high,,C_control
2389,"10. (44) Divide 456 by 28 and write the answer
a. as a mixed number.
b. as a decimal rounded to two decimal places.
c. rounded to the nearest whole number.",NA,"The paragraph simply asks the student to perform a division and express the result in various forms, with no mention of errors, mistakes, or comparison of student work.",high,,C_control
159,"Tests for Divisibility: A number is divisible by . . . 2 if the last digit is even; 4 if the last two digits can be divided by 4; 8 if the last three digits can be divided by 8; 5 if the last digit is 0 or 5; 10 if the last digit is 0; 3 if the sum of the digits can be divided by 3; 6 if the number can be divided by 2 and by 3; 9 if the sum of the digits can be divided by 9. A number ending in . . . one zero is divisible by 2; two zeros is divisible by 2 and 4; three zeros is divisible by 2, 4, and 8.",NA,The paragraph only provides factual rules about divisibility without referencing student errors or comparisons.,high,,C_control
972,"* 3. (28) Luisa bought a pair of pants for $24.95 and 3 blouses for $15.99 each. Altogether, how much did she spend?",NA,"The paragraph is a straightforward word problem asking for a calculation, with no mention of errors, mistakes, or comparison of student work.",high,,C_control
3462,"Example 3
A merchant bought an item at wholesale for $20 and marked the price up 75% to sell the item at retail. What was the merchant’s retail price for the item?
Solution
This is an increase problem. We make a table and record the given information.
Percent Actual Count
Original (Wholesale) 100 20
+ Change (Markup) 75 M
New (Retail) 175 R
100/175 = 20/R
100R = 3500
R = 35
The merchant’s retail price for the item was $35.",NA,"The paragraph presents a standard example problem with its solution and contains no error-focused instruction, named students, or warnings about common mistakes.",high,,C_control
4610,"integers: The set of counting numbers, their opposites, and zero; the members of the set {…, −2, −1, 0, 1, 2, …}. −57 and 4 are integers. 15/8 and −0.98 are not integers.",NA,The paragraph provides a definition and examples of integers without prompting error detection or comparison.,high,,C_control
3238,"11. (Inv. 3, 61) The coordinates of the vertices of parallelogram ABCD are A (5, 5), B (10, 5), C (5, 0), and D (0, 0).
a. On graph paper, graph the vertices. Then draw the parallelogram.
b. Find the area of the parallelogram.
c. Find the measure of each angle of the parallelogram.",NA,"The paragraph only asks students to perform tasks (graph, compute area and angles) with no mention of errors, mistakes, or comparing student work.",high,,C_control
1450,"Two angles whose measures total 90° are called complementary angles. In the triangle below, ∠A and ∠B are complementary because the sum of their measures is 90°. So ∠A is a complement of ∠B, while ∠B is a complement of ∠A.",NA,"The paragraph only provides a definition and description of complementary angles without presenting errors, student work, or warnings.",high,,C_control
2927,"3. (66) The ratio of young people to adults at a contest was 7 to 5. If the total number of young people and adults was 1260, how many more young people were there than adults?",NA,"The paragraph presents a straightforward ratio problem without any mention of errors, mistakes, or comparing student work.",high,,C_control
1933,"Practice Set Generalize Simplify:
a. 5 + 5 · 5 − 5 ÷ 5
b. 50 − 8 · 5 + 6 ÷ 3
c. 24 − 8 − 6 · 2 ÷ 4
d. (2^3 + 3^2 + 2 · 5) / 3
Conclude Evaluate:
e. ab − bc if a = 5, b = 3, and c = 4
f. ab + a/c if a = 6, b = 4, and c = 2
g. x − xy if x = 2/3 and y = 3/4",NA,"The paragraph only lists practice problems for students to solve; it contains no mention of errors, student work, or warnings about common mistakes.",high,,C_control
4535,"common denominator (9) denominator común A common multiple of the denominators of two or more fractions. A common denominator of 5/6 and 3/8 is a common multiple of 6 and 8, such as 24, 48 and 72.",NA,"The paragraph defines a common denominator and gives examples; it does not present an error, compare student work, or warn about mistakes.",high,,C_control
904,3. (12) Connect The Byzantine Empire can be said to have begun in 330 when the city of Byzantium was renamed Constantinople and became the capital of the Roman Empire. The Byzantine Empire came to an end in 1453 when the city of Constantinople was renamed Istanbul and became the capital of the Ottoman Empire. About how many years did the Byzantine Empire last?,NA,"The paragraph asks a factual calculation without referencing any error, mistake, or comparison of student work.",high,,C_control
4211,"Example 1: Ray has a fish aquarium that is 50 cm long and 20 cm wide. If the aquarium is filled with water to a depth of 30 cm,
a. how many liters of water would be in the aquarium?
b. what would be the mass of the water in the aquarium?
Solution: First we find the volume of the water in the aquarium.
(50 cm)(20 cm)(30 cm) = 30,000 cm^3
a. Each cubic centimeter of water is 1 milliliter. Thirty thousand milliliters is 30 liters.
b. Each liter of water has a mass of 1 kilogram, so the mass of the water in the aquarium is 30 kilograms. (Since a 1-kilogram mass weighs about 2.2 pounds on Earth, the water in the aquarium weighs about 66 pounds.)
Conclude Ray put an aquarium rock in the tank. The water level increased from 30 cm to 30.2 cm. What is the volume of the rock?",NA,"The paragraph presents a straightforward problem and solution without asking the reader to find or correct an error, compare approaches, or warn about common mistakes.",high,,C_control
2090,"5. (22) Read this statement and answer the questions that follow.
Tyrone finished his math homework in two fifths of an hour.
a. How many minutes did it take Tyrone to finish his math homework?
b. What percent of an hour did it take Tyrone to finish his math homework?
c. To answer a and b, what information that was not given did you need to know?",NA,"The paragraph asks the student to perform conversions and reflect on missing information, without presenting errors, comparisons, or warnings.",high,,C_control
4378,List Rearrange some other multiplication facts to form two division facts.,NA,"The paragraph gives a task to rearrange multiplication facts into division facts, with no mention of errors, mistakes, or comparison of student work.",high,,C_control
3326,10. (76) Simplify: (91 2/3) / 100,NA,"The paragraph simply presents a simplification problem with no mention of errors, mistakes, or comparison of student work.",high,,C_control
2560,"* 8. a. What is the perimeter of the equilateral triangle at right?
b. What is the measure of each of its angles?
c. Represent Trace the triangle on your paper, and show its lines of symmetry.",NA,"The paragraph asks students to compute perimeter, angles, and draw symmetry lines; it contains no error-focused prompts or warnings.",high,,C_control
1243,* 13. (34) What decimal number names the point marked X on this number line?,NA,"The paragraph simply asks for the decimal number corresponding to a point on a number line, with no mention of errors, mistakes, or comparison of student work.",high,,C_control
2715,"problem solving Grayson is holding four cards in her hand: the ace of spades, the ace of hearts, the ace of clubs, and the ace of diamonds. Neeasha pulls two of the cards from Grayson’s hand without looking. What is the probability that Neeasha has pulled at least one black ace?",NA,"The paragraph simply presents a probability problem without mentioning any errors, mistakes, or comparing student work.",high,,C_control
2831,"We multiplied the complex fraction by a complex name for 1 to change the denominator to 1. Since 9/10 divided by 1 is 9/10, the complex fraction simplifies to 9/10.",NA,"The paragraph simply explains a simplification step and does not ask the reader to find or correct an error, compare approaches, or warn about common mistakes.",high,,C_control
1833,"Let's take a moment to review the procedure for reducing a fraction. When we reduce a fraction, we can replace factors that appear in both the numerator and denominator with 1s, since each pair reduces to 1.
24/36 = (2 · 2 · 2 · 3)/(2 · 2 · 3 · 3) = 2/3
Also, recall that we can reduce before we multiply. This is sometimes called canceling.
(2/3) · (3/5) = 2/5",NA,"The paragraph only explains how to reduce fractions and gives examples, without mentioning errors, student work, or comparisons.",high,,C_control
2888,"Early Finishers Real-World Application The Ortiz family had a large celebration dinner. The ages of the people at the dinner were: 1, 10, 10, 12, 16, 31, 35, 40, 65, 75, 90. Find the mean, median, mode, and range of the ages of the people at the dinner. Which best describes the ages of the people at the dinner? Justify your choice.",NA,"The paragraph asks students to compute statistical measures; it does not present or warn about errors, nor compare student work.",high,,C_control
2241,"Activity 1 Area of a Parallelogram Materials needed: • Paper • Scissors • Straightedge Cut a piece of paper to form a parallelogram as shown. You may use graph paper if available. Next, sketch a segment perpendicular to two of the parallel sides of the parallelogram. The length of this segment is the height of the parallelogram. Cut the parallelogram into two pieces along the segment you drew. Finally, reverse the positions of the two pieces and fit them together to form a rectangle. The area of the original parallelogram equals the area of this rectangle. To conclude this activity, answer these questions: 1. What dimensions of the original parallelogram match the length and width of this rectangle? 2. How would you find the area of the rectangle? 3. Discuss How would you find the area of the original parallelogram?",NA,"The paragraph describes a hands‑on activity and asks questions about dimensions and area, without mentioning any errors, mistakes, or comparing student work.",high,,C_control
1374,27. Find the missing exponent: 2^2 ∙ 2^2 ∙ 2^2 = 2^n,NA,"The paragraph simply asks the student to solve for a missing exponent, with no mention of errors, mistakes, or comparing student work.",high,,C_control
341,33. Represent Select two 1/4 and one 1/2 pieces and look at the decimal numbers on those pieces. These pieces show that 1/4 + 1/4 = 1/2. Write a decimal addition number sentence for these pieces.,NA,"The paragraph asks students to represent fractions with pieces and write a decimal addition sentence; it contains no error-focused prompt, named students, or warnings about common mistakes.",high,,C_control
1052,"* 1. The 5 starters on the basketball team were tall. Their heights were 76 inches, 77 inches, 77 inches, 78 inches, and 82 inches. What was the average height of the 5 starters?",NA,"The paragraph simply asks for a calculation of average height; it does not present an error, compare approaches, or warn about common mistakes.",high,,C_control
2952,"Example 2. Rectangle ABCD has vertices at A (4, 3), B (4, 1), C (1, 1), and D (1, 3). Draw ▭ ABCD and its image, ▭ A′B′C′D′, translated to the left 5 units and down 4 units. Solution: We graph the vertices of ▭ ABCD and draw the rectangle. Then we graph its image ▭ A′B′C′D′ by translating each vertex 5 units to the left and 4 units down. The translated vertices are A′ (–1, –1), B′ (–1, –3), C′ (–4, –3), and D′ (– 4, –1). We draw the sides of the rectangle to complete the image.",NA,"The paragraph presents a standard example with solution steps and does not involve error detection, correction, comparison, or warnings about common mistakes.",high,,C_control
4237,24. (93) Solve: 0.8m - 1.2 = 6,NA,The paragraph simply asks the student to solve an equation; it does not involve identifying or correcting errors.,high,,C_control
4290,"Example 4 Robert noticed a bird’s nest in line with the slope of his roof. He knew that the slope of the roof was 4 in 12. He also knew that the edge of the roof was 8 feet high. He measured 48 feet from the edge of the roof to a spot directly under the nest. Then he calculated the height of the nest. How high was the nest? Solution To find the answer, we can make a table, write an equation or make a graph. The slope of the roof is 4 in 12. So for every 12 horizontal feet the roof rises 4 feet. The edge of the roof is 8 feet high. As Robert walks 12 feet toward the tree the line of the roof is 4 feet higher, which is 12 feet. We begin the pattern with 0 and 8, and then we continue the pattern. We also can write an equation in slope-intercept form. The slope of the roof is 4 in 12 which is 4/12. The intercept is 8 feet, where the roof begins. y = 4/12 x + 8. In this equation, y equals the height of the roof slope x feet from the edge. So the height of the roof slope 48 feet from the edge is 24 feet. y = 4/12(48) + 8; y = 24. We also can graph the equation y = 4/12 x + 8 in the first quadrant and find the height where x is 48. The table, the equation and the graph show that the height of the nest is 24 feet.",NA,"The paragraph presents a single worked example without any error detection, correction, comparison, or warning about common mistakes.",high,,C_control
2265,9. (50) Use a unit multiplier to convert 1760 yards to feet.,NA,"The paragraph simply asks the student to perform a unit conversion; it does not present an error, compare approaches, or warn about common mistakes.",high,,C_control
4071,"INVESTIGATION 11 Focus on Scale Factor in Surface Area and Volume
In this investigation we will study the relationship between length, surface area, and volume of three-dimensional shapes. We begin by comparing the measures of cubes of different sizes.",NA,"The paragraph introduces an investigation about scale factors and compares measures, without mentioning any errors, student work, or error detection.",high,,C_control
2689,7. (60) Write an equation to solve each problem: a. Two fifths of 60 is what number? b. How much money is 75% of $24?,NA,"The paragraph asks students to write equations to solve straightforward word problems, with no mention of errors, mistakes, or comparing student work.",high,,C_control
968,"Example 3: In a word game, five students in the class scored 100 points, four scored 95, six scored 90, and five scored 80. What was the mean of the scores?

Solution: First we find the total of the scores.
5 × 100 = 500
4 × 95 = 380
6 × 90 = 540
5 × 80 = 400
Total: 1820
Next we divide the total by 20 because there were 20 scores in all.
sum of numbers / number of numbers = 1820 / 20 = 91
We find that the mean of the scores was 91.",NA,"The paragraph presents a straightforward worked example with no error focus, warnings, or comparison of student work.",high,,C_control
3673,"* 30. (94) Analyze Sam placed five alphabet cards face down on a table. Then he asked students to pick up two cards.
a. What is the probability that a student will pick up two vowels?
b. What is the probability the student will pick up two consonants?",NA,"The paragraph presents a standard probability problem without mentioning errors, mistakes, or comparing student work.",high,,C_control
1716,"12. (Inv. 3, 37) The coordinates of three vertices of a triangle are (4, 0), (5, 3), and (0, 0). What is the area of the triangle?",NA,"The paragraph simply asks for a calculation of area with no mention of errors, student work, or comparisons.",high,,C_control
2541,21. Write a word problem for this division: $3.00 ÷ $0.25,NA,The paragraph simply asks the student to create a word problem for a given division; it does not involve identifying or correcting errors.,high,,C_control
3892,Math Language This triangular prism is a right solid because its sides are perpendicular to its base(s).,NA,"The paragraph provides a definition of a right solid; it does not present any error, student work, or warning about common mistakes.",high,,C_control
538,"* 9. (8) Analyze Arrange these fractions in order from least to greatest. Explain the steps you used to order the fractions.
5/6, 5/8, 3/4",NA,"The paragraph asks the student to order fractions and explain the steps, with no mention of errors, named students, or common mistakes.",high,,C_control
3933,"Power Up Building Power
facts Power Up Q
mental math
a. Positive/Negative: (−2.5)(−4)
b. Scientific Notation: (2.5 × 10^6)^2
c. Algebra: 2x − 1 1/2 = 4 1/2
d. Measurement: Convert −50°C to degrees Fahrenheit.
e. Percent: 75% of $60
f. Percent: 75% more than $60
g. Measurement: 32 oz. is what fraction of a gallon?
h. Calculation: 7 × 8, − 1, ÷ 5, × 3, + 2, ÷ 5, × 7, + 1, × 2, − 1, ÷ 3, + 3, \sqrt{}",NA,"The paragraph lists a series of practice problems without mentioning any errors, student work, or warnings about common mistakes.",high,,C_control
1280,"8. (31) a. In the square at right, what fraction is not shaded? b. What decimal part of the square is not shaded? c. What percent of the square is not shaded?",NA,"The paragraph asks students to compute fractions, decimals, and percents of an unshaded area; it contains no error-focused prompts, named students, or warnings about common mistakes.",high,,C_control
1409,27. Which is equivalent to 2^2 ∙ 2^4? A 4 ∙ 4^2; B 2^8; C 4^8; D 4^6,NA,"The paragraph presents a standard multiple‑choice question about exponent rules, with no mention of student errors, comparisons, or warnings.",high,,C_control
2687,"5. (54) Use a ratio box to solve this problem. The ratio of desktop to laptop computers in a school district is 7 to 2. If there are 126 desktop computers in the district, how many laptops are there?",NA,The paragraph simply asks the student to solve a ratio problem; it does not present or warn about errors.,high,,C_control
1061,10. a. Write 32% as a reduced fraction. b. Use prime factorization to reduce 48/72.,NA,"The paragraph simply asks students to perform standard conversion and reduction tasks, with no mention of errors, mistakes, or comparing student work.",high,,C_control
3331,Model Use ratio boxes to solve problems 15 and 16. * 15. (81) Forty-five percent of the 300 shoppers in a supermarket bought milk. How many of the shoppers in a supermarket bought milk?,NA,"The paragraph simply asks the student to solve a word problem using ratio boxes, with no mention of errors, mistakes, or comparing student work.",high,,C_control
935,Thinking Skill: Explain: How does doubling the number and dividing by 10 make this problem easier?,NA,"The paragraph asks for an explanation of a strategy, with no mention of errors, mistakes, or comparing student work.",high,,C_control
250,"Find the value of each variable.
11. (3) a − $4.70 = $2.35
12. (3) b + $25.48 = $60.00
13. (3) 8c = $60.00
14. (3) 10,000 − d = 5420
* 15. (3) e / 15 = 15
* 16. (3) 196 / f = 14",NA,"The paragraph simply asks students to solve for variables; it contains no error-focused prompts, comparisons, or warnings about common mistakes.",high,,C_control
1586,"3. (11, 35) Some gas was still in the tank. Mr. Wang added 13.3 gallons of gas, which filled the tank. If the tank held a total of 21.0 gallons of gas, how much gas was in the tank before Mr. Wang added the gas?",NA,"The paragraph presents a straightforward word problem asking the student to compute the initial amount of gas; it contains no named student work, error detection, or warning about common mistakes.",high,,C_control
2247,"Make a “straw” parallelogram by running a string or thread through two pairs of plastic straws. If the pairs of straws are of different lengths, alternate the lengths as you thread them (long-short-long-short). Bring the two ends of the string together, pull until the string is snug but not bowing the straws, and tie a knot. You should be able to shift the sides of the parallelogram to various positions. Lay the straw parallelogram on a desktop with a piece of paper under it. On the paper you will trace the parallelogram. Shift the parallelogram into a position you want to measure, hold the straws and paper still (this may require more than two hands), and carefully trace with a pencil around the inside of the parallelogram. Set the straw parallelogram aside, and use a protractor to measure each angle of the traced parallelogram. Write the measure inside each angle. Some groups may wish to trace and measure the angles of a second parallelogram with a different shape before answering the questions below. 1. What were the measures of the two obtuse angles of one parallelogram? 2. What were the measures of the two acute angles of the same parallelogram? 3. What was the sum of the measures of one obtuse angle and one acute angle of the same parallelogram? If you traced two parallelograms, answer the three questions again for the second parallelogram. Record several groups’ answers on the board. Discuss Can any general conclusions be formed?",NA,"The paragraph describes a hands‑on activity to construct and measure a parallelogram; it does not ask students to find or correct errors, compare different students' work, or warn about common mistakes.",high,,C_control
166,"Written Practice 4. Use digits to write four hundred seven million, six thousand, nine hundred sixty-two.",NA,"The paragraph simply asks the student to convert a written number into digits, with no mention of errors, mistakes, or comparison of student work.",high,,C_control
334,"26. Use four 1/4 pieces to demonstrate the subtraction 1 − 1/4, and write the answer.",NA,"The paragraph asks students to perform a subtraction demonstration; it does not involve error detection, correction, comparison, or warning about common mistakes.",high,,C_control
1019,* 10. a. Estimate Mentally estimate the following product by rounding each number to the nearest whole number before multiplying: 3/4 · 5 1/3 · 1 1/8 b. Estimate Now find the exact product of these fractions and mixed numbers.,NA,"The paragraph asks students to estimate and then compute the exact product; it does not involve error detection, correction, or warnings about common mistakes.",high,,C_control
1434,13. (7) Refer to the figure at right to name a. an acute angle. b. an obtuse angle. c. a straight angle.,NA,"The paragraph simply asks the student to name types of angles from a figure, with no mention of errors, mistakes, or comparison of student work.",high,,C_control
2244,"Figures J and K of Investigation 6 illustrated a “straw” rectangle shifted to form a parallelogram that was not a rectangle. Two of the angles became obtuse angles, and the other two angles became acute angles.",NA,"The paragraph only describes a geometric transformation and does not ask the reader to find or correct an error, compare student work, or warn about common mistakes.",high,,C_control
2080,"scientific notation for small numbers As we saw at the beginning of this lesson, negative exponents can be used to express small numbers in scientific notation. For instance, an inch is 2.54 × 10⁻² (two point five four times ten to the negative two) meters. If we multiply 2.54 by 10⁻², the product is 0.0254.
2.54 × 10⁻² = 2.54 × 1/10² = 0.0254
Notice the product, 0.0254, has the same digits as 2.54 but with the decimal point shifted two places to the left and with zeros used for placeholders. The two-place decimal shift to the left is indicated by the exponent -2. This is similar to the method we have used to change scientific notation to standard form. Note the sign of the exponent. If the exponent is a positive number, we shift the decimal point to the right to express the number in standard form. In the number
6.32 × 10⁷
the exponent is positive seven, so we shift the decimal point seven places to the right.
6.32 × 10⁷ = 63,200,000
If the exponent is a negative number, we shift the decimal point to the left to write the number in standard form. In the number
6.32 × 10⁻⁷
the exponent is negative seven, so we shift the decimal point seven places to the left.
6.32 × 10⁻⁷ = 0.000000632
In either case, we use zeros as placeholders.",NA,"The paragraph only explains scientific notation concepts without presenting errors, student work, or warnings about common mistakes.",high,,C_control
1121,4. The settlement at Jamestown began in 1607. This was how many years after Columbus reached the Americas in 1492?,NA,"The paragraph asks a straightforward factual calculation with no mention of errors, mistakes, or comparison of student work.",high,,C_control
2467,"Generalize Simplify:
21. (57) 2^1 − 2^0 − 2^-1
22. (49) 4 lb 12 oz + 1 lb 7 oz
23. (50) (3 ft / 1 yd) · (12 in. / 1 ft)
24. (45) 16 ÷ (0.8 ÷ 0.04)
* 25. (63) 0.4[0.5 − (0.6)(0.7)]
26. (26) 3/8 · 1 2/3 · 4 ÷ 1 2/3
* 27. (63) 30 − 5[4 + (3)(2) − 5]
28. (13) Write a word problem for this division: $2.88 ÷ 12",NA,"The paragraph lists practice problems without mentioning errors, student work, or warnings; it is standard textbook content.",high,,C_control
3100,15. What is the sales tax on an $8.50 purchase if the sales-tax rate is 6 1/2 %?,NA,"The paragraph simply asks for a calculation of sales tax; it does not involve identifying or correcting errors, comparing student work, or warning about common mistakes.",high,,C_control
2668,28. (30) Simplify: 7 1/2 − 5 1/6 + 1 1/3,NA,"The paragraph simply presents a numeric simplification problem with no mention of errors, students, or comparisons.",high,,C_control
4488,Simplify: 27. x(x − 5) − 2(x − 5),NA,"The paragraph simply asks the student to simplify an expression; it contains no error-focused prompt, named students, or warnings about common mistakes.",high,,C_control
