paragraph,source
"In this chapter, students will learn about the building blocks of geometry. We will start with the basics: point, line and plane and build upon those terms. From here, students will learn about segments, midpoints, angles, bisectors, angle relationships, and how to classify polygons.",gemini
"Learning Objectives: • Understand and build upon the terms: point, line, and plane. • Apply and use basic postulates. • Draw and label terms in a diagram.",gemini
"Review Queue: This subsection will provide a review of Algebra and previous lessons. 1. List and draw pictures of five geometric figures you are familiar with. 2. A plane is an infinitely large, flat, two-dimensional surface. List three examples of objects from real life that resemble planes. 3. Solve the algebraic equations: a. 4x - 7 = 29; b. 2(-3x + 5) - 8 = -x + 17; c. x^2 - 2x - 15 = 0; d. x^2 = 121",gemini
"Know What? Geometry is everywhere. Remember these wooden blocks that you played with as a kid? If you played with these blocks, then you have been “studying” geometry since you were a child. For example, if you were to move the four triangles at the center of the picture, so that the vertex in the middle was on the outside, what shape would you make? (Flip each triangle outward)",gemini
Geometry: The study of shapes and their spatial properties.,gemini
"Building Blocks: Point: An exact location in space. A point describes a location, but has no size. Dots are used to represent points in pictures and diagrams. These points are said “Point A,” “Point L”, and “Point F.” Points are labeled with a CAPITAL letter.",gemini
"Line: Infinitely many points that extend forever in both directions. A line, like a point, does not take up space. It has direction, location and is always straight. Lines are one-dimensional because they only have length (no width). A line can be named or identified using any two points on that line or with a lower-case, italicized letter. This line can be labeled line PQ, line QP or just g. You would say “line PQ,” “line QP,” or “line g,” respectively. Notice that the line over the PQ and QP has arrows over both the P and Q. The order of P and Q does not matter.",gemini
"Plane: Infinitely many intersecting lines that extend forever in all directions. Think of a plane as a huge sheet of paper that goes on forever. Planes are considered to be two-dimensional because they have a length and a width. A plane can be classified by any three points in the plane. This plane would be labeled Plane ABC or Plane M. Again, the order of the letters does not matter. Sometimes, planes can also be labeled by a capital cursive letter. Typically, the cursive letter written in a corner of the plane.",gemini
"Example 1: Which term best describes how San Diego, California, would be represented on a globe? A. point B. line C. plane Solution: A city is usually labeled with a dot, or point, on a globe. A.",gemini
"Example 2: Which geometric object best models the surface of a movie screen? A. point B. line C. plane Solution: The surface of a movie screen extends in two dimensions: up and down and left to right. This description most closely resembles a plane, C.",gemini
"Beyond the Basics: Now we can use point, line, and plane to define new terms. Space: The set of all points expanding in three dimensions. Think back to the plane. It extended along two different lines: up and down, and side to side. If we add a third direction, we have something that looks like three-dimensional space, or the real-world.",gemini
"Collinear: Points that lie on the same line. Example 3: Which points are collinear? Solution: P, Q, R, S, and T are collinear because they are all on line w. If a point U was above or below line w, it would be non-collinear.",gemini
Coplanar: Points and/or lines within the same plane.,gemini
"Example 4: a) List two other ways to label Plane J. b) List one other way to label line h. c) Are K and F collinear? Are they coplanar? d) Are E, B and F coplanar? Solution: a) Plane BDG, Plane KAG, among several others. Any combination of three coplanar points that are not collinear would be correct. b) Line AB or any combination of two of the letters A, C or B in any order. c) Yes, they lie on the same line. Yes, you need three points to create a plane, so any two or three points are coplanar. d) Yes, any three points are coplanar.",gemini
Endpoint: A point at the end of a line.,gemini
"Line Segment: Part of a line with two endpoints. Or a line that stops at both ends. Line segments are labeled by their endpoints, AB or BA. Notice that the bar over the endpoints has NO arrows. Order does not matter.",gemini
"Ray: Part of a line with one endpoint and extends forever in the other direction. A ray is labeled by its endpoint and one other point on the line. Of lines, line segments and rays, rays are the only one where order matters. When labeling, always write the endpoint under the side WITHOUT the arrow, ray CD or ray DC.",gemini
"Intersection: A point or set of points where lines, planes, segments or rays cross each other.",gemini
"Example 5: How do the figures below intersect? Solution: The first three figures intersect at a point, P, Q and R, respectively. The fourth figure, two planes, intersect in a line, l. And the last figure, three planes, intersect at one point, S.",gemini
"Example 6: Answer the following questions about the picture to the right. a) How do the two planes intersect? b) Is line l coplanar with Plane V or W? c) Are R and Q collinear? d) What point is non-coplanar with either plane? e) List three coplanar points in Plane W. Solution: a) In a line. b) No. c) Yes. d) S e) Any combination of P, O, T and Q would be correct.",gemini
"Further Beyond: With these new definitions, we can make statements and generalizations about these geometric figures. This section introduces a few basic postulates. Throughout this book we will be introducing Postulates and Theorems so it is important that you understand what they are and how they differ. Postulates: Basic rules of geometry. We can assume that all postulates are true, much like a definition. Theorem: A statement that can be proven true using postulates, definitions, and other theorems that have already proven. The only difference between a theorem and postulate is that a postulate is assumed true because it cannot be shown to be false, a theorem must be proven true. We will prove theorems later in this text.",gemini
Postulate 1-1: There is exactly one (straight) line through any two points.,gemini
Postulate 1-2: There is exactly one plane that contains any three non-collinear points.,gemini
Postulate 1-3: A line with points in a plane also lies within that plane.,gemini
Postulate 1-4: The intersection of two distinct lines will be one point.,gemini
Postulate 1-5: The intersection of two planes is a line.,gemini
"When making geometric drawings, you need to be sure to be clear and label. For example, if you draw a line, be sure to include arrows at both ends. Make sure you label your points, lines, and planes clearly, and refer to them by name when writing explanations.",gemini
Example 7: Draw and label the intersection of line AB and ray CD at point C. Solution: It does not matter the placement of A or B along the line nor the direction that ray CD points.,gemini
"Example 8: Describe the picture below using all the geometric terms you have learned. Solution: Line AB and D are coplanar in Plane P, while line BC and line AC intersect at point C which is non-coplanar.",gemini
"Know What? Revisited: If you take the triangles and move them so that the point that met at the center of the square was on the outside, you would get the figure at the right. However, you could also argue that this is not a shape because it has a square hole in the center of it. Another shape that can be made from the four triangles is a rectangle. Part of geometry is justifying and explaining reasoning. You could reason that both of these answers are acceptable.",gemini
"For questions 1-5, draw and label an image to fit the descriptions. 1. Ray CD intersecting segment AB and Plane P containing segment AB but not ray CD. 2. Three collinear points A, B, and C such that B is also collinear with points D and E. 3. Ray XY, ray XZ, and ray XW such that ray XY and ray XZ are coplanar, but ray XW is not. 4. Two intersecting planes, P and Q, with segment GH where G is in plane P and H is in plane Q. 5. Four non-collinear points, I, J, K, and L, with line segments connecting all points to each other.",gemini
6. Name this line in five ways.,gemini
7. Name the geometric figure below in two different ways.,gemini
8. Draw three ways three different planes can (or cannot) intersect.,gemini
9. What type of geometric object is made by the intersection of a sphere (a ball) and a plane? Draw your answer.,gemini
"For 10-13, use geometric notation to explain each picture in as much detail as possible.",gemini
"For 14-23, determine if the following statements are ALWAYS true, SOMETIMES true, or NEVER true. 14. Any two distinct points are collinear. 15. Any three points determine a plane. 16. A line is composed to two rays with a common endpoint. 17. A line segment is infinitely many points between two endpoints. 18. A point takes up space. 19. A line is one-dimensional. 20. Any four distinct points are coplanar. 21. Ray AB could be read “ray AB” or “ray BA.” 22. Line AB could be read “line AB” or “line BA.” 23. Theorems are proven true with postulates. 24. Two of the above statements are “never.” Explain why. 25. Four of the above statements are “sometimes.” Explain why.",gemini
"For 26-28, describe the following real world objects in geometric terms. 26. The walls of your classroom and the intersections of these walls with each other and the floor or ceiling. What about where two walls and the floor intersect? 27. The spokes of a bicycle wheel. What about their intersection? 28. Cities on a map. What geometric figure would you draw to measure the distance between them?",gemini
"In Algebra you plotted points on the coordinate plane and graphed lines. For 29-33, use graph paper and follow the steps to make the diagram on the same graph. 29. Plot the point (2, -3) and label it A. 30. Plot the point (-4, 3) and label it B. 31. Draw the segment AB. 32. Locate point C, the intersection of this line with the x-axis. 33. Draw the ray CD with point D(1,4).",gemini
1.2 Segments and Distance: Learning Objectives: • Understand the ruler postulate. • Understand the segment addition postulate. • Place line segments on a coordinate grid.,gemini
"Review Queue: Answer the following questions. 1. How would you label the following geometric figure? List 3 different ways 2. Draw three collinear points and a fourth that is coplanar with these points. 3. Plot the following points on the x-y plane: a. (3, -3); b. (-4, 2); c. (0, -7); d. (6, 0). 4. Find the equation of the line containing the points (-4, 3) and (6, -2).",gemini
"Know What? The average adult human body can be measured in “heads.” For example, the average human is 7-8 heads tall. When doing this, keep in mind that each person uses their own head to measure their own body. Other interesting measurements are in the picture to the right. After analyzing the picture, we can determine a few other measurements that aren’t listed: • The length from the wrist to the elbow • The length from the top of the neck to the hip • The width of each shoulder. What are these measurements?",gemini
Measuring Distances: Distance: The length between two points. Measure: To determine how far apart two geometric objects are. The most common way to measure distance is with a ruler. In this class we will use both inches and centimeters.,gemini
"Example 1: Determine how long the line segment is, in inches. Round to the nearest quarter-inch. Solution: To measure this line segment with a ruler, it is very important to line up the “0” with the one of the endpoints. DO NOT USE THE EDGE OF THE RULER. This segment is about 3.5 inches (in) long.",gemini
"As a reminder, inch-rulers are usually divided up by 1/8-in. (or 0.125 in) segments. Centimeter rulers are divided up by 1/10-centimenter (or 0.1 cm) segments.",gemini
"The two rulers above are NOT DRAWN TO SCALE. Anytime you see this statement, it means that the measured length is not actually the distance apart that it is labeled. Different problems and examples will be labeled this way because it can be difficult to draw problems in this text to full scale. You should never assume that objects are drawn to scale. Always rely on the measurements or markings given in a diagram.",gemini
"Example 2: Determine the measurement between the two points to the nearest tenth of a centimeter. Solution: Even though there is no line segment between the two points, we can still measure the distance using a ruler. It looks like the two points are 4.5 centimeters (cm) apart.",gemini
"NOTE: We label a line segment, segment AB. The distance between A and B is labeled as AB or mAB, where m means measure. AB and mAB can be used interchangeably. In this text we will primarily use the first.",gemini
"Ruler Postulate: The distance between two points will be the absolute value of the difference between the numbers shown on the ruler. The ruler postulate implies that you do not need to start measuring at “0”, as long as you subtract the first number from the second. “Absolute value” is used because distance is always positive.",gemini
Example 3: What is the distance marked on the ruler below? The ruler is in centimeters. Solution: Find the absolute value of difference between the numbers shown. The line segment spans from 3 cm to 8 cm. |8 - 3| = |5| = 5. The line segment is 5 cm long. Notice that you also could have done |3 - 8| = |-5| = 5.,gemini
"Example 4: Draw segment CD, such that CD = 3.825 in. Solution: To draw a line segment, start at “0” and draw a segment to 3.825 in. Put points at each end and label.",gemini
"Segment Addition Postulate: Before we introduce this postulate, we need to address what the word “between” means in geometry. B is between A and C in this picture. As long as B is anywhere on the segment, it can be considered to be between the endpoints.",gemini
"Segment Addition Postulate: If A, B, and C are collinear and B is between A and C, then AB + BC = AC. The picture above illustrates the Segment Addition Postulate. If AB = 5 cm and BC = 12 cm, then AC must equal 5 + 12 or 17 cm. You may also think of this as the “sum of the partial lengths, will be equal to the whole length.”",gemini
"Example 5: Make a sketch of segment OP, where Q is between O and P. Solution: Draw segment OP first, then place Q somewhere along the segment.",gemini
"Example 6: In the picture from Example 5, if OP = 17 and QP = 6, what is OQ? Solution: Use the Segment Additional Postulate. OQ + QP = OP, so OQ + 6 = 17, or OQ = 17 - 6 = 11. So, OQ = 11.",gemini
"Example 7: Make a sketch that matches the description: S is between T and V. R is between S and T. TR = 6 cm, RV = 23 cm, and TR = SV. Then, find SV, TS, RS and TV. Solution: Interpret the first sentence first: S is between T and V. Then add in what we know about R: It is between S and T. To find SV, we know it is equal to TR, so SV = 6 cm. For RS: RV = RS + SV -> 23 = RS + 6 -> RS = 17 cm. For TS: TS = TR + RS -> TS = 6 + 17 -> TS = 23 cm. For TV: TV = TR + RS + SV -> TV = 6 + 17 + 6 -> TV = 29 cm.",gemini
"Example 8: Algebra Connection: For segment HK, suppose that J is between H and K. If HJ = 2x + 4, JK = 3x + 3, and KH = 22, find the lengths of HJ and JK. Solution: Use the Segment Addition Postulate and then substitute what we know. HJ + JK = KH; (2x + 4) + (3x + 3) = 22; 5x + 7 = 22; 5x = 15; x = 3. So, if x = 3, then HJ = 10 and JK = 12.",gemini
"Distances on a Grid: In Algebra, you worked with graphing lines and plotting points in the x - y plane. At this point, you can find the distances between points plotted in the x - y plane if the lines are horizontal or vertical. If the line is vertical, find the change in the y-coordinates. If the line is horizontal, find the change in the x-coordinates.",gemini
"Example 8: What is the distance between the two points shown below? Solution: Because this line is vertical, look at the change in the y-coordinates. |9 - 3| = |6| = 6. The distance between the two points is 6 units.",gemini
"Example 9: What is the distance between the two points shown below? Solution: Because this line is horizontal, look at the change in the x-coordinates. |(-4) - 3| = |-7| = 7. The distance between the two points is 7 units.",gemini
"Know What? Revisited: The length from the wrist to the elbow is one head, the length from the top of the neck to the hip is two heads, and the width of each shoulder one head width. There are several other interesting body proportion measurements. For example, your foot is the same length as your forearm (wrist to elbow, on the interior of the arm). There are also facial proportions. All of these proportions are what artists use to draw the human body and what da Vinci used to draw his Vitruvian Man, http://en.wikipedia.org/wiki/Vitruvian_Man .",gemini
Review Questions: Find the length of each line segment in inches. Round to the nearest 1/8 of an inch. 1. 2.,gemini
Find the distance between each pair of points in centimeters. Round to the nearest tenth. 3. 4.,gemini
"For 5-8, use the ruler in each picture to determine the length of the line segment. 5. 6. 7. 8.",gemini
"9. Make a sketch of segment BT, with A between B and T.",gemini
"10. If O is in the middle of segment LT, where exactly is it located? If LT = 16 cm, what is LO and OT?",gemini
"11. For three collinear points, A between T and Q. a. Draw a sketch. b. Write the Segment Addition Postulate. c. If AT = 10 in and AQ = 5 in, what is TQ?",gemini
"12. For three collinear points, M between H and A. a. Draw a sketch. b. Write the Segment Addition Postulate. c. If HM = 18 cm and HA = 29 cm, what is AM?",gemini
"13. Make a sketch that matches the description: B is between A and D. C is between B and D. AB = 7 cm, AC = 15 cm, and AD = 32 cm. Find BC, BD, and CD.",gemini
"14. Make a sketch that matches the description: E is between F and G. H is between F and E. FH = 4 in, EG = 9 in, and FH = HE. Find FE, HG, and FG.",gemini
"15. Make a sketch that matches the description: S is between T and V. R is between S and T. T is between R and Q. QV = 18, QT = 6, and TR = RS = SV. a. Find RS. b. Find QS. c. Find TS. d. Find TV.",gemini
"For 16-20, Suppose J is between H and K. Use the Segment Addition Postulate to solve for x. Then find the length of each segment. 16. HJ = 4x + 9, JK = 3x + 3, KH = 33; 17. HJ = 5x - 3, JK = 8x - 9, KH = 131; 18. HJ = 2x + 1/3, JK = 5x + 2/3, KH = 12x - 4; 19. HJ = x + 10, JK = 9x, KH = 14x - 58; 20. HJ = 3/4 x - 5, JK = x - 1, KH = 22",gemini
"21. Draw four points, A, B, C, and D such that AB = BC = AC = AD = BD (HINT: A, B, C and D should NOT be collinear)",gemini
"For 22-25, determine the vertical or horizontal distance between the two points. 22. 23. 24. 25.",gemini
"Each of the following problems presents an opportunity for students to extend their knowledge of measurement to the real world. Each of these concepts could be further developed into a mini-project. 26. Measure the length of your head and create a “ruler” of this length out of cardstock or cardboard. Use your ruler to measure your height. Share your height in terms of your head length with your class and compare results. 27. Describe the advantages of using the metric system to measure length over the English system. Use the examples of the two rulers (one in inches and one in centimeters) to aid in your description. 28. A speedometer in a car measures distance traveled by tracking the number of rotations on the wheels on the car. A pedometer is a device that a person can wear that tracks the number of steps a person takes and calculates the distance traveled based on the person’s stride length. Which would produce a more accurate measure of distance? Why? What could you do to make the less accurate measure more precise? 29. Research the origins of ancient measurement units such as the cubit. Research the origins of the units of measure we use today such as: foot, inch, mile, meter. Why are standard units important? 30. Research the facial proportions that da Vinci used to create his Vitruvian man. Write a summary of your findings.",gemini
"Learning Objectives

• Define and classify angles.
• Apply the Protractor Postulate and the Angle Addition Postulate.",gemini
"Review Queue
Answer the following questions.

1. Label the following geometric figure. What is it called?
2. Find a, XY and Y Z.
3. Find x,CD and DE.
4. B is between A and C on AC. If AB = 4 and BC = 9, what is AC? What postulate do you use to solve this problem?",gemini
"Know What? Back to the building blocks. Every block has its own dimensions, angles and measurements. Using a protractor, find the measure of the three outlined angles in the “castle” below. Also, determine which other angles are equal to these measurements. Use appropriate angle markings. Do not measure any arcs.",gemini
"Two Rays = One Angle

In #1 above, the figure was a ray. It is labeled →AB, with the arrow over the point that is NOT the endpoint. When two rays have the same endpoint, an angle is created.

Here, →BA and →BC meet to form an angle. An angle is labeled with an “∠” symbol in front of the three letters used to label it. This angle can be labeled ∠ABC or ∠CBA. Always put the vertex in the middle of the three points. It doesn’t matter which side point is written first.

Angle: When two rays have the same endpoint.
Vertex: The common endpoint of the two rays that form an angle.
Sides: The two rays that form an angle.",gemini
"Example 1: How many angles are in the picture below? Label each one two different ways.

Solution: There are three angles with vertex U. It might be easier to see them all if we separate them out.

So, the three angles can be labeled, ∠XUY or ∠YUX, ∠YUZ or ∠ZUY, and ∠XUZ or ∠ZUX.",gemini
"Protractor Postulate

We measure a line segment’s length with a ruler. Angles are measured with something called a protractor. A protractor is a measuring device that measures how “open” an angle is. Angles are measured in degrees, and labeled with a ◦ symbol.",gemini
"Notice that there are two sets of measurements, one opening clockwise and one opening counter-clockwise, from 0◦ to 180◦. When measuring angles, always line up one side with 0◦, and see where the other side hits the protractor. The vertex lines up in the middle of the bottom line, where all the degree lines meet.",gemini
"Example 2: Measure the three angles from Example 1, using a protractor.

Solution: Just like in Example 1, it might be easier to measure these three angles if you separate them. With measurement, we put an m in front of the ∠ sign to indicate measure. So, m∠XUY = 84◦, m∠YUZ = 42◦ and m∠XUZ = 126◦.",gemini
"In the last lesson, we introduced the Ruler Postulate. Here we introduce the Protractor Postulate.

Protractor Postulate: For every angle there is a number between 0◦ and 180◦ that is the measure of the angle in degrees. The angle’s measure is then the absolute value of the difference of the numbers shown on the protractor where the sides of the angle intersect the protractor.

In other words, you do not have to start measuring an angle at 0◦, as long as you subtract one measurement from the other.",gemini
"Example 3: What is the measure of the angle shown below?

Solution: This angle is not lined up with 0◦, so use subtraction to find its measure. It does not matter which scale you use.
Using the inner scale, |140−25|= 125◦
Using the outer scale, |165−40|= 125◦",gemini
"Example 4: Use a protractor to measure ∠RST below.

Solution: The easiest way to measure any angle is to line one side up with 0◦. This angle measures 100◦.",gemini
"Classifying Angles

By looking at the protractor we measure angles from 0◦ to 180◦. Angles can be classified, or grouped, into four different categories.

Straight Angle: When an angle measures 180◦. The angle measure of a straight line. The rays that form this angle are called opposite rays.

Right Angle: When an angle measures 90◦.

Notice the half-square, marking the angle. This marking is always used to mark right, or 90◦, angles.

Acute Angles: Angles that measure between 0◦ and 90◦.

Obtuse Angles: Angles that measure between 90◦ and 180◦.

It is important to note that 90◦ is NOT an acute angle and 180◦ is NOT an obtuse angle.",gemini
"Additionally, any two lines or line segments can intersect to form four angles. If the two lines intersect to form right angles, we say the lines are perpendicular.

Perpendicular: When two lines intersect to form four right angles.

Even though all four angles are 90◦, only one needs to be marked. It can be assumed thatall four are 90◦.
The symbol for perpendicular is ⊥, so these two lines would be labeled l⊥m or ←→AC⊥←→DE.
There are several other ways to label these two intersecting lines. This picture shows two perpendicular lines, four right angles, four 90◦ angles, and even two straight angles, ∠ABC and ∠DBE.",gemini
"Example 5: Name the angle and determine what type of angle it is.

Solution: The vertex is U. So, the angle can be ∠TUV or ∠VUT. To determine what type of angle it is, compare it to a right angle. Because it opens wider than a right angle, and less than a straight angle it is obtuse.",gemini
"Example 6: What type of angle is 84◦? What about 165◦?

Solution: 84◦ is less than 90◦, so it is acute. 165◦ is greater than 90◦, but less than 180◦, so it is obtuse.",gemini
"Drawing an Angle

Investigation 1-1: Drawing a 50◦ Angle with a Protractor
1. Start by drawing a horizontal line across the page, about 2 in long.
2. Place an endpoint at the left side of your line.
3. Place the protractor on this point. Make sure to put the center point on the bottom line of the protractor on the vertex. Mark 50◦ on the appropriate scale.
4. Remove the protractor and connect the vertex and the 50◦ mark.

This process can be used to draw any angle between 0◦ and 180◦. See http://www.mathsisfun.com/geometry/protractor-using.html for an animation of this investigation.",gemini
"Example 7: Draw a 135◦ angle.

Solution: Following the steps from above, your angle should look like this:",gemini
"Now that we know how to draw an angle, we can also copy that angle with a compass and a straightedge, usually a ruler. Anytime we use a compass and ruler to draw different geometric figures, it called a construction.

Compass: A tool used to draw circles and arcs.

Investigation 1-2: Copying an Angle with a Compass and Straightedge
1. We are going to copy the angle created in the previous investigation, a 50◦ angle. First, draw a straight line, about 2 inches long, and place an endpoint at one end.
2. With the point (non-pencil side) of the compass on the vertex, draw an arc that passes through both sides of the angle. Repeat this arc with the line we drew in #1.
3. Move the point of the compass to the horizontal side of the angle we are copying. Place the point where the arc intersects this side. Open (or close) the “mouth” of the compass so you can draw an arc that intersects the other side of the arc drawn in #2. Repeat this on the line we drew in #1.
4. Draw a line from the new vertex to the arc intersections.
To watch an animation of this construction, see http://www.mathsisfun.com/geometry/construct-anglesame.html",gemini
"Marking Angles and Segments in a Diagram

With all these segments and angles, we need to have different ways to label equal angles and segments.

Angle Markings
Segment Markings",gemini
"Example 8: Interpret the picture below. Write all equal angle and segment statements.

Solution:
AD⊥←→FC
m∠ADB = m∠BDC = m∠FDE = 45◦
AD = DE
FD = DB = DC
m∠ADF = m∠ADC = 90◦",gemini
"Angle Addition Postulate

Much like the Segment Addition Postulate, there is an Angle Addition Postulate.

Angle Addition Postulate: If B is on the interior of ∠ADC, then m∠ADC = m∠ADB + m∠BDC. See the picture below.",gemini
"Example 9: What is m∠QRT in the diagram below?

Solution: Using the Angle Addition Postulate, m∠QRT = 15◦ + 30◦ = 45◦.",gemini
"Example 10: What is m∠LMN if m∠LMO = 85◦ and m∠NMO = 53◦?

Solution: From the Angle Addition Postulate, m∠LMO = m∠NMO + m∠LMN. Substituting in what we know,
85◦ = 53◦ + m∠LMN, so 85◦ − 53◦ = m∠LMN or m∠LMN = 32◦.",gemini
"Example 11: Algebra Connection If m∠ABD = 100◦, find x and m∠ABC and m∠CBD?

Solution: From the Angle Addition Postulate, m∠ABD = m∠ABC+m∠CBD. Substitute in what you know and solve the equation.

100◦ = (4x+2)◦ + (3x−7)◦
100◦ = 7x−5◦
105◦ = 7x
15◦ = x

So, m∠ABC = 4(15◦) +2◦ = 62◦ and m∠CBD = 3(15◦)−7◦ = 38◦.",gemini
"Know What? Revisited Using a protractor, the measurement marked in the red triangle is 90◦, the measurement in the green triangle is 45◦ and the measurement in the blue square is 90◦.

All of the equal angles are marked in the picture below. All of the acute angles in the triangles are equal and all the other angles are right, or 90◦.",gemini
"Review Questions

For questions 1-10, determine if the statement is true or false. If you answered FALSE for any question, state why.

1. Two angles always add up to be greater than 90◦.
2. 180◦ is an obtuse angle.
3. 180◦ is a straight angle.
4. Two perpendicular lines intersect to form four right angles.
5. A construction uses a protractor and a ruler.
6. For an angle ∠ABC,C is the vertex.
7. For an angle ∠ABC,AB and BC are the sides.
8. The m in front of m∠ABC means measure.
9. Angles are always measured in degrees.
10. The Angle Addition Postulate says that an angle is equal to the sum of the smaller angles around it.",gemini
"For 11-16, draw the angle with the given degree, using a protractor and a ruler. Also, state what type of angle it is.

11. 55◦
12. 92◦
13. 178◦
14. 5◦
15. 120◦
16. 73◦
17. Construction Copy the angle you made from #12, using a compass and a straightedge.
18. Construction Copy the angle you made from #16, using a compass and a straightedge.",gemini
"For 19-22, use a protractor to determine the measure of each angle.

19.
20.
21.
22.",gemini
"23. Interpret the picture. Write down all equal angles, segments and if any lines are perpendicular.",gemini
"24. Draw a picture with the following requirements.

AB = BC = BD m∠ABD = 90◦
m∠ABC = m∠CBD A,B,C and D are coplanar",gemini
"In 25 and 26, plot and sketch ∠ABC. Classify the angle. Write the coordinates of a point that lies in the interior of the angle.

25.
A(5,−3)
B(−3,−1)
C(2,2)

26.
A(−3,0)
B(3,1)
C(5,0)",gemini
"In Exercises 27-31, use the following information: Q is in the interior of ∠ROS. S is in the interior of ∠QOP. P is in the interior of ∠SOT. S is in the interior of ∠ROT and m∠ROT = 160◦, m∠SOT = 100◦, and m∠ROQ = m∠QOS = m∠POT.

27. Make a sketch.
28. Find m∠QOP
29. Find m∠QOT
30. Find m∠ROQ
31. Find m∠SOP",gemini
"Algebra Connection Solve for x.

32. m∠ADC = 56◦
33. m∠ADC = 130◦
34. m∠ADC = (16x−55)◦
35. m∠ADC = (9x−80)◦",gemini
"36. Writing Write a paragraph about why the degree measure of a straight line is 180, the degree measure of a right angle is 90, etc. In other words, answer the question, “Why is the straight line divided into exactly 180 degrees and not some other number of degrees?”",gemini
"Learning Objectives

• Identify the midpoint of line segments.
• Identify the bisector of a line segment.
• Understand and the Angle Bisector Postulate.",gemini
"Review Queue
Answer the following questions.

1. m∠ROT = 165◦, find m∠POT
2. Find x.
3. Use the Angle Addition Postulate to write an equation for the angles in #1.",gemini
"Know What? The building below is the Transamerica Pyramid in San Francisco. This building was completed in 1972 and, at that time was one of the tallest buildings in the world. It is a pyramid with two “wings” on either side, to accommodate elevators. Because San Francisco has problems with earthquakes, there are regulations on how a building can be designed. In order to make this building as tall as it is and still abide by the building codes, the designer used this pyramid shape.

It is very important in designing buildings that the angles and parts of the building are equal. What components of this building look equal? Analyze angles, windows, and the sides of the building.",gemini
"Congruence

You could argue that another word for equal is congruent. However, the two differ slightly.

Congruent: When two geometric figures have the same shape and size.

We label congruence with a ≅ sign. Notice the ~ above the = sign. AB ≅ BA means that AB is congruent to BA. If we know two segments or angles are congruent, then their measures are also equal. If two segments or angles have the same measure, then, they are also congruent.

TABLE 1.1:
Equal: used with measurement; mAB = AB = 5 cm; m∠ABC = 60◦
Congruent: used with figures; AB ≅ BA; ∠ABC ≅ ∠CBA",gemini
"Midpoints

Midpoint: A point on a line segment that divides it into two congruent segments.

Because AB = BC, B is the midpoint of AC.

Midpoint Postulate: Any line segment will have exactly one midpoint.

This might seem self-explanatory. However, be careful, this postulate is referring to the midpoint, not the lines that pass through the midpoint, which is infinitely many.",gemini
"Example 1: Is M a midpoint of AB?

Solution: No, it is not because MB = 16 and AM = 34−16 = 18.",gemini
"Midpoint Formula

When points are plotted in the coordinate plane, you can use slope to find the midpoint between then. We will generate a formula here.

Here are two points, (-5, 6) and (3, 4). Draw a line between the two points and determine the vertical distance and the horizontal distance.

So, it follows that the midpoint is down and over half of each distance. The midpoint would then be down 2 (or -2) from (-5, 6) and over positively 4. If we do that we find that the midpoint is (-1, 4).

Let’s create a formula from this. If the two endpoints are (-5, 6) and (3, 4), then the midpoint is (-1, 4). -1 is halfway between -5 and 3 and 4 is halfway between 6 and 2. Therefore, the formula for the midpoint is the average of the x−values and the average of the y−values.

Midpoint Formula: For two points, (x1, y1) and (x2, y2), the midpoint is ((x1+x2)/2, (y1+y2)/2)",gemini
"Example 2: Find the midpoint between (9, -2) and (-5, 14).

Solution: Plug the points into the formula.
((9+ (-5))/2, (-2+14)/2) = (4/2, 12/2) = (2,6)",gemini
"Example 3: If M(3,−1) is the midpoint of AB and B(7,−6), find A.

Solution: Plug what you know into the midpoint formula.
((7+xA)/2, (-6+yA)/2) = (3,−1)
(7+xA)/2 = 3 and (-6+yA)/2 = −1
7+xA = 6 and −6+yA = −2
xA = −1 and yA = 4
A is (−1,4).

Another way to find the other endpoint is to find the difference between M and B and then duplicate it on the other side of M.

x− values: 7−3 = 4, so 4 on the other side of 3 is 3−4 = −1
y− values: −6−(−1) = −5, so -5 on the other side of -1 is −1−(−5) = 4

A is still (-1, 4). You may use either method.",gemini
"Segment Bisectors

Segment Bisector: A line, segment, or ray that passes through a midpoint of another segment.
A bisector cuts a line segment into two congruent parts.",gemini
"Example 4: Use a ruler to draw a bisector of the segment below.

Solution: The first step in identifying a bisector is finding the midpoint. Measure the line segment and it is 4 cm long. To find the midpoint, divide 4 by 2.
So, the midpoint will be 2 cm from either endpoint, or halfway between. Measure 2 cm from one endpoint and draw the midpoint.
To finish, draw a line that passes through the midpoint. It doesn’t matter how the line intersects XY, as long as it passes through Z.",gemini
"A specific type of segment bisector is called a perpendicular bisector.

Perpendicular Bisector: A line, ray or segment that passes through the midpoint of another segment and intersects the segment at a right angle.

←→DE is the perpendicular bisector of AC, so AB ≅ BC and AC⊥←→DE.

Perpendicular Bisector Postulate: For every line segment, there is one perpendicular bisector that passes through the midpoint.
There are infinitely many bisectors, but only one perpendicular bisector for any segment.",gemini
"Example 5: Which line is the perpendicular bisector of MN?

Solution: The perpendicular bisector must bisect MN and be perpendicular to it. Only ←→OQ satisfies both requirements.
←→SR is just a bisector.",gemini
"Example 6: Algebra Connection Find x and y.

Solution: The line shown is the perpendicular bisector. So, 3x−6 = 21, 3x = 27, x = 9.
And, (4y−2)◦ = 90◦, 4y◦ = 92◦, y = 23◦.",gemini
"Investigation 1-3: Constructing a Perpendicular Bisector

1. Draw a line that is at least 6 cm long, about halfway down your page.
2. Place the pointer of the compass at an endpoint. Open the compass to be greater than half of the segment. Make arc marks above and below the segment. Repeat on the other endpoint. Make sure the arc marks intersect.
3. Use your straight edge to draw a line connecting the arc intersections.

This constructed line bisects the line you drew in #1 and intersects it at 90◦. So, this construction also works to create a right angle. To see an animation of this investigation, go to http://www.mathsisfun.com/geometry/construct-linebisect.html .",gemini
"Congruent Angles

Example 7: Algebra Connection What is the measure of each angle?

Solution: From the picture, we see that the angles are congruent, so the given measures are equal.
(5x+7)◦ = (3x+23)◦
2x◦ = 16◦
x = 8◦
To find the measure of ∠ABC, plug in x = 8◦ to (5x+7)◦.
(5(8) +7)◦
(40+7)◦
47◦
Because m∠ABC = m∠XYZ, m∠XYZ = 47◦ too.",gemini
"Angle Bisectors

Angle Bisector: A ray that divides an angle into two congruent angles, each having a measure exactly half of the original angle.

BD is the angle bisector of ∠ABC
∠ABD ≅ ∠DBC
m∠ABD = 1/2 m∠ABC

Angle Bisector Postulate: Every angle has exactly one angle bisector.",gemini
"Example 8: Let’s take a look at Review Queue #1 again. Is OP the angle bisector of ∠SOT? Recall, that m∠ROT = 165◦, what is m∠SOP and m∠POT?

Solution: Yes, OP is the angle bisector of ∠SOT according to the markings in the picture. If m∠ROT = 165◦ and m∠ROS = 57◦, then m∠SOT = 165◦ − 57◦ = 108◦. The m∠SOP and m∠POT are each half of 108◦ or 54◦.",gemini
"Investigation 1-4: Constructing an Angle Bisector

1. Draw an angle on your paper. Make sure one side is horizontal.
2. Place the pointer on the vertex. Draw an arc that intersects both sides.
3. Move the pointer to the arc intersection with the horizontal side. Make a second arc mark on the interior of the angle. Repeat on the other side. Make sure they intersect.
4. Connect the arc intersections from #3 with the vertex of the angle.

To see an animation of this construction, view http://www.mathsisfun.com/geometry/construct-anglebisect.html .",gemini
"Know What? Revisited The image to the right is an outline of the Transamerica Building from earlier in the lesson. From this outline, we can see the following parts are congruent:

TR ≅ TC; ∠TCR ≅ ∠TRC
RS ≅ CM; ∠CIE ≅ ∠RAN
CI ≅ RA and ∠TMS ≅ ∠TSM
AN ≅ IE; ∠IEC ≅ ∠ANR
TS ≅ TM; ∠TCI ≅ ∠TRA

As well at these components, there are certain windows that are congruent and all four triangular sides of the building are congruent to each other.",gemini
"Review Questions

1. Copy the figure below and label it with the following information:

∠A ≅ ∠C
∠B ≅ ∠D
AB ≅ CD
AD ≅ BC",gemini
"For 2-9, find the lengths, given: H is the midpoint of AE and DG, B is the midpoint of AC, GD is the perpendicular bisector of FA and EC, AC ≅ FE, and FA ≅ EC.

2. AB
3. GA
4. ED
5. HE
6. m∠HDC
7. FA
8. GD
9. m∠FED
10. How many copies of triangle AHB can fit inside rectangle FECA without overlapping?",gemini
"For 11-18, use the following picture to answer the questions.

11. What is the angle bisector of ∠TPR?
12. P is the midpoint of what two segments?
13. What is m∠QPR?
14. What is m∠TPS?
15. How does VS relate to QT?
16. How does QT relate to VS?
17. Is PU a bisector? If so, of what?
18. What is m∠QPV?",gemini
"Algebra Connection For 19-24, use algebra to determine the value of variable(s) in each problem.",gemini
"25. Construction Using your protractor, draw an angle that is 110◦. Then, use your compass to construct the angle bisector. What is the measure of each angle?",gemini
"26. Construction Using your protractor, draw an angle that is 75◦. Then, use your compass to construct the angle bisector. What is the measure of each angle?",gemini
"27. Construction Using your ruler, draw a line segment that is 7 cm long. Then use your compass to construct the perpendicular bisector, What is the measure of each segment?",gemini
"28. Construction Using your ruler, draw a line segment that is 4 in long. Then use your compass to construct the perpendicular bisector, What is the measure of each segment?",gemini
"29. Construction Draw a straight angle (180◦). Then, use your compass to construct the angle bisector. What kind of angle did you just construct?",gemini
"For questions 30-33, find the midpoint between each pair of points.
30. (-2, -3) and (8, -7)
31. (9, -1) and (-6, -11)
32. (-4, 10) and (14, 0)
33. (0, -5) and (-9, 9)",gemini
"Given the midpoint (M) and either endpoint of AB, find the other endpoint.
34. A(−1,2) and M(3,6)
35. B(−10,−7) and M(−2,1)",gemini
36. Error Analysis Erica is looking at a geometric figure and trying to determine which parts are congruent. She wrote AB = CD. Is this correct? Why or why not?,gemini
"37. Challenge Use the Midpoint Formula to solve for the x−value of the midpoint and the y−value of the midpoint. Then, use this formula to solve #34. Do you get the same answer?",gemini
38. Construction Challenge Use construction tools and the constructions you have learned in this section to construct a 45◦ angle.,gemini
39. Construction Challenge Use construction tools and the constructions you have learned in this section to construct two 2 in segments that bisect each other. Now connect all four endpoints with segments. What figure have you constructed?,gemini
40. Describe an example of how the concept of midpoint (or the midpoint formula) could be used in the real world.,gemini
"1.5 Angle Pairs

Learning Objectives
• Recognize complementary angles, supplementary angles, linear pairs and vertical angles.
• Apply the Linear Pair Postulate and the Vertical Angles Theorem.",gemini
"Review Queue
Use the picture below to answer questions 1-3.
1. Find x.
2. Find y.
3. Find z.",gemini
"Know What? A compass (as seen to the right) is used to determine the direction a person is traveling in. The angles between each direction are very important because they enable someone to be more specific and precise with their direction. In boating, captains use headings to determine which direction they are headed. A heading is the angle at which these compass lines intersect. So, a heading of 45◦NW, would be straight out along that northwest line.
What headings have the same angle measure? What is the angle measure between each compass line?",gemini
"Complementary Angles

Complementary: When two angles add up to 90◦.

Complementary angles do not have to be congruent to each other, nor do they have to be next to each other.",gemini
"Example 1: The two angles below are complementary. m∠GHI = x. What is x?

Solution: Because the two angles are complementary, they add up to 90◦. Make an equation.
x+34◦ = 90◦
x = 56◦",gemini
"Example 2: The two angles below are complementary. Find the measure of each angle.

Solution: Again, the two angles add up to 90◦. Make an equation.
8r +9◦ +7r +5◦ = 90◦
15r +14◦ = 90◦
15r = 76◦
r ≈ 5.1◦

However, this is not what the question asks for. You need to plug r back into each expression to find each angle.
For m∠GHI: 8(5.1◦) +9◦ = 49.8◦, so m∠GHI ≈ 49.8◦.
For m∠JKL: 7(5.1◦) +5◦ = 40.7◦, so m∠JKL ≈ 40.7◦.",gemini
"Supplementary Angles

Supplementary: When two angles add up to 180◦.

Just like complementary angles, supplementary angles do not have to be congruent or touching.",gemini
"Example 3: The two angles below are supplementary. If m∠MNO = 78◦ what is m∠PQR?

Solution: Just like Examples 1 and 2, set up an equation. However, instead of equaling 90◦, now it is 180◦.
78◦ +m∠PQR = 180◦
m∠PQR = 102◦",gemini
"Example 4: What is the measure of two congruent, supplementary angles?

Solution: Supplementary angles add up to 180◦. Congruent angles have the same measure. Divide 180◦ by 2, to find the measure of each angle.
180◦ ÷2 = 90◦
So, two congruent, supplementary angles are right angles, or 90◦.",gemini
"Linear Pairs

Adjacent Angles: Two angles that have the same vertex, share a side, and do not overlap.

∠PSQ and ∠QSR are adjacent.
∠PQR and ∠PQS are NOT adjacent because they overlap.",gemini
"Linear Pair: Two angles that are adjacent and whose non-common sides form a straight line.

∠PSQ and ∠QSR are a linear pair.
m∠PSR = 180◦
m∠PSQ+m∠QSR = m∠PSR
m∠PSQ+m∠QSR = 180◦",gemini
"Linear Pair Postulate: If two angles are a linear pair, then they are supplementary.",gemini
"Example 5: Algebra Connection What is the value of each angle?

Solution: These two angles are a linear pair, so they are supplementary, or add up to 180◦. Write an equation.
(7q−46)◦ + (3q+6)◦ = 180◦
10q−40◦ = 180◦
10q = 220◦
q = 22◦

So, plug in q to get the measure of each angle.
m∠ABD = 7(22◦)−46◦ = 108◦
m∠DBC = 180◦ −108◦ = 72◦",gemini
"Example 6: Are ∠CDA and ∠DAB a linear pair? Are they supplementary?

Solution: The two angles are not a linear pair because they do not have the same vertex. However, they are supplementary, 120◦ +60◦ = 180◦.",gemini
"Vertical Angles

Vertical Angles: Two non-adjacent angles formed by intersecting lines.
∠1 and ∠3 are vertical angles
∠2 and ∠4 are vertical angles

Notice that these angles are labeled with numbers. You can tell that these are labels because they do not have a degree symbol.",gemini
"Investigation 1-5: Vertical Angle Relationships

1. Draw two intersecting lines on your paper. Label the four angles created ∠1, ∠2, ∠3, and ∠4. See the picture above.
2. Take your protractor and find m∠1.
3. What is the angle relationship between ∠1 and ∠2? Find m∠2.
4. What is the angle relationship between ∠1 and ∠4? Find m∠4.
5. What is the angle relationship between ∠2 and ∠3? Find m∠3.
6. Are any angles congruent? If so, write down the congruence statement.

From this investigation, hopefully you found out that ∠1 ≅ ∠3 and ∠2 ≅ ∠4. This is our first theorem. That means it must be proven true in order to use it.",gemini
"Vertical Angles Theorem: If two angles are vertical angles, then they are congruent.

We can prove the Vertical Angles Theorem using the same process we used above. However, let’s not use any specific values for the angles.

From the picture above:
∠1 and ∠2 are a linear pair: m∠1+m∠2 = 180◦
∠2 and ∠3 are a linear pair: m∠2+m∠3 = 180◦
∠3 and ∠4 are a linear pair: m∠3+m∠4 = 180◦

All of the equations = 180◦, so set the first and second equation equal to each other and the second and third:
m∠1+m∠2 = m∠2+m∠3
AND
m∠2+m∠3 = m∠3+m∠4

Cancel out the like terms:
m∠1 = m∠3, m∠2 = m∠4

Recall that anytime the measures of two angles are equal, the angles are also congruent.",gemini
"Example 7: Find m∠1 and m∠2.

Solution: ∠1 is vertical angles with 18◦, so m∠1 = 18◦. ∠2 is a linear pair with ∠1 or 18◦, so 18◦ + m∠2 = 180◦. m∠2 = 180◦ −18◦ = 162◦.",gemini
"Know What? Revisited The compass has several vertical angles and all of the smaller angles are 22.5◦, 180◦ ÷8. Directions that are opposite each other, have the same angle measure, but of course, a different direction. All of the green directions have the same angle measure, 22.5◦, and the purple have the same angle measure, 45◦. N, S, E and W all have different measures, even though they are all 90◦ apart.",gemini
"1. Find the measure of an angle that is complementary to ∠ABC if m∠ABC is
a. 45◦
b. 82◦
c. 19◦
d. z◦",gemini
"2. Find the measure of an angle that is supplementary to ∠ABC if m∠ABC is
a. 45◦
b. 118◦
c. 32◦
d. x◦",gemini
"Use the diagram below for exercises 3-7. Note that NK⊥IL.
3. Name one pair of vertical angles.
4. Name one linear pair of angles.
5. Name two complementary angles.
6. Name two supplementary angles.
7. Given that m∠INJ = 63◦, find:
a. m∠JNL
b. m∠KNL
c. m∠MNL
d. m∠MNI",gemini
"For 8-15, determine if the statement is ALWAYS true, SOMETIMES true or NEVER true.
8. Vertical angles are congruent.
9. Linear pairs are congruent.
10. Complementary angles add up to 180◦.
11. Supplementary angles add up to 180◦
12. Adjacent angles share a vertex.
13. Adjacent angles overlap.
14. Complementary angles are 45◦.
15. The complement of x◦ is (90−x)◦.",gemini
"For 16-25, find the value of x or y.",gemini
"Find x and y in the following diagrams.
26.
27.",gemini
"Algebra Connection. Use factoring or the quadratic formula to solve for the variables.
28.
29.
30.
31.",gemini
"1.6 Classifying Polygons

Learning Objectives
• Define triangle and polygon.
• Classify triangles by their sides and angles.
• Understand the difference between convex and concave polygons.
• Classify polygons by number of sides.",gemini
"Review Queue
1. Draw a triangle.
2. Where have you seen 4, 5, 6 or 8-sided polygons in real life? List 3 examples.
3. Fill in the blank.
a. Vertical angles are always __________________.
b. Linear pairs are ______________________.
c. The parts of an angle are called ________________ and a ________________.",gemini
"Know What? The pentagon in Washington DC is a pentagon with congruent sides and angles. There is a smaller pentagon inside of the building that houses an outdoor courtyard. Looking at the picture, the building is divided up into 10 smaller sections. What are the shapes of these sections? Are any of these division lines diagonals? How do you know?",gemini
"Triangles

The first enclosed shape to examine is the triangle.

Triangle: Any closed figure made by three line segments intersecting at their endpoints.

Every triangle has three vertices (the points where the segments meet), three sides (the segments), and three interior angles (formed at each vertex). All of the following shapes are triangles.",gemini
"You might have also learned that the sum of the interior angles in a triangle is 180◦. Later we will prove this, but for now you can use this fact to find missing angles.",gemini
"Example 1: Which of the figures below are not triangles?

Solution: B is not a triangle because it hasone curved side. D is not a closed shape, so it is not a triangle either.",gemini
"Example 2: How many triangles are in the diagram below?

Solution: Start by counting the smallest triangles, 16. Now count the triangles that are formed by four of the smaller triangles.
There are a total of seven triangles of this size, including the inverted one in the center of the diagram. Next, count the triangles that are formed by nine of the smaller triangles. There are three of this size. And finally, there is one triangle formed by the 16 smaller triangles. Adding these numbers together, we get 16+7+3+1 = 27.",gemini
"Classifying by Angles

Angles can be classified by their angles;acute, obtuse or right. In any triangle, two of the angles will always be acute. The third angle can be acute, obtuse, or right.

We classify each triangle by this angle.
Right Triangle: When a triangle has one right angle.
Obtuse Triangle: When a triangle has one obtuse angle.
Acute Triangle: When all three angles in the triangle are acute.
Equiangular Triangle: When all the angles in a triangle are congruent.",gemini
"Example 3: Which term best describes △RST below?

Solution: This triangle has one labeled obtuse angle of 92◦. Triangles can only have one obtuse angle, so it is an obtuse triangle.",gemini
"Classifying by Sides

These classifications have to do with the sides of the triangle and their relationships to each other.
Scalene Triangle: When a triangles sides are all different lengths.
Isosceles Triangle: When at least two sides of a triangle are congruent.
Equilateral Triangle: When all the sides of a triangle are congruent.
Note that by the definitions, an equilateral triangle is also an isosceles triangle.",gemini
"Example 4: Classify the triangle by its sides and angles.

Solution: We are told there are two congruent sides, so it is an isosceles triangle. By its angles, they all look acute, so it is an acute triangle. Typically, we say this is an acute isosceles triangle.",gemini
"Example 5: Classify the triangle by its sides and angles.

Solution: This triangle has a right angle and no sides are marked congruent. So, it is a right scalene triangle.",gemini
"Polygons

Polygon: Any closed planar figure that is made entirely of line segments that intersect at their endpoints.

Polygons can have any number of sides and angles, but the sides can never be curved. The segments are called the sides of the polygons, and the points where the segments intersect are called vertices. The easiest way to identify a polygon is to look for a closed figure with no curved sides.",gemini
"Example 6: Which of the figures below is a polygon?

Solution: The easiest way to identify the polygon is to identify which shapes are not polygons. B and C each have at least one curved side, so they cannot be polygons. D has all straight sides, but one of the vertices is not at the endpoint of the adjacent side, so it is not a polygon either. A is the only polygon.",gemini
"Example 7: Which of the figures below is not a polygon?

Solution: C is a three-dimensional shape, so it does not lie within one plane, so it is not a polygon.",gemini
"Convex and Concave Polygons

Polygons can be either convex or concave. Think of the term concave as referring to a cave, or “caving in”. A concave polygon has a section that “points inward” toward the middle of the shape. All stars are concave polygons.

A convex polygon does not share this property.",gemini
"Diagonals: Line segments that connects the vertices of a convex polygon that are not sides.

The red lines are all diagonals.
This pentagon has 5 diagonals.",gemini
"Example 8: Determine if the shapes below are convex or concave.

Solution: To see if a polygon is concave, look at the polygons and see if any angle “caves in” to the interior of the polygon. The first polygon does not do this, so it is convex. The other two do, so they are concave. You could add here that concave polygons have at least one diagonal outside the figure.",gemini
"Example 9: How many diagonals does a 7-sided polygon have?

Solution: Draw a 7-sided polygon, also called a heptagon. Drawing in all the diagonals and counting them, we see there are 14.",gemini
"Classifying Polygons

Whether a polygon is convex or concave, it can always be named by the number of sides. See the chart below.

TABLE 1.2:
Polygon Name | Number of Sides | Number of Diagonals | Convex Example
Triangle | 3 | 0
Quadrilateral | 4 | 2
Pentagon | 5 | 5
Hexagon | 6 | 9
Heptagon | 7 | 14
Octagon | 8 | ?
Nonagon | 9 | ?
Decagon | 10 | ?
Undecagon or hendecagon | 11 | ?
Dodecagon | 12 | ?
n−gon | n (where n > 12) | ?",gemini
"Example 10: Name the three polygons below by their number of sides and if it is convex or concave.

Solution:
A. This shape has six sides and concave, so it is a concave hexagon.
B. This shape has five sides and is convex, so it is a convex pentagon.
C. This shape has ten sides and is convex, so it is a convex decagon.",gemini
"Know What? Revisited The pentagon is divided up into 10 sections, all quadrilaterals. More specifically, there are 5 rectangles and 5 kites. None of these dividing lines are diagonals because they are not drawn from vertices.",gemini
"Review Questions
For questions 1-6, classify each triangle by its sides and by its angles.",gemini
7. Can you draw a triangle with a right angle and an obtuse angle? Why or why not?,gemini
"8. In an isosceles triangle, can the angles opposite the congruent sides be obtuse?",gemini
9. Construction Construct an equilateral triangle with sides of 3 cm. Start by drawing a horizontal segment of 3 cm and measure this side with your compass from both endpoints.,gemini
10. What must be true about the angles of your equilateral triangle from #9?,gemini
"In problems 11-16, name each polygon in as much detail as possible.",gemini
17. Explain why the following figures are NOT polygons:,gemini
18. How many diagonals can you draw from one vertex of a pentagon? Draw a sketch of your answer.,gemini
19. How many diagonals can you draw from one vertex of an octagon? Draw a sketch of your answer.,gemini
20. How many diagonals can you draw from one vertex of a dodecagon?,gemini
21. Use your answers from 17-19 to figure out how many diagonals you can draw from one vertex of an n−gon?,gemini
"22. Determine the number of total diagonals for an octagon, nonagon, decagon, undecagon, and dodecagon. Do you see a pattern? BONUS: Find the equation of the total number of equations for an n−gon.",gemini
"For 23-30, determine if the statement is ALWAYS true, SOMETIMES true, or NEVER true.
23. Obtuse triangles are isosceles.
24. A polygon must be enclosed.
25. A star is a concave polygon.
26. A right triangle is acute.
27. An equilateral triangle is equiangular.
28. A quadrilateral is a square.
29. You can draw (n−1) triangles from one vertex of a polygon.
30. A decagon is a 5-point star.",gemini
"In geometry it is important to know the difference between a sketch, a drawing and a construction. A sketch is usually drawn free-hand and marked with the appropriate congruence markings or labeled with measurement. It may or may not be drawn to scale. A drawing is made using a ruler, protractor or compass and should be made to scale. A construction is made using only a compass and ruler and should be made to scale.",gemini
"For 31-36, draw, sketch or construct the indicated figures.
31. Sketch a convex heptagon with two sides congruent and three angles congruent.
32. Sketch a non-polygon figure.
33. Draw a concave pentagon with exactly two right angles and at least two congruent sides.
34. Draw an equilateral quadrilateral that is NOT a square.
35. Construct a right triangle with side lengths 3 cm, 4 cm and 5 cm.
36. Construction Challenge Construct a 60◦ angle. ( Hint: Think about an equilateral triangle.)",gemini
"1.7 Chapter 1 Review

Symbol Toolbox
↔AB, →AB, AB Line, ray, line segment
∠ABC Angle with vertex B
mAB or AB Distance between A and B
m∠ABC Measure of ∠ABC
⊥ Perpendicular
= Equal
≅ Congruent",gemini
"Keywords
• Geometry
• Point
• Line
• Plane
• Space
• Collinear
• Coplanar
• Endpoint:
• Line Segment
• Ray
• Intersection
• Postulates
• Theorem
• Distance
• Measure
• Ruler Postulate
• Segment Addition Postulate
• Angle
• Vertex",gemini
"TABLE 1.3: Match the definition or description with the correct word.

Definition
1. When three points lie on the same line.
2. All vertical angles are ________.
3. Linear pairs add up to _______.
4. The m in front of m∠ABC.
5. What you use to measure an angle.
6. When two sides of a triangle are congruent.
7. ⊥
8. A line that passes through the midpoint of another line.
9. An angle that is greater than 90°.
10. The intersection of two planes is a ___________.
11. AB + BC = AC
12. An exact location in space.
13. A sunbeam, for example
14. Every angle has exactly one.
15. A closed figure with 5 sides.

Answer
A. Measure
B. Congruent
C. Angle Bisectors
D. Ray
E. Collinear
F. Perpendicular.
G. Line
H. Protractor
I. Segment Addition Postulate.
J. Obtuse
K. Point
L. 180°
M. Isosceles
N. Pentagon
O. Bisector",gemini
"Texas Instruments Resources

In the CK-12 Texas Instruments Geometry FlexBook® resource, there are graphing calculator activities designed to supplement the objectives for some of the lessons in this chapter. See http://www.ck12.org/flexr/chapter/9686 .",gemini
"This chapter explains how to reason and how to use reasoning to prove theorems about angle pairs and segments. This chapter also introduces the properties of congruence, which will also be used in proofs. Subsequent chapters will combine what you have learned in Chapters 1 and 2 and build upon them.",gemini
"Learning Objectives
• Recognize visual and number patterns.
• Extend and generalize patterns.
• Write a counterexample.",gemini
"Review Queue
1. Look at the patterns of numbers below. Determine the next three numbers in the list. Describe the pattern.
a. 1, 2, 3, 4, 5, 6, _____, _____, _____
b. 3, 6, 9, 12, 15, _____, _____, _____
c. 1, 4, 9, 16, 25, _____, _____, _____
2. Are the statements below true or false? If they are false, state why.
a. Perpendicular lines form four right angles.
b. Angles that are congruent are also equal.
c. Linear pairs are always congruent.
3. For the line, y = 3x+1, make an x−y table for x = 1,2,3,4, and 5. What do you notice? How does it relate to 1b?",gemini
"Know What? This is the “famous” locker problem:

A new high school has just been completed. There are 1000 lockers in the school and they have been numbered from 1 through 1000. During recess, the students decide to try an experiment. When recess is over each student walks into the school one at a time. The first student will open all of the locker doors. The second student will close all of the locker doors with even numbers. The third student will change all of the locker doors that are multiples of 3 (change means closing lockers that are open, and opening lockers that are closed). The fourth student will change the position of all locker doors numbered with multiples of four and so on.

Imagine that this continues until the 1000 students have followed the pattern with the 1000 lockers. At the end, which lockers will be open and which will be closed? Which lockers were touched the most often? Which lockers were touched exactly 5 times?",gemini
"Inductive Reasoning: Making conclusions based upon observations and patterns.

Let’s look at some visual patterns to get a feel for what inductive reasoning is.",gemini
"Example 1: A dot pattern is shown below. How many dots would there be in the bottom row of the 4th figure? What would the total number of dots be in the 6th figure?

Solution: There will be 4 dots in the bottom row of the 4th figure. There is one more dot in the bottom row of each figure than in the previous figure.
There would be a total of 21 dots in the 6th figure, 6+5+4+3+2+1.",gemini
"Example 2: How many triangles would be in the 10th figure?

Solution: There are 10 squares, with a triangle above and below each square. There is also a triangle on each end of the figure. That makes 10+10+2 = 22 triangles in all.",gemini
"Example 2b: If one of these figures contains 34 triangles, how many squares would be in that figure?

Solution: First, the pattern has a triangle on each end. Subtracting 2, we have 32 triangles. Now, divide 32 by 2 because there is a row of triangles above and below each square. 32÷2 = 16 squares.",gemini
"Example 2c: How can we find the number of triangles if we know the figure number?

Solution: Let n be the figure number. This is also the number of squares. 2n is the number of triangles above and below the squares. Add 2 for the triangles on the ends.
If the figure number is n, then there are 2n+2 triangles in all.",gemini
"Example 3: For two points, there is one line segment between them. For three non-collinear points, there are three line segments with those points as endpoints. For four points, no three points being collinear, how many line segments are between them? If you add a fifth point, how many line segments are between the five points?

Solution: Draw a picture of each and count the segments.
For 4 points there are 6 line segments and for 5 points there are 10 line segments.",gemini
"Example 4: Look at the pattern 2, 4, 6, 8, 10,...
a) What is the 19th term in the pattern?
b) Describe the pattern and try and find an equation that works for every term in the pattern.

Solution: For part a, each term is 2 more than the previous term.
You could count out the pattern until the 19th term, but that could take a while. The easier way is to recognize the pattern. Notice that the 1st term is 2 · 1, the 2nd term is 2 · 2, the 3rd term is 2 · 3, and so on. So, the 19th term would be 2 · 19 or 38.
For part b, we can use this pattern to generate a formula. Typically with number patterns we use n to represent the term number. So, this pattern is 2 times the term number, or 2n.",gemini
"Example 5: Look at the pattern 1, 3, 5, 7, 9, 11,...
a) What is the 34th term in the pattern?
b) What is the nth term?

Solution: The pattern increases by 2 and is odd. From the previous example, we know that if a pattern increases by 2, you would multiply n by 2. However, this pattern is odd, so we need to add or subtract a number. Let’s put what we know into a table:

TABLE 2.1:
n | 2n | -1 | Pattern
1 | 2 | -1 | 1
2 | 4 | -1 | 3
3 | 6 | -1 | 5
4 | 8 | -1 | 7
5 | 10 | -1 | 9
6 | 12 | -1 | 11

From this we can reason that the 34th term would be 34 · 2 minus 1, which is 67. Therefore, the nth term would be 2n−1.",gemini
"Example 6: Look at the pattern: 3, 6, 12, 24, 48,...
a) What is the next term in the pattern? The 10th term?
b) Make a rule for the nth term.

Solution: This pattern is different than the previous two examples. Here, each term is multiplied by 2 to get the next term.
Therefore, the next term will be 48 · 2 or 96. To find the 10th term, we need to work on the pattern, let’s break apart each term into the factors to see if we can find the rule.

TABLE 2.2:
n | Pattern | Factors | Simplify
1 | 3 | 3 | 3 · 2^0
2 | 6 | 3 · 2 | 3 · 2^1
3 | 12 | 3 · 2 · 2 | 3 · 2^2
4 | 24 | 3 · 2 · 2 · 2 | 3 · 2^3
5 | 48 | 3 · 2 · 2 · 2 · 2 | 3 · 2^4

Using this equation, the 10th term will be 3 · 2^9, or 1536. Notice that the exponent is one less than the term number. So, for the nth term, the equation would be 3 · 2^(n−1).",gemini
"Example 7: Find the 8th term in the list of numbers as well as the rule.
2, 3/4, 4/9, 5/16, 6/25 ...

Solution: First, change 2 into a fraction, or 2/1. So, the pattern is now 2/1, 3/4, 4/9, 5/16, 6/25 ... Separate the top and the bottom of the fractions into two different patterns. The top is 2, 3, 4, 5, 6. It increases by 1 each time, so the 8th term’s numerator is 9. The denominators are the square numbers, so the 8th term’s denominator is 10^2 or 100. Therefore, the 8th term is 9/100. The rule for this pattern is (n+1)/n^2.",gemini
"To summarize:
• If the same number is added from one term to the next, then you multiply n by it.
• If the same number is multiplied from one term to the next, then you would multiply the first term by increasing powers of this number. n or n−1 is in the exponent of the rule.
• If the pattern has fractions, separate the numerator and denominator into two different patterns. Find the rule for each separately.",gemini
"Conjecture: An “educated guess” that is based on examples in a pattern.
Numerous examples may make you believe a conjecture. However, no number of examples can actually prove a conjecture. It is always possible that the next example would show that the conjecture is false.",gemini
"Example 8: Here’s an algebraic equation and a table of values for n and with the result for t.
t = (n−1)(n−2)(n−3)

TABLE 2.3:
n | (n−1)(n−2)(n−3) | t
1 | (0)(−1)(−2) | 0
2 | (1)(0)(−1) | 0
3 | (2)(1)(0) | 0

After looking at the table, Pablo makes this conjecture:
The value of (n−1)(n−2)(n−3) is 0 for any whole number value of n.
Is this a valid, or true, conjecture?

Solution: No, this is not a valid conjecture. If Pablo were to continue the table to n = 4, he would have seen that (n−1)(n−2)(n−3) = (4−1)(4−2)(4−3) = (3)(2)(1) = 6.
In this example n = 4 is called a counterexample.",gemini
Counterexample: An example that disproves a conjecture.,gemini
"Example 9: Arthur is making figures for a graphic art project. He drew polygons and some of their diagonals.
Based on these examples, Arthur made this conjecture:
If a convex polygon has n sides, then there are n−3 triangles drawn from any given vertex of the polygon.
Is Arthur’s conjecture correct? Can you find a counterexample to the conjecture?

Solution: The conjecture appears to be correct. If Arthur draws other polygons, in every case he will be able to draw n−3 triangles if the polygon has n sides.
Notice that we have not proved Arthur’s conjecture, but only found several examples that hold true. This type of conjecture would need to be proven by induction.",gemini
"Know What? Revisited Start by looking at the pattern. Red numbers are OPEN lockers.
Student 1 changes every locker:
1,2,3,4,5,6,7,8,...1000
Student 2 changes every 2nd locker:
1,2,3,4,5,6,7,8,9,10,11,12,...1000
Student 3 changes every 3rd locker:
1,2,3,4,5,6,7,8,9,10,11,12,...1000
Student 4 changes every 4th locker:
1,2,3,4,5,6,7,8,9,10,11,12,...1000
If you continue on in this way, the only lockers that will be left open are the numbers with an odd number of factors, or the square numbers: 1, 4, 9, 16, 25, 36, 49, 64, 81, 100, 121, 144, 169, 196, 225, 256, 289, 324, 361, 400, 441, 484, 529, 576, 625, 676, 729, 784, 841, 900, and 961. The lockers that were touched the most are the numbers with the most factors. The one locker that was touched the most was 840, which has 32 factors and thus, touched 32 times. There are three lockers that were touched exactly five times: 16, 81, and 625.",gemini
"Review Questions
For questions 1 and 2, determine how many dots there would be in the 4th and the 10th pattern of each figure below.",gemini
"3. Use the pattern below to answer the questions.
a. Draw the next figure in the pattern.
b. How does the number of points in each star relate to the figure number?
c. Use part b to determine a formula for the nth figure.",gemini
"4. Use the pattern below to answer the questions. All the triangles are equilateral triangles.
a. Draw the next figure in the pattern. How many triangles does it have?
b. Determine how many triangles are in the 24th figure.
c. How many triangles are in the nth figure?",gemini
"For questions 5-16, determine: 1) the next two terms in the pattern, 2) the 35th figure and 3) the formula for the nth figure.

5. 5, 8, 11, 14, 17,...
6. 6, 1, -4, -9, -14,...
7. 2, 4, 8, 16, 32,...
8. 67, 56, 45, 34, 23,...
9. 9, -4, 6, -8, 3,...
10. 1/2, 2/3, 3/4, 4/5, 5/6,...
11. 2/3, 4/7, 6/11, 8/15, 10/19,...
12. 3, -5, 7, -9, 11,...
13. -1, 5, -9, 13, -17,...
14. −1/2, 1/4, −1/6, 1/8, −1/10,...
15. 5, 12, 7, 10, 9,...
16. 1, 4, 9, 16, 25,...",gemini
"For questions 17-20, determine the next two terms and describe the pattern.

17. 3, 6, 11, 18, 27,...
18. 3, 8, 15, 24, 35,...
19. 1, 8, 27, 64, 125,...
20. 1, 1, 2, 3, 5,...",gemini
"We all use inductive reasoning in our daily lives. The process consists of making observations, recognizing a pattern and making a generalization or conjecture. Read the following examples of reasoning in the real world and determine if they are examples of Inductive reasoning. Do you think the conjectures are true or can you give a counterexample?

21. For the last three days Tommy has gone for a walk in the woods near his house at the same time of day. Each time he has seen at least one deer. Tommy reasons that if he goes for a walk tomorrow at the same time, he will see deer again.
22. Maddie likes to bake. She especially likes to take recipes and make substitutions to try to make them healthier. She might substitute applesauce for sugar or oat flour for white flour. She has noticed that she needs to add more baking powder or baking soda than the recipe indicates in these situations in order for the baked goods to rise appropriately.
23. One evening Juan saw a chipmunk in his backyard. He decided to leave a slice of bread with peanut butter on it for the creature to eat. The next morning the bread was gone. Juan concluded that chipmunks like to eat bread with peanut butter.
24. Describe an instance in your life when either you or someone you know used inductive reasoning to correctly make a conclusion.
25. Describe an instance when you observed someone using invalid reasoning skills.",gemini
"Challenge For the following patterns find a) the next two terms, b) the 40th term and c) the nth term rule. You will need to think about each of these in a different way. Hint: Double all the values and look for a pattern in their factors. Once you come up with the rule remember to divide it by two to undo the doubling.

26. 2, 5, 9, 14,...
27. 3, 6, 10, 15,...
28. 3, 12, 30, 60,...",gemini
"Connections to Algebra

29. Plot the values of the terms in the sequence 3, 8, 13,... against the term numbers in the coordinate plane. In other words, plot the points (1, 3), (2, 8), and (3, 13). What do you notice? Could you use algebra to figure out the “rule” or equation which maps each term number (x) to the correct term value (y)? Try it.
30. Which sequences in problems 5-16 follow a similar pattern to the one you discovered in #29? Can you use inductive reasoning to make a conclusion about which sequences follow the same type of rule?",gemini
"Learning Objectives
• Identify the hypothesis and conclusion of an if-then or conditional statement.
• Write the converse, inverse, and contrapositive of an if-then statement.
• Recognize a biconditional statement.",gemini
"Review Queue
Find the next figure or term in the pattern.
1. 5, 8, 12, 17, 23,...
2. 2/5, 3/6, 4/7, 5/9, 6/10,...
3.
4. Find a counterexample for the following conjectures.
a. If it is April, then it is Spring Break.
b. If it is June, then I am graduating.",gemini
"Know What? Rube Goldberg was a cartoonist in the 1940s who drew crazy inventions to do very simple things. The invention to the right has a series of smaller tasks that leads to the machine wiping the man’s face with a napkin.
Write a series of if-then statements to that would caption this cartoon, from A to M.",gemini
"Conditional Statement (also called an If-Then Statement): A statement with a hypothesis followed by a conclusion.
Another way to define a conditional statement is to say, “If this happens, then that will happen.”
Hypothesis: The first, or “if,” part of a conditional statement. An educated guess.
Conclusion: The second, or “then,” part of a conditional statement. The conclusion is the result of a hypothesis.",gemini
"Keep in mind that conditional statements might not always be written in the “if-then” form. Here are a few examples.

Statement 1: If you work overtime, then you’ll be paid time-and-a-half.
Statement 2: I’ll wash the car if the weather is nice.
Statement 3: If 2 divides evenly into x, then x is an even number.
Statement 4: I’ll be a millionaire when I win monopoly.
Statement 5: All equiangular triangles are equilateral.

Statements 1 and 3 are written in the “if-then” form. The hypothesis of Statement 1 is “you work overtime.” The conclusion is “you’ll be paid time-and-a-half.”
So, if Sarah works overtime, then what will happen? From Statement 1, we can conclude that she will be paid time-and-a-half.
If 2 goes evenly into 16, what can you conclude? From Statement 3, we know that 16 must be an even number.
Statement 2 has the hypothesis after the conclusion. Even though the word “then” is not there, the statement can be rewritten as: If the weather is nice, then I’ll wash the car. If the word “if” is in the middle of a conditional statement, the hypothesis is always after it.
Statement 4 uses the word “when” instead of “if.” It should be treated like Statement 2, so it can be written as: If I win monopoly, then I will be a millionaire.
Statement 5 “if” and “then” are not there, but can be rewritten as: If a triangle is equiangular, then it is equilateral.",gemini
"Converse, Inverse, and Contrapositive of a Conditional Statement

Look at Statement 2 again: If the weather is nice, then I’ll wash the car.
This can be rewritten using letters to represent the hypothesis and conclusion.
If p, then q. p = the weather is nice
q = I’ll wash the car
Or, p → q
In addition to these positives, we can also write the negations, or “not”s of p and q. The symbolic version of not p, is ∼ p.
∼ p = the weather is not nice
∼ q = I won’t wash the car
Using these negations and switching the order of p and q, we can create three more conditional statements.",gemini
"Converse: q → p: If I wash the car, then the weather is nice.
Inverse: ∼ p →∼ q: If the weather is not nice, then I won’t wash the car.
Contrapositive: ∼ q →∼ p: If I don’t wash the car, then the weather is not nice.

If we accept “If the weather is nice, then I’ll wash the car” as true, then the converse and inverse are not necessarily true. However, if we take original statement to be true, then the contrapositive is also true. We say that the contrapositive is logically equivalent to the original if-then statement.",gemini
"Example 1: Use the statement: If n > 2, then n^2 > 4.
a) Find the converse, inverse, and contrapositive.
b) Determine if the statements from part a are true or false. If they are false, find a counterexample.

Solution: The original statement is true.
Converse: If n^2 > 4, then n > 2. False. n could be −3, making n^2 = 9.
Inverse: If n < 2, then n^2 < 4. False. Again, if n = −3, then n^2 = 9.
Contrapositive: If n^2 < 4, then n < 2. True, the only square number less than 4 is 1, which has square roots of 1 or -1, both less than 2.",gemini
"Example 2: Use the statement: If I am at Disneyland, then I am in California.
a) Find the converse, inverse, and contrapositive.
b) Determine if the statements from part a are true or false. If they are false, find a counterexample.

Solution: The original statement is true.
Converse: If I am in California, then I am at Disneyland. False. I could be in San Francisco.
Inverse: If I am not at Disneyland, then I am not in California. False. Again, I could be in San Francisco.
Contrapositive: If I am not in California, then I am not at Disneyland. True. If I am not in the state, I couldn’t be at Disneyland.

Notice for the inverse and converse we can use the same counterexample. This is because the inverse and converse are also logically equivalent.",gemini
"Example 3: Use the statement: Any two points are collinear.
a) Find the converse, inverse, and contrapositive.
b) Determine if the statements from part a are true or false. If they are false, find a counterexample.

Solution: First, change the statement into an “if-then” statement: If two points are on the same line, then they are collinear.
Converse: If two points are collinear, then they are on the same line. True.
Inverse: If two points are not on the same line, then they are not collinear. True.
Contrapositive: If two points are not collinear, then they do not lie on the same line. True.",gemini
"Example 3 is an example of a biconditional statement.
Biconditional Statement: When the original statement and converse are both true.
So, p → q is true and q → p is true. It is written p ↔ q, with a double arrow to indicate that it does not matter if p or q is first. It is said, “p if and only if q”",gemini
"Example 4: Rewrite Example 3 as a biconditional statement.

Solution: If two points are on the same line, then they are collinear can be rewritten as: Two points are on the same line if and only if they are collinear.
Replace the “if-then” with “if and only if” in the middle of the statement. “If and only if” can be abbreviated “iff.”",gemini
"Example 5: The following is a true statement:
m∠ABC > 90° if and only if ∠ABC is an obtuse angle.
Determine the two true statements within this biconditional.

Solution:
Statement 1: If m∠ABC > 90°, then ∠ABC is an obtuse angle
Statement 2: If ∠ABC is an obtuse angle, then m∠ABC > 90°.
You should recognize this as the definition of an obtuse angle. All geometric definitions are biconditional statements.",gemini
"Example 6: p : x < 10    q : 2x < 50
a) Is p → q true? If not, find a counterexample.
b) Is q → p true? If not, find a counterexample.
c) Is ∼ p →∼ q true? If not, find a counterexample.
d) Is ∼ q →∼ p true? If not, find a counterexample.

Solution:
p → q : If x < 10, then 2x < 50. True.
q → p : If 2x < 50, then x < 10. False, x = 15 would be a counterexample.
∼ p →∼ q : If x > 10, then 2x > 50. False, x = 15 would also work here.
∼ q →∼ p : If 2x > 50, then x > 10. True.",gemini
"Know What? Revisited The conditional statements are as follows:
A → B: If the man raises his spoon, then it pulls a string.
B → C: If the string is pulled, then it tugs back a spoon.
C → D: If the spoon is tugged back, then it throws a cracker into the air.
D → E: If the cracker is tossed into the air, the bird will eat it.
E → F: If the bird eats the cracker, then it turns the pedestal.
F → G: If the bird turns the pedestal, then the water tips over.
G → H: If the water tips over, it goes into the bucket.
H → I: If the water goes into the bucket, then it pulls down the string.
I → J: If the bucket pulls down the string, then the string opens the box.
J → K: If the box is opened, then a fire lights the rocket.
K → L: If the rocket is lit, then the hook pulls a string.
L → M: If the hook pulls the string, then the man’s faces is wiped with the napkin.

This is a very complicated contraption used to wipe a man’s face. Purdue University liked these cartoons so much, that they started the Rube Goldberg Contest in 1949. This past year, the task was to pump hand sanitizer into someone’s hand in no less than 20 steps. http://www.purdue.edu/newsroom/rubegoldberg/index.html",gemini
"Review Questions
For questions 1-6, determine the hypothesis and the conclusion.

1. If 5 divides evenly into x, then x ends in 0 or 5.
2. If a triangle has three congruent sides, it is an equilateral triangle.
3. Three points are coplanar if they all lie in the same plane.
4. If x = 3, then x^2 = 9.
5. If you take yoga, then you are relaxed.
6. All baseball players wear hats.",gemini
"7. Write the converse, inverse, and contrapositive of #1. Determine if they are true or false. If they are false, find a counterexample.
8. Write the converse, inverse, and contrapositive of #5. Determine if they are true or false. If they are false, find a counterexample.
9. Write the converse, inverse, and contrapositive of #6. Determine if they are true or false. If they are false, find a counterexample.",gemini
"10. Find the converse of #2. If it is true, write the biconditional of the statement.
11. Find the converse of #3. If it is true, write the biconditional of the statement.
12. Find the converse of #4. If it is true, write the biconditional of the statement.",gemini
"For questions 13-16, use the statement: If AB = 5 and BC = 5, then B is the midpoint of AC.

13. If this is the converse, what is the original statement? Is it true?
14. If this is the original statement, what is the inverse? Is it true?
15. Find a counterexample of the statement.
16. Find the contrapositive of the original statement from #13.",gemini
"17. What is the inverse of the inverse of p → q? HINT: Two wrongs make a right in math!
18. What is the one-word name for the converse of the inverse of an if-then statement?
19. What is the one-word name for the inverse of the converse of an if-then statement?
20. What is the contrapositive of the contrapositive of an if-then statement?",gemini
"For questions 21-24, determine the two true conditional statements from the given biconditional statements.

21. A U.S. citizen can vote if and only if he or she is 18 or more years old.
22. A whole number is prime if and only if it has exactly two distinct factors.
23. Points are collinear if and only if there is a line that contains the points.
24. 2x = 18 if and only if x = 9.",gemini
"25. p : x = 4    q : x^2 = 16
a. Is p → q true? If not, find a counterexample.
b. Is q → p true? If not, find a counterexample.
c. Is ∼ p →∼ q true? If not, find a counterexample.
d. Is ∼ q →∼ p true? If not, find a counterexample.

26. p : x = −2    q : −x+3 = 5
a. Is p → q true? If not, find a counterexample.
b. Is q → p true? If not, find a counterexample.
c. Is ∼ p →∼ q true? If not, find a counterexample.
d. Is ∼ q →∼ p true? If not, find a counterexample.

27. p : the measure of ∠ABC = 90°    q : ∠ABC is a right angle
a. Is p → q true? If not, find a counterexample.
b. Is q → p true? If not, find a counterexample.
c. Is ∼ p →∼ q true? If not, find a counterexample.
d. Is ∼ q →∼ p true? If not, find a counterexample.

28. p : the measure of ∠ABC = 45°    q : ∠ABC is an acute angle
a. Is p → q true? If not, find a counterexample.
b. Is q → p true? If not, find a counterexample.
c. Is ∼ p →∼ q true? If not, find a counterexample.
d. Is ∼ q →∼ p true? If not, find a counterexample.",gemini
"29. Write a conditional statement. Write the converse, inverse and contrapositive of your statement. Are they true or false? If they are false, write a counterexample.
30. Write a true biconditional statement. Separate it into the two true conditional statements.",gemini
"Learning Objectives
• Apply some basic rules of logic.
• Compare inductive reasoning and deductive reasoning.
• Use truth tables to analyze patterns of logic.",gemini
"Review Queue
1. Write the converse, inverse, and contrapositive of the following statement:
Football players wear shoulder pads.
2. Is the converse, inverse or contrapositive of #1 true? If not, find a counterexample.
3. If flowers are in bloom, then it is spring.
If it is spring, then the weather is nice.
So, if flowers are blooming, what can we conclude?",gemini
"Know What? In a fictitious far-away land, a poor peasant is awaiting his fate from the king. He is standing in a stadium, filled with spectators pointing and wondering what is going to happen. Finally, the king directs everyone’s attention to two doors, at the floor level with the peasant. Both doors have signs on them, which are below:

TABLE 2.4:
Door A: IN THIS ROOM THERE IS A LADY, AND IN THE OTHER ROOM THERE IS A TIGER.
Door B: IN ONE OF THESE ROOMS THERE IS A LADY, AND IN ONE OF THE OTHER ROOMS THERE IS A TIGER.

The king states, “Only one of these statements is true. If you pick correctly, you will find the lady. If not, the tiger will be waiting for you.” Which door should the peasant pick?",gemini
"Logic: The study of reasoning.
In the first section, you learned about inductive reasoning, which is to make conclusions based upon patterns and observations. Now, we will learn about deductive reasoning. Deductive reasoning draws conclusions from facts.

Deductive Reasoning: When a conclusion is drawn from facts. Typically, conclusions are drawn from general statements about something more specific.",gemini
"Example 1: Suppose Bea makes the following statements, which are known to be true.
If Central High School wins today, they will go to the regional tournament.
Central High School won today.
What is the logical conclusion?

Solution: This is an example of deductive reasoning. There is one logical conclusion if these two statements are true: Central High School will go to the regional tournament.",gemini
"Example 2: Here are two true statements.
Every odd number is the sum of an even and an odd number.
5 is an odd number.
What can you conclude?

Solution: Based on only these two true statements, there is one conclusion: 5 is the sum of an even and an odd number. (This is true, 5 = 3+2 or 4+1).",gemini
"Law of Detachment

Let’s look at Example 2 and change it into symbolic form.
p : A number is odd    q : It is the sum of an even and odd number
So, the first statement is p → q.
• The second statement in Example 2, “5 is an odd number,” is a specific example of p. “A number” is 5.
• The conclusion is q. Again it is a specific example, such as 4+1 or 2+3.

The symbolic form of Example 2 is:
p → q
p
∴ q    ∴ symbol for “therefore”

All deductive arguments that follow this pattern have a special name, the Law of Detachment.

Law of Detachment: Suppose that p → q is a true statement and given p. Then, you can conclude q.
Another way to say the Law of Detachment is: “If p → q is true, and p is true, then q is true.”",gemini
"Example 3: Here are two true statements.
If ∠A and ∠B are a linear pair, then m∠A + m∠B = 180°.
∠ABC and ∠CBD are a linear pair.
What conclusion can you draw from this?

Solution: This is an example of the Law of Detachment, therefore:
m∠ABC + m∠CBD = 180°",gemini
"Example 4: Here are two true statements. Be careful!
If ∠A and ∠B are a linear pair, then m∠A + m∠B = 180°.
m∠1 = 90° and m∠2 = 90°.
What conclusion can you draw from these two statements?

Solution: Here there is NO conclusion. These statements are in the form:
p → q
q

We cannot conclude that ∠1 and ∠2 are a linear pair. We are told that m∠1 = 90° and m∠2 = 90° and while 90° + 90° = 180°, this does not mean they are a linear pair. Here are two counterexamples.
In both of these counterexamples, ∠1 and ∠2 are right angles. In the first, they are vertical angles and in the second, they are two angles in a rectangle.
This is called the Converse Error because the second statement is the conclusion of the first, like the converse of a statement.",gemini
"Law of Contrapositive

Example 5: The following two statements are true.
If a student is in Geometry, then he or she has passed Algebra I.
Daniel has not passed Algebra I.
What can you conclude from these two statements?

Solution: These statements are in the form:
p → q
∼ q

Not q is the beginning of the contrapositive (∼ q →∼ p), therefore the logical conclusion is not p: Daniel is not in Geometry.
This example is called the Law of Contrapositive.

Law of Contrapositive: Suppose that p → q is a true statement and given ∼ q. Then, you can conclude ∼ p.
Recall that the logical equivalent to a conditional statement is its contrapositive. Therefore, the Law of Contrapositive is a logical argument.",gemini
"Example 6: Determine the conclusion from the true statements below.
Babies wear diapers.
My little brother does not wear diapers.

Solution: The second statement is the equivalent of ∼ q. Therefore, the conclusion is ∼ p, or: My little brother is not a baby.",gemini
"Example 7a: Determine the conclusion from the true statements below.
If you are not in Chicago, then you can’t be on the L.
Bill is in Chicago.

Solution: If we were to rewrite this symbolically, it would look like:
∼ p →∼ q
p

This is not in the form of the Law of Contrapositive or the Law of Detachment, so there is no logical conclusion. You cannot conclude that Bill is on the L because he could be anywhere in Chicago. This is an example of the Inverse Error because the second statement is the negation of the hypothesis, like the beginning of the inverse of a statement.",gemini
"Example 7b: Determine the conclusion from the true statements below.
If you are not in Chicago, then you can’t be on the L.
Sally is on the L.

Solution: If we were to rewrite this symbolically, it would look like:
∼ p →∼ q
q

Even though it looks a little different, this is an example of the Law of Contrapositive. Therefore, the logical conclusion is: Sally is in Chicago.",gemini
"Law of Syllogism

Example 8: Determine the conclusion from the following true statements.
If Pete is late, Mark will be late.
If Mark is late, Karl will be late.
So, if Pete is late, what will happen?

Solution: If Pete is late, this starts a domino effect of lateness. Mark will be late and Karl will be late too. So, if Pete is late, then Karl will be late, is the logical conclusion.
Each “then” becomes the next “if” in a chain of statements. The chain can consist of any number of connected statements. This is called the Law of Syllogism

Law of Syllogism: If p → q and q → r are true, then p → r is the logical conclusion.
Typically, when there are more than two linked statements, we continue to use the next letter(s) in the alphabet to represent the next statement(s); r → s, s → t, and so on.",gemini
"Example 9: Look back at the Know What? Revisited from the previous section. There were 12 linked if-then statements, making one LARGE Law of Syllogism. Write the conclusion from these statements. Solution: Symbolically, the statements look like this: A → B, B → C, C → D, D → E, E → F, F → G, G → H, H → I, I → J, J → K, K → L, L → M, ∴ A → M. So, If the man raises his spoon, then his face is wiped with the napkin.",gemini
"Inductive vs. Deductive Reasoning: You have now worked with both inductive and deductive reasoning. They are different but not opposites. Inductive reasoning means reasoning from examples or patterns. Enough examples might make you suspect that a relationship is always true. But, until you go beyond the inductive stage, you can’t be absolutely sure that it is always true. That is, you cannot prove something is true with inductive reasoning. That’s where deductive reasoning takes over. Let’s say we have a conjecture that was arrived at inductively, but is not proven. We can use the Law of Detachment, Law of Contrapositive, Law of Syllogism, and other logic rules to prove this conjecture.",gemini
"Example 10: Determine if the following statements are examples of inductive or deductive reasoning. a) Solving an equation for x. b) 1, 10, 100, 1000,... c) Doing an experiment and writing a hypothesis. Solution: Inductive Reasoning = Patterns, Deductive Reasoning = Logic from Facts. a) Deductive Reasoning: Each step follows from the next. b) Inductive Reasoning: This is a pattern. c) Inductive Reasoning: You make a hypothesis or conjecture comes from the patterns that you found in the experiment (not facts). If you were to prove your hypothesis, then you would have to use deductive reasoning.",gemini
"Truth Tables: So far we know these symbols for logic: ∼ not (negation), → if-then, ∴ therefore. Two more symbols are: ∧ and, ∨ or. We would write “p and q” as p∧q and “p or q” as p∨q.",gemini
"Truth tables use these symbols and are another way to analyze logic. First, let’s relate p and ∼ p. To make it easier, set p as: An even number. Therefore, ∼ p is An odd number. Make a truth table to find out if they are both true. Begin with all the “truths” of p, true (T) or false (F). TABLE 2.5: p: T, F. Next we write the corresponding truth values for ∼ p. ∼ p has the opposite truth values of p. So, if p is true, then ∼ p is false and vice versa. TABLE 2.6: p, ∼ p: T, F; F, T.",gemini
"Example 11: Draw a truth table for p,q and p∧q. Solution: First, make columns for p and q. Fill the columns with all the possible true and false combinations for the two. TABLE 2.7: p, q: T, T; T, F; F, T; F, F. Notice all the combinations of p and q. Anytime we have truth tables with two variables, this is always how we fill out the first two columns. Next, we need to figure out when p∧q is true, based upon the first two columns. p∧q can only be true if BOTH p and q are true. So, the completed table looks like this: p, q, p∧q: T, T, T (p and q are true, p∧q is true); T, F, F (p or q are true, p∧q is false); F, T, F; F, F, F (p and q are false, p∧q is false). This is how a truth table with two variables and their “and” column is always filled out.",gemini
"Example 12: Draw a truth table for p,q and p∨q. Solution: First, make columns for p and q, just like Example 11. TABLE 2.8: p, q: T, T; T, F; F, T; F, F. Next, we need to figure out when p∨q is true, based upon the first two columns. p∨q is true if p OR q are true, or both are true. So, the completed table looks like this: p, q, p∨q: T, T, T (p and q are true, p∨q is true); T, F, T (p or q are true, p∨q is true); F, T, T; F, F, F (p and q are false, p∨q is false). The difference between p∧q and p∨q is the second and third rows. For “and” both p and q have to be true, but for “or” only one has to be true.",gemini
"Example 13: Determine the truths for p∧(∼ q∨r). Solution: First, there are three variables, so we are going to need all the combinations of their truths. For three variables, there are always 8 possible combinations. TABLE 2.9: p, q, r: T, T, T; T, T, F; T, F, T; T, F, F; F, T, T; F, T, F; F, F, T; F, F, F. Next, address the ∼ q. It will just be the opposites of the q column. TABLE 2.10: p, q, r, ∼ q: T, T, T, F; T, T, F, F; T, F, T, T; T, F, F, T; F, T, T, F; F, T, F, F; F, F, T, T; F, F, F, T. Now, let’s do what’s in the parenthesis, ∼ q∨r. Remember, for “or” only ∼ q OR r has to be true. Only use the ∼ q and r columns to determine the values in this column. TABLE 2.11: p, q, r, ∼ q, ∼ q∨r: T, T, T, F, T; T, T, F, F, F; T, F, T, T, T; T, F, F, T, T; F, T, T, F, T; F, T, F, F, F; F, F, T, T, T; F, F, F, T, T. Finally, we can address the entire problem, p∧(∼ q∨r). Use the p and ∼ q∨r to determine the values. Remember, for “and” both p and ∼ q∨r must be true. TABLE 2.12: p, q, r, ∼ q, ∼ q∨r, p∧(∼ q∨r): T, T, T, F, T, T; T, T, F, F, F, F; T, F, T, T, T, T; T, F, F, T, T, T; F, T, T, F, T, F; F, T, F, F, F, F; F, F, T, T, T, F; F, F, F, T, T, F.",gemini
To Recap: • Start truth tables with all the possible combinations of truths. For 2 variables there are 4 combinations for 3 variables there are 8. You always start a truth table this way. • Do any negations on the any of the variables. • Do any combinations in parenthesis. • Finish with completing what the problem was asking for.,gemini
"Know What? Revisited: Analyze the two statements on the doors. Door A: IN THIS ROOM THERE IS A LADY, AND IN THE OTHER ROOM THERE IS A TIGER. Door B: IN ONE OF THESE ROOMS THERE IS A LADY, AND IN ONE OF THE OTHER ROOMS THERE IS A TIGER. We know that one door is true, so the other one must be false. Let’s assume that Door A is true. That means the lady is behind Door A and the tiger is behind Door B. However, if we read Door B carefully, it says “in one of these rooms,” which means the lady could be behind either door, which is actually the true statement. So, because Door B is the true statement, Door A is false and the tiger is actually behind it. Therefore, the peasant should pick Door B.",gemini
"Determine the logical conclusion and state which law you used (Law of Detachment, Law of Contrapositive, or Law of Syllogism). If no conclusion can be drawn, write “no conclusion.” 1. People who vote for Jane Wannabe are smart people. I voted for Jane Wannabe. 2. If Rae is the driver today then Maria is the driver tomorrow. Ann is the driver today. 3. If a shape is a circle, then it never ends. If it never ends, then it never starts. If it never starts, then it doesn’t exist. If it doesn’t exist, then we don’t need to study it. 4. If you text while driving, then you are unsafe. You are a safe driver. 5. If you wear sunglasses, then it is sunny outside. You are wearing sunglasses. 6. If you wear sunglasses, then it is sunny outside. It is cloudy. 7. I will clean my room if my mom asks me to. I am not cleaning my room. 8. If I go to the park, I bring my dog. If I bring my dog, we play fetch with a stick. If we play fetch, my dog gets dirty. If my dog gets dirty, I give him a bath. 9. Write the symbolic representation of #3. Include your conclusion. Is this a sound argument? Does it make sense? 10. Write the symbolic representation of #1. Include your conclusion. 11. Write the symbolic representation of #7. Include your conclusion.",gemini
"For questions 12 and 13, rearrange the order of the statements (you may need to use the Law of Contrapositive too) to discover the logical conclusion. 12. If I shop, then I will buy shoes. If I don’t shop, then I didn’t go to the mall. If I need a new watch battery, then I go to the mall. 13. If Anna’s parents don’t buy her ice cream, then she didn’t get an A on her test. If Anna’s teacher gives notes, Anna writes them down. If Anna didn’t get an A on her test, then she couldn’t do the homework. If Anna writes down the notes, she can do the homework.",gemini
"Determine if the problems below represent inductive or deductive reasoning. Briefly explain your answer. 14. John is watching the weather. As the day goes on it gets more and more cloudy and cold. He concludes that it is going to rain. 15. Beth’s 2-year-old sister only eats hot dogs, blueberries and yogurt. Beth decides to give her sister some yogurt because she is hungry. 16. Nolan Ryan has the most strikeouts of any pitcher in Major League Baseball. Jeff debates that he is the best pitcher of all-time for this reason. 17. Ocean currents and waves are dictated by the weather and the phase of the moon. Surfers use this information to determine when it is a good time to hit the water. 18. As Rich is driving along the 405, he notices that as he gets closer to LAX the traffic slows down. As he passes it, it speeds back up. He concludes that anytime he drives past an airport, the traffic will slow down. 19. Amani notices that the milk was left out on the counter. Amani remembers that she put it away after breakfast so it couldn’t be her who left it out. She also remembers hearing her mother tell her brother on several occasions to put the milk back in the refrigerator. She concludes that he must have left it out. 20. At a crime scene, the DNA of four suspects is found to be present. However, three of them have an alibi for the time of the crime. The detectives conclude that the fourth possible suspect must have committed the crime.",gemini
Write a truth table for the following variables. 21. p∧ ∼ p 22. ∼ p∨ ∼ q 23. p∧(q∨ ∼ q) 24. (p∧q)∨ ∼ r 25. p∨(∼ q∨r) 26. p∧(q∨ ∼ r) 27. The only difference between 24 and 26 is the placement of the parenthesis. How does the truth table differ? 28. When is p∨q∨r true?,gemini
"Is the following a valid argument? If so, what law is being used? HINT: Statements could be out of order. 29. p → q, r → p, ∴ r → q 30. p → q, r → q, ∴ p → r 31. p →∼ r, r, ∴∼ p 32. ∼ q → r, q, ∴∼ r 33. p → (r → s), p, ∴ r → s 34. r → q, r → s, ∴ q → s",gemini
2.4 Algebraic and Congruence Properties. Learning Objectives: • Understand basic properties of equality and congruence. • Solve equations and justify each step in the solution. • Use a 2-column format to prove theorems.,gemini
"Review Queue: Solve the following problems. 1. Explain how you would solve 2x−3 = 9. 2. If two angles are a linear pair, they are supplementary. If two angles are supplementary, their sum is 180°. What can you conclude? By which law? 3. Draw a picture with the following: ∠LMN is bisected by MO, LM ≅ MP, ∠OMP is bisected by MN, N is the midpoint of MQ.",gemini
"Know What? Three identical triplets are sitting next to each other. The oldest is Sara and she always tells the truth. The next oldest is Sue and she always lies. Sally is the youngest of the three. She sometimes lies and sometimes tells the truth. Scott came over one day and didn’t know who was who, so he asked each of them one question. Scott asked the sister that was sitting on the left, “Which sister is in the middle?” and the answer he received was, “That’s Sara.” Scott then asked the sister in the middle, “What is your name?” The response given was, “I’m Sally.” Scott turned to the sister on the right and asked, “Who is in the middle?” The sister then replied, “She is Sue.” Who was who?",gemini
"Properties of Equality: Recall from Chapter 1 that the = sign and the word “equality” are used with numbers. The basic properties of equality were introduced to you in Algebra I. Here they are again: For all real numbers a,b, and c: TABLE 2.13: Reflexive Property of Equality: a = a (Examples: 25 = 25); Symmetric Property of Equality: a = b and b = a (Examples: m∠P = 90° or 90° = m∠P); Transitive Property of Equality: a = b and b = c, then a = c (Examples: a+4 = 10 and 10 = 6+4, then a+4 = 6+4); Substitution Property of Equality: If a = b, then b can be used in place of a and vise versa (Examples: If a = 9 and a−c = 5, then 9−c = 5); Addition Property of Equality: If a = b, then a+c = b+c (Examples: If 2x = 6, then 2x+5 = 6+11); Subtraction Property of Equality: If a = b, then a−c = b−c (Examples: If m∠x + 15° = 65°, then m∠x + 15° −15° = 65° −15°); Multiplication Property of Equality: If a = b, then ac = bc (Examples: If y = 8, then 5 · y = 5 · 8); Division Property of Equality: If a = b, then a/c = b/c (Examples: If 3b = 18, then 3b/3 = 18/3); Distributive Property: a(b+c) = ab+ac (Examples: 5(2x−7) = 5(2x)−5(7) = 10x−35).",gemini
"Properties of Congruence: Recall that AB ≅ CD if and only if AB = CD. AB and CD represent segments, while AB and CD are lengths of those segments, which means that AB and CD are numbers. The properties of equality apply to AB and CD. This also holds true for angles and their measures. ∠ABC ≅ ∠DEF if and only if m∠ABC = m∠DEF. Therefore, the properties of equality apply to m∠ABC and m∠DEF. Just like the properties of equality, there are properties of congruence. These properties hold for figures and shapes. TABLE 2.14: Reflexive Property of Congruence: For Line Segments: AB ≅ AB; For Angles: ∠ABC ≅ ∠CBA. Symmetric Property of Congruence: For Line Segments: If AB ≅ CD, then CD ≅ AB; For Angles: If ∠ABC ≅ ∠DEF, then ∠DEF ≅ ∠ABC. Transitive Property of Congruence: For Line Segments: If AB ≅ CD and CD ≅ EF, then AB ≅ EF; For Angles: If ∠ABC ≅ ∠DEF and ∠DEF ≅ ∠GHI, then ∠ABC ≅ ∠GHI.",gemini
"Using Properties of Equality with Equations: When you solve equations in algebra you use properties of equality. You might not write out the logical justification for each step in your solution, but you should know that there is an equality property that justifies that step. We will abbreviate “Property of Equality” “PoE” and “Property of Congruence” “PoC.”",gemini
Example 1: Solve 2(3x−4) +11 = x−27 and justify each step. Solution: 2(3x−4) +11 = x−27; 6x−8+11 = x−27 Distributive Property; 6x+3 = x−27 Combine like terms; 6x+3−3 = x−27−3 Subtraction PoE; 6x = x−30 Simplify; 6x−x = x−x−30 Subtraction PoE; 5x = −30 Simplify; 5x/5 = -30/5 Division PoE; x = −6 Simplify.,gemini
"Example 2: Given points A,B, and C, with AB = 8, BC = 17, and AC = 20. Are A,B, and C collinear? Solution: Set up an equation using the Segment Addition Postulate. AB+BC = AC Segment Addition Postulate; 8+17 = 20 Substitution PoE; 25 ≠ 20 Combine like terms. Because the two sides are not equal, A,B and C are not collinear.",gemini
"Example 3: If m∠A+m∠B = 100° and m∠B = 40°, prove that ∠A is an acute angle. Solution: We will use a 2-column format, with statements in one column and their corresponding reasons in the next. This is formally called a 2-column proof. TABLE 2.15: Statement 1. m∠A+m∠B = 100° and m∠B = 40° Reason: Given (always the reason for using facts that are told to us in the problem); Statement 2. m∠A+40° = 100° Reason: Substitution PoE; Statement 3. m∠A = 60° Reason: Subtraction PoE; Statement 4. ∠A is an acute angle Reason: Definition of an acute angle, m∠A < 90°.",gemini
"Two-Column Proof. Example 4: Write a two-column proof for the following: If A,B,C, and D are points on a line, in the given order, and AB = CD, then AC = BD. Solution: First of all, when the statement is given in this way, the “if” part is the given and the “then” part is what we are trying to prove. Always start with drawing a picture of what you are given. Plot the points in the order A,B,C,D on a line. Add the corresponding markings, AB = CD, to the line. Draw the 2-column proof and start with the given information. From there, we can use deductive reasoning to reach the next statement and what we want to prove. Reasons will be definitions, postulates, properties and previously proven theorems. TABLE 2.16: Statement 1. A,B,C, and D are collinear, in that order. Reason: Given; Statement 2. AB = CD Reason: Given; Statement 3. BC = BC Reason: Reflexive PoE; Statement 4. AB+BC = BC +CD Reason: Addition PoE; Statement 5. AB+BC = AC, BC + CD = BD Reason: Segment Addition Postulate; Statement 6. AC = BD Reason: Substitution or Transitive PoE. When you reach what it is that you wanted to prove, you are done.",gemini
"Prove Move: (A subsection that will help you with proofs throughout the book.) When completing a proof, a few things to keep in mind: • Number each step. • Start with the given information. • Statements with the same reason can (or cannot) be combined into one step. It is up to you. For example, steps 1 and 2 above could have been one step. And, in step 5, the two statements could have been written separately. • Draw a picture and mark it with the given information. • You must have a reason for EVERY statement. • The order of the statements in the proof is not fixed. For example, steps 3, 4, and 5 could have been interchanged and it would still make sense.",gemini
"Example 5: Write a two-column proof. Given: BF bisects ∠ABC; ∠ABD ≅ ∠CBE Prove: ∠DBF ≅ ∠EBF Solution: First, put the appropriate markings on the picture. Recall, that bisect means “to cut in half.” Therefore, if BF bisects ∠ABC, then m∠ABF = m∠FBC. Also, because the word “bisect” was used in the given, the definition will probably be used in the proof. TABLE 2.17: Statement 1. BF bisects ∠ABC, ∠ABD ≅ ∠CBE Reason: Given; Statement 2. m∠ABF = m∠FBC Reason: Definition of an Angle Bisector; Statement 3. m∠ABD = m∠CBE Reason: If angles are ≅, then their measures are equal; Statement 4. m∠ABF = m∠ABD+m∠DBF, m∠FBC = m∠EBF +m∠CBE Reason: Angle Addition Postulate; Statement 5. m∠ABD+m∠DBF = m∠EBF +m∠CBE Reason: Substitution PoE; Statement 6. m∠ABD+m∠DBF = m∠EBF +m∠ABD Reason: Substitution PoE; Statement 7. m∠DBF = m∠EBF Reason: Subtraction PoE; Statement 8. ∠DBF ≅ ∠EBF Reason: If measures are equal, the angles are ≅.",gemini
"Prove Move: Use symbols and abbreviations for words within proofs. For example, ≅ was used in place of the word congruent above. You could also use ∠ for the word angle.",gemini
"Know What? Revisited: The sisters, in order are: Sally, Sue, Sara. The sister on the left couldn’t have been Sara because that sister lied. The middle one could not be Sara for the same reason. So, the sister on the right must be Sara, which means she told Scott the truth and Sue is in the middle, leaving Sally to be the sister on the left.",gemini
"For questions 1-8, solve each equation and justify each step. 1. 3x+11 = −16 2. 7x−3 = 3x−35 3. (2/3)g+1 = 19 4. (1/2)MN = 5 5. 5m∠ABC = 540° 6. 10b−2(b+3) = 5b 7. (1/4)y + 5/6 = 1/3 8. (1/4)AB + (1/3)AB = 12 + (1/2)AB",gemini
"For questions 9-14, use the given property or properties of equality to fill in the blank. x, y, and z are real numbers. 9. Symmetric: If x = 3, then _________. 10. Distributive: If 4(3x−8), then _________. 11. Transitive: If y = 12 and x = y, then _________. 12. Symmetric: If x+y = y+z, then _________. 13. Transitive: If AB = 5 and AB = CD, then _________. 14. Substitution: If x = y−7 and x = z+4, then _________.",gemini
"15. Given points E,F, and G and EF = 16, FG = 7 and EG = 23. Determine if E,F and G are collinear. 16. Given points H,I and J and HI = 9,IJ = 9 and HJ = 16. Are the three points collinear? Is I the midpoint? 17. If m∠KLM = 56° and m∠KLM +m∠NOP = 180°, explain how ∠NOP must be an obtuse angle.",gemini
"Fill in the blanks in the proofs below. 18. Given: ∠ABC ≅ ∠DEF, ∠GHI ≅ ∠JKL Prove: m∠ABC +m∠GHI = m∠DEF +m∠JKL TABLE 2.18: Statement 1. [blank] Reason: Given; Statement 2. m∠ABC = m∠DEF, m∠GHI = m∠JKL Reason: [blank]; Statement 3. [blank] Reason: Addition PoE; Statement 4. m∠ABC +m∠GHI = m∠DEF +m∠JKL Reason: [blank]. 19. Given: M is the midpoint of AN. N is the midpoint MB Prove: AM = NB TABLE 2.19: Statement 1. [blank] Reason: Given; Statement 2. [blank] Reason: Definition of a midpoint; Statement 3. AM = NB Reason: [blank].",gemini
"Use the diagram to answer questions 20-25. 20. Name a right angle. 21. Name two perpendicular lines. 22. Given that EF = GH, is EG = FH true? Explain your answer. 23. Is ∠CGH a right angle? Why or why not? 24. Using what is given in the picture AND ∠EBF ≅ ∠HCG, prove ∠ABF ≅ ∠DCG. Write a two-column proof. 25. Using what is given in the picture AND AB = CD, prove AC = BD. Write a two-column proof.",gemini
"Use the diagram to answer questions 26-32. Which of the following must be true from the diagram? Take each question separately, they do not build upon each other. 26. AD ≅ BC 27. AB ≅ CD 28. CD ≅ BC 29. AB⊥AD 30. ABCD is a square 31. AC bisects ∠DAB 32. Write a two-column proof. Given: Picture above and AC bisects ∠DAB Prove: m∠BAC = 45°",gemini
33. Draw a picture and write a two-column proof. Given: ∠1 and ∠2 form a linear pair and m∠1 = m∠2. Prove: ∠1 is a right angle,gemini
2.5 Proofs about Angle Pairs and Segments. Learning Objectives: • Use theorems about special pairs of angles. • Use theorems about right angles and midpoints.,gemini
Review Queue: Write a 2-column proof. 1. Given: VX is the angle bisector of ∠WVY. VY is the angle bisector of ∠XVZ. Prove: ∠WVX ≅ ∠YVZ,gemini
"Know What? The game of pool relies heavily on angles. The angle at which you hit the cue ball with your cue determines if a) you hit the yellow ball and b) if you can hit it into a pocket. The top picture on the right illustrates if you were to hit the cue ball straight on and then hit the yellow ball. The orange line shows the path that the cue ball and then the yellow ball would take. You notice that m∠1 = 56°. With a little focus, you notice that it makes more sense to approach the ball from the other side of the table and bank it off of the opposite side (see lower picture with the white path). You measure and need to hit the cue ball so that it hits the side of the table at a 50° angle (this would be m∠2). ∠3 and ∠4 are called the angles of reflection. Find the measures of these angles and how they relate to ∠1 and ∠2. If you would like to play with the angles of pool, click the link for an interactive game. http://www.coolmath-games.com/0-poolgeometry/index.html",gemini
"Naming Angles: As we learned in Chapter 1, angles can be addressed by numbers and three letters, where the letter in the middle is the vertex. We can shorten this label to one letter if there is only one angle with that vertex. All of the angles in this parallelogram can be labeled by one letter, the vertex, instead of three. ∠MLP can be ∠L, ∠LMO can be ∠M, ∠MOP can be ∠O, ∠OPL can be ∠P. This shortcut will now be used when applicable.",gemini
"Right Angle Theorem: If two angles are right angles, then the angles are congruent.",gemini
"Proof of the Right Angle Theorem: Given: ∠A and ∠B are right angles. Prove: ∠A ≅ ∠B. TABLE 2.20: Statement 1. ∠A and ∠B are right angles Reason: Given; Statement 2. m∠A = 90° and m∠B = 90° Reason: Definition of right angles; Statement 3. m∠A = m∠B Reason: Transitive PoE; Statement 4. ∠A ≅ ∠B Reason: ≅ angles have = measures. This theorem may seem redundant, but anytime right angles are mentioned, you need to use this theorem to say the angles are congruent.",gemini
"Same Angle Supplements Theorem: If two angles are supplementary to the same angle then the angles are congruent. So, if m∠A + m∠B = 180° and m∠C + m∠B = 180°, then m∠A = m∠C. Using numbers to illustrate, we could say that if ∠A is supplementary to an angle measuring 56°, then m∠A = 124°. ∠C is also supplementary to 56°, so it too is 124°. Therefore, m∠A = m∠C. This example, however, does not constitute a proof.",gemini
"Proof of the Same Angles Supplements Theorem: Given: ∠A and ∠B are supplementary angles. ∠B and ∠C are supplementary angles. Prove: ∠A ≅ ∠C. TABLE 2.21: Statement 1. ∠A and ∠B are supplementary, ∠B and ∠C are supplementary Reason: Given; Statement 2. m∠A+m∠B = 180°, m∠B+m∠C = 180° Reason: Definition of supplementary angles; Statement 3. m∠A+m∠B = m∠B+m∠C Reason: Substitution PoE; Statement 4. m∠A = m∠C Reason: Subtraction PoE; Statement 5. ∠A ≅ ∠C Reason: ≅ angles have = measures.",gemini
"Example 1: Given that ∠1 ≅ ∠4 and ∠C and ∠F are right angles, show which angles are congruent. Solution: By the Right Angle Theorem, ∠C ≅ ∠F. Also, ∠2 ≅ ∠3 by the Same Angles Supplements Theorem. ∠1 and ∠2 are a linear pair, so they add up to 180°. ∠3 and ∠4 are also a linear pair and add up to 180°. Because ∠1 ≅ ∠4, we can substitute ∠1 in for ∠4 and then ∠2 and ∠3 are supplementary to the same angle, making them congruent. This is an example of a paragraph proof. Instead of organizing the proof in two columns, you explain everything in sentences.",gemini
"Same Angle Complements Theorem: If two angles are complementary to the same angle then the angles are congruent. So, if m∠A + m∠B = 90° and m∠C + m∠B = 90°, then m∠A = m∠C. Using numbers, we could say that if ∠A is supplementary to an angle measuring 56°, then m∠A = 34°. ∠C is also supplementary to 56°, so it too is 34°. Therefore, m∠A = m∠C. The proof of the Same Angles Complements Theorem is in the Review Questions. Use the proof of the Same Angles Supplements Theorem to help you.",gemini
"Vertical Angles Theorem: Recall the Vertical Angles Theorem from Chapter 1. We will do a formal proof here. Given: Lines k and m intersect. Prove: ∠1 ≅ ∠3 and ∠2 ≅ ∠4. TABLE 2.22: Statement 1. Lines k and m intersect Reason: Given; Statement 2. ∠1 and ∠2 are a linear pair, ∠2 and ∠3 are a linear pair, ∠3 and ∠4 are a linear pair Reason: Definition of a Linear Pair; Statement 3. ∠1 and ∠2 are supplementary, ∠2 and ∠3 are supplementary, ∠3 and ∠4 are supplementary Reason: Linear Pair Postulate; Statement 4. m∠1+m∠2 = 180°, m∠2+m∠3 = 180°, m∠3+m∠4 = 180° Reason: Definition of Supplementary Angles; Statement 5. m∠1+m∠2 = m∠2+m∠3, m∠2+m∠3 = m∠3+m∠4 Reason: Substitution PoE; Statement 6. m∠1 = m∠3, m∠2 = m∠4 Reason: Subtraction PoE; Statement 7. ∠1 ≅ ∠3, ∠2 ≅ ∠4 Reason: ≅ angles have = measures. In this proof we combined everything. You could have done two separate proofs, one for ∠1 ≅ ∠3 and one for ∠2 ≅ ∠4.",gemini
"Example 2: In the picture ∠2 ≅ ∠3 and k⊥p. Each pair below is congruent. State why. a) ∠1 and ∠5 b) ∠1 and ∠4 c) ∠2 and ∠6 d) ∠3 and ∠7 e) ∠6 and ∠7 f) ∠3 and ∠6 g) ∠4 and ∠5 Solution: a), c) and d) Vertical Angles Theorem; b) and g) Same Angles Complements Theorem; e) and f) Vertical Angles Theorem followed by the Transitive Property.",gemini
Example 3: Write a two-column proof. Given: ∠1 ≅ ∠2 and ∠3 ≅ ∠4 Prove: ∠1 ≅ ∠4 Solution: TABLE 2.23: Statement 1. ∠1 ≅ ∠2 and ∠3 ≅ ∠4 Reason: Given; Statement 2. ∠2 ≅ ∠3 Reason: Vertical Angles Theorem; Statement 3. ∠1 ≅ ∠4 Reason: Transitive PoC.,gemini
"Know What? Revisited: If m∠2 = 50°, then m∠3 = 50°. Draw a perpendicular line at the point of reflection and the laws of reflection state that the angle of incidence is equal to the angle of reflection. So, this is a case of the Same Angles Complements Theorem. ∠2 ≅ ∠3 because the angle of incidence and the angle of reflection are equal. We can also use this to find m∠4, which is 56°.",gemini
"Review Questions: Write a two-column proof for questions 1-10. 1. Given: AC⊥BD and ∠1 ≅ ∠4 Prove: ∠2 ≅ ∠3 2. Given: ∠MLN ≅ ∠OLP Prove: ∠MLO ≅ ∠NLP 3. Given: AE⊥EC and BE⊥ED Prove: ∠1 ≅ ∠3 4. Given: ∠L is supplementary to ∠M, ∠P is supplementary to ∠O, ∠L ≅ ∠O Prove: ∠P ≅ ∠M 5. Given: ∠1 ≅ ∠4 Prove: ∠2 ≅ ∠3 6. Given: ∠C and ∠F are right angles Prove: m∠C +m∠F = 180° 7. Given: l⊥m Prove: ∠1 ≅ ∠2 8. Given: m∠1 = 90° Prove: m∠2 = 90° 9. Given: l⊥m Prove: ∠1 and ∠2 are complements 10. Given: l⊥m, ∠2 ≅ ∠6 Prove: ∠6 ≅ ∠5",gemini
"Use the picture for questions 11-20. Given: H is the midpoint of AE, MP and GC; M is the midpoint of GA; P is the midpoint of CE; AE⊥GC. 11. List two pairs of vertical angles. 12. List all the pairs of congruent segments. 13. List two linear pairs that do not have H as the vertex. 14. List a right angle. 15. List two pairs of adjacent angles that are NOT linear pairs. 16. What is the perpendicular bisector of AE? 17. List two bisectors of MP. 18. List a pair of complementary angles. 19. If GC is an angle bisector of ∠AGE, what two angles are congruent? 20. Fill in the blanks for the proof below. Given: Picture above and ∠ACH ≅ ∠ECH Prove: CH is the angle bisector of ∠ACE. TABLE 2.24: Statement 1. ∠ACH ≅ ∠ECH, CH is on the interior of ∠ACE Reason: [blank]; Statement 2. m∠ACH = m∠ECH Reason: [blank]; Statement 3. [blank] Reason: Angle Addition Postulate; Statement 4. [blank] Reason: Substitution; Statement 5. m∠ACE = 2m∠ACH Reason: [blank]; Statement 6. [blank] Reason: Division PoE; Statement 7. [blank] Reason: [blank].",gemini
"For questions 21-25, find the measure of the lettered angles in the picture below. 21. a 22. b 23. c 24. d 25. e (hint: e is complementary to b)",gemini
"For questions 26-35, find the measure of the lettered angles in the picture below. Hint: Recall the sum of the three angles in a triangle is 180°. 26. a 27. b 28. c 29. d 30. e 31. f 32. g 33. h 34. j 35. k",gemini
"2.6 Chapter 2 Review. Symbol Toolbox: → if-then, ∧ and, ∴ therefore, ∼ not, ∨ or.",gemini
Keywords: • Inductive Reasoning • Conjecture • Counterexample • Conditional Statement (If-Then Statement) • Hypothesis • Conclusion • Converse • Inverse • Contrapositive • Biconditional Statement • Logic • Deductive Reasoning • Law of Detachment • Law of Contrapositive • Law of Syllogism • Right Angle Theorem • Same Angle Supplements Theorem • Same Angle Complements Theorem • Reflexive Property of Equality • Symmetric Property of Equality • Transitive Property of Equality • Substitution Property of Equality • Addition Property of Equality • Subtraction Property of Equality • Multiplication Property of Equality • Division Property of Equality • Distributive Property • Reflexive Property of Congruence • Symmetric Property of Congruence • Transitive Property of Congruence,gemini
"Review: Match the definition or description with the correct word. TABLE 2.26: Match the definition or description with the correct word. Definition: 1. 5 = x and y+4 = x, then 5 = y+4; 2. An educated guess; 3. 6(2a+1) = 12a+12; 4. 2, 4, 8, 16, 32,...; 5. AB ≅ CD and CD ≅ AB; 6. ∼ p →∼ q; 7. Conclusions drawn from facts; 8. If I study, I will get an “A” on the test. I did not get an A. Therefore, I didn’t study.; 9. ∠A and ∠B are right angles, therefore ∠A ≅ ∠B.; 10. 2 disproves the statement: “All prime numbers are odd.” Answer: A. Law of Contrapositive; B. Inductive Reasoning; C. Inverse; D. Transitive Property of Equality; E. Counterexample; F. Conjecture; G. Deductive Reasoning; H. Distributive Property; I. Symmetric Property of Congruence; J. Right Angle Theorem.",gemini
"Texas Instruments Resources: In the CK-12 Texas Instruments Geometry FlexBook® resource, there are graphing calculator activities designed to supplement the objectives for some of the lessons in this chapter. See http://www.ck12.org/flexr/chapter/9687 .",gemini
"In this chapter, you will explore the different relationships formed by parallel and perpendicular lines and planes. Different angle relationships will also be explored and what happens to these angles when lines are parallel. You will continue to use proofs, to prove that lines are parallel or perpendicular. There will also be a review of equations of lines and slopes and how we show algebraically that lines are parallel and perpendicular.",gemini
"Review Queue 1. What is the equation of a line with slope -2 and passes through the point (0, 3)? 2. What is the equation of the line that passes through (3, 2) and (5, -6). 3. Change 4x−3y = 12 into slope-intercept form. 4. Are y = 1/3 x and y = −3x perpendicular? How do you know?",gemini
"Know What? Below is a partial map of Washington DC. The streets are designed on a grid system, where lettered streets, A through Z run east to west and numbered streets 1st to 30th run north to south. Just to mix things up a little, every state has its own street that runs diagonally through the city. There are, of course other street names, but we will focus on these three groups for this chapter. Can you explain which streets are parallel and perpendicular? Are any skew? How do you know these streets are parallel or perpendicular? If you are having trouble viewing this map, check out the interactive map here: http://www.travelguide.tv/washington/map.html",gemini
Parallel: When two or more lines lie in the same plane and never intersect.,gemini
"The symbol for parallel is ||. To mark lines parallel, draw arrows (>) on each parallel line. If there are more than one pair of parallel lines, use two arrows (>>) for the second pair. The two lines to the right would be labeled AB || MN or l || m.",gemini
"Planes can also be parallel or perpendicular. The image to the left shows two parallel planes, with a third blue plane that is perpendicular to both of them. An example of parallel planes could be the top of a table and the floor. The legs would be in perpendicular planes to the table top and the floor.",gemini
Skew lines: Lines that are in different planes and never intersect.,gemini
"Example 1: In the cube above, list: a) 3 pairs of parallel planes b) 2 pairs of perpendicular planes c) 3 pairs of skew line segments Solution: a) Planes ABC and EFG, Planes AEG and FBH, Planes AEB and CDH b) Planes ABC and CDH, Planes AEB and FBH (there are others, too) c) BD and CG, BF and EG, GH and AE (there are others, too)",gemini
"Parallel Line Postulate: For a line and a point not on the line, there is exactly one line parallel to this line through the point. There are infinitely many lines that pass through A, but only one is parallel to l.",gemini
"Investigation 3-1: Patty Paper and Parallel Lines 1. Get a piece of patty paper (a translucent square piece of paper). Draw a line and a point above the line. 2. Fold up the paper so that the line is over the point. Crease the paper and unfold. 3. Are the lines parallel? Yes, by design, this investigation replicates the line we drew in #1 over the point. Therefore, there is only one line parallel through this point to this line.",gemini
"Perpendicular Line Postulate: For a line and a point not on the line, there is exactly one line perpendicular to the line that passes through the point. There are infinitely many lines that pass through A, but only one that is perpendicular to l.",gemini
Investigation 3-2: Perpendicular Line Construction; through a Point NOT on the Line 1. Draw a horizontal line and a point above that line. Label the line l and the point A. 2. Take the compass and put the pointer on A. Open the compass so that it reaches beyond line l. Draw an arc that intersects the line twice. 3. Move the pointer to one of the arc intersections. Widen the compass a little and draw an arc below the line. Repeat this on the other side so that the two arc marks intersect. 4. Take your straightedge and draw a line from point A to the arc intersections below the line. This line is perpendicular to l and passes through A.,gemini
"Notice that this is a different construction from a perpendicular bisector. To see a demonstration of this construction, go to: http://www.mathsisfun.com/geometry/construct-perpnotline.html",gemini
Investigation 3-3: Perpendicular Line Construction; through a Point on the Line 1. Draw a horizontal line and a point on that line. Label the line l and the point A. 2. Take the compass and put the pointer on A. Open the compass so that it reaches out horizontally along the line. Draw two arcs that intersect the line on either side of the point. 3. Move the pointer to one of the arc intersections. Widen the compass a little and draw an arc above or below the line. Repeat this on the other side so that the two arc marks intersect. 4. Take your straightedge and draw a line from point A to the arc intersections above the line. This line is perpendicular to l and passes through A.,gemini
"Notice that this is a different construction from a perpendicular bisector. To see a demonstration of this construction, go to: http://www.mathsisfun.com/geometry/construct-perponline.html",gemini
Transversal: A line that intersects two distinct lines. These two lines may or may not be parallel. The area between l and m is the called the interior. The area outside l and m is called the exterior.,gemini
"Looking at t, l and m, there are 8 angles formed and several linear pairs vertical angle pairs. There are also 4 new angle relationships, defined here:",gemini
"Corresponding Angles: Two angles that are in the ""same place"" with respect to the transversal, but on different lines. Imagine sliding the four angles formed with line l down to line m. The angles which match up are corresponding. ∠2 and ∠6 are corresponding angles.",gemini
"Alternate Interior Angles: Two angles that are on the interior of l and m, but on opposite sides of the transversal. ∠3 and ∠6 are alternate interior angles.",gemini
"Alternate Exterior Angles: Two angles that are on the exterior of l and m, but on opposite sides of the transversal. ∠1 and ∠8 are alternate exterior angles.",gemini
Same Side Interior Angles: Two angles that are on the same side of the transversal and on the interior of the two lines. ∠3 and ∠5 are same side interior angles.,gemini
"Example 2: Using the picture above, list all the other pairs of each of the newly defined angle relationships. Solution: Corresponding Angles: ∠3 and ∠7, ∠1 and ∠5, ∠4 and ∠8 Alternate Interior Angles: ∠4 and ∠5 Alternate Exterior Angles: ∠2 and ∠7 Same Side Interior Angles: ∠4 and ∠6",gemini
"Example 3: If ∠2 = 48° (in the picture above), what other angles do you know? Solution: ∠2 ≅ ∠3 by the Vertical Angles Theorem, so m∠3 = 48°. ∠2 is also a linear pair with ∠1 and ∠4, so it is supplementary to those two. They are both 132°. We do not know the measures of ∠5, ∠6, ∠7, or ∠8 because we do not have enough information.",gemini
"Example 4: For the picture to the right, determine: a) A corresponding angle to ∠3? b) An alternate interior angle to ∠7? c) An alternate exterior angle to ∠4? Solution: The corresponding angle to ∠3 is ∠1. The alternate interior angle to ∠7 is ∠2. And, the alternate exterior angle to ∠4 is ∠5.",gemini
"Know What? Revisited For Washington DC, all of the lettered streets are parallel, as are all of the numbered streets. The lettered streets are perpendicular to the numbered streets. There are no skew streets because all of the streets are in the same plane. We also do not know if any of the state-named streets are parallel or perpendicular.",gemini
"Use the figure below to answer questions 1-5. The two pentagons are parallel and all of the rectangular sides are perpendicular to both of them. 1. Find two pairs of skew lines. 2. List a pair of parallel lines. 3. List a pair of perpendicular lines. 4. For AB, how many perpendicular lines pass through point V? What line is this? 5. For XY, how many parallel lines passes through point D? What line is this?",gemini
"For questions 6-12, use the picture below. 6. What is the corresponding angle to ∠4? 7. What is the alternate interior angle with ∠5? 8. What is the corresponding angle to ∠8? 9. What is the alternate exterior angle with ∠7? 10. What is the alternate interior angle with ∠4? 11. What is the same side interior angle with ∠3? 12. What is the corresponding angle to ∠1?",gemini
"Use the picture below for questions 13-16. 13. If m∠2 = 55°, what other angles do you know? 14. If m∠5 = 123°, what other angles do you know? 15. If t ⊥ l, is t ⊥ m? Why or why not? 16. Is l || m? Why or why not?",gemini
"17. Construction Draw a line and a point not on the line. Construct a perpendicular line to your original line through your point. 18. Construction Construct a perpendicular line to the line you constructed in #12. Use the point you originally drew, so that you will be constructing a perpendicular line through a point on the line. 19. Can you use patty paper to do the construction in number 17? Draw a line and a point not on the line on a piece of patty paper (or any thin white paper or tracing paper). Think about how you could make a crease in the paper that would be a line perpendicular to your original line through your point. 20. Using what you discovered in number 19, use patty paper to construct a line perpendicular to a given line through a point on the given line. 21. Draw a pair of parallel lines using your ruler. Describe how you did this. 22. Draw a pair of perpendicular lines using your ruler. Describe your method.",gemini
Geometry is often apparent in nature. Think of examples of each of the following in nature. 23. Parallel Lines or Planes 24. Perpendicular Lines or Planes 25. Skew Lines,gemini
"Algebra Connection In questions 26-35 we will begin to explore the concepts of parallel and perpendicular lines in the coordinate plane. 26. Write the equations of two lines parallel to y = 3. 27. Write the equations of two lines perpendicular to y = 5. 28. What is the relationship between the two lines you found for number 27? 29. Plot the points A(2,−5), B(−3,1), C(0,4), D(−5,10). Draw the lines AB and CD. What are the slopes of these lines? What is the geometric relationship between these lines? 30. Plot the points A(2,1), B(7,−2), C(2,−2), D(5,3). Draw the lines AB and CD. What are the slopes of these lines? What is the geometric relationship between these lines? 31. Based on what you discovered in numbers 29 and 30, can you make a conjecture about the slopes of parallel and perpendicular lines?",gemini
"Find the equation of the line that is parallel to the given line and passes through (5, -1). 32. y = 2x−7 33. y = − 3/5 x+1",gemini
"Find the equation of the line that is perpendicular to the given line and passes through (2, 3). 34. y = 2/3 x−5 35. y = − 1/4 x+9",gemini
"Review Queue Use the picture below to determine: 1. A pair of corresponding angles. 2. A pair of alternate interior angles. 3. A pair of same side interior angles. 4. If m∠4 = 37°, what other angles do you know?",gemini
"Know What? The streets below are in Washington DC. The red street is R St. and the blue street is Q St. These two streets are parallel. The transversals are: Rhode Island Ave. (green) and Florida Ave. (orange). 1. If m∠FTS = 35°, determine the other angles that are 35°. 2. If m∠SQV = 160°, determine the other angles that are 160°. 3. Why do you think the “State Streets” exists? Why aren’t all the streets parallel or perpendicular?",gemini
"In this section, we are going to discuss a specific case of two lines cut by a transversal. The two lines are now going to be parallel. If the two lines are parallel, all of the angles, corresponding, alternate interior, alternate exterior and same side interior have new properties. We will begin with corresponding angles.",gemini
"Corresponding Angles Postulate: If two parallel lines are cut by a transversal, then the corresponding angles are congruent. If l || m and both are cut by t, then ∠1 ≅ ∠5, ∠2 ≅ ∠6, ∠3 ≅ ∠7, and ∠4 ≅ ∠8. l must be parallel to m in order to use this postulate. Recall that a postulate is just like a theorem, but does not need to be proven. We can take it as true and use it just like a theorem from this point.",gemini
"Investigation 3-4: Corresponding Angles Exploration You will need: paper, ruler, protractor 1. Place your ruler on the paper. On either side of the ruler, draw lines, 3 inches long. This is the easiest way to ensure that the lines are parallel. 2. Remove the ruler and draw a transversal. Label the eight angles as shown. 3. Using your protractor, measure all of the angles. What do you notice? In this investigation, you should see that m∠1 = m∠4 = m∠5 = m∠8 and m∠2 = m∠3 = m∠6 = m∠7. ∠1 ≅ ∠4, ∠5 ≅ ∠8 by the Vertical Angles Theorem. By the Corresponding Angles Postulate, we can say ∠1 ≅ ∠5 and therefore ∠1 ≅ ∠8 by the Transitive Property. You can use this reasoning for the other set of congruent angles as well.",gemini
"Example 1: If m∠2 = 76°, what is m∠6? Solution: ∠2 and ∠6 are corresponding angles and l || m, from the markings in the picture. By the Corresponding Angles Postulate the two angles are equal, so m∠6 = 76°.",gemini
"Example 2: Using the measures of ∠2 and ∠6 from Example 2, find all the other angle measures. Solution: If m∠2 = 76°, then m∠1 = 180° − 76° = 104° because they are a linear pair. ∠3 is a vertical angle with ∠2, so m∠3 = 76°. ∠1 and ∠4 are vertical angles, so m∠4 = 104°. By the Corresponding Angles Postulate, we know ∠1 ≅ ∠5, ∠2 ≅ ∠6, ∠3 ≅ ∠7, and ∠4 ≅ ∠8, so m∠5 = 104°, m∠6 = 76°, m∠7 = 76°, and m∠8 = 104°.",gemini
"Example 3: Find m∠1. Solution: m∠2 = 115° because they are corresponding angles and the lines are parallel. ∠1 and ∠2 are vertical angles, so m∠1 = 115° also. ∠1 and the 115° angle are alternate interior angles.",gemini
"Alternate Interior Angles Theorem: If two parallel lines are cut by a transversal, then the alternate interior angles are congruent.",gemini
"Proof of Alternate Interior Angles Theorem Given: l || m Prove: ∠3 ≅ ∠6 TABLE 3.1: Statement 1. l || m Reason Given; Statement 2. ∠3 ≅ ∠7 Reason Corresponding Angles Postulate; Statement 3. ∠7 ≅ ∠6 Reason Vertical Angles Theorem; Statement 4. ∠3 ≅ ∠6 Reason Transitive PoC. There are several ways we could have done this proof. For example, Step 2 could have been ∠2 ≅ ∠6 for the same reason, followed by ∠2 ≅ ∠3. We could have also proved that ∠4 ≅ ∠5.",gemini
"Example 4: Algebra Connection Find the measure of the angle and x. Solution: The two given angles are alternate interior angles so, they are equal. Set the two expressions equal to each other and solve for x. (4x−10)° = 58° 4x = 68° x = 17°",gemini
"Example 5: Find m∠1 and m∠3. Solution: m∠1 = 47° because they are vertical angles. Because the lines are parallel, m∠3 = 47° by the Corresponding Angles Theorem. Therefore, m∠2 = 47°. ∠1 and ∠3 are alternate exterior angles.",gemini
"Alternate Exterior Angles Theorem: If two parallel lines are cut by a transversal, then the alternate exterior angles are congruent. The proof of this theorem is very similar to that of the Alternate Interior Angles Theorem and you will be asked to do in the exercises at the end of this section.",gemini
"Example 6: Algebra Connection Find the measure of each angle and the value of y. Solution: The given angles are alternate exterior angles. Because the lines are parallel, we can set the expressions equal to each other to solve the problem. (3y+53)° = (7y−55)° 108° = 4y 27° = y. If y = 27°, then each angle is 3(27°) + 53°, or 134°.",gemini
Same Side Interior Angles Theorem: Same side interior angles have a different relationship that the previously discussed angle pairs.,gemini
"Example 7: Find m∠2. Solution: Here, m∠1 = 66° because they are alternate interior angles. ∠1 and ∠2 are a linear pair, so they are supplementary. m∠1+m∠2 = 180° 66° +m∠2 = 180° m∠2 = 114°. This example shows that if two parallel lines are cut by a transversal, the same side interior angles are supplementary.",gemini
"Same Side Interior Angles Theorem: If two parallel lines are cut by a transversal, then the same side interior angles are supplementary. If l || m and both are cut by t, then m∠3+m∠5 = 180° and m∠4+m∠6 = 180°. You will be asked to do the proof of this theorem in the review questions.",gemini
"Example 8: Algebra Connection Find the measure of x. Solution: The given angles are same side interior angles. The lines are parallel, therefore the angles add up to 180°. Write an equation. (2x+43)° + (2x−3)° = 180° (4x+40)° = 180° 4x = 140° x = 35°",gemini
"While you might notice other angle relationships, there are no more theorems to worry about. However, we will continue to explore these other angle relationships. For example, same side exterior angles are also supplementary. You will prove this in the review questions.",gemini
Example 9: l || m and s || t. Prove ∠1 ≅ ∠16. Solution: TABLE 3.2: Statement 1. l || m and s || t Reason Given; Statement 2. ∠1 ≅ ∠3 Reason Corresponding Angles Postulate; Statement 3. ∠3 ≅ ∠16 Reason Alternate Exterior Angles Theorem; Statement 4. ∠1 ≅ ∠16 Reason Transitive PoC,gemini
"Know What? Revisited Using what we have learned in this lesson, the other angles that are 35° are ∠TLQ, ∠ETL, and the vertical angle with ∠TLQ. The other angles that are 160° are ∠FSR, ∠TSQ, and the vertical angle with ∠SQV. You could argue that the “State Streets” exist to help traffic move faster and more efficiently through the city.",gemini
"Review Questions For questions 1-7, determine if each angle pair below is congruent, supplementary or neither. 1. ∠1 and ∠7 2. ∠4 and ∠2 3. ∠6 and ∠3 4. ∠5 and ∠8 5. ∠1 and ∠6 6. ∠4 and ∠6 7. ∠2 and ∠3",gemini
"For questions 8-16, determine if the angle pairs below are: Corresponding Angles, Alternate Interior Angles, Alternate Exterior Angles, Same Side Interior Angles, Vertical Angles, Linear Pair or None. 8. ∠2 and ∠13 9. ∠7 and ∠12 10. ∠1 and ∠11 11. ∠6 and ∠10 12. ∠14 and ∠9 13. ∠3 and ∠11 14. ∠4 and ∠15 15. ∠5 and ∠16 16. List all angles congruent to ∠8.",gemini
"For 17-20, find the values of x and y.",gemini
"Algebra Connection For questions 21-25, use the picture below. Find the value of x and/or y. 21. m∠1 = (4x+35)°, m∠8 = (7x−40)° 22. m∠2 = (3y+14)°, m∠6 = (8x−76)° 23. m∠3 = (3x+12)°, m∠5 = (5x+8)° 24. m∠4 = (5x−33)°, m∠5 = (2x+60)° 25. m∠1 = (11y−15)°, m∠7 = (5y+3)°",gemini
26. Fill in the blanks in the proof below. Given: l || m Prove: ∠3 and ∠5 are supplementary (Same Side Interior Angles Theorem) TABLE 3.3: Statement 1. Reason Given; Statement 2. ∠1 ≅ ∠5; Statement 3. Reason ≅ angles have = measures; Statement 4. Reason Linear Pair Postulate; Statement 5. Reason Definition of Supplementary Angles; Statement 6. m∠3+m∠5 = 180°; Statement 7. ∠3 and ∠5 are supplementary,gemini
"For 27 and 28, use the picture to the right to complete each proof. 27. Given: l || m Prove: ∠1 ≅ ∠8 (Alternate Exterior Angles Theorem) 28. Given: l || m Prove: ∠2 and ∠8 are supplementary",gemini
"For 29-31, use the picture to the right to complete each proof. 29. Given: l || m, s || t Prove: ∠4 ≅ ∠10 30. Given: l || m, s || t Prove: ∠2 ≅ ∠15 31. Given: l || m, s || t Prove: ∠4 and ∠9 are supplementary",gemini
32. Find the measures of all the numbered angles in the figure below.,gemini
"Algebra Connection For 33 and 34, find the values of x and y.",gemini
"35. Error Analysis Nadia is working on Problem 31. Here is her proof: TABLE 3.4: Statement 1. l || m, s || t Reason Given; Statement 2. ∠4 ≅ ∠15 Reason Alternate Exterior Angles Theorem; Statement 3. ∠15 ≅ ∠14 Reason Same Side Interior Angles Theorem; Statement 4. ∠14 ≅ ∠9 Reason Vertical Angles Theorem; Statement 5. ∠4 ≅ ∠9 Reason Transitive PoC. What happened? Explain what is needed to be done to make the proof correct.",gemini
"Review Queue Answer the following questions. 1. Write the converse of the following statements: a. If it is summer, then I am out of school. b. I will go to the mall when I am done with my homework. c. If two parallel lines are cut by a transversal, then the corresponding angles are congruent. 2. Are any of the three converses from #1 true? Why or why not? Give a counterexample. 3. Determine the value of x if l || m.",gemini
"Know What? Here is a picture of the support beams for the Coronado Bridge in San Diego. This particular bridge, called a girder bridge, is usually used in straight, horizontal situations. The Coronado Bridge is diagonal, so the beams are subject to twisting forces (called torque). This can be fixed by building a curved bridge deck. To aid the curved bridge deck, the support beams should not be parallel. If they are, the bridge would be too fragile and susceptible to damage.",gemini
This bridge was designed so that ∠1 = 92° and ∠2 = 88°. Are the support beams parallel?,gemini
"Corresponding Angles Converse: Recall that the converse of a statement switches the conclusion and the hypothesis. So, if a, then b becomes if b, then a. We will find the converse of all the theorems from the last section and will determine if they are true.",gemini
"The Corresponding Angles Postulate says: If two lines are parallel, then the corresponding angles are congruent. The converse is: Converse of Corresponding Angles Postulate: If corresponding angles are congruent when two lines are cut by a transversal, then the lines are parallel.",gemini
"Is this true? For example, if the corresponding angles both measured 60°, would the lines be parallel? YES. All eight angles created by l, m and the transversal are either 60° or 120°, making the slopes of l and m the same which makes them parallel. This can also be seen by using a construction.",gemini
"Investigation 3-5: Creating Parallel Lines using Corresponding Angles. 1. Draw two intersecting lines. Make sure they are not perpendicular. Label them l and m, and the point of intersection, A, as shown. 2. Create a point, B, on line m, above A. 3. Copy the acute angle at A (the angle to the right of m) at point B. See Investigation 2-2 in Chapter 2 for the directions on how to copy an angle. 4. Draw the line from the arc intersections to point B. From this construction, we can see that the lines are parallel.",gemini
"Example 1: If m∠8 = 110° and m∠4 = 110°, then what do we know about lines l and m? Solution: ∠8 and ∠4 are corresponding angles. Since m∠8 = m∠4, we can conclude that l || m.",gemini
"Alternate Interior Angles Converse: We also know, from the last lesson, that when parallel lines are cut by a transversal, the alternate interior angles are congruent. The converse of this theorem is also true: Converse of Alternate Interior Angles Theorem: If two lines are cut by a transversal and alternate interior angles are congruent, then the lines are parallel.",gemini
"Example 3: Prove the Converse of the Alternate Interior Angles Theorem. Given: l and m and transversal t, ∠3 ≅ ∠6. Prove: l || m. Solution: TABLE 3.5: Statement 1. l and m and transversal t, ∠3 ≅ ∠6 (Reason: Given); Statement 2. ∠3 ≅ ∠2 (Reason: Vertical Angles Theorem); Statement 3. ∠2 ≅ ∠6 (Reason: Transitive PoC); Statement 4. l || m (Reason: Converse of the Corresponding Angles Postulate).",gemini
"Prove Move: Shorten the names of these theorems. Discuss with your teacher an appropriate abbreviations. For example, the Converse of the Corresponding Angles Theorem could be “Converse CA Thm” or “ConvCA.”",gemini
"Notice that the Corresponding Angles Postulate was not used in this proof. The Transitive Property is the reason for Step 3 because we do not know if l is parallel to m until we are done with the proof. You could conclude that if we are trying to prove two lines are parallel, the converse theorems will be used. And, if we are proving two angles are congruent, we must be given that the two lines are parallel.",gemini
"Example 4: Is l || m? Solution: First, find m∠1. We know its linear pair is 109°. By the Linear Pair Postulate, these two angles add up to 180°, so m∠1 = 180° - 109° = 71°. This means that l || m, by the Converse of the Corresponding Angles Postulate.",gemini
"Example 5: Algebra Connection What does x have to be to make a || b? Solution: Because these are alternate interior angles, they must be equal for a || b. Set the expressions equal to each other and solve. 3x + 16° = 5x - 54°, 70° = 2x, 35° = x. To make a || b, x = 35°.",gemini
"Converse of Alternate Exterior Angles & Consecutive Interior Angles: You have probably guessed that the converse of the Alternate Exterior Angles Theorem and the Consecutive Interior Angles Theorem are also true. Converse of the Alternate Exterior Angles Theorem: If two lines are cut by a transversal and the alternate exterior angles are congruent, then the lines are parallel.",gemini
"Example 6: Real-World Situation The map below shows three roads in Julio’s town. Julio used a surveying tool to measure two angles at the intersections in this picture he drew (NOT to scale). Julio wants to know if Franklin Way is parallel to Chavez Avenue. Solution: The labeled 130° angle and ∠a are alternate exterior angles. If m∠a = 130°, then the lines are parallel. To find m∠a, use the other labeled angle which is 40°, and its linear pair. Therefore, ∠a + 40° = 180° and ∠a = 140°. 140° ≠ 130°, so Franklin Way and Chavez Avenue are not parallel streets.",gemini
"The final converse theorem is of the Same Side Interior Angles Theorem. Remember that these angles are not congruent when lines are parallel, they are supplementary. Converse of the Same Side Interior Angles Theorem: If two lines are cut by a transversal and the consecutive interior angles are supplementary, then the lines are parallel.",gemini
"Example 7: Is l || m? How do you know? Solution: These are Same Side Interior Angles. So, if they add up to 180°, then l || m. 113° + 67° = 180°, therefore l || m.",gemini
"Parallel Lines Property: The Parallel Lines Property is a transitive property that can be applied to parallel lines. Remember the Transitive Property of Equality is: If a = b and b = c, then a = c. The Parallel Lines Property changes = to ||. Parallel Lines Property: If lines l || m and m || n, then l || n.",gemini
"Example 8: Are lines q and r parallel? Solution: First find if p || q, followed by p || r. If so, then q || r. p || q by the Converse of the Corresponding Angles Postulate, the corresponding angles are 65°. p || r by the Converse of the Alternate Exterior Angles Theorem, the alternate exterior angles are 115°. Therefore, by the Parallel Lines Property, q || r.",gemini
"Know What? Revisited: The CoronadoBridge has ∠1 and ∠2, which are corresponding angles. These angles must be equal for the beams to be parallel. ∠1 = 92° and ∠2 = 88° and 92° ≠ 88°, so the beams are not parallel, therefore a sturdy and safe girder bridge.",gemini
"1. Construction Using Investigation 3-1 to help you, show that two lines are parallel by constructing congruent alternate interior angles. HINT: Steps 1 and 2 will be exactly the same, but at step 3, you will copy the angle in a different location.",gemini
"2. Construction Using Investigation 3-1 to help you, show that two lines are parallel by constructing supplementary consecutive interior angles. HINT: Steps 1 and 2 will be exactly the same, but at step 3, you will copy a different angle.",gemini
"For Questions 3-5, fill in the blanks in the proofs below. 3. Given: l || m, p || q Prove: ∠1 ≅ ∠2. TABLE 3.6: Statement 1. l || m (Reason: 1.); Statement 2. (Reason: 2. Corresponding Angles Postulate); Statement 3. p || q (Reason: 3.); Statement 4. (Reason: 4.); Statement 5. ∠1 ≅ ∠2 (Reason: 5.).",gemini
"4. Given: p || q, ∠1 ≅ ∠2 Prove: l || m. TABLE 3.7: Statement 1. p || q (Reason: 1.); Statement 2. (Reason: 2. Corresponding Angles Postulate); Statement 3. ∠1 ≅ ∠2 (Reason: 3.); Statement 4. (Reason: 4. Transitive PoC); Statement 5. (Reason: 5. Converse of Alternate Interior Angles Theorem).",gemini
"5. Given: ∠1 ≅ ∠2, ∠3 ≅ ∠4 Prove: l || m. TABLE 3.8: Statement 1. ∠1 ≅ ∠2 (Reason: 1.); Statement 2. l || n (Reason: 2.); Statement 3. ∠3 ≅ ∠4 (Reason: 3.); Statement 4. (Reason: 4. Converse of Alternate Interior Angles Theorem); Statement 5. l || m (Reason: 5.).",gemini
"For Questions 6-9, create your own two column proof. 6. Given: m ⊥ l, n ⊥ l Prove: m || n",gemini
7. Given: ∠1 ≅ ∠3 Prove: ∠1 and ∠4 are supplementary,gemini
8. Given: ∠2 ≅ ∠4 Prove: ∠1 ≅ ∠3,gemini
9. Given: ∠2 ≅ ∠3 Prove: ∠1 ≅ ∠4,gemini
"In 10-15, use the given information to determine which lines are parallel. If there are none, write none. Consider each question individually. 10. ∠LCD ≅ ∠CJI; 11. ∠BCE and ∠BAF are supplementary; 12. ∠FGH ≅ ∠EIJ; 13. ∠BFH ≅ ∠CEI; 14. ∠LBA ≅ ∠IHK; 15. ∠ABG ≅ ∠BGH",gemini
"In 16-22, find the measure of the lettered angles below. 16. m∠1; 17. m∠2; 18. m∠3; 19. m∠4; 20. m∠5; 21. m∠6; 22. m∠7",gemini
"For 23-27, what does x have to measure to make the lines parallel? 23. m∠3 = (3x+25)° and m∠5 = (4x−55)°; 24. m∠2 = (8x)° and m∠7 = (11x−36)°; 25. m∠1 = (6x−5)° and m∠5 = (5x+7)°; 26. m∠4 = (3x−7)° and m∠7 = (5x−21)°; 27. m∠1 = (9x)° and m∠6 = (37x)°",gemini
"28. Construction Draw a straight line. Construct a line perpendicular to this line through a point on the line. Now, construct a perpendicular line to this new line. What can you conclude about the original line and this final line?",gemini
29. How could you prove your conjecture from problem 28?,gemini
"30. What is wrong in the following diagram, given that j || k?",gemini
3.4 Properties of Perpendicular Lines. Learning Objectives: • Understand the properties of perpendicular lines. • Explore problems with parallel lines and a perpendicular transversal. • Solve problems involving complementary adjacent angles.,gemini
"Review Queue: Determine if the following statements are true or false. If they are true, write the converse. If they are false, find a counter example. 1. Perpendicular lines form four right angles. 2. A right angle is greater than or equal to 90°. Find the slope between the two given points. 3. (-3, 4) and (-3, 1). 4. (6, 7) and (-5, 7)",gemini
Know What? There are several examples of slope in nature. Below are pictures of Half Dome in Yosemite National Park and the horizon over the Pacific Ocean. These are examples of horizontal and vertical lines in real life. Can you determine the slope of these lines?,gemini
Congruent Linear Pairs: Recall that a linear pair is a pair of adjacent angles whose outer sides form a straight line. The Linear Pair Postulate says that the angles in a linear pair are supplementary. What happens when the angles in a linear pair are congruent?,gemini
"m∠ABD + m∠DBC = 180° (Linear Pair Postulate); m∠ABD = m∠DBC (The two angles are congruent); m∠ABD + m∠ABD = 180° (Substitution PoE); 2m∠ABD = 180° (Combine like terms); m∠ABD = 90° (Division PoE). So, anytime a linear pair is congruent, the angles are both 90°.",gemini
"Example 1: Find m∠CTA. Solution: First, these two angles form a linear pair. Second, from the marking, we know that ∠STC is a right angle. Therefore, m∠STC = 90°. So, m∠CTA is also 90°.",gemini
"Perpendicular Transversals: Recall that when two lines intersect, four angles are created. If the two lines are perpendicular, then all four angles are right angles, even though only one needs to be marked with the square. Therefore, all four angles are 90°. When a parallel line is added, then there are eight angles formed. If l || m and n ⊥ l, is n ⊥ m? Let’s prove it here.",gemini
"Given: l || m, l ⊥ n. Prove: n ⊥ m. TABLE 3.9: Statement 1. l || m, l ⊥ n (Reason: Given); Statement 2. ∠1, ∠2, ∠3, and ∠4 are right angles (Reason: Definition of perpendicular lines); Statement 3. m∠1 = 90° (Reason: Definition of a right angle); Statement 4. m∠1 = m∠5 (Reason: Corresponding Angles Postulate); Statement 5. m∠5 = 90° (Reason: Transitive PoE); Statement 6. m∠6 = m∠7 = 90° (Reason: Congruent Linear Pairs); Statement 7. m∠8 = 90° (Reason: Vertical Angles Theorem); Statement 8. ∠5, ∠6, ∠7, and ∠8 are right angles (Reason: Definition of right angle); Statement 9. n ⊥ m (Reason: Definition of perpendicular lines).",gemini
"Theorem 3-1: If two lines are parallel and a third line is perpendicular to one of the parallel lines, it is also perpendicular to the other parallel line. Or, if l || m and l ⊥ n, then n ⊥ m.",gemini
"Theorem 3-2: If two lines are perpendicular to the same line, they are parallel to each other. Or, if l ⊥ n and n ⊥ m, then l || m. You will prove this theorem in the review questions. From these two theorems, we can now assume that any angle formed by two parallel lines and a perpendicular transversal will always be 90°.",gemini
"Example 2: Determine the measure of ∠1. Solution: From Theorem 3-1, we know that the lower parallel line is also perpendicular to the transversal. Therefore, m∠1 = 90°.",gemini
"Adjacent Complementary Angles: Recall that complementary angles add up to 90°. If complementary angles are adjacent, their nonadjacent sides are perpendicular rays. What you have learned about perpendicular lines can be applied to this situation.",gemini
"Example 3: Find m∠1. Solution: The two adjacent angles add up to 90°, so l ⊥ m. Therefore, m∠1 = 90°.",gemini
"Example 4: Is l ⊥ m? Explain why or why not. Solution: If the two adjacent angles add up to 90°, then l and m are perpendicular. 23° + 67° = 90°. Therefore, l ⊥ m.",gemini
Know What? Revisited: Half Dome is vertical and the slope of any vertical line is undefined. Thousands of people flock to Half Dome to attempt to scale the rock. This front side is very difficult to climb because it is vertical. The only way to scale the front side is to use the provided cables at the base of the rock. http://www.nps.gov/yose/index.htm,gemini
"Any horizon over an ocean is horizontal, which has a slope of zero, or no slope. There is no steepness, so no incline or decline. The complete opposite of Half Dome. Actually, if Half Dome was placed on top of an ocean or flat ground, the two would be perpendicular!",gemini
Review Questions: Find the measure of ∠1 for each problem below (Questions 1-9).,gemini
"For questions 10-13, use the picture below. 10. Find m∠ACD. 11. Find m∠CDB. 12. Find m∠EDB. 13. Find m∠CDE.",gemini
"In questions 14-17, determine if l ⊥ m.",gemini
"For questions 18-25, use the picture below. 18. Find m∠1. 19. Find m∠2. 20. Find m∠3. 21. Find m∠4. 22. Find m∠5. 23. Find m∠6. 24. Find m∠7. 25. Find m∠8.",gemini
"Complete the proof. 26. Given: l ⊥ m, l ⊥ n Prove: m || n",gemini
Algebra Connection: Find the value of x (Questions 27-32).,gemini
3.5 Parallel and Perpendicular Lines in the Coordinate Plane. Learning Objectives: • Compute slope. • Determine the equation of parallel and perpendicular lines to a given line. • Graph parallel and perpendicular lines in slope-intercept and standard form.,gemini
"Review Queue: Find the slope between the following points. 1. (-3, 5) and (2, -5); 2. (7, -1) and (-2, 2); 3. Is x = 3 horizontal or vertical? How do you know? Graph the following lines on an x−y plane. 4. y = −2x+3; 5. y = 1/4 x − 2",gemini
"Know What? The picture to the right is the California Incline, a short piece of road that connects Highway 1 with the city of Santa Monica. The length of the road is 1532 feet and has an elevation of 177 feet. You may assume that the base of this incline is sea level, or zero feet. Can you find the slope of the California Incline? HINT: You will need to use the Pythagorean Theorem, which has not been introduced in this class, but you may have seen it in a previous math class.",gemini
"Slope in the Coordinate Plane: Recall from Algebra I, The slope of the line between two points (x1, y1) and (x2, y2) is m = (y2−y1)/(x2−x1). Different Types of Slope: Positive, Negative, Zero, Undefined.",gemini
"Example 1: What is the slope of the line through (2, 2) and (4, 6)? Solution: Use the slope formula to determine the slope. Use (2, 2) as (x1, y1) and (4, 6) as (x2, y2). m = (6−2)/(4−2) = 4/2 = 2. Therefore, the slope of this line is 2. This slope is positive. Recall that slope can also be the “rise over run.” In this case we “rise”, or go up 2, and “run” in the positive direction 1.",gemini
"Example 2: Find the slope between (-8, 3) and (2, -2). Solution: m = (-2−3)/(2−(-8)) = -5/10 = -1/2. This is a negative slope. Instead of “rising,” the negative slope means that you would “fall,” when finding points on the line.",gemini
"Example 3: Find the slope between (-5, -1) and (3, -1). Solution: m = (-1−(-1))/(3−(-5)) = 0/8 = 0. Therefore, the slope of this line is 0, which means that it is a horizontal line. Horizontal lines always pass through the y−axis. Notice that the y−coordinate for both points is -1. In fact, the y−coordinate for any point on this line is -1. This means that the horizontal line must cross y = −1.",gemini
"Example 4: What is the slope of the line through (3, 2) and (3, 6)? Solution: m = (6−2)/(3−3) = 4/0 = undefined. Therefore, the slope of this line is undefined, which means that it is a vertical line. Vertical lines always pass through the x−axis. Notice that the x−coordinate for both points is 3. In fact, the x−coordinate for any point on this line is 3. This means that the vertical line must cross x = 3.",gemini
"Slopes of Parallel Lines: Recall from earlier in the chapter that the definition of parallel is two lines that never intersect. In the coordinate plane, that would look like this: If we take a closer look at these two lines, we see that the slopes of both are 2/3. This can be generalized to any pair of parallel lines in the coordinate plane. Parallel lines have the same slope.",gemini
"Example 5: Find the equation of the line that is parallel to y = −1/3 x + 4 and passes through (9, -5). Recall that the equation of a line in this form is called the slope-intercept form and is written as y = mx+b where m is the slope and b is the y−intercept. Here, x and y represent any coordinate pair, (x, y) on the line. Solution: We know that parallel lines have the same slope, so the line we are trying to find also has m = −1/3. Now, we need to find the y−intercept. 4 is the y−intercept of the given line, not our new line. We need to plug in 9 for x and -5 for y (this is our given coordinate pair that needs to be on the line) to solve for the new y−intercept (b). -5 = −1/3(9) + b; -5 = −3 + b; -2 = b. Therefore, the equation of line is y = −1/3 x − 2. Reminder: the final equation contains the variables x and y to indicate that the line contains and infinite number of points or coordinate pairs that satisfy the equation. Parallel lines always have the same slope and different y−intercepts.",gemini
"Slopes of Perpendicular Lines: Recall from Chapter 1 that the definition of perpendicular is two lines that intersect at a 90°, or right, angle. In the coordinate plane, that would look like this: If we take a closer look at these two lines, we see that the slope of one is -4 and the other is 1/4. This can be generalized to any pair of perpendicular lines in the coordinate plane. The slopes of perpendicular lines are opposite signs and reciprocals of each other.",gemini
"Example 6: Find the slope of the perpendicular lines to the lines below. a) y = 2x+3; b) y = −2/3 x−5; c) y = x+2. Solution: We are only concerned with the slope for each of these. a) m = 2, so m⊥ is the reciprocal and negative, m⊥ = −1/2. b) m = −2/3, take the reciprocal and make the slope positive, m⊥ = 3/2. c) Because there is no number in front of x, the slope is 1. The reciprocal of 1 is 1, so the only thing to do is make it negative, m⊥ = −1.",gemini
"Example 7: Find the equation of the line that is perpendicular to y = −1/3 x + 4 and passes through (9, -5). Solution: First, the slope is the reciprocal and opposite sign of −1/3. So, m = 3. Now, we need to find the y−intercept. 4 is the y−intercept of the given line, not our new line. We need to plug in 9 for x and -5 for y to solve for the new y−intercept (b). -5 = 3(9) + b; -5 = 27 + b; -32 = b. Therefore, the equation of line is y = 3x−32.",gemini
"Graphing Parallel and Perpendicular Lines: Example 8: Find the equations of the lines below and determine if they are parallel, perpendicular or neither. Solution: To find the equation of each line, start with the y−intercept. The top line has a y−intercept of 1. From there, determine the slope triangle, or the “rise over run.” From the y−intercept, if you go up 1 and over 2, you hit the line again. Therefore, the slope of this line is 1/2. The equation is y = 1/2 x + 1. For the second line, the y−intercept is -3. Again, start here to determine the slope and if you “rise” 1 and “run” 2, you run into the line again, making the slope 1/2. The equation of this line is y = 1/2 x − 3. The lines are parallel because they have the same slope.",gemini
"Example 9: Graph 3x−4y = 8 and 4x+3y = 15. Determine if they are parallel, perpendicular, or neither. Solution: First, we have to change each equation into slope-intercept form. In other words, we need to solve each equation for y. 3x−4y = 8 becomes −4y = −3x+8, y = 3/4 x − 2. 4x+3y = 15 becomes 3y = −4x+15, y = −4/3 x + 5. Now that the lines are in slope-intercept form (also called y−intercept form), we can tell they are perpendicular because the slopes are opposites signs and reciprocals. To graph the two lines, plot the y−intercept on the y−axis. From there, use the slope to rise and then run. For the first line, you would plot -2 and then rise 3 and run 4, making the next point on the line (1, 4). For the second line, plot 5 and then fall (because the slop is negative) 4 and run 3, making the next point on the line (1, 3).",gemini
"Know What? Revisited In order to find the slope, we need to first find the horizontal distance in the triangle to the right. This triangle represents the incline and the elevation. To find the horizontal distance, or the run, we need to use the Pythagorean Theorem, a^2 + b^2 = c^2, where c is the hypotenuse.

177^2 + run^2 = 1532^2
31,329 + run^2 = 2,347,024
run^2 = 2,315,695
run ≈ 1521.75

The slope is then 177 / 1521.75, which is roughly 3/25.",gemini
"Review Questions

Find the slope between the two given points.

1. (4, -1) and (-2, -3)
2. (-9, 5) and (-6, 2)
3. (7, 2) and (-7, -2)
4. (-6, 0) and (-1, -10)
5. (1, -2) and (3, 6)
6. (-4, 5) and (-4, -3)",gemini
"Determine if each pair of lines are parallel, perpendicular, or neither. Then, graph each pair on the same set of axes.

7. y = −2x + 3 and y = 1/2 x + 3
8. y = 4x − 2 and y = 4x + 5
9. y = −x + 5 and y = x + 1
10. y = −3x + 1 and y = 3x − 1
11. 2x − 3y = 6 and 3x + 2y = 6
12. 5x + 2y = −4 and 5x + 2y = 8
13. x − 3y = −3 and x + 3y = 9
14. x + y = 6 and 4x + 4y = −16",gemini
"Determine the equation of the line that is parallel to the given line, through the given point.

15. y = −5x + 1; (−2, 3)
16. y = 2/3 x − 2; (9, 1)
17. x − 4y = 12; (−16, −2)
18. 3x + 2y = 10; (8, −11)
19. 2x − y = 15; (3, 7)
20. y = x − 5; (9, −1)",gemini
"Determine the equation of the line that is perpendicular to the given line, through the given point.

21. y = x − 1; (−6, 2)
22. y = 3x + 4; (9, −7)
23. 5x − 2y = 6; (5, 5)
24. y = 4; (−1, 3)
25. x = −3; (1, 8)
26. x − 3y = 11; (0, 13)",gemini
"Find the equation of the two lines in each graph below. Then, determine if the two lines are parallel, perpendicular or neither.

27.
28.
29.
30.",gemini
"For the line and point below, find:
a) A parallel line, through the given point.
b) A perpendicular line, through the given point.

31.
32.
33.
34.",gemini
"Review Queue

1. What is the equation of the line between (-1, 3) and (2, -9)?
2. Find the equation of the line that is perpendicular to y = −2x + 5 through the point (-4, -5).
3. Find the equation of the line that is parallel to y = 2/3 x − 7 through the point (3, 8).",gemini
"Know What? The shortest distance between two points is a straight line. To the right is an example of how far apart cities are in the greater Los Angeles area. There are always several ways to get somewhere in Los Angeles. Here, we have the distances between Los Angeles and Orange. Which distance is the shortest? Which is the longest?",gemini
"The Distance Formula

The distance between two points (x1, y1) and (x2, y2) can be defined as d = √((x2 − x1)^2 + (y2 − y1)^2). This formula will be derived in Chapter 9.",gemini
"Example 1: Find the distance between (4, -2) and (-10, 3).

Solution: Plug in (4, -2) for (x1, y1) and (-10, 3) for (x2, y2) and simplify.

d = √((-10 − 4)^2 + (3 + 2)^2)
= √((-14)^2 + (5^2)) Distances are always positive!
= √(196 + 25)
= √221 ≈ 14.87 units",gemini
"Example 2: The distance between two points is 4 units. One point is (1, -6). What is the second point? You may assume that the second point is made up of integers.

Solution: We will still use the distance formula for this problem, however, we know d and need to solve for (x2, y2).

4 = √((1 − x2)^2 + (-6 − y2)^2)
16 = (1 − x2)^2 + (-6 − y2)^2

At this point, we need to figure out two square numbers that add up to 16. The only two square numbers that add up to 16 are 16+0.

16 = (1 − x2)^2 + (-6 − y2)^2  or  16 = (1 − x2)^2 + (-6 − y2)^2
where (1 − x2)^2 = 4^2, (-6 − y2)^2 = 0^2  or  (1 − x2)^2 = 0^2, (-6 − y2)^2 = 4^2

1 − x2 = ±4 and -6 − y2 = 0, or 1 − x2 = 0 and -6 − y2 = ±4
-x2 = -5 or 3 and -y2 = 6, or -x2 = -1 and y2 = 10 or 2
x2 = 5 or -3, y2 = -6; x2 = 1, y2 = -10 or -2

Therefore, the second point could have 4 possibilities: (5, -6), (-3, -6), (1, -10), and (1, -2).",gemini
"Shortest Distance between a Point and a Line

We know that the shortest distance between two points is a straight line. This distance can be calculated by using the distance formula. Let’s extend this concept to the shortest distance between a point and a line.

Just by looking at a few line segments from A to line l, we can tell that the shortest distance between a point and a line is the perpendicular line between them. Therefore, AD is the shortest distance between A and line l.

Putting this onto a graph can be a little tougher.",gemini
"Example 3: Determine the shortest distance between the point (1, 5) and the line y = 1/3 x − 2.

Solution: First, graph the line and point. Second determine the equation of the perpendicular line. The opposite sign and reciprocal of 1/3 is -3, so that is the slope. We know the line must go through the given point, (1, 5), so use that to find the y−intercept.

y = −3x + b
5 = −3(1) + b
8 = b
The equation of the line is y = −3x + 8.

Next, we need to find the point of intersection of these two lines. By graphing them on the same axes, we can see that the point of intersection is (3, -1), the green point.

Finally, plug (1, 5) and (3,-1) into the distance formula to find the shortest distance.

d = √((3 − 1)^2 + (-1 − 5)^2)
= √((2)^2 + (-6)^2)
= √(4 + 36)
= √40 ≈ 6.32 units",gemini
"Shortest Distance between Two Parallel Lines

The shortest distance between two parallel lines is the length of the perpendicular segment between them. It doesn’t matter which perpendicular line you choose, as long as the two points are on the lines. Recall that there are infinitely many perpendicular lines between two parallel lines.

Notice that all of the pink segments are the same length. So, when picking a perpendicular segment, be sure to pick one with endpoints that are integers.",gemini
"Example 3: Find the distance between x = 3 and x = −5.

Solution: Any line with x = a number is a vertical line. In this case, we can just count the squares between the two lines. The two lines are 3−(−5) units apart, or 8 units.

You can use this same method with horizontal lines as well. For example, y = −1 and y = 3 are 3−(−1) units, or 4 units apart.",gemini
"Example 4: What is the shortest distance between y = 2x + 4 and y = 2x − 1?

Solution: Graph the two lines and determine the perpendicular slope, which is −1/2. Find a point on y = 2x + 4, let’s say (-1, 2). From here, use the slope of the perpendicular line to find the corresponding point on y = 2x−1. If you move down 1 from 2 and over to the right 2 from -1, you will hit y = 2x−1 at (1, 1). Use these two points to determine the distance between the two lines.

d = √((1 + 1)^2 + (1 − 2)^2)
= √(2^2 + (-1)^2)
= √(4 + 1)
= √5 ≈ 2.24 units

The lines are about 2.24 units apart.

Notice that you could have used any two points, as long as they are on the same perpendicular line. For example, you could have also used (-3, -2) and (-1, -3) and you still would have gotten the same answer.

d = √((-1 + 3)^2 + (-3 + 2)^2)
= √(2^2 + (-1)^2)
= √(4 + 1)
= √5 ≈ 2.24 units",gemini
"Example 5: Find the distance between the two parallel lines below.

Solution: First you need to find the slope of the two lines. Because they are parallel, they are the same slope, so if you find the slope of one, you have the slope of both.

Start at the y−intercept of the top line, 7. From there, you would go down 1 and over 3 to reach the line again. Therefore the slope is −1/3 and the perpendicular slope would be 3.

Next, find two points on the lines. Let’s use the y−intercept of the bottom line, (0, -3). Then, rise 3 and go over 1 until your reach the second line. Doing this three times, you would hit the top line at (3, 6). Use these two points in the distance formula to find how far apart the lines are.

d = √((0 − 3)^2 + (-3 − 6)^2)
= √((-3)^2 + (-9)^2)
= √(9 + 81)
= √90 ≈ 9.49 units",gemini
"Perpendicular Bisectors in the Coordinate Plane

Recall that the definition of a perpendicular bisector is a perpendicular line that goes through the midpoint of a line segment. Using what we have learned in this chapter and the formula for a midpoint, we can find the equation of a perpendicular bisector.",gemini
"Example 6: Find the equation of the perpendicular bisector of the line segment between (-1, 8) and (5, 2).

Solution: First, find the midpoint of the line segment.
((-1 + 5)/2, (8 + 2)/2) = (4/2, 10/2) = (2, 5)

Second, find the slope between the two endpoints. This will help us figure out the perpendicular slope for the perpendicular bisector.
m = (2 − 8)/(5 + 1) = -6/6 = −1

If the slope of the segment is -1, then the slope of the perpendicular bisector will be 1. The last thing to do is to find the y−intercept of the perpendicular bisector. We know it goes through the midpoint, (2, 5), of the segment, so substitute that in for x and y in the slope-intercept equation.

y = mx + b
5 = 1(2) + b
5 = 2 + b
3 = b

The equation of the perpendicular bisector is y = x + 3.",gemini
"Example 7: The perpendicular bisector of AB has the equation y = −1/3 x + 1. If A is (-1, 8) what are the coordinates of B?

Solution: The easiest way to approach this problem is to graph it. Graph the perpendicular line and plot the point. See the graph to the left.

Second, determine the slope of AB. If the slope of the perpendicular bisector is −1/3, then the slope of AB is 3.

Using the slope, count down 3 and over to the right 1 until you hit the perpendicular bisector. Counting down 6 and over 2, you land on the line at (-3, 2). This is the midpoint of AB. If you count down another 6 and over to the right 2 more, you will find the coordinates of B, which are (-5, -4).",gemini
"Know What? Revisited Draw two intersecting lines. Make sure they are not perpendicular. Label the 26.3 miles along hwy 5. The longest distance is found by adding the distances along the 110 and 405, or 41.8 miles.",gemini
"Review Questions

Find the distance between each pair of points. Round your answer to the nearest hundredth.

1. (4, 15) and (-2, -1)
2. (-6, 1) and (9, -11)
3. (0, 12) and (-3, 8)
4. (-8, 19) and (3, 5)
5. (3, -25) and (-10, -7)
6. (-1, 2) and (8, -9)
7. (5, -2) and (1, 3)
8. (-30, 6) and (-23, 0)",gemini
"Determine the shortest distance between the given line and point. Round your answers to the nearest hundredth.

9. y = 1/3 x + 4; (5, −1)
10. y = 2x − 4; (−7, −3)
11. y = −4x + 1; (4, 2)
12. y = −2/3 x − 8; (7, 9)",gemini
"Use each graph below to determine how far apart each the parallel lines are. Round your answers to the nearest hundredth.

13.
14.
15.
16.",gemini
"Determine the shortest distance between the each pair of parallel lines. Round your answer to the nearest hundredth.

17. x = 5, x = 1
18. y = −6, y = 4
19. y = x + 5, y = x − 3
20. y = −1/3 x + 2, y = −1/3 x − 8
21. y = 4x + 9, y = 4x − 8
22. y = 1/2 x, y = 1/2 x − 5",gemini
"Find the equation of the perpendicular bisector for pair of points.

23. (1, 5) and (7, -7)
24. (1, -8) and (7, -6)
25. (9, 2) and (-9, -10)
26. (-7, 11) and (-3, 1)",gemini
"27. The perpendicular bisector of CD has the equation y = 3x − 11. If D is (-3, 0) what are the coordinates of C?",gemini
"28. The perpendicular bisector of LM has the equation y = −x + 5. If L is (6, -3) what are the coordinates of M?",gemini
"29. Construction Plot the points (5, -3) and (-5, -9). Draw the line segment between the points. Construct the perpendicular bisector for these two points. (Construction was in Chapter 1). Determine the equation of the perpendicular bisector and the midpoint.",gemini
"30. Construction Graph the line y = −1/2 x − 5 and the point (2, 5). Construct the perpendicular line, through (2, 5) and determine the equation of this line.",gemini
"31. Challenge The distance between two points is 25 units. One point is (-2, 9). What is the second point? You may assume that the second point is made up of integers.",gemini
"32. Writing List the steps you would take to find the distance between two parallel lines, like the two in #24.",gemini
"Keywords and Theorems

• Parallel
• Skew Lines
• Parallel Postulate
• Perpendicular Line Postulate
• Transversal
• Corresponding Angles
• Alternate Interior Angles
• Alternate Exterior Angles
• Same Side Interior Angles
• Corresponding Angles Postulate
• Alternate Interior Angles Theorem
• Alternate Exterior Angles Theorem
• Same Side Interior Angles Theorem
• Converse of Corresponding Angles Postulate
• Converse of Alternate Interior Angles Theorem
• Converse of the Alternate Exterior Angles Theorem
• Converse of the Same Side Interior Angles Theorem
• Parallel Lines Property
• Theorem 3-1
• Theorem 3-2
• Distance Formula: d = √((x2 − x1)^2 + (y2 − y1)^2)",gemini
"Review

Find the value of each of the numbered angles below.",gemini
"Texas Instruments Resources

In the CK-12 Texas Instruments Geometry FlexBook® resource, there are graphing calculator activities designed to supplement the objectives for some of the lessons in this chapter. See http://www.ck12.org/flexr/chapter/9688 .",gemini
"In this chapter, you will learn all about triangles. First, we will learn about the properties of triangles and the angles within a triangle. Second, we will use that information to determine if two different triangles are congruent. After proving two triangles are congruent, we will use that information to prove other parts of the triangles are congruent as well as the properties of equilateral and isosceles triangles.",gemini
"Review Queue

Classify the triangles below by their angles and sides.
1.
2.
3.
4. How many degrees are in a straight angle? Draw and label a straight angle, ∠ABC.",gemini
"Know What? Below is a map of the Bermuda Triangle. You are probably familiar with the myth of this triangle; how several ships and planes passed through and mysteriously disappeared.

The measurements of the sides of the triangle are in the image. What type of triangle is this? Classify it by its sides and angles. Using a protractor, find the measure of each angle in the Bermuda Triangle. What do they add up to? Do you think the three angles in this image are the same as the three angles in the actual Bermuda triangle? Why or why not?",gemini
"A Little Triangle Review

Recall that a triangle can be classified by its sides.

Scalene: All three sides are different lengths.
Isosceles: At least two sides are congruent.
Equilateral: All three sides are congruent.

By the definition, an equilateral triangle is also an isosceles triangle.

And, triangles can also be classified by their angles.

Right: One right angle.
Acute: All three angles are less than 90°.
Obtuse: One angle is greater than 90°.
Equiangular: All three angles are congruent.",gemini
"Triangle Sum Theorem
Interior Angles (in polygons): The angles inside of a closed figure with straight sides.
Vertex: The point where the sides of a polygon meet.",gemini
"Triangles have three interior angles, three vertices and three sides.
A triangle is labeled by its vertices with a △. This triangle can be labeled △ABC, △ACB, △BCA, △BAC, △CBA or △CAB. Order does not matter.",gemini
"The angles in any polygon are measured in degrees. Each polygon has a different sum of degrees, depending on the number of angles in the polygon. How many degrees are in a triangle?",gemini
"Investigation 4-1: Triangle Tear-Up
Tools Needed: paper, ruler, pencil, colored pencils
1. Draw a triangle on a piece of paper. Try to make all three angles different sizes. Color the three interior angles three different colors and label each one, ∠1, ∠2, and ∠3.
2. Tear off the three colored angles, so you have three separate angles.
3. Attempt to line up the angles so their points all match up. What happens? What measure do the three angles add up to?",gemini
This investigation shows us that the sum of the angles in a triangle is 180° because the three angles fit together to form a straight line. Recall that a line is also a straight angle and all straight angles are 180°.,gemini
Triangle Sum Theorem: The interior angles of a triangle add up to 180°.,gemini
"Example 1: What is the m∠T?
Solution: From the Triangle Sum Theorem, we know that the three angles add up to 180°. Set up an equation to solve for ∠T.
m∠M + m∠A + m∠T = 180°
82° + 27° + m∠T = 180°
109° + m∠T = 180°
m∠T = 71°",gemini
"Investigation 4-1 is one way to show that the angles in a triangle add up to 180°. However, it is not a two-column proof. Here we will prove the Triangle Sum Theorem.
Given: △ABC with line AD || BC
Prove: m∠1 + m∠2 + m∠3 = 180°
TABLE 4.1:
Statement | Reason
1. △ABC above with line AD || BC | Given
2. ∠1 ≅ ∠4, ∠2 ≅ ∠5 | Alternate Interior Angles Theorem
3. m∠1 = m∠4, m∠2 = m∠5 | ≅ angles have = measures
4. m∠4 + m∠CAD = 180° | Linear Pair Postulate
5. m∠3 + m∠5 = m∠CAD | Angle Addition Postulate
6. m∠4 + m∠3 + m∠5 = 180° | Substitution PoE
7. m∠1 + m∠3 + m∠2 = 180° | Substitution PoE",gemini
"Example 2: What is the measure of each angle in an equiangular triangle?
Solution: △ABC to the left is an example of an equiangular triangle, where all three angles are equal. Write an equation.
m∠A + m∠B + m∠C = 180°
m∠A + m∠A + m∠A = 180°
3m∠A = 180°
m∠A = 60°
If m∠A = 60°, then m∠B = 60° and m∠C = 60°.",gemini
Theorem 4-1: Each angle in an equiangular triangle measures 60°.,gemini
"Example 3: Find the measure of the missing angle.
Solution: m∠O = 41° and m∠G = 90° because it is a right angle.
m∠D + m∠O + m∠G = 180°
m∠D + 41° + 90° = 180°
m∠D + 41° = 90°
m∠D = 49°
Notice that m∠D + m∠O = 90° because ∠G is a right angle.",gemini
Theorem 4-2: The acute angles in a right triangle are always complementary.,gemini
"Exterior Angles
Exterior Angle: The angle formed by one side of a polygon and the extension of the adjacent side.
In all polygons, there are two sets of exterior angles, one going around the polygon clockwise and the other goes around the polygon counterclockwise.
By the definition, the interior angle and its adjacent exterior angle form a linear pair.",gemini
"Example 4: Find the measure of ∠RQS.
Solution: 112° is an exterior angle of △RQS. Therefore, it is supplementary to ∠RQS because they are a linear pair.
112° + m∠RQS = 180°
m∠RQS = 68°",gemini
"If we draw both sets of exterior angles on the same triangle, we have the following figure:
Notice, at each vertex, the exterior angles are also vertical angles, therefore they are congruent.
∠4 ≅ ∠7
∠5 ≅ ∠8
∠6 ≅ ∠9",gemini
"Example 5: Find the measure of the numbered interior and exterior angles in the triangle.
Solution:
m∠1 + 92° = 180° by the Linear Pair Postulate, so m∠1 = 88°.
m∠2 + 123° = 180° by the Linear Pair Postulate, so m∠2 = 57°.
m∠1 + m∠2 + m∠3 = 180° by the Triangle Sum Theorem, so 88° + 57° + m∠3 = 180° and m∠3 = 35°.
m∠3 + m∠4 = 180° by the Linear Pair Postulate, so m∠4 = 145°.",gemini
"Looking at Example 5, the exterior angles are 92°, 123°, and 145°. If we add these angles together, we get 92° + 123° + 145° = 360°. This is always true for any set of exterior angles for any polygon.",gemini
"Exterior Angle Sum Theorem: Each set of exterior angles of a polygon add up to 360°.
m∠1 + m∠2 + m∠3 = 360°
m∠4 + m∠5 + m∠6 = 360°
We will prove this theorem for triangles in the review questions and will prove it for all polygons later in this text.",gemini
"Example 6: What is the value of p in the triangle below?
Solution: First, we need to find the missing exterior angle, we will call it x. Set up an equation using the Exterior Angle Sum Theorem.
130° + 110° + x = 360°
x = 360° - 130° - 110°
x = 120°
x and p are supplementary and add up to 180°.
x + p = 180°
120° + p = 180°
p = 60°",gemini
"Exterior Angles Theorem
Remote Interior Angles: The two angles in a triangle that are not adjacent to the indicated exterior angle.
∠A and ∠B are the remote interior angles for exterior angle ∠ACD.",gemini
"Example 7: Find m∠A.
Solution: First, find m∠ACB. m∠ACB + 115° = 180° by the Linear Pair Postulate, so m∠ACB = 65°.
m∠A + 65° + 79° = 180° by the Triangle Sum Theorem, so m∠A = 36°.
In Example 7, m∠A + m∠B is 36° + 79° = 115°. This is the same as the exterior angle at C, 115°.
From this example, we can conclude the Exterior Angle Theorem.",gemini
"Exterior Angle Theorem: The sum of the remote interior angles is equal to the non-adjacent exterior angle.
From the picture above, this means that m∠A + m∠B = m∠ACD.",gemini
"Here is the proof of the Exterior Angle Theorem. From the proof, you can see that this theorem is a combination of the Triangle Sum Theorem and the Linear Pair Postulate.
Given: △ABC with exterior angle ∠ACD
Prove: m∠A + m∠B = m∠ACD
TABLE 4.2:
Statement | Reason
1. △ABC with exterior angle ∠ACD | Given
2. m∠A + m∠B + m∠ACB = 180° | Triangle Sum Theorem
3. m∠ACB + m∠ACD = 180° | Linear Pair Postulate
4. m∠A + m∠B + m∠ACB = m∠ACB + m∠ACD | Transitive PoE
5. m∠A + m∠B = m∠ACD | Subtraction PoE",gemini
"Example 8: Find m∠C.
Solution: Using the Exterior Angle Theorem, m∠C + 16° = 121°. Subtracting 16° from both sides, m∠C = 105°.
It is important to note that if you forget the Exterior Angle Theorem, you can do this problem just like we solved Example 7.",gemini
"Example 9: Algebra Connection Find the value of x and the measure of each angle.
Solution: Set up an equation using the Exterior Angle Theorem.
(4x + 2)° + (2x - 9)° = (5x + 13)°
(6x - 7)° = (5x + 13)°
x = 20°
Substituting 20° back in for x, the two interior angles are (4(20) + 2)° = 82° and (2(20) - 9)° = 31°. The exterior angle is (5(20) + 13)° = 113°. Double-checking our work, notice that 82° + 31° = 113°. If we had done the problem incorrectly, this check would not have worked.",gemini
"Know What? Revisited The Bermuda Triangle is an acute scalene triangle. The angle measures are in the picture below. Your measured angles should be within a degree or two of these measures. The angles should add up to 180°. However, because your measures are estimates using a protractor, they might not exactly add up.
The angle measures in the picture are the measures from a map (which is flat). Because the earth is curved, in real life the measures will be slightly different.",gemini
"Review Questions
Determine m∠1.
1.
2.
3.
4.
5.
6.
7.
8.
9.
10.
11.
12.
13.
14.
15.",gemini
"16. Find the lettered angles, a - f, in the picture to the right. Note that the two lines are parallel.",gemini
"17. Fill in the blanks in the proof below. Given: The triangle to the right with interior angles and exterior angles.
Prove: m∠4 + m∠5 + m∠6 = 360°
Only use the blue set of exterior angles for this proof.
TABLE 4.3:
Statement | Reason
1. Triangle with interior and exterior angles. | Given
2. m∠1 + m∠2 + m∠3 = 180° | 
3. ∠3 and ∠4 are a linear pair, ∠2 and ∠5 are a linear pair, and ∠1 and ∠6 are a linear pair | 
4. | Linear Pair Postulate (do all 3)
5. m∠1 + m∠6 = 180°, m∠2 + m∠5 = 180°, m∠3 + m∠4 = 180° | 
6. m∠1 + m∠6 + m∠2 + m∠5 + m∠3 + m∠4 = 540° | 
7. m∠4 + m∠5 + m∠6 = 360° |",gemini
18. Write a two-column proof. Given: △ABC with right angle B. Prove: ∠A and ∠C are complementary.,gemini
"Algebra Connection Solve for x.
19.
20.
21.
22.
23.
24.
25.
26.
27.
28.
29.
30.",gemini
"4.2 Congruent Figures
Learning Objectives
• Define congruent triangles and use congruence statements.
• Understand the Third Angle Theorem.
• Use properties of triangle congruence.",gemini
"Review Queue
Which corresponding parts of each pair of triangles are congruent? Write all congruence statements for Questions 1 and 2.
1.
2.
3. Determine the measure of x.",gemini
"Know What? Quilt patterns are very geometrical. The pattern to the right is made up of several congruent figures. In order for these patterns to come together, the quilter rotates and flips each block (in this case, a large triangle, smaller triangle, and a smaller square) to get new patterns and arrangements.
How many different sets of colored congruent triangles are there? How many triangles are in each set? How do you know these triangles are congruent?",gemini
"Congruent Triangles
Recall that two figures are congruent if and only if they have exactly the same size and shape.
Congruent Triangles: Two triangles are congruent if the three corresponding angles and sides are congruent.
△ABC and △DEF are congruent because
AB ≅ DE, ∠A ≅ ∠D
BC ≅ EF and ∠B ≅ ∠E
AC ≅ DF, ∠C ≅ ∠F
When referring to corresponding congruent parts of triangles it is called Corresponding Parts of Congruent Triangles are Congruent, or CPCTC.",gemini
"Example 1: Are the two triangles below congruent?
Solution: To determine if the triangles are congruent, each pair of corresponding sides and angles must be congruent.
Start with the sides and match up sides with the same number of tic marks. Using the tic marks: BC ≅ MN, AB ≅ LM, AC ≅ LN.
Next match the angles with the same markings; ∠A ≅ ∠L, ∠B ≅ ∠M, and ∠C ≅ ∠N. Because all six parts are congruent, the two triangles are congruent.
We will learn, later in this chapter that it is impossible for two triangles to have all six parts be congruent and the triangles are not congruent, when they are drawn to scale.",gemini
"Creating Congruence Statements
Looking at Example 1, we know that the two triangles are congruent because the three angles and three sides are congruent to the three angles and three sides in the other triangle.
When stating that two triangles are congruent, the order of the letters is very important. Corresponding parts must be written in the same order. Using Example 1, we would have:
∠A and ∠L are ≅, ∠B and ∠M are ≅, ∠C and ∠N are ≅
△ABC ≅ △LMN
Notice that the congruent sides also line up within the congruence statement.
AB ≅ LM, BC ≅ MN, AC ≅ LN
We can also write this congruence statement several other ways, as long as the congruent angles match up. For example, we can also write △ABC ≅ △LMN as:
△ACB ≅ △LNM, △BCA ≅ △MNL
△BAC ≅ △MLN, △CBA ≅ △NML
△CAB ≅ △NLM
One congruence statement can always be written six ways. Any of the six ways above would be correct when stating that the two triangles in Example 1 are congruent.",gemini
"Example 2: Write a congruence statement for the two triangles below.
Solution: To write the congruence statement, you need to line up the corresponding parts in the triangles: ∠R ≅ ∠F, ∠S ≅ ∠E, and ∠T ≅ ∠D. Therefore, the triangles are △RST ≅ △FED.",gemini
"Example 3: If △CAT ≅ △DOG, what else do you know?
Solution: From this congruence statement, we can conclude three pairs of angles and three pairs of sides are congruent.
∠C ≅ ∠D, ∠A ≅ ∠O, ∠T ≅ ∠G
CA ≅ DO, AT ≅ OG, CT ≅ DG",gemini
"The Third Angle Theorem
Example 4: Find m∠C and m∠J.
Solution: The sum of the angles in each triangle is 180°. So, for △ABC, 35° + 88° + m∠C = 180° and m∠C = 57°. For △HIJ, 35° + 88° + m∠J = 180° and m∠J is also 57°.
Notice that we were given that m∠A = m∠H and m∠B = m∠I and we found out that m∠C = m∠J. This can be generalized into the Third Angle Theorem.",gemini
"Third Angle Theorem: If two angles in one triangle are congruent to two angles in another triangle, then the third pair of angles must also congruent.
In other words, for triangles △ABC and △DEF, ∠A ≅ ∠D and ∠B ≅ ∠E, then ∠C ≅ ∠F.
Notice that this theorem does not state that the triangles are congruent. That is because if two sets of angles are congruent, the sides could be different lengths. See the picture to the left.",gemini
"Example 5: Determine the measure of the missing angles.
Solution: From the markings, we know that ∠A ≅ ∠D and ∠E ≅ ∠B. Therefore, the Third Angle Theorem tells us that ∠C ≅ ∠F. So,
m∠A + m∠B + m∠C = 180°
m∠D + m∠B + m∠C = 180°
42° + 83° + m∠C = 180°
m∠C = 55° = m∠F",gemini
"Congruence Properties
Recall the Properties of Congruence from Chapter 2. They will be very useful in the upcoming sections.
Reflexive Property of Congruence: Any shape is congruent to itself.
AB ≅ AB or △ABC ≅ △ABC
Symmetric Property of Congruence: If two shapes are congruent, the statement can be written with either shape on either side of the ≅ sign.
∠EFG ≅ ∠XYZ and ∠XYZ ≅ ∠EFG or △ABC ≅ △DEF and △DEF ≅ △ABC
Transitive Property of Congruence: If two shapes are congruent and one of those is congruent to a third, the first and third shapes are also congruent.
△ABC ≅ △DEF and △DEF ≅ △GHI, then △ABC ≅ △GHI
These three properties will be very important when you begin to prove that two triangles are congruent.",gemini
"Example 6: In order to say that △ABD ≅ △ABC, you must determine that the three corresponding angles and sides are congruent. Which pair of sides is congruent by the Reflexive Property?
Solution: The side AB is shared by both triangles. So, in a geometric proof, AB ≅ AB by the Reflexive Property of Congruence.",gemini
Know What? Revisited There are 16 “A” triangles and they are all congruent. There are 16 “B” triangles and they are all congruent. The quilt pattern is made from dividing up the square into smaller squares. The “A” triangles are all 1/32 of the overall square and the “B” triangles are each 1/128 of the large square. Both the “A” and “B” triangles are right triangles.,gemini
"Review Questions
1. If △RAT ≅ △UGH, what is also congruent?
2. If △BIG ≅ △TOP, what is also congruent?",gemini
"For questions 3-7, use the picture to the right.
3. What theorem tells us that ∠FGH ≅ ∠FGI?
4. What is m∠FGI and m∠FGH? How do you know?
5. What property tells us that the third side of each triangle is congruent?
6. How does FG relate to ∠IFH?
7. Write the congruence statement for these two triangles.",gemini
"For questions 8-12, use the picture to the right.
8. If AB || DE, what angles are congruent? How do you know?
9. Why is ∠ACB ≅ ∠ECD? It is not the same reason as #8.
10. Are the two triangles congruent with the information you currently have? Why or why not?
11. If you are told that C is the midpoint of AE and BD, what segments are congruent?
12. Write a congruence statement for the two triangles.",gemini
"For questions 13-16, determine if the triangles are congruent. If they are, write the congruence statement.
13.
14.
15.
16.",gemini
17. Suppose the two triangles to the right are congruent. Write a congruence statement for these triangles.,gemini
"18. Explain how we know that if the two triangles are congruent, then ∠B ≅ ∠Z.",gemini
"For questions 19-22, determine the measure of all the angles in the each triangle.
19.
20.
21.
22.",gemini
"23. Fill in the blanks in the Third Angle Theorem proof below. Given: ∠A ≅ ∠D, ∠B ≅ ∠E Prove: ∠C ≅ ∠F
TABLE 4.4:
Statement | Reason
1. ∠A ≅ ∠D, ∠B ≅ ∠E | 
2. | ≅ angles have = measures
3. m∠A + m∠B + m∠C = 180°, m∠D + m∠E + m∠F = 180° | 
4. | Substitution PoE
5. | Substitution PoE
6. m∠C = m∠F | 
7. ∠C ≅ ∠F |",gemini
"For each of the following questions, determine if the Reflexive, Symmetric or Transitive Properties of Congruence is used.
24. ∠A ≅ ∠B and ∠B ≅ ∠C, then ∠A ≅ ∠C
25. AB ≅ AB
26. △XYZ ≅ △LMN and △LMN ≅ △XYZ
27. △ABC ≅ △BAC
28. What type of triangle is △ABC in #27? How do you know?",gemini
"Use the following diagram for questions 29 and 30.
29. Mark the diagram with the following information. ST || RA; SR || TA; ST ⊥ TA and SR; SA and RT perpendicularly bisect each other.
30. Using the given information and your markings, name all of the congruent triangles in the diagram.",gemini
"4.3 Triangle Congruence using SSS and SAS
Learning Objectives
• Use the distance formula to analyze triangles on the x/y plane.
• Apply the SSS Postulate to prove two triangles are congruent.
• Apply the SAS Postulate to prove two triangles are congruent.",gemini
"Review Queue
1. Determine the distance between the two points.
a. (-1, 5) and (4, 12)
b. (-6, -15) and (-3, 8)
2. Are the two triangles congruent? Explain why or why not.
a. AB || CD, AD || BC; AB ≅ CD, AD ≅ BC
b. B is the midpoint of AC and DE
3. At this point in time, how many angles and sides do we have to know are congruent in order to say that two triangles are congruent?",gemini
"Know What? The “ideal” measurements in a kitchen from the sink, refrigerator and oven are as close to an equilateral triangle as possible. Your parents are remodeling theirs to be as close to this as possible and the measurements are in the picture at the left, below. Your neighbor’s kitchen has the measurements on the right.
Are the two triangles congruent? Why or why not?",gemini
"SSS Postulate of Triangle Congruence
Consider the question: If I have three lengths, 3 in, 4 in, and 5 in, can I construct more than one triangle with these measurements? In other words, can I construct two different triangles with these same three lengths?
Investigation 4-2: Constructing a Triangle Given Three Sides
Tools Needed: compass, pencil, ruler, and paper
1. Draw the longest side (5 in) horizontally, halfway down the page. The drawings in this investigation are to scale.
2. Take the compass and, using the ruler, widen the compass to measure 4 in, the next side.
3. Using the measurement from Step 2, place the pointer of the compass on the left endpoint of the side drawn in Step 1. Draw an arc mark above the line segment.
4. Repeat Step 2 with the last measurement, 3 in. Then, place the pointer of the compass on the right endpoint of the side drawn in Step 1. Draw an arc mark above the line segment. Make sure it intersects the arc mark drawn in Step 3.
5. Draw lines from each endpoint to the arc intersections. These lines will be the other two sides of the triangle.
Can you draw another triangle, with these measurements that looks different? The answer is NO. Only one triangle can be created from any given three lengths.
An animation of this investigation can be found at: http://www.mathsisfun.com/geometry/construct-ruler-compass-1.html",gemini
"Side-Side-Side (SSS) Triangle Congruence Postulate: If three sides in one triangle are congruent to three sides in another triangle, then the triangles are congruent.
Now, we only need to show that all three sides in a triangle are congruent to the three sides in another triangle. This is a postulate so we accept it as true without proof.
Think of the SSS Postulate as a shortcut. You no longer have to show 3 sets of angles are congruent and 3 sets of sides are congruent in order to say that the two triangles are congruent.",gemini
"Example 1: Write a triangle congruence statement based on the diagram below:
Solution: From the tic marks, we know AB ≅ LM, AC ≅ LK, BC ≅ MK. Using the SSS Postulate we know the two triangles are congruent. Lining up the corresponding sides, we have △ABC ≅ △LMK.
Don’t forget ORDER MATTERS when writing triangle congruence statements. Here, we lined up the sides with one tic mark, then the sides with two tic marks, and finally the sides with three tic marks.",gemini
"Example 2: Write a two-column proof to show that the two triangles are congruent.
Given: AB ≅ DE
C is the midpoint of AE and DB.
Prove: △ACB ≅ △ECD
Solution:",gemini
"TABLE 4.5: Statement Reason 1. AB ≅ DE, C is the midpoint of AE and DB Given 2. AC ≅ CE, BC ≅ CD Definition of a midpoint 3. △ACB ≅ △ECD SSS Postulate. Make sure that you clearly state the three sets of congruent sides BEFORE stating that the triangles are congruent.",gemini
"Prove Move: Feel free to mark the picture with the information you are given as well as information that you can infer (vertical angles, information from parallel lines, midpoints, angle bisectors, right angles).",gemini
"SAS Triangle Congruence Postulate: First, it is important to note that SAS refers to Side-Angle-Side. The placement of the word Angle is important because it indicates that the angle that you are given is between the two sides.",gemini
"Included Angle: When an angle is between two given sides of a triangle (or polygon). In the picture to the left, the markings indicate that AB and BC are the given sides, so ∠B would be the included angle.",gemini
"Consider the question: If I have two sides of length 2 in and 5 in and the angle between them is 45°, can I construct only one triangle? Investigation 4-3: Constructing a Triangle Given Two Sides and Included Angle Tools Needed: protractor, pencil, ruler, and paper 1. Draw the longest side (5 in) horizontally, halfway down the page. The drawings in this investigation are to scale. 2. At the left endpoint of your line segment, use the protractor to measure a 45° angle. Mark this measurement. 3. Connect your mark from Step 2 with the left endpoint. Make your line 2 in long, the length of the second side. 4. Connect the two endpoints by drawing the third side. Can you draw another triangle, with these measurements that looks different? The answer is NO. Only one triangle can be created from any given two lengths and the INCLUDED angle.",gemini
"Side-Angle-Side (SAS) Triangle Congruence Postulate: If two sides and the included angle in one triangle are congruent to two sides and the included angle in another triangle, then the two triangles are congruent. The markings in the picture are enough to say that △ABC ≅ △XYZ.",gemini
"So, in addition to SSS congruence, we now have SAS. Both of these postulates can be used to say that two triangles are congruent. When doing proofs, you might be able to use either SSS or SAS to prove that two triangles are congruent. There is no set way to complete a proof, so when faced with the choice to use SSS or SAS, it does not matter. Either would be correct.",gemini
"Example 3: What additional piece of information would you need to prove that these two triangles are congruent using the SAS Postulate? a) ∠ABC ≅ ∠LKM b) AB ≅ LK c) BC ≅ KM d) ∠BAC ≅ ∠KLM Solution: For the SAS Postulate, you need two sides and the included angle in both triangles. So, you need the side on the other side of the angle. In △ABC, that is BC and in △LKM that is KM. The correct answer is c.",gemini
"Example 4: Write a two-column proof to show that the two triangles are congruent. Given: C is the midpoint of AE and DB Prove: △ACB ≅ △ECD Solution: TABLE 4.6: Statement Reason 1. C is the midpoint of AE and DB Given 2. AC ≅ CE, BC ≅ CD Definition of a midpoint 3. ∠ACB ≅ ∠DCE Vertical Angles Postulate 4. △ACB ≅ △ECD SAS Postulate. In Example 4, we could have only proven the two triangles congruent by SAS. If we were given that AB ≅ DE, then we could have also proven the two triangles congruent by SSS.",gemini
"SSS in the Coordinate Plane: In the coordinate plane, the easiest way to show two triangles are congruent is to find the lengths of the 3 sides in each triangle. Finding the measure of an angle in the coordinate plane can be a little tricky, so we will avoid it in this text. Therefore, you will only need to apply SSS in the coordinate plane. To find the lengths of the sides, you will need to use the distance formula, √((x2 - x1)² + (y2 - y1)²).",gemini
"Example 5: Find the distances of all the line segments from both triangles to see if the two triangles are congruent. Solution: Begin with △ABC and its sides. AB = √((-6 - (-2))² + (5 - 10)²) = √((-4)² + (-5)²) = √(16 + 25) = √41. BC = √((-2 - (-3))² + (10 - 3)²) = √((1)² + (7)²) = √(1 + 49) = √50 = 5√2. AC = √((-6 - (-3))² + (5 - 3)²) = √((-3)² + (2)²) = √(9 + 4) = √13. Now, find the distances of all the sides in △DEF. DE = √((1 - 5)² + (-3 - 2)²) = √((-4)² + (-5)²) = √(16 + 25) = √41. EF = √((5 - 4)² + (2 - (-5))²) = √((1)² + (7)²) = √(1 + 49) = √50 = 5√2. DF = √((1 - 4)² + (-3 - (-5))²) = √((-3)² + (2)²) = √(9 + 4) = √13. We see that AB = DE, BC = EF, and AC = DF. Recall that if two lengths are equal, then they are also congruent. Therefore, AB ≅ DE, BC ≅ EF, and AC ≅ DF. Because the corresponding sides are congruent, we can say that △ABC ≅ △DEF by SSS.",gemini
"Example 6: Determine if the two triangles are congruent. Solution: Use the distance formula to find all the lengths. Start with △ABC. AB = √((-2 - (-8))² + (-2 - (-6))²) = √((6)² + (4)²) = √(36 + 16) = √52 = 2√13. BC = √((-8 - (-6))² + (-6 - (-9))²) = √((-2)² + (3)²) = √(4 + 9) = √13. AC = √((-2 - (-6))² + (-2 - (-9))²) = √((-4)² + (7)²) = √(16 + 49) = √65. Now find the sides of △DEF. DE = √((3 - 6)² + (9 - 4)²) = √((-3)² + (5)²) = √(9 + 25) = √34. EF = √((6 - 10)² + (4 - 7)²) = √((-4)² + (-3)²) = √(16 + 9) = √25 = 5. DF = √((3 - 10)² + (9 - 7)²) = √((-7)² + (2)²) = √(49 + 4) = √53. No sides have equal measures, so the triangles are not congruent.",gemini
"Know What? Revisited From what we have learned in this section, the two triangles are not congruent because the distance from the fridge to the stove in your house is 4 feet and in your neighbor’s it is 4.5 ft. The SSS Postulate tells us that all three sides have to be congruent.",gemini
"Review Questions: Are the pairs of triangles congruent? If so, write the congruence statement. Questions 1-8.",gemini
State the additional piece of information needed to show that each pair of triangles are congruent. 9. Use SAS 10. Use SSS 11. Use SAS 12. Use SAS 13. Use SSS 14. Use SAS,gemini
"Fill in the blanks in the proofs below. 15. Given: AE ≅ DE, BE ≅ CE Prove: △ABE ≅ △DCE. TABLE 4.7: Statement Reason 1. [blank] 1. [blank] 2. ∠AEB ≅ ∠DEC 2. [blank] 3. △ABE ≅ △DCE 3. [blank]",gemini
"16. Given: AB ≅ DC, AC ≅ DB Prove: △ABC ≅ △DCB. TABLE 4.8: Statement Reason 1. [blank] 1. [blank] 2. [blank] 2. Reflexive PoC 3. △ABC ≅ △DCB 3. [blank]",gemini
"17. Given: B is a midpoint of DC, AB ⊥ DC Prove: △ABD ≅ △ABC. TABLE 4.9: Statement Reason 1. B is a midpoint of DC, AB ⊥ DC 1. [blank] 2. [blank] 2. Definition of a midpoint 3. ∠ABD and ∠ABC are right angles 3. [blank] 4. [blank] 4. All right angles are ≅ 5. [blank] 5. [blank] 6. △ABD ≅ △ABC 6. [blank]",gemini
"Write a two-column proof for the given information below. 18. Given: AB is an angle bisector of ∠DAC, AD ≅ AC Prove: △ABD ≅ △ABC",gemini
"19. Given: B is the midpoint of DC, AD ≅ AC Prove: △ABD ≅ △ABC",gemini
"20. Given: B is the midpoint of DE and AC, ∠ABE is a right angle Prove: △ABE ≅ △CBD",gemini
"21. Given: DB is the angle bisector of ∠ADC, AD ≅ DC Prove: △ABD ≅ △CBD",gemini
"Determine if the two triangles are congruent, using the distance formula. Leave all of your answers in simplest radical form (simplify all radicals, no decimals). 22. [Graph provided] 23. [Graph provided] 24. △ABC : A(-1,5), B(-4,2), C(2,-2) and △DEF : D(7,-5), E(4,2), F(8,-9) 25. △ABC : A(-8,-3), B(-2,-4), C(-5,-9) and △DEF : D(-7,2), E(-1,3), F(-4,8)",gemini
"Constructions: 26. Construct a triangle with sides of length 5cm, 3cm, 2cm. 27. Copy the triangle below using a straightedge and compass. 28. Use the two sides and the given angle to construct △ABC. 29. Use the two sides and the given angle to construct △ABC. 30. Was the information given in problem 29 in SAS order? If not, your triangle may not be the only triangle that you can construct using the given information. Construct the second possible triangle.",gemini
"4.4 Triangle Congruence Using ASA, AAS, and HL. Learning Objectives: • Use the ASA Congruence Postulate, AAS Congruence Theorem, and the HL Congruence Theorem. • Complete two-column proofs using SSS, SAS, ASA, AAS, and HL.",gemini
"Review Queue: 1. Write a two-column proof. Given: AD ≅ DC, AB ≅ CB Prove: △DAB ≅ △DCB 2. Is △PON ≅ △MOL? Why or why not? 3. If △DEF ≅ △PQR, can it be assumed that: a) ∠F ≅ ∠R? Why or why not? b) EF ≅ PR? Why or why not?",gemini
"Know What? Your parents changed their minds at the last second about their kitchen layout. Now, they have decided they to have the distance between the sink and the fridge be 3 ft, the angle at the sink 71° and the angle at the fridge is 50°. You used your protractor to measure the angle at the stove and sink at your neighbor’s house. Are the kitchen triangles congruent now?",gemini
"ASA Congruence: Like SAS, ASA refers to Angle-Side-Angle. The placement of the word Side is important because it indicates that the side that you are given is between the two angles.",gemini
"Consider the question: If I have two angles that are 45° and 60° and the side between them is 5 in, can I construct only one triangle? We will investigate it here. Investigation 4-4: Constructing a Triangle Given Two Angles and Included Side Tools Needed: protractor, pencil, ruler, and paper 1. Draw the side (5 in) horizontally, halfway down the page. The drawings in this investigation are to scale. 2. At the left endpoint of your line segment, use the protractor to measure the 45° angle. Mark this measurement and draw a ray from the left endpoint through the 45° mark. 3. At the right endpoint of your line segment, use the protractor to measure the 60° angle. Mark this measurement and draw a ray from the left endpoint through the 60° mark. Extend this ray so that it crosses through the ray from Step 2. 4. Erase the extra parts of the rays from Steps 2 and 3 to leave only the triangle. Can you draw another triangle, with these measurements that looks different? The answer is NO. Only one triangle can be created from any given two angle measures and the INCLUDED side.",gemini
"Angle-Side-Angle (ASA) Congruence Postulate: If two angles and the included side in one triangle are congruent to two angles and the included side in another triangle, then the two triangles are congruent. The markings in the picture are enough to say △ABC ≅ △XYZ. Now, in addition to SSS and SAS, you can use ASA to prove that two triangles are congruent.",gemini
"Example 1: What information would you need to prove that these two triangles are congruent using the ASA Postulate? a) AB ≅ UT b) AC ≅ UV c) BC ≅ TV d) ∠B ≅ ∠T Solution: For ASA, we need the side between the two given angles, which is AC and UV. The answer is b.",gemini
"Example 2: Write a 2-column proof. Given: ∠C ≅ ∠E, AC ≅ AE Prove: △ACF ≅ △AEB TABLE 4.10: Statement Reason 1. ∠C ≅ ∠E, AC ≅ AE Given 2. ∠A ≅ ∠A Reflexive PoC 3. △ACF ≅ △AEB ASA",gemini
"AAS Congruence: A variation on ASA is AAS, which is Angle-Angle-Side. Recall that for ASA you need two angles and the side between them. But, if you know two pairs of angles are congruent, then the third pair will also be congruent by the 3rd Angle Theorem. Therefore, you can prove a triangle is congruent whenever you have any two angles and a side. Be careful to note the placement of the side for ASA and AAS. As shown in the pictures above, the side is between the two angles for ASA and it is not for AAS.",gemini
"Angle-Angle-Side (AAS or SAA) Congruence Theorem: If two angles and a non-included side in one triangle are congruent to two corresponding angles and a non-included side in another triangle, then the triangles are congruent. Proof of AAS Theorem: Given: ∠A ≅ ∠Y, ∠B ≅ ∠Z, AC ≅ XY Prove: △ABC ≅ △YZX TABLE 4.11: Statement Reason 1. ∠A ≅ ∠Y, ∠B ≅ ∠Z, AC ≅ XY Given 2. ∠C ≅ ∠X 3rd Angle Theorem 3. △ABC ≅ △YZX ASA",gemini
"By proving △ABC ≅ △YZX with ASA, we have also shown that the AAS Theorem is valid. You can now use this theorem to show that two triangles are congruent.",gemini
"Example 3: What information do you need to prove that these two triangles are congruent using: a) ASA? b) AAS? c) SAS? Solution: a) For ASA, we need the angles on the other side of EF and QR. Therefore, we would need ∠F ≅ ∠Q. b) For AAS, we would need the angle on the other side of ∠E and ∠R. ∠G ≅ ∠P. c) For SAS, we would need the side on the other side of ∠E and ∠R. So, we would need EG ≅ RP.",gemini
"Example 4: Can you prove that the following triangles are congruent? Why or why not? Solution: Even though KL ≅ ST, they are not corresponding. Look at the angles around KL, ∠K and ∠L. ∠K has one arc and ∠L is unmarked. The angles around ST are ∠S and ∠T. ∠S has two arcs and ∠T is unmarked. In order to use AAS, ∠S needs to be congruent to ∠K. They are not congruent because the arcs marks are different. Therefore, we cannot conclude that these two triangles are congruent.",gemini
"Example 5: Write a 2-column proof. Given: BD is an angle bisector of ∠CDA, ∠C ≅ ∠A Prove: △CBD ≅ △ABD Solution: TABLE 4.12: Statement Reason 1. BD is an angle bisector of ∠CDA, ∠C ≅ ∠A Given 2. ∠CDB ≅ ∠ADB Definition of an Angle Bisector 3. DB ≅ DB Reflexive PoC 4. △CBD ≅ △ABD AAS",gemini
"Hypotenuse-Leg Congruence Theorem: So far, the congruence postulates we have learned will work on any triangle. The last congruence theorem can only be used on right triangles. Recall that a right triangle has exactly one right angle. The two sides adjacent to the right angle are called legs and the side opposite the right angle is called the hypotenuse. You may or may not know the Pythagorean Theorem (which will be covered in more depth later in this text). It says, for any right triangle, this equation is true: (leg)² + (leg)² = (hypotenuse)². What this means is that if you are given two sides of a right triangle, you can always find the third. Therefore, if you know that two sides of a right triangle are congruent to two sides of another right triangle, you can conclude that third sides are also congruent.",gemini
"HL Congruence Theorem: If the hypotenuse and leg in one right triangle are congruent to the hypotenuse and leg in another right triangle, then the two triangles are congruent. The markings in the picture are enough to say △ABC ≅ △XYZ. Notice that this theorem is only used with a hypotenuse and a leg. If you know that the two legs of a right triangle are congruent to two legs of another triangle, the two triangles would be congruent by SAS, because the right angle would be between them. We will not prove this theorem here because we have not proven the Pythagorean Theorem yet.",gemini
"Example 6: What information would you need to prove that these two triangles are congruent using the: a) HL Theorem? b) SAS Theorem? Solution: a) For HL, you need the hypotenuses to be congruent. So, AC ≅ MN. b) To use SAS, we would need the other legs to be congruent. So, AB ≅ ML.",gemini
"AAA and SSA Relationships: There are two other side-angle relationships that we have not discussed: AAA and SSA. AAA implied that all the angles are congruent, however, that does not mean the triangles are congruent. As you can see, △ABC and △PRQ are not congruent, even though all the angles are. These triangles are similar, a topic that will be discussed later in this text. SSA relationships do not prove congruence either. In review problems 29 and 30 of the last section you illustrated an example of how SSA could produce two different triangles. △ABC and △DEF below are another example of SSA. ∠B and ∠D are not the included angles between the congruent sides, so we cannot prove that these two triangles are congruent. Notice, that two different triangles can be drawn even though AB ≅ DE, AC ≅ EF, and m∠B = m∠D. You might have also noticed that SSA could also be written ASS. This is true, however, in this text we will write SSA.",gemini
"Triangle Congruence Recap: To recap, here is a table of all of the possible side-angle relationships and if you can use them to determine congruence or not. TABLE 4.13: Side-Angle Relationship | Picture | Determine Congruence? SSS | Yes | △ABC ≅ △LKM; SAS | Yes | △ABC ≅ △XYZ; ASA | Yes | △ABC ≅ △XYZ; AAS (or SAA) | Yes | △ABC ≅ △YZX; HL | Yes, Right Triangles Only | △ABC ≅ △XYZ; SSA (or ASS) | NO; AAA | NO",gemini
"Example 7: Write a 2-column proof. Given: AB || ED, ∠C ≅ ∠F, AB ≅ ED Prove: AF ≅ CD Solution: TABLE 4.14: Statement Reason 1. AB || ED, ∠C ≅ ∠F, AB ≅ ED Given 2. ∠ABE ≅ ∠DEB Alternate Interior Angles Theorem 3. △ABF ≅ △DEC ASA 4. AF ≅ CD CPCTC",gemini
"Example 8: Write a 2-column proof. Given: T is the midpoint of WU and SV Prove: WS || VU Solution: TABLE 4.15: Statement Reason 1. T is the midpoint of WU and SV Given 2. WT ≅ TU, ST ≅ TV Definition of a midpoint 3. ∠STW ≅ ∠UTV Vertical Angle Theorem 4. △STW ≅ △VTU SAS 5. ∠S ≅ ∠V CPCTC 6. WS || VU Converse of the Alternate Interior Angles Theorem",gemini
"Prove Move: At the beginning of this chapter we introduced CPCTC. Now, it can be used in a proof once two triangles are proved congruent. It is used to prove the parts of congruent triangles are congruent in order to prove that sides are parallel (like in Example 8), midpoints, or angle bisectors. You will do proofs like these in the review questions.",gemini
"Know What? Revisited Even though we do not know all of the angle measures in the two triangles, we can find the missing angles by using the Third Angle Theorem. In your parents’ kitchen, the missing angle is 39°. The missing angle in your neighbor’s kitchen is 50°. From this, we can conclude that the two kitchens are now congruent, either by ASA or AAS.",gemini
"Review Questions: For questions 1-14, determine if the triangles are congruent. If they are, write the congruence statement and which congruence postulate or theorem you used. Questions 1-14.",gemini
"For questions 15-19, use the picture and the given information below. Given: DB ⊥ AC, DB is the angle bisector of ∠CDA 15. From DB ⊥ AC, which angles are congruent and why? 16. Because DB is the angle bisector of ∠CDA, what two angles are congruent? 17. From looking at the picture, what additional piece of information are you given? Is this enough to prove the two triangles are congruent? 18. Write a 2-column proof to prove △CDB ≅ △ADB. 19. What would be your reason for ∠C ≅ ∠A?",gemini
"For questions 20-24, use the picture to the right and the given information. Given: LP || NO, LP ≅ NO 20. From LP || NO, which angles are congruent and why? 21. From looking at the picture, what additional piece of information can you conclude? 22. Write a 2-column proof to prove △LMP ≅ △OMN. 23. What would be your reason for LM ≅ MO? 24. Fill in the blanks for the proof below. Use the given and the picture from above. Prove: M is the midpoint of PN TABLE 4.16: Statement Reason 1. LP || NO, LP ≅ NO Given 2. [blank] 2. Alternate Interior Angles 3. [blank] 3. ASA 4. LM ≅ MO 4. [blank] 5. M is the midpoint of PN 5. [blank]",gemini
Determine the additional piece of information needed to show the two triangles are congruent by the given postulate. 25. AAS 26. ASA 27. ASA 28. AAS 29. HL,gemini
"Write a 2-column proof.
31. Given: SV ⊥ WU, T is the midpoint of SV and WU. Prove: WS ≅ UV",gemini
"32. Given: ∠K ≅ ∠T, EI is the angle bisector of ∠KET. Prove: EI is the angle bisector of ∠KIT",gemini
"Learning Objectives
• Understand the properties of isosceles and equilateral triangles.
• Use the Base Angles Theorem and its converse.
• Prove an equilateral triangle is also equiangular.",gemini
"Review Queue
Find the value of x.
1. (diagram with angles (5x - 1)°, (8x + 5)°, (4x + 6)°)
2. (diagram with angles (2x - 4)°, (3x - 4)°, (3x - 4)°)
3. (diagram with sides 8 and x - 3)
4. If a triangle is equiangular, what is the measure of each angle?",gemini
"Know What? Your parents now want to redo the bathroom. To the right is the tile they would like to place in the shower. The blue and green triangles are all equilateral. What type of polygon is dark blue outlined figure? Can you determine how many degrees are in each of these figures? Can you determine how many degrees are around a point?
HINT: For a “point” you can use a point where the six triangles meet.",gemini
"Isosceles Triangle Properties
An isosceles triangle is a triangle that has at least two congruent sides. The congruent sides of the isosceles triangle are called the legs. The other side is called the base and the angles between the base and the congruent sides are called base angles. The angle made by the two legs of the isosceles triangle is called the vertex angle.",gemini
"Investigation 4-5: Isosceles Triangle Construction
Tools Needed: pencil, paper, compass, ruler, protractor
1. Refer back to Investigation 4-2. Using your compass and ruler, draw an isosceles triangle with sides of 3 in, 5 in and 5 in. Draw the 3 in side (the base) horizontally 6 inches from the top of the page.
2. Now that you have an isosceles triangle, use your protractor to measure the base angles and the vertex angle.",gemini
"The base angles should each be 72.5° and the vertex angle should be 35°.
We can generalize this investigation into the Base Angles Theorem.
Base Angles Theorem: The base angles of an isosceles triangle are congruent.",gemini
"To prove the Base Angles Theorem, we will construct the angle bisector (Investigation 1-5) through the vertex angle of an isosceles triangle.
Given: Isosceles triangle ΔDEF with DE ≅ EF
Prove: ∠D ≅ ∠F

Statement | Reason
1. Isosceles triangle ΔDEF with DE ≅ EF | Given
2. Construct angle bisector EG for ∠E | Every angle has one angle bisector
3. ∠DEG ≅ ∠FEG | Definition of an angle bisector
4. EG ≅ EG | Reflexive PoC
5. ΔDEG ≅ ΔFEG | SAS
6. ∠D ≅ ∠F | CPCTC",gemini
"By constructing the angle bisector, EG, we designed two congruent triangles and then used CPCTC to show that the base angles are congruent. Now that we have proven the Base Angles Theorem, you do not have to construct the angle bisector every time. It can now be assumed that base angles of any isosceles triangle are always equal.
Let’s further analyze the picture from step 2 of our proof.",gemini
"Because ΔDEG ≅ ΔFEG, we know that ∠EGD ≅ ∠EGF by CPCTC. Thes two angles are also a linear pair, so they are congruent supplements, or 90° each. Therefore, EG ⊥ DF.
Additionally, DG ≅ GF by CPCTC, so G is the midpoint of DF. This means that EG is the perpendicular bisector of DF, in addition to being the angle bisector of ∠DEF.
Isosceles Triangle Theorem: The angle bisector of the vertex angle in an isosceles triangle is also the perpendicular bisector to the base.
This is ONLY true for the vertex angle. We will prove this theorem in the review questions for this section.",gemini
"Example 1: Which two angles are congruent?
Solution: This is an isosceles triangle. The congruent angles, are opposite the congruent sides.
From the arrows we see that ∠S ≅ ∠U.",gemini
"Example 2: If an isosceles triangle has base angles with measures of 47°, what is the measure of the vertex angle?
Solution: Draw a picture and set up an equation to solve for the vertex angle, v.
47° + 47° + v = 180°
v = 180° - 47° - 47°
v = 86°",gemini
"Example 3: If an isosceles triangle has a vertex angle with a measure of 116°, what is the measure of each base angle?
Solution: Draw a picture and set up and equation to solve for the base angles, b. Recall that the base angles are equal.
116° + b + b = 180°
2b = 64°
b = 32°",gemini
"Example 4: Algebra Connection Find the value of x and the measure of each angle.
Solution: Set the angles equal to each other and solve for x.
(4x + 12)° = (5x - 3)°
15° = x
If x = 15°, then the base angles are 4(15°) + 12°, or 72°. The vertex angle is 180° - 72° - 72° = 36°.",gemini
"The converses of the Base Angles Theorem and the Isosceles Triangle Theorem are both true.
Base Angles Theorem Converse: If two angles in a triangle are congruent, then the opposite sides are also congruent.
So, for a triangle ΔABC, if ∠A ≅ ∠B, then CB ≅ CA. ∠C would be the vertex angle.",gemini
"Isosceles Triangle Theorem Converse: The perpendicular bisector of the base of an isosceles triangle is also the angle bisector of the vertex angle.
In other words, if ΔABC is isosceles, AD ⊥ CB and CD ≅ DB, then ∠CAD ≅ ∠BAD.",gemini
"Equilateral Triangles
By definition, all sides in an equilateral triangle have exactly the same length. Therefore, every equilateral triangle is also an isosceles triangle.",gemini
"Investigation 4-6: Constructing an Equilateral Triangle
Tools Needed: pencil, paper, compass, ruler, protractor
1. Because all the sides of an equilateral triangle are equal, pick a length to be all the sides of the triangle. Measure this length and draw it horizontally on your paper.
2. Put the pointer of your compass on the left endpoint of the line you drew in Step 1. Open the compass to be the same width as this line. Make an arc above the line.
3. Repeat Step 2 on the right endpoint.
4. Connect each endpoint with the arc intersections to make the equilateral triangle.
Use the protractor to measure each angle of your constructed equilateral triangle. What do you notice?",gemini
"From the Base Angles Theorem, the angles opposite congruent sides in an isosceles triangle are congruent. So, if all three sides of the triangle are congruent, then all of the angles are congruent or 60° each.
Equilateral Triangles Theorem: All equilateral triangles are also equiangular. Also, all equiangular triangles are also equilateral.",gemini
"Example 5: Algebra Connection Find the value of x.
Solution: Because this is an equilateral triangle 3x - 1 = 11. Now, we have an equation, solve for x.
3x - 1 = 11
3x = 12
x = 4",gemini
"Example 6: Algebra Connection Find the values of x and y.
Solution: Let’s start with y. Both sides are equal, so set the two expressions equal to each other and solve for y.
5y - 1 = 2y + 11
3y = 12
y = 4
For x, we need to use two (2x + 5)° expressions because this is an isosceles triangle and that is the base angle measurement. Set all the angles equal to 180° and solve.
(2x + 5)° + (2x + 5)° + (3x - 5)° = 180°
(7x + 5)° = 180°
7x = 175°
x = 25°",gemini
"Know What? Revisited Let’s focus on one tile. First, these triangles are all equilateral, so this is an equilateral hexagon (6 sided polygon). Second, we now know that every equilateral triangle is also equiangular, so every triangle within this tile has 360° angles. This makes our equilateral hexagon also equiangular, with each angle measuring 120°. Because there are 6 angles, the sum of the angles in a hexagon are 6 · 120° or 720°. Finally, the point in the center of this tile, has 6 60° angles around it. That means there are 360° around a point.",gemini
"Constructions For questions 1-5, use your compass and ruler to:
1. Draw an isosceles triangle with sides 3.5 in, 3.5 in, and 6 in.
2. Draw an isosceles triangle that has a vertex angle of 100° and legs with length of 4 cm. (you will also need your protractor for this one)
3. Draw an equilateral triangle with sides of length 7 cm.
4. Using what you know about constructing an equilateral triangle, construct (without your protractor) a 60° angle.
5. Draw an isosceles right triangle. What is the measure of the base angles?",gemini
"For questions 6-17, find the measure of x and/or y.
6. (Equilateral triangle with sides 10, x, y + 3)
7. (Isosceles triangle with sides 2x - 9 and x + 5)
8. (Isosceles triangle with base angles (6x - 1)° and 77°)
9. (Isosceles triangle with angles (3y + 2)° and 65°)
10. (Equilateral triangle with angle (8y + 4)°)
11. (Isosceles triangle with sides 19x + 3 and 8x + 14)
12. (Isosceles triangle with sides 5y - 2 and 13)
13. (Isosceles triangle with angles 9x°, (8y - 16)°, and 72°)
14. (Isosceles triangle with angles (2x + 10)° and (3y + 3)°)",gemini
15. ∠DEF in triangle ΔDEF is bisected by EU. Find x and y.,gemini
16. Is ΔABC isosceles? Explain your reasoning.,gemini
"17. ΔEQG is an equilateral triangle. If EU bisects ∠LEQ, find:
a. m∠EUL
b. m∠UEL
c. m∠ELQ
d. If EQ = 4, find LU.",gemini
"Determine if the following statements are ALWAYS, SOMETIMES, or NEVER true. Explain your reasoning.
18. Base angles of an isosceles triangle are congruent.
19. Base angles of an isosceles triangle are complementary.
20. Base angles of an isosceles triangle can be equal to the vertex angle.
21. Base angles of an isosceles triangle can be right angles.
22. Base angles of an isosceles triangle are acute.",gemini
"23. In the diagram below, l1 || l2. Find all of the lettered angles.",gemini
"Fill in the blanks in the proofs below.
24. Given: Isosceles ΔCIS, with base angles ∠C and ∠S; IO is the angle bisector of ∠CIS. Prove: IO is the perpendicular bisector of CS

TABLE 4.19:
Statement | Reason
1. [Given]
2. [Base Angles Theorem]
3. ∠CIO ≅ ∠SIO
4. [Reflexive PoC]
5. ΔCIO ≅ ΔSIO
6. CO ≅ OS
7. [CPCTC]
8. ∠IOC and ∠IOS are supplementary
9. [Congruent Supplements Theorem]
10. IO is the perpendicular bisector of CS",gemini
"Write a 2-column proof.
25. Given: Equilateral ΔRST with RT ≅ ST ≅ RS. Prove: ΔRST is equiangular",gemini
26. Given: Isosceles ΔICS with ∠C and ∠S; IO is the perpendicular bisector of CS. Prove: IO is the angle bisector of ∠CIS,gemini
"27. Given: Isosceles ΔABC with base angles ∠B and ∠C; Isosceles ΔXYZ with base angles ∠Y and ∠Z; ∠C ≅ ∠Z, BC ≅ YZ. Prove: ΔABC ≅ ΔXYZ",gemini
"Constructions
28. Using the construction of an equilateral triangle (investigation 4-6), construct a 30° angle. Hint: recall how to bisect an angle from investigation 1-4.
29. Use the construction of a 60° angle to construct a 120° angle.
30. Is there another way to construction a 120° angle? Describe the method.
31. Describe how you could construct a 45° angle (there is more than one possible way).",gemini
"4.6 Chapter 4 Review
Definitions, Postulates, and Theorems
• Interior Angles
• Vertex
• Triangle Sum Theorem
• Exterior Angle
• Exterior Angle Sum Theorem
• Remote Interior Angles
• Exterior Angle Theorem
• Congruent Triangles
• Third Angle Theorem
• Reflexive Property of Congruence
• Symmetric Property of Congruence
• Transitive Property of Congruence
• Side-Side-Side (SSS) Triangle Congruence Postulate
• Included Angle
• Side-Angle-Side (SAS) Triangle Congruence Postulate
• Angle-Side-Angle (ASA) Congruence Postulate
• Angle-Angle-Side (AAS or SAA) Congruence Theorem
• HL Congruence Theorem
• Base Angles Theorem
• Isosceles Triangle Theorem
• Base Angles Theorem Converse
• Isosceles Triangle Theorem Converse
• Equilateral Triangles Theorem",gemini
"Review
For each pair of triangles, write what needs to be congruent in order for the triangles to be congruent. Then, write the congruence statement for the triangles.
1. HL
2. ASA
3. AAS
4. SSS
5. SAS",gemini
"Using the pictures below, determine which theorem, postulate or definition that supports each statement below.
6. m∠1 + m∠2 = 180°
7. ∠5 ≅ ∠6
8. m∠1 = m∠4 + m∠3
9. m∠8 = 60°
10. m∠5 + m∠6 + m∠7 = 180°
11. ∠8 ≅ ∠9 ≅ ∠10
12. If m∠7 = 90°, then m∠5 = m∠6 = 45°",gemini
"This chapter introduces different segments within triangles and how they relate to each other. We will explore the properties of midsegments, perpendicular bisectors, angle bisectors, medians, and altitudes. Next, we will look at the relationship of the sides of a triangle, how they relate to each other and how the sides of one triangle can compare to another.",gemini
"5.1 Midsegments of a Triangle
Learning Objectives
• Identify the midsegments of a triangle.
• Use the Midsegment Theorem to solve problems involving side lengths, midsegments, and algebra.",gemini
"Review Queue
Find the midpoint between the given points.
1. (-4, 1) and (6, 7)
2. (5, -3) and (11, 5)
3. (0, -2) and (-4, 14)
4. Find the equation of the line between (-2, -3) and (-1, 1).
5. Find the equation of the line that is parallel to the line from #4 through (2, -7).",gemini
"Know What? A fractal is a repeated design using the same shape (or shapes) of different sizes. Below, is an example of the first few steps of a fractal. What does the next figure look like? How many triangles are in each figure (green and white triangles)? Is there a pattern?",gemini
"Defining Midsegment
Midsegment: A line segment that connects two midpoints of adjacent sides of a triangle.",gemini
"Example 1: Draw the midsegment DF between AB and BC. Use appropriate tic marks.
Solution: Find the midpoints of AB and BC using your ruler. Label these points D and F. Connect them to create the midsegment.
Don’t forget to put the tic marks, indicating that D and F are midpoints, AD ≅ DB and BF ≅ FC.",gemini
"Example 2: Find the midpoint of AC from ΔABC. Label it E and find the other two midsegments of the triangle.
Solution: For every triangle there are three midsegments.",gemini
"Let’s transfer what we know about midpoints in the coordinate plane to midsegments in the coordinate plane. We will need to use the midpoint formula, ((x1+x2)/2, (y1+y2)/2).",gemini
"Example 3: The vertices of ΔLMN are L(4,5), M(-2,-7) and N(-8,3). Find the midpoints of all three sides, label them O, P and Q. Then, graph the triangle, it’s midpoints and draw in the midsegments.
Solution: Use the midpoint formula 3 times to find all the midpoints.
L and M = ((4+(-2))/2, (5+(-7))/2) = (1,-1), point O
L and N = ((4+(-8))/2, (5+3)/2) = (-2,4), point Q
M and N = ((-2+(-8))/2, (-7+3)/2) = (-5,-2), point P
The graph would look like the graph to the right. We will use this graph to explore the properties of midsegments.",gemini
"Example 4: Find the slopes of NM and QO.
Solution: The slope of NM is (-7-3)/(-2-(-8)) = -10/6 = -5/3.
The slope of QO is (-1-4)/(1-(-2)) = -5/3.
From this we can conclude that NM || QO. If we were to find the slopes of the other sides and midsegments, we would find LM || QP and NL || PO. This is a property of all midsegments.",gemini
"Example 5: Find NM and QO.
Solution: Now, we need to find the lengths of NM and QO. Use the distance formula.
NM = √((-7-3)^2 + (-2-(-8))^2) = √((-10)^2 + 6^2) = √(100+36) = √136 ≈ 11.66
QO = √((1-(-2))^2 + (-1-4)^2) = √(3^2 + (-5)^2) = √(9+25) = √34 ≈ 5.83
From this we can conclude that QO is half of NM. If we were to find the lengths of the other sides and midsegments, we would find that OP is half of NL and QP is half of LM. This is a property of all midsegments.",gemini
"The Midsegment Theorem
The conclusions drawn in Examples 4 and 5 can be generalized into the Midsegment Theorem.
Midsegment Theorem: The midsegment of a triangle is half the length of the side it is parallel to.",gemini
"Example 6: Mark everything you have learned from the Midsegment Theorem on ΔABC above.
Solution: Let’s draw two different triangles, one for the congruent sides, and one for the parallel lines.
Because the midsegments are half the length of the sides they are parallel to, they are congruent to half of each of those sides (as marked). Also, this means that all four of the triangles in ΔABC, created by the midsegments are congruent by SSS.
As for the parallel midsegments and sides, several congruent angles are formed. In the picture to the right, the pink and teal angles are congruent because they are corresponding or alternate interior angles. Then, the purple angles are congruent by the 3rd Angle Theorem.",gemini
"Example 7: M, N, and O are the midpoints of the sides of the triangle.
Find
a) MN
b) XY
c) The perimeter of ΔXYZ
Solution: Use the Midsegment Theorem.
a) MN = OZ = 5
b) XY = 2(ON) = 2 · 4 = 8
c) The perimeter is the sum of the three sides of ΔXYZ.
XY + YZ + XZ = 2 · 4 + 2 · 3 + 2 · 5 = 8 + 6 + 10 = 24",gemini
"Example 8: Algebra Connection Find the value of x and AB.
Solution: First, AB is half of 34, or 17. To find x, set 3x - 1 equal to 17.
3x - 1 = 17
3x = 18
x = 6",gemini
"Let’s go back to the coordinate plane.
Example 9: If the midpoints of the sides of a triangle are A(1,5), B(4,-2), and C(-5,1), find the vertices of the triangle.
Solution: The easiest way to solve this problem is to graph the midpoints and then apply what we know from the Midpoint Theorem.
Now that the points are plotted, find the slopes between all three.
slope AB = (5+2)/(1-4) = -7/3
slope BC = (-2-1)/(4+5) = -3/9 = -1/3
slope AC = (5-1)/(1+5) = 4/6 = 2/3
Using the slope between two of the points and the third, plot the slope triangle on either side of the third point and extend the line. Repeat this process for all three midpoints. For example, use the slope of AB with point C.
The green lines in the graph to the left represent the slope triangles of each midsegment. The three dotted lines represent the sides of the triangle. Where they intersect are the vertices of the triangle (the blue points), which are (-8, 8), (10, 2) and (-2, 6).",gemini
"Know What? Revisited To the left is a picture of the 4th figure in the fractal pattern. The number of triangles in each figure is 1, 4, 13, and 40. The pattern is that each term increase by the next power of 3.",gemini
"Review Questions

R,S,T, and U are midpoints of the sides of ΔXPO and ΔY PO.
1. If OP = 12, find RS and TU.
2. If RS = 8, find TU.
3. If RS = 2x, and OP = 20, find x and TU.
4. If OP = 4x and RS = 6x−8, find x.
5. Is ΔXOP ≅ ΔYOP? Why or why not?",gemini
"For questions 6-13, find the indicated variable(s). You may assume that all line segments within a triangle are midsegments.",gemini
"14. The sides of ΔXYZ are 26, 38, and 42. ΔABC is formed by joining the midpoints of ΔXYZ.
a. Find the perimeter of ΔABC.
b. Find the perimeter of ΔXYZ.
c. What is the relationship between the perimeter of a triangle and the perimeter of the triangle formed by connecting its midpoints?",gemini
"Coordinate Geometry Given the vertices of ΔABC below, find the midpoints of each side.
15. A(5,−2),B(9,4) and C(−3,8)
16. A(−10,1),B(4,11) and C(0,−7)
17. A(0,5),B(4,−1) and C(−2,−3)
18. A(2,4),B(8,−4) and C(2,−4)",gemini
"Multi-Step Problem The midpoints of the sides of ΔRST are G(0,−2),H(9,1), and I(6,−5). Answer the following questions.
19. Find the slope of GH,HI, and GI.
20. Plot the three midpoints and connect them to form midsegment triangle, ΔGHI.
21. Using the slopes, find the coordinates of the vertices of ΔRST.
22. Find GH using the distance formula. Then, find the length of the sides it is parallel to. What should happen?",gemini
"More Coordinate Geometry Given the midpoints of the sides of a triangle, find the vertices of the triangle. Refer back to problems 19-21 for help.
23. (-2, 1), (0, -1) and (-2, -3)
24. (1, 4), (4, 1) and (2, 1)",gemini
"Given the vertices of ΔABC, find:
a) the midpoints of M,N and O where M is the midpoint of AB, N is the midpoint of BC and C is the midpoint of AC.
b) Show that midsegments MN,NO and OM are parallel to sides AC,AB and BC respectively.
c) Show that midsegments MN,NO and OM are half the length of sides AC,AB and BC respectively.
25. A(−3,5),B(3,1) and C(−5,−5)
26. A(−2,2),B(4,4) and C(6,0)",gemini
"For questions 27-30, ΔCAT has vertices C(x1, y1),A(x2, y2) and T(x3, y3).
27. Find the midpoints of sides CA and CT. Label them L and M respectively.
28. Find the slopes of LM and AT.
29. Find the lengths of LM and AT.
30. What have you just proven algebraically?",gemini
"Learning Objectives
• Understand points of concurrency.
• Apply the Perpendicular Bisector Theorem and its converse to triangles.
• Understand concurrency for perpendicular bisectors.",gemini
"Review Queue
1. Construct the perpendicular bisector of a 3 inch line. Use Investigation 1-3 from Chapter 1 to help you.
2. Find the value of x.
3. Find the value of x and y. Is m the perpendicular bisector of AB? How do you know?",gemini
"Know What? An archeologist has found three bones in Cairo, Egypt. The bones are 4 meters apart, 7 meters apart and 9 meters apart (to form a triangle). The likelihood that more bones are in this area is very high. The archeologist wants to dig in an appropriate circle around these bones. If these bones are on the edge of the digging circle, where is the center of the circle?

Can you determine how far apart each bone is from the center of the circle? What is this length?",gemini
"Perpendicular Bisectors

In Chapter 1, you learned that a perpendicular bisector intersects a line segment at its midpoint and is perpendicular. In #1 in the Review Queue above, you constructed a perpendicular bisector of a 3 inch segment. Let’s analyze this figure.

CD is the perpendicular bisector of AB. If we were to draw in AC and CB, we would find that they are equal. Therefore, any point on the perpendicular bisector of a segment is the same distance from each endpoint.",gemini
"Perpendicular Bisector Theorem: If a point is on the perpendicular bisector of a segment, then it is equidistant from the endpoints of the segment.",gemini
"The proof of the Perpendicular Bisector Theorem is in the exercises for this section. In addition to the Perpendicular Bisector Theorem, we also know that its converse is true.",gemini
"Perpendicular Bisector Theorem Converse: If a point is equidistant from the endpoints of a segment, then the point is on the perpendicular bisector of the segment.",gemini
"Proof of the Perpendicular Bisector Theorem Converse

Given: AC ≅ CB
Prove: CD is the perpendicular bisector of AB

TABLE 5.1:
Statement Reason
1. AC ≅ CB Given
2. ΔACB is an isosceles triangle Definition of an isosceles triangle
3. ∠A ≅ ∠B Isosceles Triangle Theorem
4. Draw point D, such that D is the midpoint of AB. Every line segment has exactly one midpoint
5. AD ≅ DB Definition of a midpoint
6. ΔACD ≅ ΔBCD SAS
7. ∠CDA ≅ ∠CDB CPCTC
8. m∠CDA = m∠CDB = 90° Congruent Supplements Theorem
9. CD ⊥ AB Definition of perpendicular lines
10. CD is the perpendicular bisector of AB Definition of perpendicular bisector",gemini
Let’s use the Perpendicular Bisector Theorem and its converse in a few examples.,gemini
"Example 1: Algebra Connection Find x and the length of each segment.

Solution: From the markings, we know that WX is the perpendicular bisector of XY. Therefore, we can use the Perpendicular Bisector Theorem to conclude that WZ = WY. Write an equation.

2x+11 = 4x−5
16 = 2x
8 = x

To find the length of WZ and WY, substitute 8 into either expression, 2(8) +11 = 16+11 = 27.",gemini
"Example 2: OQ is the perpendicular bisector of MP.
a) Which segments are equal?
b) Find x.
c) Is L on OQ? How do you know?

Solution:
a) ML = LP because they are both 15.
MO = OP because O is the midpoint of MP
MQ = QP because Q is on the perpendicular bisector of MP.
b) 4x+3 = 11
4x = 8
x = 2
c) Yes, L is on OQ because ML = LP (Perpendicular Bisector Theorem Converse).",gemini
"Perpendicular Bisectors and Triangles

Two lines intersect at a point. If more than two lines intersect at the same point, it is called a point of concurrency.",gemini
Point of Concurrency: When three or more lines intersect at the same point.,gemini
"Investigation 5-1: Constructing the Perpendicular Bisectors of the Sides of a Triangle
Tools Needed: paper, pencil, compass, ruler
1. Draw a scalene triangle.
2. Construct the perpendicular bisector (Investigation 1-3) for all three sides.
The three perpendicular bisectors all intersect at the same point, called the circumcenter.",gemini
Circumcenter: The point of concurrency for the perpendicular bisectors of the sides of a triangle.,gemini
"3. Erase the arc marks to leave only the perpendicular bisectors. Put the pointer of your compass on the circumcenter. Open the compass so that the pencil is on one of the vertices. Draw a circle. What happens?

The circumcenter is the center of a circle that passes through all the vertices of the triangle. We say that this circle circumscribes the triangle. This means that the circumcenter is equidistant to the vertices.",gemini
"Concurrency of Perpendicular Bisectors Theorem: The perpendicular bisectors of the sides of a triangle intersect in a point that is equidistant from the vertices.

If PC, QC, and RC are perpendicular bisectors, then LC = MC = OC.",gemini
"Example 3: For further exploration, try the following:
1. Cut out an acute triangle from a sheet of paper.
2. Fold the triangle over one side so that the side is folded in half. Crease.
3. Repeat for the other two sides. What do you notice?

Solution: The folds (blue dashed lines)are the perpendicular bisectors and cross at the circumcenter.",gemini
"Know What? Revisited The center of the circle will be the circumcenter of the triangle formed by the three bones. Construct the perpendicular bisector of at least two sides to find the circumcenter. After locating the circumcenter, the archeologist can measure the distance from each bone to it, which would be the radius of the circle. This length is approximately 4.7 meters.",gemini
"Review Questions

Construction Construct the circumcenter for the following triangles by tracing each triangle onto a piece of paper and using Investigation 5-1.
4. Can you use the method in Example 3 to locate the circumcenter for these three triangles?
5. Based on your constructions in 1-3, state a conjecture about the relationship between a triangle and the location of its circumcenter.
6. Construct equilateral triangle ΔABC (Investigation 4-6). Construct the perpendicular bisectors of the sides of the triangle and label the circumcenter X. Connect the circumcenter to each vertex. Your original triangle is now divided into six triangles. What can you conclude about the six triangles? Why?",gemini
"Algebra Connection For questions 7-12, find the value of x. m is the perpendicular bisector of AB.",gemini
"13. m is the perpendicular bisector of AB.
a. List all the congruent segments.
b. Is C on AB ? Why or why not?
c. Is D on AB? Why or why not?",gemini
"For Questions 14 and 15, determine if ST is the perpendicular bisector of XY. Explain why or why not.",gemini
"For Questions 16-20, consider line segment AB with endpoints A(2,1) and B(6,3).
16. Find the slope of AB.
17. Find the midpoint of AB.
18. Find the equation of the perpendicular bisector of AB.
19. Find AB. Simplify the radical, if needed.
20. Plot A,B, and the perpendicular bisector. Label it m. How could you find a point C on m, such that C would be the third vertex of equilateral triangle ΔABC? You do not have to find the coordinates, just describe how you would do it.",gemini
"For Questions 21-25, consider ΔABC with vertices A(7,6),B(7,−2) and C(0,5). Plot this triangle on graph paper.
21. Find the midpoint and slope of AB and use them to draw the perpendicular bisector of AB. You do not need to write the equation.
22. Find the midpoint and slope of BC and use them to draw the perpendicular bisector of BC. You do not need to write the equation.
23. Find the midpoint and slope of AC and use them to draw the perpendicular bisector of AC. You do not need to write the equation.
24. Are the three lines concurrent? What are the coordinates of their point of intersection (what is the circumcenter of the triangle)?
25. Use your compass to draw the circumscribed circle about the triangle with your point found in question 24 as the center of your circle.",gemini
"26. Repeat questions 21-25 with ΔLMO where L(2,9),M(3,0) and O(−7,0).",gemini
"27. Repeat questions 21-25 with ΔREX where R(4,2),E(6,0) and X(0,0).",gemini
28. Can you explain why the perpendicular bisectors of the sides of a triangle would all pass through the center of the circle containing the vertices of the triangle? Think about the definition of a circle: The set of all point equidistant from a given center.,gemini
29. Fill in the blanks: There is exactly _________ circle which contains any __________ points.,gemini
"30. Fill in the blanks of the proof of the Perpendicular Bisector Theorem.
Given: CD is the perpendicular bisector of AB Prove: AC ≅ CB
TABLE 5.2:
Statement Reason
1.
2. D is the midpoint of AB
3. Definition of a midpoint
4. ∠CDA and ∠CDB are right angles
5. ∠CDA ≅ ∠CDB
6. Reflexive PoC
7. ΔCDA ≅ ΔCDB
8. AC ≅ CB",gemini
31. Write a two column proof. Given: ΔABC is a right isosceles triangle and BD is the ⊥ bisector of AC Prove: ΔABD and ΔCBD are congruent.,gemini
32. Write a paragraph explaining why the two smaller triangles in question 31 are also isosceles right triangles.,gemini
"Learning Objectives
• Apply the Angle Bisector Theorem and its converse.
• Understand concurrency for angle bisectors.",gemini
"Review Queue
1. Construct the angle bisector of an 80° angle (Investigation 1-4).
2. Draw the following: M is on the interior of ∠LNO. O is on the interior of ∠MNP. If NM and NO are the angle bisectors of ∠LNO and ∠MNP respectively, write all the congruent angles.
3. Find the value of x.",gemini
"Know What? The cities of Verticville, Triopolis, and Angletown are joining their city budgets together to build a centrally located airport. There are freeways between the three cities and they want to have the freeway on the interior of these freeways. Where is the best location to put the airport so that they have to build the least amount of road?

In the picture to the right, the blue roads are proposed.",gemini
"Angle Bisectors

In Chapter 1, you learned that an angle bisector cuts an angle exactly in half. In #1 in the Review Queue above, you constructed an angle bisector of an 80° angle. Let’s analyze this figure.

BD is the angle bisector of ∠ABC. Looking at point D, if we were to draw ED and DF, we would find that they are equal. Recall from Chapter 3 that the shortest distance from a point to a line is the perpendicular length between them. ED and DF are the shortest lengths between D, which is on the angle bisector, and each side of the angle.",gemini
"Angle Bisector Theorem: If a point is on the bisector of an angle, then the point is equidistant from the sides of the angle.

In other words, if BD bisects ∠ABC, BE ⊥ ED, and BF ⊥ DF, then ED = DF.",gemini
"Proof of the Angle Bisector Theorem

Given: BD bisects ∠ABC, BA ⊥ AD, and BC ⊥ DC
Prove: AD ≅ DC

TABLE 5.3:
Statement Reason
1. BD bisects ∠ABC, BA ⊥ AD, BC ⊥ DC Given
2. ∠ABD ≅ ∠DBC Definition of an angle bisector
3. ∠DAB and ∠DCB are right angles Definition of perpendicular lines
4. ∠DAB ≅ ∠DCB All right angles are congruent
5. BD ≅ BD Reflexive PoC
6. ΔABD ≅ ΔCBD AAS
7. AD ≅ DC CPCTC",gemini
The converse of this theorem is also true. The proof is in the review questions.,gemini
"Angle Bisector Theorem Converse: If a point is in the interior of an angle and equidistant from the sides, then it lies on the bisector of the angle.",gemini
Because the Angle Bisector Theorem and its converse are both true we have a biconditional statement. We can put the two conditional statements together using if and only if. A point is on the angle bisector of an angle if and only if it is equidistant from the sides of the triangle.,gemini
"Example 1: Is Y on the angle bisector of ∠XWZ?

Solution: In order for Y to be on the angle bisector XY needs to be equal to YZ and they both need to be perpendicular to the sides of the angle. From the markings we know XY ⊥ WX and ZY ⊥ WZ. Second, XY = YZ = 6. From this we can conclude that Y is on the angle bisector.",gemini
"Example 2: MO is the angle bisector of ∠LMN. Find the measure of x.

Solution: LO = ON by the Angle Bisector Theorem Converse.

4x−5 = 23
4x = 28
x = 7",gemini
"Angle Bisectors in a Triangle

Like perpendicular bisectors, the point of concurrency for angle bisectors has interesting properties.",gemini
"Investigation 5-2: Constructing Angle Bisectors in Triangles

Tools Needed: compass, ruler, pencil, paper

1. Draw a scalene triangle. Construct the angle bisector of each angle. Use Investigation 1-4 and #1 from the Review Queue to help you.",gemini
Incenter: The point of concurrency for the angle bisectors of a triangle.,gemini
"2. Erase the arc marks and the angle bisectors after the incenter. Draw or construct the perpendicular lines to each side, through the incenter.",gemini
"3. Erase the arc marks from #2 and the perpendicular lines beyond the sides of the triangle. Place the pointer of the compass on the incenter. Open the compass to intersect one of the three perpendicular lines drawn in #2. Draw a circle.

Notice that the circle touches all three sides of the triangle. We say that this circle is inscribed in the triangle because it touches all three sides. The incenter is on all three angle bisectors, so the incenter is equidistant from all three sides of the triangle.",gemini
"Concurrency of Angle Bisectors Theorem: The angle bisectors of a triangle intersect in a point that is equidistant from the three sides of the triangle.

If AG, BG, and GC are the angle bisectors of the angles in the triangle, then EG = GF = GD.

In other words, EG, FG, and GD are the radii of the inscribed circle.",gemini
"Example 3: If J, E, and G are midpoints and KA = AD = AH what are points A and B called?

Solution: A is the incenter because KA = AD = AH, which means that it is equidistant to the sides. B is the circumcenter because JB, BE, and BG are the perpendicular bisectors to the sides.",gemini
"Know What? Revisited The airport needs to be equidistant to the three highways between the three cities. Therefore, the roads are all perpendicular to each side and congruent. The airport should be located at the incenter of the triangle.",gemini
"Review Questions

Construction Construct the incenter for the following triangles by tracing each triangle onto a piece of paper and using Investigation 5-2. Draw the inscribed circle too.
4. Is the incenter always going to be inside of the triangle? Why?
5. For an equilateral triangle, what can you conclude about the circumcenter and the incenter?",gemini
"For questions 6-11, AB is the angle bisector of ∠CAD. Solve for the missing variable.",gemini
Is there enough information to determine if AB is the angle bisector of ∠CAD? Why or why not?,gemini
"What are points A and B? How do you know?
15. The blue lines are congruent The green lines are angle bisectors
16. Both sets of lines are congruent The green lines are perpendicular to the sides",gemini
"17. Fill in the blanks in the Angle Bisector Theorem Converse. Given: AD ≅ DC, such that AD and DC are the shortest distances to BA and BC Prove: BD bisects ∠ABC

TABLE 5.4:
Statement Reason
1.
2. The shortest distance from a point to a line is perpendicular.
3. ∠DAB and ∠DCB are right angles
4. ∠DAB ≅ ∠DCB
5. BD ≅ BD
6. ΔABD ≅ ΔCBD
7. CPCTC
8. BD bisects ∠ABC",gemini
"Determine if the following descriptions refer to the incenter or circumcenter of the triangle.
18. A lighthouse on a triangular island is equidistant to the three coastlines.
19. A hospital is equidistant to three cities.
20. A circular walking path passes through three historical landmarks.
21. A circular walking path connects three other straight paths.",gemini
"Constructions
22. Construct an equilateral triangle.
23. Construct the angle bisectors of two of the angles to locate the incenter.
24. Construct the perpendicular bisectors of two sides to locate the circumcenter.
25. What do you notice? Use these points to construct an inscribed circle inside the triangle and a circumscribed circle about the triangle.",gemini
"Multi- Step Problem
26. Draw ∠ABC through A(1,3),B(3,−1) and C(7,1).
27. Use slopes to show that ∠ABC is a right angle.
28. Use the distance formula to find AB and BC.
29. Construct a line perpendicular to AB through A.
30. Construct a line perpendicular to BC through C.
31. These lines intersect in the interior of ∠ABC. Label this point D and draw BD.
32. Is BD the angle bisector of ∠ABC? Justify your answer.",gemini
"Learning Objectives
• Define median and find their point of concurrency in a triangle.
• Apply medians to the coordinate plane.
• Construct the altitude of a triangle and find their point of concurrency in a triangle.",gemini
"Review Queue
1. Find the midpoint between (9, -1) and (1, 15).
2. Find the equation of the line between the two points from #1.
3. Find the equation of the line that is perpendicular to the line from #2 through (-6, 2).",gemini
"Know What? Triangles are frequently used in art. Your art teacher assigns an art project involving triangles. You decide to make a series of hanging triangles of all different sizes from one long piece of wire. Where should you hang the triangles from so that they balance horizontally?

You decide to plot one triangle on the coordinate plane to find the location of this point. The coordinates of the vertices are (0, 0), (6, 12) and (18, 0). What is the coordinate of this point?",gemini
"Medians

Median: The line segment that joins a vertex and the midpoint of the opposite side (of a triangle).",gemini
"Example 1: Draw the median LO for ΔLMN below.

Solution: From the definition, we need to locate the midpoint of NM. We were told that the median is LO, which means that it will connect the vertex L and the midpoint of NM, to be labeled O. Measure NM and make a point halfway between N and M. Then, connect O to L.",gemini
"Notice that a median is very different from a perpendicular bisector or an angle bisector. A perpendicular bisector also goes through the midpoint, but it does not necessarily go through the vertex of the opposite side. And, unlike an angle bisector, a median does not necessarily bisect the angle.",gemini
"Example 2: Find the other two medians of ΔLMN.

Solution: Repeat the process from Example 1 for sides LN and LM. Be sure to always include the appropriate tick marks to indicate midpoints.",gemini
"Example 3: Find the equation of the median from B to the midpoint of AC for the triangle in the x−y plane below.

Solution: To find the equation of the median, first we need to find the midpoint of AC, using the Midpoint Formula.

((-6+6)/2, (-4+(-4))/2) = (0/2, -8/2) = (0,-4)

Now, we have two points that make a line, B and the midpoint. Find the slope and y−intercept.

m = (-4-4)/(0-(-2)) = -8/2 = -4
y = -4x+b
-4 = -4(0) +b
-4 = b

The equation of the median is y = -4x−4",gemini
"Point of Concurrency for Medians

From Example 2, we saw that the three medians of a triangle intersect at one point, just like the perpendicular bisectors and angle bisectors. This point is called the centroid.",gemini
"Centroid: The point of concurrency for the medians of a triangle.

Unlike the circumcenter and incenter, the centroid does not have anything to do with circles. It has a different property.",gemini
"Investigation 5-3: Properties of the Centroid
Tools Needed: pencil, paper, ruler, compass
1. Construct a scalene triangle with sides of length 6 cm, 10 cm, and 12 cm (Investigation 4-2). Use the ruler to measure each side and mark the midpoint.",gemini
"2. Draw in the medians and mark the centroid.
Measure the length of each median. Then, measure the length from each vertex to the centroid and from the centroid to the midpoint. Do you notice anything?
3. Cut out the triangle. Place the centroid on either the tip of the pencil or the pointer of the compass. What happens?",gemini
"From this investigation, we have discovered the properties of the centroid. They are summarized below.
Concurrency of Medians Theorem: The medians of a triangle intersect in a point that is two-thirds of the distance from the vertices to the midpoint of the opposite side. The centroid is also the “balancing point” of a triangle.
If G is the centroid, then we can conclude:
AG = 2/3 AD, CG = 2/3 CF, EG = 2/3 BE
DG = 1/3 AD, FG = 1/3 CF, BG = 1/3 BE
And, combining these equations, we can also conclude:
DG = 1/2 AG, FG = 1/2 CG, BG = 1/2 EG",gemini
"In addition to these ratios, G is also the balance point of △ACE. This means that the triangle will balance when placed on a pencil (#3 in Investigation 5-3) at this point.",gemini
"Example 4: I, K, and M are midpoints of the sides of △HJL.
a) If JM = 18, find JN and NM.
b) If HN = 14, find NK and HK.
Solution:
a) JN is two-thirds of JM. So, JN = 2/3 · 18 = 12. NM is either half of 12, a third of 18 or 18 − 12. NM = 6.
b) HN is two-thirds of HK. So, 14 = 2/3 · HK and HK = 14 · 3/2 = 21. NK is a third of 21, half of 14, or 21 − 14. NK = 7.",gemini
"Example 5: Algebra Connection H is the centroid of △ABC and DC = 5y − 16. Find x and y.
Solution: HF is half of BH. Use this information to solve for x. For y, HC is two-thirds of DC. Set up an equation for both.
1/2 BH = HF or BH = 2HF
3x + 6 = 2(2x − 1)
3x + 6 = 4x − 2
8 = x
HC = 2/3 DC or 3/2 HC = DC
3/2 (2y + 8) = 5y − 16
3y + 12 = 5y − 16
28 = 2y",gemini
"Altitudes
The last line segment within a triangle is an altitude. It is also called the height of a triangle.
Altitude: A line segment from a vertex and perpendicular to the opposite side.
Here are a few examples.",gemini
"As you can see, an altitude can be a side of a triangle or outside of the triangle. When a triangle is a right triangle, the altitude, or height, is the leg. If the triangle is obtuse, then the altitude will be outside of the triangle. To construct an altitude, use Investigation 3-2 (constructing a perpendicular line through a point not on the given line). Think of the vertex as the point and the given line as the opposite side.",gemini
"Investigation 5-4: Constructing an Altitude for an Obtuse Triangle
Tools Needed: pencil, paper, compass, ruler
1. Draw an obtuse triangle. Label it △ABC, like the picture to the right. Extend side AC, beyond point A.
2. Using Investigation 3-2, construct a perpendicular line to AC, through B.
The altitude does not have to extend past side AC, as it does in the picture. Technically the height is only the vertical distance from the highest vertex to the opposite side.",gemini
"As was true with perpendicular bisectors, angle bisectors, and medians, the altitudes of a triangle are also concurrent. Unlike the other three, the point does not have any special properties.
Orthocenter: The point of concurrency for the altitudes of triangle.
Here is what the orthocenter looks like for the three triangles. It has three different locations, much like the perpendicular bisectors.",gemini
"TABLE 5.5:
Acute Triangle: The orthocenter is inside the triangle.
Right Triangle: The legs of the triangle are two of the altitudes. The orthocenter is the vertex of the right angle.
Obtuse Triangle: The orthocenter is outside the triangle.",gemini
"Know What? Revisited The point that you should put the wire through is the centroid. That way, each triangle will balance on the wire.
The triangle that we wanted to plot on the x − y plane is to the right. Drawing all the medians, it looks like the centroid is (8, 4). To verify this, you could find the equation of two medians and set them equal to each other and solve for x. Two equations are y = 1/2 x and y = −4x + 36. Setting them equal to each other, we find that x = 8 and then y = 4.",gemini
"Review Questions
Construction Construct the centroid for the following triangles by tracing each triangle onto a piece of paper and using Investigation 5-3.
1.
2.
3.
4. Is the centroid always going to be inside of the triangle? Why?",gemini
"Construction Construct the orthocenter for the following triangles by tracing each triangle onto a piece of paper and using Investigations 3-2 and 5-4.
5.
6.
7.",gemini
"8. What do you think will happen if the triangle is equilateral? What can we say about the incenter, circumcenter, centroid, and orthocenter? Why do you think this is?
9. How many lines do you actually have to “construct” to find any point of concurrency?",gemini
"For questions 10-13, find the equation of each median, from vertex A to the opposite side, BC.
10. A(9,5), B(2,5), C(4,1)
11. A(−2,3), B(−3,−7), C(5,−5)
12. A(−1,5), B(0,−1), C(6,3)
13. A(6,−3), B(−5,−4), C(−1,−8)",gemini
"For questions 14-18, B, D, and F are the midpoints of each side and G is the centroid. Find the following lengths.
14. If BG = 5, find GE and BE
15. If CG = 16, find GF and CF
16. If AD = 30, find AG and GD
17. If GF = x, find GC and CF
18. If AG = 9x and GD = 5x − 1, find x and AD.",gemini
"Write a two-column proof.
19. Given: △ABC ≅ △DEF, AP and DO are altitudes Prove: AP ≅ DO
20. Given: Isosceles △ABC with legs AB and AC, BD ⊥ DC and CE ⊥ BE Prove: BD ≅ CE",gemini
"Use △ABC with A(−2,9), B(6,1) and C(−4,−7) for questions 21-26.
21. Find the midpoint of AB and label it M.
22. Write the equation of CM.
23. Find the midpoint of BC and label it N.
24. Write the equation of AN.
25. Find the intersection of CM and AN.
26. What is this point called?",gemini
"Another way to find the centroid of a triangle in the coordinate plane is to find the midpoint of one side and then find the point two thirds of the way from the third vertex to this point. To find the point two thirds of the way from point A(x1, y1) to B(x2, y2) use the formula: ((x1 + 2x2)/3, (y1 + 2y2)/3). Use this method to find the centroid in the following problems.
27. (-1, 3), (5, -2) and (-1, -4)
28. (1, -2), (-5, 4) and (7, 7)
29. Use the coordinates (x1, y1), (x2, y2) and (x3, y3) and the method used in the last two problems to find a formula for the centroid of a triangle in the coordinate plane.
30. Use your formula from problem 29 to find the centroid of the triangle with vertices (2, -7), (-5, 1) and (6, -9).",gemini
"5.5 Inequalities in Triangles
Learning Objectives
• Determine relationships among the angles and sides of a triangle.
• Understand the Triangle Inequality Theorem.
• Understand the Hinge Theorem and its converse.",gemini
"Review Queue
Solve the following inequalities.
1. 4x − 9 ≤ 19
2. −5 > −2x + 13
3. 2/3 x + 1 ≥ 13
4. −7 < 3x − 1 < 14",gemini
"Know What? Two mountain bike riders leave from the same parking lot and headin opposite directions, on two different trails. The first ridergoes 8 miles due west, then rides due south for 15 miles. The second rider goes 6 miles due east, then changes direction and rides 20° east of due north for 17 miles. Both riders have been travelling for 23 miles, but which one is further from the parking lot?",gemini
"Comparing Angles and Sides
Look at the triangle to the right. The sides of the triangle are given. Can you determine which angle is the largest?
As you might guess, the largest angle will be opposite 18 because it is the longest side. Similarly, the smallest angle will be opposite the shortest side, 7. Therefore, the angle measure in the middle will be opposite 13.",gemini
"Theorem 5-9: If one side of a triangle is longer than another side, then the angle opposite the longer side will be larger than the angle opposite the shorter side.
Converse of Theorem 5-9: If one angle in a triangle is larger than another angle in a triangle, then the side opposite the larger angle will be longer than the side opposite the smaller angle.",gemini
"Proof of Theorem 5-9
Given: AC > AB
Prove: m∠ABC > m∠C
TABLE 5.6:
Statement Reason
1. AC > AB Given
2. Locate point P such that AB = AP Ruler Postulate
3. △ABP is an isosceles triangle Definition of an isosceles triangle
4. m∠1 = m∠3 Base Angles Theorem
5. m∠3 = m∠2 + m∠C Exterior Angle Theorem
6. m∠1 = m∠2 + m∠C Substitution PoE
7. m∠ABC = m∠1 + m∠2 Angle Addition Postulate
8. m∠ABC = m∠2 + m∠2 + m∠C Substitution PoE
9. m∠ABC > m∠C Definition of “greater than” (from step 8)
To prove the converse, we will need to do so indirectly. This will be done in the extension at the end of this chapter.",gemini
"Example 1: List the sides in order, from shortest to longest.
Solution: First, we need to find m∠A. From the Triangle Sum Theorem, m∠A + 86° + 27° = 180°. So, m∠A = 67°.
From Theorem 5-9, we can conclude that the longest side is opposite the largest angle. 86° is the largest angle, so AC is the longest side. The next largest angle is 67°, so BC would be the next longest side. 27° is the smallest angle, so AB is the shortest side. In order from shortest to longest, the answer is: AB, BC, AC.",gemini
"Example 2: List the angles in order, from largest to smallest.
Solution: Just like with the sides, the largest angle is opposite the longest side. The longest side is BC, so the largest angle is ∠A. Next would be ∠B and finally ∠A is the smallest angle.",gemini
"Triangle Inequality Theorem
Can any three lengths make a triangle? The answer is no. There are limits on what the lengths can be. For example, the lengths 1, 2, 3 cannot make a triangle because 1 + 2 = 3, so they would all lie on the same line. The lengths 4, 5, 10 also cannot make a triangle because 4 + 5 = 9.
The arc marks show that the two sides would never meet to form a triangle.
Triangle Inequality Theorem: The sum of the lengths of any two sides of a triangle must be greater than the length of the third.",gemini
"Example 3: Do the lengths below make a triangle?
a) 4.1, 3.5, 7.5
b) 4, 4, 8
c) 6, 7, 8
Solution: Even though the Triangle Inequality Theorem says “the sum of the length of any two sides,” really, it is referring to the sum of the lengths of the two shorter sides must be longer than the third.
a) 4.1 + 3.5 > 7.5 Yes, these lengths could make a triangle.
b) 4 + 4 = 8 No, not a triangle. Two lengths cannot equal the third.
c) 6 + 7 > 8 Yes, these lengths could make a triangle.",gemini
"Example 4: Find the possible lengths of the third side of a triangle if the other two sides are 10 and 6.
Solution: The Triangle Inequality Theorem can also help you determine the possible range of the third side of a triangle. The two given sides are 6 and 10, so the third side, s, can either be the shortest side or the longest side. For example s could be 5 because 6 + 5 > 10. It could also be 15 because 6 + 10 > 15. Therefore, we write the possible values of s as a range, 4 < s < 16.
Notice the range is no less than 4, and not equal to 4. The third side could be 4.1 because 4.1 + 6 would be greater than the third side, 10. For the same reason, s cannot be greater than 16, but it could 15.9. In this case, s would be the longest side and 10 + 6 must be greater than s to form a triangle.
If two sides are lengths a and b, then the third side, s, has the range a − b < s < a + b.",gemini
"The SAS Inequality Theorem (also called the Hinge Theorem)
The Hinge Theorem is an extension of the Triangle Inequality Theorem using two triangles. If we have two congruent triangles △ABC and △DEF, marked below:
Therefore, if AB = DE and BC = EF and m∠B > m∠E, then AC > DF.
Now, let’s adjust m∠B > m∠E. Would that make AC > DF? Yes. See the picture below.
The SAS Inequality Theorem (Hinge Theorem): If two sides of a triangle are congruent to two sides of another triangle, but the included angle of one triangle has greater measure than the included angle of the other triangle, then the third side of the first triangle is longer than the third side of the second triangle.",gemini
"Example 5: List the sides in order, from least to greatest.
Solution: Let’s start with △DCE. The missing angle is 55°. By Theorem 5-9, the sides, in order are CE, CD, and DE.
For △BCD, the missing angle is 43°. Again, by Theorem 5-9, the order of the sides is BD, CD, and BC.
By the SAS Inequality Theorem, we know that BC > DE, so the order of all the sides would be: BD = CE, CD, DE, BC.",gemini
"SSS Inequality Theorem (also called the Converse of the Hinge Theorem)
SSS Inequality Theorem: If two sides of a triangle are congruent to two sides of another triangle, but the third side of the first triangle is longer than the third side of the second triangle, then the included angle of the first triangle is greater in measure than the included angle of the second triangle.",gemini
"Example 6: If XM is a median of △XYZ and XY > XZ, what can we say about m∠1 and m∠2? What we can deduce from the following diagrams.
Solution: By the definition of a median, M is the midpoint of YZ. This means that YM = MZ. MX = MX by the Reflexive Property and we know that XY > XZ. Therefore, we can use the SSS Inequality Theorem to conclude that m∠1 > m∠2.",gemini
"Example 7: List the sides of the two triangles in order, from least to greatest.
Solution: Here we have no congruent sides or angles. So, let’s look at each triangle separately. Start with △XYZ. First the missing angle is 42°. By Theorem 5-9, the order of the sides is YZ, XY, and XZ. For △WXZ, the missing angle is 55°. The order of these sides is XZ, WZ, and WX. Because the longest side in △XYZ is the shortest side in △WXZ, we can put all the sides together in one list: YZ, XY, XZ, WZ, WX.",gemini
"Example 8: Below is isosceles triangle △ABC. List everything you can about the triangle and why.
Solution:
• AB = BC because it is given.
• m∠A = m∠C by the Base Angle Theorem.
• AD < DC because m∠ABD < m∠CBD and the SAS Triangle Inequality Theorem.",gemini
"Know What? Revisited Even though the two sets of lengths are not equal, they both add up to 23. Therefore, the second rider is further away from the parking lot because 110° > 90°.",gemini
"Review Questions
For questions 1-3, list the sides in order from shortest to longest.
1.
2.
3.
For questions 4-6, list the angles from largest to smallest.
4.
5.
6.",gemini
"Determine if the sets of lengths below can make a triangle. If not, state why.
7. 6, 6, 13
8. 1, 2, 3
9. 7, 8, 10
10. 5, 4, 3
11. 23, 56, 85
12. 30, 40, 50",gemini
"If two lengths of the sides of a triangle are given, determine the range of the length of the third side.
13. 8 and 9
14. 4 and 15
15. 20 and 32
16. The base of an isosceles triangle has length 24. What can you say about the length of each leg?
17. What conclusions can you draw about x?
18. Compare m∠1 and m∠2.",gemini
"19. List the sides from shortest to longest.
20. Compare m∠1 and m∠2. What can you say about m∠3 and m∠4?
In questions 21-23, compare the measures of a and b.
21.
22.
23.",gemini
"In questions 24 and 25, list the measures of the sides in order from least to greatest
24.
25.
In questions 26 and 27 determine the range of possible values for x.
26.
27.",gemini
"In questions 28 and 29 explain why the conclusion is false.
28. Conclusion: m∠C < m∠B < m∠A
29. Conclusion: AB < DC
30. If AB is a median of △CAT and CA > AT, explain why ∠ABT is acute. You may wish to draw a diagram.",gemini
"5.6 Extension: Indirect Proof
The indirect proof or proof by contradiction is a part of 41 out of 50 states’ mathematic standards. Depending on the state, the teacher may choose to use none, part or all of this section.
Learning Objectives
• Reason indirectly to develop proofs.",gemini
"Until now, we have proved theorems true by direct reasoning, where conclusions are drawn from a series of facts and previously proven theorems. However, we cannot always use direct reasoning to prove every theorem.
Indirect Proof: When the conclusion from a hypothesis is assumed false (or opposite of what it states) and then a contradiction is reached from the given or deduced statements.
The easiest way to understand indirect proofs is by example. You may choose to use the two-column format or a paragraph proof. First we will explore indirect proofs with algebra and then geometry.",gemini
"Indirect Proofs in Algebra
Example 1: If x = 2, then 3x − 5 ≠ 10. Prove this statement is true by contradiction.
Solution: In an indirect proof the first thing you do is assume the conclusion of the statement is false. In this case, we will assume the opposite of 3x − 5 ≠ 10
If x = 2, then 3x − 5 = 10
Now, proceed with this statement, as if it is true. Solve for x.
3x − 5 = 10
3x = 15
x = 5
x = 5 contradicts the given statement that x = 2. Hence, our assumption is incorrect and 3x − 5 cannot equal 10.",gemini
"Example 2: If n is an integer and n^2 is odd, then n is odd. Prove this is true indirectly.
Solution: First, assume the opposite of “n is odd.”
n is even.
Now, square n and see what happens.
If n is even, then n = 2a, where a is any integer.
n^2 = (2a)^2 = 4a^2
This means that n^2 is a multiple of 4. No odd number can be divided evenly by an even number, so this contradicts our assumption that n is even. Therefore, n must be odd if n^2 is odd.",gemini
"Indirect Proofs in Geometry
Example 3: If △ABC is isosceles, then the measure of the base angles cannot be 92°. Prove this indirectly.
Solution: Assume the opposite of the conclusion.
The measure of the base angles is 92°.
If the base angles are 92°, then they add up to 184°. This contradicts the Triangle Sum Theorem that says all triangles add up to 180°. Therefore, the base angles cannot be 92°.",gemini
"Example 4: Prove the SSS Inequality Theorem is true by contradiction.
Solution: The SSS Inequality Theorem says: “If two sides of a triangle are congruent to two sides of another triangle, but the third side of the first triangle is longer than the third side of the second triangle, then the included angle of the first triangle is greater in measure than the included angle of the second triangle.” First, assume the opposite of the conclusion.
The included angle of the first triangle is less than or equal to the included angle of the second triangle.
If the included angles are equal then the two triangles would be congruent by SAS and the third sides would be congruent by CPCTC. This contradicts the hypothesis of the original statement “the third side of the first triangle is longer than the third side of the second.” Therefore, the included angle of the first triangle must be larger than the included angle of the second.",gemini
"To summarize:
• Assume the opposite of the conclusion (second half) of the statement.
• Proceed as if this assumption is true to find the contradiction.
• Once there is a contradiction, the original statement is true.
• DO NOT use specific examples. Use variables so that the contradiction can be generalized.",gemini
"Review Questions
Prove the following statements true indirectly.
1. If n is an integer and n^2 is even, then n is even.
2. If m∠A ≠ m∠B in △ABC, then △ABC is not equilateral.
3. If x > 3, then x^2 > 9.
4. The base angles of an isosceles triangle are congruent.
5. If x is even and y is odd, then x + y is odd.
6. In △ABE, if ∠A is a right angle, then ∠B cannot be obtuse.
7. If A, B, and C are collinear, then AB + BC = AC (Segment Addition Postulate).
8. If a collection of nickels and dimes is worth 85 cents, then there must be an odd number of nickels.
9. Hugo is taking a true/false test in his Geometry class. There are five questions on the quiz. The teacher gives her students the following clues: The last answer on the quiz is not the same as the fourth answer. The third answer is true. If the fourth answer is true, then the one before it is false. Use an indirect proof to prove that the last answer on the quiz is true.
10. On a test of 15 questions, Charlie claims that his friend Suzie must have gotten at least 10 questions right. Another friend, Larry, does not agree and suggests that Suzie could not have gotten that many correct. Rebecca claims that Suzie certainly got at least one question correct. If only one of these statements is true, how many questions did Suzie get right?",gemini
"5.7 Chapter 5 Review
Keywords, Theorems and Postulates
• Midsegment
• Midsegment Theorem
• Perpendicular Bisector Theorem
• Perpendicular Bisector Theorem Converse
• Point of Concurrency
• Circumcenter
• Concurrency of Perpendicular Bisectors Theorem
• Angle Bisector Theorem
• Angle Bisector Theorem Converse
• Incenter
• Concurrency of Angle Bisectors Theorem
• Median
• Centroid
• Concurrency of Medians Theorem
• Altitude
• Orthocenter
• Theorem 5-9
• Converse of Theorem 5-9
• Triangle Inequality Theorem
• SAS Inequality Theorem
• SSS Inequality Theorem
• Indirect Proof",gemini
"Review
If C and E are the midpoints of the sides they lie on, find:
1. The perpendicular bisector of FD.
2. The median of FD.
3. The angle bisector of ∠FAD.
4. A midsegment.
5. An altitude.",gemini
"6. Trace △FAD onto a piece of paper with the perpendicular bisector. Construct another perpendicular bisector. What is the point of concurrency called? Use this information to draw the appropriate circle.
7. Trace △FAD onto a piece of paper with the angle bisector. Construct another angle bisector. What is the point of concurrency called? Use this information to draw the appropriate circle.
8. Trace △FAD onto a piece of paper with the median. Construct another median. What is the point of concurrency called? What are its properties?
9. Trace △FAD onto a piece of paper with the altitude. Construct another altitude. What is the point of concurrency called? Which points of concurrency can lie outside a triangle?
10. A triangle has sides with length x + 6 and 2x − 1. Find the range of the third side.",gemini
"Texas Instruments Resources
In the CK-12 Texas Instruments Geometry FlexBook® resource, there are graphing calculator activities designed to supplement the objectives for some of the lessons in this chapter. See http://www.ck12.org/flexr/chapter/9690 .",gemini
"This chapter starts with the properties of polygons and narrows to focus on quadrilaterals. We will study several different types of quadrilaterals: parallelograms, rhombi, rectangles, squares, kites and trapezoids. Then, we will prove that different types of quadrilaterals are parallelograms or something more specific.",gemini
"Learning Objectives
• Extend the concept of interior and exterior angles from triangles to convex polygons.
• Find the sums of interior angles in convex polygons.
• Identify the special properties of interior angles in convex quadrilaterals.",gemini
"Review Queue
1. Find the measure of x and y.
a.
b.
2.
a. Find w◦, x◦, y◦, and z◦.
b. What is w◦ + y◦ + z◦?
c. What two angles add up to y◦?
d. What are 72◦, 59◦, and x◦ called? What are w◦, y◦, and z◦ called?",gemini
"Know What? Below is a picture of Devils Postpile, near Mammoth Lakes, California. These posts are cooled lava (called columnar basalt) and as the lava pools and cools, it ideally would form regular hexagonal columns. However, variations in cooling caused some columns to either not be perfect or pentagonal.
First, define regular in your own words. Then, what is the sum of the angles in a regular hexagon? What would each angle be?",gemini
"Interior Angles in Convex Polygons
Recall from Chapter 4, that interior angles are the angles inside a closed figure with straight sides. Even though this concept was introduced with triangles, it can be extended to any polygon. As you can see in the images below, a polygon has the same number of interior angles as it does sides.",gemini
"From Chapter 1, we learned that a diagonal connects two non-adjacent vertices of a convex polygon. Also, recall that the sum of the angles in a triangle is 180◦. What about other polygons?",gemini
"Investigation 6-1: Polygon Sum Formula
Tools Needed: paper, pencil, ruler, colored pencils (optional)
1. Draw a quadrilateral, pentagon, and hexagon.
2. Cut each polygon into triangles by drawing all the diagonals from one vertex. Count the number of triangles.
Make sure none of the triangles overlap.
3. Make a table with the information below.
TABLE 6.1:
Name of Polygon | Number of Sides | Number of triangles from one vertex | (Column 3) × (◦ in a triangle) | Total Number of Degrees
Quadrilateral | 4 | 2 | 2 × 180◦ | 360◦
Pentagon | 5 | 3 | 3 × 180◦ | 540◦
Hexagon | 6 | 4 | 4 × 180◦ | 720◦
4. Do you see a pattern? Notice that the total number of degrees goes up by 180◦. So, if the number sides is n, then the number of triangles from one vertex is n−2. Therefore, the formula would be (n−2)×180◦.",gemini
"Polygon Sum Formula: For any n−gon, the sum of the interior angles is (n−2)×180◦.",gemini
"Example 1: Find the sum of the interior angles of an octagon.
Solution: Use the Polygon Sum Formula and set n = 8.
(8−2)×180◦ = 6×180◦ = 1080◦",gemini
"Example 2: The sum of the interior angles of a polygon is 1980◦. How many sides does this polygon have?
Solution: Use the Polygon Sum Formula and solve for n.
(n−2)×180◦ = 1980◦
180◦n−360◦ = 1980◦
180◦n = 2340◦
n = 13 The polygon has 13 sides.",gemini
"Example 3: How many degrees does each angle in an equiangular nonagon have?
Solution: First we need to find the sum of the interior angles in a nonagon, set n = 9.
(9−2)×180◦ = 7×180◦ = 1260◦
Second, because the nonagon is equiangular, every angle is equal. Dividing 1260◦ by 9 we get each angle is 140◦.",gemini
"Equiangular Polygon Formula: For any equiangular n−gon, the measure of each angle is ((n−2)×180◦)/n.",gemini
"Regular Polygon: When a polygon is equilateral and equiangular.
It is important to note that in the Equiangular Polygon Formula, the word equiangular can be substituted with regular.",gemini
"Example 4: Algebra Connection Find the measure of x.
Solution: From our investigation, we found that a quadrilateral has 360◦. We can write an equation to solve for x.
89◦ + (5x−8)◦ + (3x+4)◦ + 51◦ = 360◦
8x = 224◦
x = 28◦",gemini
"Exterior Angles in Convex Polygons
Recall that an exterior angle is an angle on the outside of a polygon and is formed by extending a side of the polygon (Chapter 4).",gemini
"As you can see, there are two sets of exterior angles for any vertex on a polygon. It does not matter which set you use because one set is just the vertical angles of the other, making the measurement equal. In the picture to the left, the color-matched angles are vertical angles and congruent.",gemini
"In Chapter 4, we introduced the Exterior Angle Sum Theorem, which stated that the exterior angles of a triangle add up to 360◦. Let’s extend this theorem to all polygons.",gemini
"Investigation 6-2: Exterior Angle Tear-Up
Tools Needed: pencil, paper, colored pencils, scissors
1. Draw a hexagon like the hexagons above. Color in the exterior angles as well.
2. Cut out each exterior angle and label them 1-6.
3. Fit the six angles together by putting their vertices together. What happens?
The angles all fit around a point, meaning that the exterior angles of a hexagon add up to 360◦, just like a triangle. We can say this is true for all polygons.",gemini
Exterior Angle Sum Theorem: The sum of the exterior angles of any polygon is 360◦.,gemini
"Proof of the Exterior Angle Sum Theorem
Given: Any n−gon with n sides, n interior angles and n exterior angles.
Prove: n exterior angles add up to 360◦
NOTE: The interior angles are x1, x2,... xn. The exterior angles are y1, y2,... yn.

TABLE 6.2:
Statement | Reason
1. Any n−gon with n sides, n interior angles and n exterior angles. | Given
2. x◦n and y◦n are a linear pair | Definition of a linear pair
3. x◦n and y◦n are supplementary | Linear Pair Postulate
4. x◦n + y◦n = 180◦ | Definition of supplementary angles
5. (x◦1 + x◦2 +...+ x◦n) + (y◦1 + y◦2 +...+ y◦n) = 180◦n | Sum of all interior and exterior angles in an n−gon
6. (n−2)180◦ = (x◦1 + x◦2 +...+ x◦n) | Polygon Sum Formula
7. 180◦n = (n−2)180◦ + (y◦1 + y◦2 +...+ y◦n) | Substitution PoE
8. 180◦n = 180◦n−360◦ + (y◦1 + y◦2 +...+ y◦n) | Distributive PoE
9. 360◦ = (y◦1 + y◦2 +...+ y◦n) | Subtraction PoE",gemini
"Example 5: What is y?
Solution: y is an exterior angle, as well as all the other given angle measures. Exterior angles add up to 360◦, so set up an equation.
70◦ + 60◦ + 65◦ + 40◦ + y = 360◦
y = 125◦",gemini
"Example 6: What is the measure of each exterior angle of a regular heptagon?
Solution: Because the polygon is regular, each interior angle is equal. This also means that all the exterior angles are equal. The exterior angles add up to 360◦, so each angle is 360◦ / 7 ≈ 51.43◦.",gemini
Know What? Revisited A regular polygon has congruent sides and angles. A regular hexagon has (6−2)180◦ = 4 · 180◦ = 720◦ total degrees. Each angle would be 720◦ divided by 6 or 120◦.,gemini
"Review Questions
1. Fill in the table.
TABLE 6.3:
# of sides | # of triangles from one vertex | triangles × 180◦ (sum) | Each angle in a regular n−gon | Sum of the exterior angles
3 | 1 | 180◦ | 60◦
4 | 2 | 360◦ | 90◦
5 | 3 | 540◦ | 108◦
6 | 4 | 720◦ | 120◦
7
8
9
10
11
12",gemini
"2. What is the sum of the angles in a 15-gon?
3. What is the sum of the angles in a 23-gon?
4. The sum of the interior angles of a polygon is 4320◦. How many sides does the polygon have?
5. The sum of the interior angles of a polygon is 3240◦. How many sides does the polygon have?
6. What is the measure of each angle in a regular 16-gon?
7. What is the measure of each angle in an equiangular 24-gon?
8. What is the measure of each exterior angle of a dodecagon?
9. What is the measure of each exterior angle of a 36-gon?
10. What is the sum of the exterior angles of a 27-gon?
11. If the measure of one interior angle of a regular polygon is 160◦, how many sides does it have?
12. How many sides does a regular polygon have if the measure of one of its interior angles is 168◦?
13. If the measure of one interior angle of a regular polygon is 158 14/17◦, how many sides does it have?
14. How many sides does a regular polygon have if the measure of one exterior angle is 15◦?
15. If the measure of one exterior angle of a regular polygon is 36◦, how many sides does it have?
16. How many sides does a regular polygon have if the measure of one exterior angle is 32 8/11◦?",gemini
"For questions 17-26, find the measure of the missing variable(s).",gemini
"27. The interior angles of a pentagon are x◦, x◦, 2x◦, 2x◦, and 2x◦. What is the measure of the larger angles?",gemini
"28. The exterior angles of a quadrilateral are x◦, 2x◦, 3x◦, and 4x◦. What is the measure of the smallest angle?",gemini
"29. The interior angles of a hexagon are x◦, (x+1)◦, (x+2)◦, (x+3)◦, (x+4)◦, and (x+5)◦. What is x?",gemini
30. Challenge Each interior angle forms a linear pair with an exterior angle. In a regular polygon you can use two different formulas to find the measure of each exterior angle. One way is 360◦/n and the other is 180◦ − ((n−2)180◦)/n (180◦ minus Equiangular Polygon Formula). Use algebra to show these two expressions are equivalent.,gemini
31. Angle Puzzle Find the measures of the lettered angles below given that m || n.,gemini
"6.2 Properties of Parallelograms
Learning Objectives
• Define a parallelogram.
• Understand the properties of a parallelogram
• Apply theorems about a parallelogram’s sides, angles and diagonals.",gemini
"Review Queue
1. Draw a quadrilateral with one set of parallel sides.
2. Draw a quadrilateral with two sets of parallel sides.
3. Find the measure of the missing angles in the quadrilaterals below.
a.
b.",gemini
Know What? A college has a parallelogram-shaped courtyard between two buildings. The school wants to build two walkways on the diagonals of the parallelogram with a fountain where they intersect. The walkways are going to be 50 feet and 68 feet long. Where would the fountain be?,gemini
"What is a Parallelogram?
Parallelogram: A quadrilateral with two pairs of parallel sides.",gemini
"Notice that each pair of sides is marked parallel. As is the case with the rectangle and square, recall that two lines are parallel when they are perpendicular to the same line. Once we know that a quadrilateral is a parallelogram, we can discover some additional properties.",gemini
"Investigation 6-2: Properties of Parallelograms
Tools Needed: Paper, pencil, ruler, protractor
1. Draw a set of parallel lines by placing your ruler on the paper and drawing a line on either side of it. Make your lines 3 inches long.
2. Rotate the ruler and repeat this so that you have a parallelogram. Your second set of parallel lines can be any length. If you have colored pencils, outline the parallelogram in another color.
3. Measure the four interior angles of the parallelogram as well as the length of each side. Can you conclude anything about parallelograms, other than opposite sides are parallel?
4. Draw the diagonals. Measure each and then measure the lengths from the point of intersection to each vertex.",gemini
"To continue to explore the properties of a parallelogram, see the website:
http://www.mathwarehouse.com/geometry/quadrilaterals/parallelograms/interactive-parallelogram.php
In the above investigation, we drew a parallelogram. From this investigation we can conclude:
• The sides that are parallel are also congruent.
• Opposite angles are congruent.
• Consecutive angles are supplementary.
• The diagonals bisect each other.",gemini
"Opposite Sides Theorem: If a quadrilateral is a parallelogram, then the opposite sides are congruent.",gemini
"Opposite Angles Theorem: If a quadrilateral is a parallelogram, then the opposite angles are congruent.",gemini
"Consecutive Angles Theorem: If a quadrilateral is a parallelogram, then the consecutive angles are supplementary.",gemini
"Parallelogram Diagonals Theorem: If a quadrilateral is a parallelogram, then the diagonals bisect each other.",gemini
"To prove the first three theorems, one of the diagonals must be added to the figure and then the two triangles can be proved congruent.",gemini
"Proof of Opposite Sides Theorem
Given: ABCD is a parallelogram with diagonal BD
Prove: AB ∼= DC, AD ∼= BC
TABLE 6.4:
Statement | Reason
1. ABCD is a parallelogram with diagonal BD | Given
2. AB || DC, AD || BC | Definition of a parallelogram
3. ∠ABD ∼= ∠BDC, ∠ADB ∼= ∠DBC | Alternate Interior Angles Theorem
4. DB ∼= DB | Reflexive PoC
5. △ABD ∼= △CDB | ASA
6. AB ∼= DC, AD ∼= BC | CPCTC
The proof of the Opposite Angles Theorem is almost identical. For the last step, the angles are congruent by CPCTC. You will prove the other three theorems in the review questions.",gemini
"Example 1: ABCD is a parallelogram. If m∠A = 56◦, find the measure of the other three angles.
Solution: Draw a picture. When labeling the vertices, the letters are listed, in order, clockwise.
If m∠A = 56◦, then m∠C = 56◦ because they are opposite angles. ∠B and ∠D are consecutive angles with ∠A, so they are both supplementary to ∠A. m∠A + m∠B = 180◦, 56◦ + m∠B = 180◦, m∠B = 124◦. m∠D = 124◦.",gemini
"Example 2: Algebra Connection Find the values of x and y.
Solution: Opposite sides are congruent, so we can set each pair equal to each other and solve both equations.
6x−7 = 2x+9
4x = 16
x = 4

y^2 + 3 = 12
y^2 = 9
y = 3 or −3
Even though y = 3 or -3, lengths cannot be negative, so y = 3.",gemini
"Diagonals in a Parallelogram
From the Parallelogram Diagonals Theorem, we know that the diagonals of a parallelogram bisect each other.",gemini
"Example 3: Show that the diagonals of FGHJ bisect each other.
Solution: The easiest way to show this is to find the midpoint of each diagonal. If it is the same point, you know they intersect at each other’s midpoint and, by definition, cuts a line in half.
Midpoint of FH : ((-4+6)/2, (5-4)/2) = (1, 0.5)
Midpoint of GJ : ((3-1)/2, (3-2)/2) = (1, 0.5)",gemini
"Example 4: Algebra Connection SAND is a parallelogram and SY = 4x−11 and YN = x+10. Solve for x.
Solution: AD and SN bisect each other, so SY = YN.
4x−11 = x+10
3x = 21
x = 7",gemini
"Know What? Revisited By the Parallelogram Diagonals Theorem, the fountain is going to be 34 feet from either endpoint on the 68 foot diagonal and 25 feet from either endpoint on the 50 foot diagonal.",gemini
"Review Questions
1. If m∠B = 72◦ in parallelogram ABCD, find the other three angles.
2. If m∠S = 143◦ in parallelogram PQRS, find the other three angles.
3. If AB ⊥ BC in parallelogram ABCD, find the measure of all four angles.
4. If m∠F = x◦ in parallelogram EFGH, find expressions for the other three angles in terms of x.",gemini
"For questions 5-13, find the measures of the variable(s). All the figures below are parallelograms.",gemini
"Use the parallelogram WAVE to find:
14. m∠AWE
15. m∠ESV
16. m∠WEA
17. m∠AVW",gemini
"In the parallelogram SNOW, ST = 6, NW = 4, m∠OSW = 36◦, m∠SNW = 58◦ and m∠NTS = 80◦. (diagram is not drawn to scale)
18. SO
19. NT
20. m∠NWS
21. m∠SOW",gemini
"Plot the points E(−1,3), F(3,4), G(5,−1), H(1,−2) and use parallelogram EFGH for problems 22-25.
22. Find the coordinates of the point at which the diagonals intersect. How did you do this?
23. Find the slopes of all four sides. What do you notice?
24. Use the distance formula to find the lengths of all four sides. What do you notice?
25. Make a conjecture about how you might determine whether a quadrilateral in the coordinate is a parallelogram.",gemini
"Write a two-column proof.
26. Opposite Angles Theorem
Given: ABCD is a parallelogram with diagonal BD Prove: ∠A ∼= ∠C",gemini
"27. Parallelogram Diagonals Theorem
Given: ABCD is a parallelogram with diagonals BD and AC Prove: AE ∼= EC, DE ∼= EB",gemini
"28. Fill in the blanks for the proof of the Consecutive Angles Theorem
Given: ABCD is a parallelogram Prove: m∠1+m∠2 = 180◦
TABLE 6.5:
Statements | Reasons
1. | Given
2. m∠1 = m∠3 and ________ | 
3. m∠1+m∠2+m∠3+m∠4 = 360◦ | 
4. m∠1+m∠2+m∠1+m∠2 = 360◦ | 
5. 2(m∠1+m∠2) = 360◦ | 
6. | Division POE",gemini
"Use the diagram below to find the indicated lengths or angle measures for problems 29-32. The two quadrilaterals that share a side are parallelograms.
29. w
30. x
31. y
32. z",gemini
"6.3 Proving Quadrilaterals are Parallelograms
Learning Objectives
• Prove a quadrilateral is a parallelogram using the converses of the theorems from the previous section.
• Prove a quadrilateral is a parallelogram in the coordinate plane.",gemini
"Review Queue
1. Write the converses of: the Opposite Sides Theorem, Opposite Angles Theorem, Consecutive Angles Theorem and the Parallelogram Diagonals Theorem.
2. Are any of these converses true? If not, find a counterexample.
3. Plot the points A(2,2), B(4,−2), C(−2,−4), and D(−6,−2).
a. Find the slopes of AB, BC, CD, and AD. Is ABCD a parallelogram?
b. Find the point of intersection of the diagonals. Does this go along with what you found in part a?",gemini
"Know What? Four friends, Geo, Trig, Algie, and Calc are marking out a baseball diamond. Geo is standing at home plate. Trig is 90 feet away at 3rd base, Algie is 127.3 feet away at 2nd base, and Calc is 90 feet away at 1st base. The angle at home plate is 90◦, from 1st to 3rd is 90◦. Find the length of the other diagonal and determine if the baseball diamond is a parallelogram. If it is, what kind of parallelogram is it?",gemini
"Determining if a Quadrilateral is a Parallelogram
In the last section, we introduced the Opposite Sides Theorem, Opposite Angles Theorem, Consecutive Angles Theorem and the Parallelogram Diagonals Theorem. #1 in the Review Queue above, had you write the converses of each of these:",gemini
"Opposite Sides Theorem Converse: If the opposite sides of a quadrilateral are congruent, then the figure is a parallelogram.",gemini
"Opposite Angles Theorem Converse: If the opposite angles of a quadrilateral are congruent, then the figure is a parallelogram.",gemini
"Consecutive Angles Theorem Converse: If the consecutive angles of a quadrilateral are supplementary, then the figure is a parallelogram.",gemini
"Parallelogram Diagonals Theorem Converse: If the diagonals of a quadrilateral bisect each other, then the figure is a parallelogram.",gemini
"Are these converses true? The answer is yes. Each of these converses can be a way to show that a quadrilateral is a parallelogram. However, the Consecutive Angles Converse can be a bit tricky, considering you would have to show that each angle is supplementary to its neighbor (∠A and ∠B, ∠B and ∠C, ∠C and ∠D, and ∠A and ∠D). We will not use this converse.",gemini
"Proof of the Opposite Sides Theorem Converse
Given: AB ∼= DC, AD ∼= BC
Prove: ABCD is a parallelogram
TABLE 6.6:
Statement | Reason
1. AB ∼= DC, AD ∼= BC | Given
2. DB ∼= DB | Reflexive PoC
3. △ABD ∼= △CDB | SSS
4. ∠ABD ∼= ∠BDC, ∠ADB ∼= ∠DBC | CPCTC
5. AB || DC, AD || BC | Alternate Interior Angles Converse
6. ABCD is a parallelogram | Definition of a parallelogram",gemini
"Example 1: Write a two-column proof.
Given: AB || DC and AB ∼= DC
Prove: ABCD is a parallelogram
Solution:
TABLE 6.7:
Statement | Reason
1. AB || DC and AB ∼= DC | Given
2. ∠ABD ∼= ∠BDC | Alternate Interior Angles
3. DB ∼= DB | Reflexive PoC
4. △ABD ∼= △CDB | SAS
5. AD ∼= BC | CPCTC
6. ABCD is a parallelogram | Opposite Sides Converse

Example 1 proves an additional way to show that a quadrilateral is a parallelogram.
Theorem 5-10: If a quadrilateral has one set of parallel lines that are also congruent, then it is a parallelogram.",gemini
"Example 2: Is quadrilateral EFGH a parallelogram? How do you know?
Solution: For part a, the opposite angles are equal, so by the Opposite Angles Theorem Converse, EFGH is a parallelogram. In part b, the diagonals do not bisect each other, so EFGH is not a parallelogram.",gemini
"Example 3: Algebra Connection What value of x would make ABCD a parallelogram?
Solution: AB || DC from the markings. By Theorem 5-10, ABCD would be a parallelogram if AB = DC as well.
5x−8 = 2x+13
3x = 21
x = 7
In order for ABCD to be a parallelogram, x must equal 7.",gemini
"Showing a Quadrilateral is a Parallelogram in the Coordinate Plane
To show that a quadrilateral is a parallelogram in the x − y plane, you will need to use a combination of the slope formulas, the distance formula and the midpoint formula. For example, to use the Definition of a Parallelogram, you would need to find the slope of all four sides to see if the opposite sides are parallel. To use the Opposite Sides Converse, you would have to find the length (using the distance formula) of each side to see if the opposite sides are congruent. To use the Parallelogram Diagonals Converse, you would need to use the midpoint formula for each diagonal to see if the midpoint is the same for both. Finally, you can use Theorem 5-10 in the coordinate plane. To use this theorem, you would need to show that one pair of opposite sides has the same slope (slope formula) and the same length (distance formula).",gemini
"Example 4: Is the quadrilateral ABCD a parallelogram?
Solution: We have determined there are four different ways to show a quadrilateral is a parallelogram in the x −y plane. Let’s use Theorem 5-10. First, find the length of AB and CD.
AB = sqrt((-1-3)^2 + (5-3)^2) = sqrt((-4)^2 + 2^2) = sqrt(16+4) = sqrt(20)
CD = sqrt((2-6)^2 + (-2+4)^2) = sqrt((-4)^2 + 2^2) = sqrt(16+4) = sqrt(20)
AB = CD, so if the two lines have the same slope, ABCD is a parallelogram.
Slope AB = (5-3)/(-1-3) = 2/(-4) = -1/2
Slope CD = (-2+4)/(2-6) = 2/(-4) = -1/2
By Theorem 5-10, ABCD is a parallelogram.",gemini
"Example 5: Is the quadrilateral RSTU a parallelogram?
Solution: Let’s use the Parallelogram Diagonals Converse to determine if RSTU is a parallelogram. Find the midpoint of each diagonal.
Midpoint of RT = ((-4+3)/2, (3-4)/2) = (-0.5, -0.5)
Midpoint of SU = ((4-5)/2, (5-5)/2) = (-0.5, 0)
Because the midpoint is not the same, RSTU is not a parallelogram.",gemini
"Know What? Revisited First, we can use the Pythagorean Theorem to find the length of the second diagonal.
90^2 + 90^2 = d^2
8100 + 8100 = d^2
16200 = d^2
d = 127.3
This means that the diagonals are equal. If the diagonals are equal, the other two sides of the diamond are also 90 feet. Therefore, the baseball diamond is a parallelogram, and more specifically, it is a square.",gemini
"Review Questions
For questions 1-12, determine if the quadrilaterals are parallelograms. If they are, write a reason.",gemini
"For questions 13-15, determine the value of x and y that would make the quadrilateral a parallelogram.",gemini
"For questions 16-18, determine if ABCD is a parallelogram.
16. A(8,−1), B(6,5), C(−7,2), D(−5,−4)
17. A(−5,8), B(−2,9), C(3,4), D(0,3)
18. A(−2,6), B(4,−4), C(13,−7), D(4,−10)",gemini
"Write a two-column proof.
19. Opposite Angles Theorem Converse
Given: ∠A ≅ ∠C, ∠D ≅ ∠B Prove: ABCD is a parallelogram",gemini
"20. Parallelogram Diagonals Theorem Converse
Given: AE ≅ EC, DE ≅ EB Prove: ABCD is a parallelogram",gemini
"21. Given: ∠ADB ≅ ∠CBD, AD ≅ BC Prove: ABCD is a parallelogram",gemini
"Suppose that A(−2,3), B(3,3) and C(1,−3) are three of four vertices of a parallelogram.
22. Depending on where you choose to put point D, the name of the parallelogram you draw will change. Sketch a picture to show all possible parallelograms. How many can you draw?
23. If you know the parallelogram is named ABDC, what is the slope of side parallel to AC?
24. Again, assuming the parallelogram is named ABDC, what is the length of BD?
25. Find the points of intersection of the diagonals of the three parallelograms formed. Label them X in parallelogram ABCD, Y in parallelogram ADBC and Z in parallelogram ABDC.
26. Connect the points X, Y and Z to form a triangle. What do you notice about this triangle?",gemini
"The points Q(−1,1), U(7,1), A(1,7) and D(−1,5) are the vertices of quadrilateral QUAD. Plot the points on graph paper to complete problems 27-30.
27. Find the midpoints of sides QU, UA, AD and DQ. Label them W, X, Y and Z respectively.
28. Connect the midpoints to form quadrilateral WXYZ. What does this quadrilateral appear to be?
29. Use slopes to verify your answer to problem 29.
30. Use midpoints to verify your answer to problem 29.
31. This phenomenon occurs in all quadrilaterals. Describe how you might prove this fact. (Hint: each side of quadrilateral WXYZ is a midsegment in a triangle formed by two sides of the parallelogram and a diagonal.)",gemini
"Review Queue
1. Define rectangle in your own words. Is a rectangle a parallelogram?
2. Define square in your own words. Is a square a parallelogram? Is it a rectangle?
3. List five examples where you might see a square, rectangle, or rhombus in real life.",gemini
Know What? You are designing a patio for you backyard. You decide to mark it off using your tape measure. Two sides are 21 feet long and two sides are 28 feet long. Explain how you would only use the tape measure to make your patio a rectangle.,gemini
"Defining Special Parallelograms
Rectangles, Rhombuses (the plural is also Rhombi) and Squares are all more specific versions of parallelograms, also called special parallelograms. Taking the theorems we learned in the previous two sections, we have three more new theorems.
Rectangle Theorem: A quadrilateral is a rectangle if and only if it has four right (congruent) angles.
Rhombus Theorem: A quadrilateral is a rhombus if and only if it has four congruent sides.",gemini
"Square Theorem: A quadrilateral is a square if and only if it has four right angles and four congruent sides.
From the Square Theorem, we can also conclude that a square is a rectangle and a rhombus.",gemini
"Example 1: What type of parallelogram are the ones below?
a)
b)
Solution:
a) All sides are congruent and one angle is 135°, meaning that the angles are not congruent. By the Rhombus Theorem, this is a rhombus.
b) This quadrilateral has four congruent angles and all the sides are not congruent. By the Rectangle Theorem, this is a rectangle.",gemini
"Example 2: Is a rhombus SOMETIMES, ALWAYS, or NEVER a square? Explain your reasoning.
Solution: A rhombus has four congruent sides, while a square has four congruent sides and angles. Therefore, a rhombus is only a square when it also has congruent angles. So, a rhombus is SOMETIMES a square.",gemini
"Diagonals in Special Parallelograms
Recall from previous lessons that the diagonals in a parallelogram bisect each other. Therefore, the diagonals of a rectangle, square and rhombus also bisect each other. The diagonals of these parallelograms also have additional properties.",gemini
"Investigation 6-3: Drawing a Rectangle
Tools Needed: pencil, paper, protractor, ruler
1. Like with Investigation 6-2, draw two lines on either side of your ruler, to ensure they are parallel. Make these lines 3 inches long.
2. Remove the ruler and mark two 90° angles, 2.5 inches apart on the bottom line drawn in Step 1. Then, draw the angles to intersect the top line. This will ensure that all four angles are 90°. Depending on your ruler, the sides should be 2.5 inches and 1 inch.
3. Draw in the diagonals and measure them. What do you discover?",gemini
"Theorem 6-14: A parallelogram is a rectangle if and only if the diagonals are congruent.
Notice, we did not say any quadrilateral. There are quadrilaterals that have congruent diagonals and are not parallelograms.",gemini
"Investigation 6-4: Drawing a Rhombus
Tools Needed: pencil, paper, protractor, ruler
1. Like with Investigation 6-2 and 6-3, draw two lines on either side of your ruler, to ensure they are parallel. Make these lines 3 inches long.
2. Remove the ruler and mark a 50° angle, at the left end of the bottom line drawn in Step 1. Draw the other side of the angle and make sure it intersects the top line. Measure the length of this side.
3. The measure of the diagonal (red) side should be about 1.3 inches (if your ruler is 1 inch wide). Mark this length on the bottom line and the top line from the point of intersection with the 50° angle. Draw in the fourth side. It will connect the two endpoints of these lengths.
4. By the way we drew this parallelogram; it is a rhombus because all four sides are 1.3 inches long. Draw in the diagonals.
Measure the angles created by the diagonals: the angles at their point of intersection and the angles created by the sides and each diagonal. You should find the measure of 12 angles total. What do you discover?",gemini
"Theorem 6-15: A parallelogram is a rhombus if and only if the diagonals are perpendicular.
Theorem 6-16: A parallelogram is a rhombus if and only if the diagonals bisect each angle.
There are no theorems about the diagonals of a square. We know that a square is a rhombus and a rectangle. So, the diagonals of a square have the properties of a rhombus and a rectangle.",gemini
"Example 3: List everything you know about the square SQRE.
Solution: A square has all the properties of a parallelogram, rectangle and rhombus.
TABLE 6.8:
Properties of Parallelograms:
• SQ || ER
• SE || QR
• SQ ≅ ER
• SE ≅ QR
• SA ≅ AR
• QA ≅ AE
• ∠SER ≅ ∠SQR
• ∠QSE ≅ ∠QRE
Properties of Rhombuses:
• SQ ≅ ER ≅ SE ≅ QR
• SR ⊥ QE
• ∠SEQ ≅ ∠QER ≅ ∠SQE ≅ ∠EQR
• ∠QSR ≅ ∠RSE ≅ ∠QRS ≅ ∠SRE
Properties of Rectangles:
• ∠SER ≅ ∠SQR ≅ ∠QSE ≅ ∠QRE
• SR ≅ QE
• SA ≅ AR ≅ QA ≅ AE",gemini
"Parallelograms in the Coordinate Plane
Example 4: Determine what type of parallelogram TUNE is: T(0,10), U(4,2), N(−2,−1), and E(−6,7).
Solution: First, let’s double-check and make sure the diagonals bisect each other.
Midpoint of EU = ((-6+4)/2, (7+2)/2) = (−1,4.5)
Midpoint of TN = ((0-2)/2, (10-1)/2) = (−1,4.5)
Now, let’s see if the diagonals are equal. If they are, then TUNE is a rectangle.
EU = √((-6−4)^2 + (7−2)^2) = √((-10)^2 + 5^2) = √(100+25) = √125
TN = √((0+2)^2 + (10+1)^2) = √(2^2 + 11^2) = √(4+121) = √125
If the diagonals are perpendicular, then TUNE is a square.
Slope of EU = (7−2)/(-6−4) = -5/10 = -1/2
Slope of TN = (10+1)/(0+2) = 11/2
The slope of EU is not the opposite reciprocal of the slope of TN, so we can conclude that TUNE is not a square, it is a rectangle.",gemini
"Here are the steps to determine if a quadrilateral is a parallelogram, rectangle, rhombus, or square.
1. See if the diagonals bisect each other by using the midpoint formula.
Yes: Parallelogram, continue to #2. No: A quadrilateral, done.
2. Determine if the diagonals are equal by using the distance formula.
Yes: Rectangle, skip to #4. No: Could be a rhombus, continue to #3.
3. Determine if the sides are congruent by using the distance formula.
Yes: Rhombus, done. No: Parallelogram, done.
4. See if the diagonals are perpendicular by finding their slopes.
Yes: Square, done. No: Rectangle, done.
NOTE: This is just one list of steps to take to determine what type of parallelogram a quadrilateral is. There are several other steps that you could take based on the theorems we have learned.",gemini
"Know What? Revisited In order for the patio to be a rectangle, first the opposite sides must be congruent. So, two sides are 21ft and two are 28 ft. To ensure that the parallelogram is a rectangle without measuring the angles, the diagonals must be equal. You can find the length of the diagonals by using the Pythagorean Theorem.
d^2 = 21^2 + 28^2 = 441 + 784 = 1225
d = √1225 = 35 ft",gemini
"Review Questions
1. RACE is a rectangle. Find:
a. RG
b. AE
c. AC
d. EC
e. m∠RAC",gemini
"2. DIAM is a rhombus. Find:
a. MA
b. MI
c. DA
d. m∠DIA
e. m∠MOA",gemini
"3. Draw a square and label it CUBE. Mark the point of intersection of the diagonals Y. Find:
a. m∠UCE
b. m∠EYB
c. m∠UBY
d. m∠UEB",gemini
"For questions 4-12, determine if the quadrilateral is a parallelogram, rectangle, rhombus, square or none. Explain your reasoning.",gemini
"For questions 13-18 determine if the following are ALWAYS, SOMETIME, or NEVER true. Explain your reasoning.
13. A rectangle is a rhombus.
14. A square is a parallelogram.
15. A parallelogram is regular.
16. A square is a rectangle.
17. A rhombus is equiangular.
18. A quadrilateral is a pentagon.",gemini
"For questions 19-22, determine what type of quadrilateral ABCD is.
19. A(−2,4), B(−1,2), C(−3,1), D(−4,3)
20. A(−2,3), B(3,4), C(2,−1), D(−3,−2)
21. A(1,−1), B(7,1), C(8,−2), D(2,−4)
22. A(10,4), B(8,−2), C(2,2), D(4,8)",gemini
"23. Writing From 19-22, you used the coordinate plane to determine what type of quadrilateral ABCD is. Other than the method described in this section, describe another way to determine if ABCD is a square.",gemini
"For problems 24-26, find the value of each variable in the figures.",gemini
"27. Given: ABCD is a rectangle W, X, Y and Z are midpoints of BC, AB, AD and CD respectively Prove: quadrilateral WXYZ is a rhombus
TABLE 6.9:
Statements | Reasons
7. ABCD is a rectangle | 1. Given
8. BW ≅ WC, ____, ____, ____ | 2. Definition of a midpoint
9. BD = AC | 3.
10. XY is a midsegment in ΔABD, _______, _______, _______ | 4. Definition of a midsegment in a triangle
11. XY = 1/2 BD = WZ and _______ | 5. Midsegment in a triangle is half the length of the parallel side.
12. 1/2 BD = 1/2 AC | 6.
13. XY = WZ = YZ = XW | 7.
14. WXYZ is a rhombus | 8.",gemini
"28. Explain why a quadrilateral formed by the segments connecting the midpoints of the sides in a rhombus is always a rectangle.
29. Explain why a quadrilateral formed by the segments connecting the midpoints of the sides in a square is always a square.
30. Construct a rhombus with diagonals of lengths 2 inches and 1.5 inches.
31. Construct a rectangle with diagonal length inches.",gemini
"Review Queue
1. Draw a quadrilateral with one set of parallel lines.
2. Draw a quadrilateral with one set of parallel lines and two right angles.
3. Draw a quadrilateral with one set of parallel lines and two congruent sides.
4. Draw a quadrilateral with one set of parallel lines and three congruent sides.
5. Draw a quadrilateral with two sets of congruent sides and no parallel sides.",gemini
"Know What? A traditional kite, seen at the right, is made by placing two pieces of wood perpendicular to each other and one piece of wood is bisected by the other. The typical dimensions are included in the picture. If you have two pieces of wood, 36 inches and 54 inches, determine the values of x and 2x. Then, determine how large a piece of canvas you would need to make the kite (find the perimeter of the kite).",gemini
"Trapezoids
Unlike parallelograms, trapezoids have only one set of parallel lines. The other two sides have no restrictions.
Trapezoid: A quadrilateral with exactly one pair of parallel sides.",gemini
"Isosceles Trapezoid: A trapezoid where the non-parallel sides are congruent.
The third trapezoid above is an example of an isosceles trapezoid. Think of it as an isosceles triangle with the top cut off. Isosceles trapezoids also have parts that are labeled much like an isosceles triangle. Both parallel sides are called bases.",gemini
"Isosceles Trapezoids
Previously, we introduced the Base Angles Theorem with isosceles triangles. The theorem states that in an isosceles triangle, the two base angles are congruent. This property holds true for isosceles trapezoids. The two angles along the same base in an isosceles trapezoid will also be congruent. This creates two pairs of congruent angles.
Theorem 6-17: The base angles of an isosceles trapezoid are congruent.",gemini
"Example 1: Look at trapezoid TRAP below. What is m∠A?
Solution: TRAP is an isosceles trapezoid. So, m∠R = 115°, by Theorem 6-17. To find m∠A, set up an equation.
115° + 115° + m∠A + m∠P = 360°
230° + 2m∠A = 360° → m∠A = m∠P
2m∠A = 130°
m∠A = 65°
Notice that m∠R + m∠A = 115° + 65° = 180°. These angles will always be supplementary because of the Consecutive Interior Angles Theorem from Chapter 3. Therefore, the two angles along the same leg (or non-parallel side) are always going to be supplementary. Only in isosceles trapezoids will opposite angles also be supplementary.",gemini
"Example 2: Write a two-column proof.
Given: Trapezoid ZOID and parallelogram ZOIM
∠D ≅ ∠I
Prove: ZD ≅ OI
Solution:
TABLE 6.10:
Statement | Reason
1. Trapezoid ZOID and parallelogram ZOIM, ∠D ≅ ∠I | Given
2. ZM ≅ OI | Opposite Sides Theorem
3. ∠I ≅ ∠ZMD | Corresponding Angles Postulate
4. ∠D ≅ ∠ZMD | Transitive PoC
5. ZM ≅ ZD | Base Angles Converse
6. ZD ≅ OI | Transitive PoC
In this example we proved the converse of Theorem 6-17.
Theorem 6-17 Converse: If a trapezoid has congruent base angles, then it is an isosceles trapezoid.",gemini
"Next, we will investigate the diagonals of an isosceles triangle. Recall, that the diagonals of a rectangle are congruent AND they bisect each other. The diagonals of an isosceles trapezoid are also congruent, but they do NOT bisect each other.
Isosceles Trapezoid Diagonals Theorem: The diagonals of an isosceles trapezoid are congruent.",gemini
"Example 3: Show TA = RP.
Solution: This is an example of a coordinate proof. Here, we will use the distance formula to show that TA = RP, but with letters instead of numbers for the coordinates.
TA = √((x−d)^2 + (0−y)^2) = √((x−d)^2 + (−y)^2) = √((x−d)^2 + y^2)
RP = √((x−d−0)^2 + (y−0)^2) = √((x−d)^2 + y^2)
Notice that we end up with the same thing for both diagonals. This means that the diagonals are equal and we have proved the theorem.",gemini
"Midsegment of a Trapezoid
Midsegment (of a trapezoid): A line segment that connects the midpoints of the non-parallel sides.
There is only one midsegment in a trapezoid. It will be parallel to the bases because it is located halfway between them. Similar to the midsegment in a triangle, where it is half the length of the side it is parallel to, the midsegment of a trapezoid also has a link to the bases.",gemini
"Investigation 6-5: Midsegment Property
Tools Needed: graph paper, pencil, ruler
1. Draw a trapezoid on your graph paper with vertices A(−1,5), B(2,5), C(6,1) and D(−3,1). Notice this is NOT an isosceles trapezoid.
2. Find the midpoint of the non-parallel sides either by using slopes or the midpoint formula. Label them E and F. Connect the midpoints to create the midsegment.
3. Find the lengths of AB, EF, and CD. Can you write a formula to find the midsegment?
Midsegment Theorem: The length of the midsegment of a trapezoid is the average of the lengths of the bases, or EF = (AB+CD)/2.",gemini
"Example 4: Algebra Connection Find x. All figures are trapezoids with the midsegment.
Solution:
a) x is the average of 12 and 26. (12+26)/2 = 38/2 = 19
b) 24 is the average of x and 35.
(x+35)/2 = 24
x+35 = 48
x = 13
c) 20 is the average of 5x−15 and 2x−8.
(5x−15+2x−8)/2 = 20
7x−23 = 40
7x = 63
x = 9",gemini
"Kites
The last quadrilateral we will study is a kite. Like you might think, it looks like a traditional kite that is flown in the air.
Kite: A quadrilateral with two sets of adjacent congruent sides.",gemini
"From the definition, a kite is the only quadrilateral that we have discussed that could be concave, as with the case of the last kite. If a kite is concave, it is called a dart.
The angles between the congruent sides are called vertex angles. The other angles are called non-vertex angles. If we draw the diagonal through the vertex angles, we would have two congruent triangles.",gemini
"Given: KITE with KE ≅ TE and KI ≅ TI
Prove: ∠K ≅ ∠T
TABLE 6.11:
Statement | Reason
1. KE ≅ TE and KI ≅ TI | Given
2. EI ≅ EI | Reflexive PoC
3. ΔEKI ≅ ΔETI | SSS
4. ∠K ≅ ∠T | CPCTC
Theorem 6-21: The non-vertex angles of a kite are congruent.
Theorem 6-22: The diagonal through the vertex angles is the angle bisector for both angles.",gemini
"The proof of Theorem 6-22 is very similar to the proof above for Theorem 6-21. If we draw in the other diagonal in KITE we find that the two diagonals are perpendicular.
Kite Diagonals Theorem: The diagonals of a kite are perpendicular.
To prove that the diagonals are perpendicular, look at ΔKET and ΔKIT. Both of these triangles are isosceles triangles, which means EI is the perpendicular bisector of KT (the Isosceles Triangle Theorem, Chapter 4). Use this information to help you prove the diagonals are perpendicular in the review questions.",gemini
"Example 5: Find the other two angle measures in the kites below.
Solution:
a) The two angles left are the non-vertex angles, which are congruent.
130° + 60° + x + x = 360°
2x = 170°
x = 85° Both angles are 85°.
b) The other non-vertex angle is also 94°. To find the fourth angle, subtract the other three angles from 360°.
90° + 94° + 94° + x = 360°
x = 82°
Be careful with the definition of a kite. The congruent pairs are distinct. This means that a rhombus and square cannot be a kite.",gemini
"Example 6: Use the Pythagorean Theorem to find the length of the sides of the kite.
Solution: Recall that the Pythagorean Theorem is a^2 + b^2 = c^2, where c is the hypotenuse. In this kite, the sides are all hypotenuses.
6^2 + 5^2 = h^2
36 + 25 = h^2
61 = h^2
√61 = h
12^2 + 5^2 = j^2
144 + 25 = j^2
169 = j^2
13 = j",gemini
"Kites and Trapezoids in the Coordinate Plane
Example 7: Determine what type of quadrilateral RSTV is. Simplify all radicals.
Solution: There are two directions you could take here. First, you could determine if the diagonals bisect each other. If they do, then it is a parallelogram and you could proceed like the previous section. Or, you could find the lengths of all the sides. Let’s do this option.
RS = √((-5−2)^2 + (7−6)^2) = √((-7)^2 + 1^2) = √50 = 5√2
ST = √((2−5)^2 + (6−(-3))^2) = √((-3)^2 + 9^2) = √90 = 3√10
RV = √((-5−(-4))^2 + (7−0)^2) = √((-1)^2 + 7^2) = √50 = 5√2
VT = √((-4−5)^2 + (0−(-3))^2) = √((-9)^2 + 3^2) = √90 = 3√10
From this we see that the adjacent sides are congruent. Therefore, RSTV is a kite.
Algebra Review: From now on, this text will ask you to “simplify the radical.” From Algebra, this means that you pull all square numbers (1, 4, 9, 16, 25, ...) out of the radical. Above √50 = √(25 · 2). We know √25 = 5, so √50 = √(25 · 2) = 5√2.",gemini
"Hint: If you are only given a set of points when determining what type of quadrilateral a figure is, always plot the points and graph. The visual will help you decide which direction to go.
Example 8: Determine what type of quadrilateral ABCD is. A(−3,3), B(1,5), C(4,−1), D(1,−5). Simplify all radicals.
Solution: First, graph ABCD. This will make it easier to figure out what type of quadrilateral it is. From the graph, we can tell this is not a parallelogram. Find the slopes of BC and AD to see if they are parallel.
Slope of BC = (5−(-1))/(1−4) = 6/(-3) = −2
Slope of AD = (3−(-5))/(-3−1) = 8/(-4) = −2
We now know BC || AD. This is a trapezoid. To determine if it is an isosceles trapezoid, find AB and CD.
AB = √((-3−1)^2 + (3−5)^2) = √((-4)^2 + (-2)^2) = √20 = 2√5
CD = √((4−1)^2 + (-1−(-5))^2) = √(3^2 + 4^2) = √25 = 5
AB ≠ CD, therefore this is only a trapezoid.",gemini
"Example 9: Determine what type of quadrilateral EFGH is.
E(5,−1), F(11,−3), G(5,−5), H(−1,−3)
Solution: To contrast with Example 8, we will not graph this example. Let’s find the length of all four sides.
EF = √((5−11)^2 + (-1−(-3))^2) = √((-6)^2 + 2^2) = √40 = 2√10
FG = √((11−5)^2 + (-3−(-5))^2) = √(6^2 + 2^2) = √40 = 2√10
GH = √((5−(-1))^2 + (-5−(-3))^2) = √(6^2 + (-2)^2) = √40 = 2√10
HE = √((-1−5)^2 + (-3−(-1))^2) = √((-6)^2 + (-2)^2) = √40 = 2√10
All four sides are equal. That means, this quadrilateral is either a rhombus or a square. The difference between the two is that a square has four 90° angles and congruent diagonals. Let’s find the length of the diagonals.
EG = √((5−5)^2 + (-1−(-5))^2) = √(0^2 + 4^2) = √16 = 4
FH = √((11−(-1))^2 + (-3−(-3))^2) = √(12^2 + 0^2) = √144 = 12
The diagonals are not congruent, so EFGH is a rhombus.",gemini
"Know What? Revisited If the diagonals (pieces of wood) are 36 inches and 54 inches, x is half of 36, or 18 inches. Then, 2x is 36. To determine how large a piece of canvas to get, find the length of each side of the kite using the Pythagorean Theorem.
18^2 + 18^2 = s^2
324 = s^2
18√2 ≈ 25.5 ≈ s
18^2 + 36^2 = t^2
1620 = t^2
18√5 ≈ 40.25 ≈ t
The perimeter of the kite would be 25.5 + 25.5 + 40.25 + 40.25 = 131.5 inches or 11 ft, 10.5 in.",gemini
"Review Questions
1. TRAP an isosceles trapezoid. Find:
a. m∠TPA
b. m∠PTR
c. m∠ZRA
d. m∠PZA",gemini
"2. KITE is a kite. Find:
a. m∠ETS
b. m∠KIT
c. m∠IST
d. m∠SIT
e. m∠ETI",gemini
"3. Writing Can the parallel sides of a trapezoid be congruent? Why or why not?
4. Writing Besides a kite and a rhombus, can you find another quadrilateral with perpendicular diagonals? Explain and draw a picture.
5. Writing Describe how you would draw or construct a kite.",gemini
"For questions 6-11, find the length of the midsegment or missing side.",gemini
"Algebra Connection For questions 12-17, find the value of the missing variable(s). Simplify all radicals.",gemini
"For questions 18-25, determine what type of quadrilateral ABCD is. ABCD could be any quadrilateral that we have learned in this chapter. If it is none of these, write none.

18. A(1,−2), B(7,−5), C(4,−8), D(−2,−5)
19. A(6,6), B(10,8), C(12,4), D(8,2)
20. A(−1,8), B(1,4), C(−5,−4), D(−5,6)
21. A(5,−1), B(9,−4), C(6,−10), D(3,−5)
22. A(−2,2), B(0,1), C(2,2), D(1,5)
23. A(−7,4), B(−4,4), C(0,0), D(0,−3)
24. A(3,3), B(5,−1), C(7,0), D(5,4)
25. A(−4,4), B(−1,2), C(2,4), D(−1,6)",gemini
26. Write a two-column proof of Theorem 6-22. Given: KE ≅ TE and KI ≅ TI Prove: EI is the angle bisector of ∠KET and ∠KIT,gemini
"27. Write a two-column proof of the Kite Diagonal Theorem. Given: EK ≅ ET, KI ≅ TI Prove: KT ⊥ EI
* Use the hint given earlier in this section.",gemini
28. Write a two-column proof of the Isosceles Trapezoid Diagonals Theorem using congruent triangles. Given: TRAP is an isosceles trapezoid with TR || AP. Prove: TA ≅ RP,gemini
29. Explain why the segments connecting the midpoints of the consecutive sides in a kite will always form a rectangle.,gemini
30. Explain why the segments connecting the midpoints of the consecutive sides in an isosceles trapezoid will always form a rhombus.,gemini
"6.6 Chapter 6 Review

Keywords and Theorems
• Polygon Sum Formula
• Equiangular Polygon Formula
• Regular Polygon
• Exterior Angle Sum Theorem
• Parallelogram
• Opposite Sides Theorem
• Opposite Angles Theorem
• Consecutive Angles Theorem
• Parallelogram Diagonals Theorem
• Opposite Sides Theorem Converse
• Opposite Angles Theorem Converse
• Consecutive Angles Theorem Converse
• Parallelogram Diagonals Theorem Converse
• Theorem 6-10
• Rectangle Theorem
• Rhombus Theorem
• Square Theorem
• Theorem 6-14
• Theorem 6-15
• Theorem 6-16
• Trapezoid
• Isosceles Trapezoid
• Theorem 6-17
• Theorem 6-17 Converse
• Isosceles Trapezoid Diagonals Theorem
• Midsegment (of a trapezoid)
• Midsegment Theorem
• Kite
• Theorem 6-21
• Theorem 6-22
• Kite Diagonals Theorem",gemini
"Quadrilateral Flow Chart
Fill in the flow chart according to what you know about the quadrilaterals we have learned in this chapter.",gemini
"Sometimes, Always, Never
Determine if the following statements are sometimes, always or never true.
1. A trapezoid is a kite.
2. A square is a parallelogram.
3. An isosceles trapezoid is a quadrilateral.
4. A rhombus is a square.
5. A parallelogram is a square.
6. A square is a kite.
7. A square is a rectangle.
8. A quadrilateral is a rhombus.",gemini
"Table Summary
Determine if each quadrilateral has the given properties. If so, write yes or state how many sides (or angles) are congruent, parallel, or perpendicular.

TABLE 6.12:
Trapezoid
Isosceles Trapezoid
Kite
Parallelogram
Rectangle
Rhombus
Square",gemini
Find the measure of all the lettered angles below. The bottom angle in the pentagon (at the bottom of the drawing) is 138°.,gemini
"Texas Instruments Resources
In the CK-12 Texas Instruments Geometry FlexBook® resource, there are graphing calculator activities designed to supplement the objectives for some of the lessons in this chapter. See http://www.ck12.org/flexr/chapter/9691 .",gemini
"In this chapter, we will start with a review of ratios and proportions. Second, we will introduce the concept of similarity. Two figures are similar if they have the same shape, but not the same size. We will apply similarity to polygons, quadrilaterals and triangles. Then, we will extend this concept to proportionality with parallel lines and dilations. Finally, there is an extension about self-similarity, or fractals, at the end of the chapter.",gemini
"7.1 Ratios and Proportions
Learning Objectives
• Write, simplify, and solve ratios and proportions.
• Use ratios and proportions in problem solving.",gemini
"Review Queue
1. Are the two triangles congruent? If so, how do you know?
2. If AC = 5, what is GI? What is the reason?
3. How many inches are in a foot? In a yard? In 3 yards?
4. How many cups are in a pint? In a quart? In a gallon? In 7 quarts?",gemini
"Know What? You want to make a scale drawing of your room and furniture for a little redecorating. Your room measures 12 feet by 12 feet. Also in your room is a twin bed (36 in by 75 in), a desk (4 feet by 2 feet), and a chair (3 feet by 3 feet). You decide to scale down your room to 8 in by 8 in, so the drawing fits on a piece of paper. What size should the bed, desk and chair be? Draw an appropriate layout for the furniture within the room. Do not round your answers.",gemini
"Using Ratios
Ratio: A way to compare two numbers. Ratios can be written: a/b, a : b, and a to b.",gemini
"Example 1: The total bagel sales at a bagel shop for Monday is in the table below. What is the ratio of cinnamon raisin bagels to plain bagels?

TABLE 7.1:
Type of Bagel | Number Sold
Plain | 80
Cinnamon Raisin | 30
Sesame | 25
Jalapeno Cheddar | 20
Everything | 45
Honey Wheat | 50

Solution: The ratio is 30/80, 30:80, or 30 to 80. Depending on the problem, ratios are usually written in simplest form, which means to reduce the ratio. The answer is then 3/8, 3:8, or 3 to 8.",gemini
"Example 2: What is the ratio, in simplest form, of Honey Wheat bagels to total bagels sold?

Solution: Remember that order matters. Because the Honey Wheat is listed first, that is the number that comes first in the ratio (on in the numerator of the fraction). Find the total number of bagels sold.
80+30+25+20+45+50 = 250
The ratio is then 50/250 = 1/5, 1:5, or 1 to 5.
We call the ratio 50:250 and 1:5 equivalent because one reduces to the other.",gemini
"In some problems you may need to write a ratio of more than two numbers. For example, the ratio of the number of cinnamon raisin bagels to sesame bagels to jalapeno cheddar bagels is 30:25:20 or 6:5:4.",gemini
"Measurements are used a lot with ratios and proportions. For example, how many feet are in 2 miles? How many inches are in 4 feet? You will need to know these basic measurements.",gemini
"Example 3: Simplify the following ratios.
a) 7 ft / 14 in
b) 9m : 900cm
c) 4 gal / 16 gal

Solution: Change these so that they are in the same units.
a) 7 ft / 14 in · 12 in / 1 ft = 84 / 14 = 6 / 1
Notice that the inches cancel each other out. All ratios should not have units once simplified.
b) It is easier to simplify ratios when they are written as a fraction. 9 m / 900 cm · 100 cm / 1 m = 900 / 900 = 1 / 1
c) 4 gal / 16 gal = 1 / 4",gemini
"Example 4: A talent show features dancers and singers. The ratio of dancers to singers is 3:2. There are 30 performers total, how many singers are there?

Solution: 3:2 is a reduced ratio, so there is a whole number, n, that we can multiply both by to find the total number in each group.
dancers = 3n, singers = 2n −→ 3n+2n = 30
5n = 30
n = 6
Therefore, there are 3 · 6 = 18 dancers and 2 · 6 = 12 singers. To double-check, 18+12 = 30 total performers.",gemini
"Proportions
Proportion: When two ratios are set equal to each other.",gemini
"Example 4: Solve the proportions.
a) 4/5 = x/30
b) (y+1)/8 = 5/20
c) 6/5 = (2x+5)/(x-2)

Solution: To solve a proportion, you need to cross-multiply.
a) 4/5 = x/30
4 · 30 = 5 · x
120 = 5x
24 = x

b) (y+1)/8 = 5/20
(y+1) · 20 = 5 · 8
20y + 20 = 40
20y = 20
y = 1

c) 6/5 = (2x+4)/(x-2)
6 · (x-2) = 5 · (2x+4)
6x - 12 = 10x + 20
-32 = 4x
-8 = x",gemini
"In proportions, the blue numbers are called the means and the orange numbers are called the extremes. For the proportion to be true, the product of the means must equal the product of the extremes. This can be generalized in the Cross-Multiplication Theorem.",gemini
"Cross-Multiplication Theorem: Let a, b, c, and d be real numbers, with b ≠ 0 and d ≠ 0. If a/b = c/d, then ad = bc.",gemini
"The proof of the Cross-Multiplication Theorem is an algebraic proof. Recall that multiplying by 2/2, b/b, or d/d = 1 because it is the same number divided by itself (b ÷ b = 1).

Proof of the Cross-Multiplication Theorem
a/b = c/d
Multiply the left side by d/d and the right side by b/b.
a/b · d/d = c/d · b/b
ad/bd = bc/bd
The denominators are the same, so the numerators are equal.
ad = bc",gemini
"Think of the Cross-Multiplication Theorem as a shortcut. Without this theorem, you would have to go through all of these steps every time to solve a proportion.",gemini
"Example 5: Your parents have an architect’s drawing of their home. On the paper, the house’s dimensions are 36 in by 30 in. If the shorter length of your parents’ house is actually 50 feet, what is the longer length?

Solution: Set up a proportion. If the shorter length is 50 feet, then it will line up with 30 in. It does not matter which numbers you put in the numerators of the fractions, as long as they line up correctly.
30/36 = 50/x −→ 1800 = 30x
60 = x
So, the dimension of your parents’ house is 50 ft by 60 ft.",gemini
"Properties of Proportions
The Cross-Multiplication Theorem has several sub-theorems that follow from its proof. The formal term is corollary.

Corollary: A theorem that follows quickly, easily, and directly from another theorem.

Below are three corollaries that are immediate results of the Cross Multiplication Theorem and the fundamental laws of algebra.

Corollary 7-1: If a,b, c, and d are nonzero and a/b = c/d, then a/c = b/d.
Corollary 7-2: If a,b, c, and d are nonzero and a/b = c/d, then d/b = c/a.
Corollary 7-3: If a,b, c, and d are nonzero and a/b = c/d, then b/a = d/c.

In other words, a true proportion is also true if you switch the means, switch the extremes, or flip it upside down. Notice that you will still end up with ad = bc after cross-multiplying for all three of these corollaries.",gemini
"Example 6: Suppose we have the proportion 2/5 = 14/35. Write down the other three true proportions that follow from this one.

Solution: First of all, we know this is a true proportion because you would multiply 2/5 by 7/7 to get 14/35. Using the three corollaries, we would get:
1. 2/14 = 5/35
2. 35/5 = 14/2
3. 5/2 = 35/14
If you cross-multiply all four of these proportions, you would get 70 = 70 for each one.",gemini
"Corollary 7-4: If a,b, c, and d are nonzero and a/b = c/d, then (a+b)/b = (c+d)/d.
Corollary 7-5: If a,b, c, and d are nonzero and a/b = c/d, then (a-b)/b = (c-d)/d.",gemini
"Example 7: In the picture, AB/XY = BC/YZ = AC/XZ. Find the measures of AC and XY.

Solution: This is an example of an extended proportion. Substituting in the numbers for the sides we know, we have 4/XY = 3/9 = AC/15. Separate this into two different proportions and solve for XY and AC.

4/XY = 3/9
36 = 3(XY)
XY = 12

3/9 = AC/15
9(AC) = 45
AC = 5",gemini
"Example 8: In the picture, ED/AD = BC/AC. Find y.

Solution: Substituting in the numbers for the sides we know, we have 6/y = 8/(12+8). −→ 8y = 6(20)
y = 15",gemini
"Example 9: If AB/BE = AC/CD in the picture above, find BE.

Solution:
12/BE = 20/25 −→ 20(BE) = 12(25)
BE = 15",gemini
"Know What? Revisited Everything needs to be scaled down by a factor of 1/18 (144 in ÷ 8 in). Change everything into inches and then multiply by the scale factor.

Bed: 36 in by 75 in −→ 2 in by 4.167 in
Desk: 48 in by 24 in −→ 2.67 in by 1.33 in
Chair: 36 in by 36 in −→ 2 in by 2 in

There are several layout options for these three pieces of furniture. Draw an 8 in by 8 in square and then the appropriate rectangles for the furniture. Then, cut out the rectangles and place inside the square.",gemini
"Review Questions
1. The votes for president in a club election were: Smith : 24 Munoz : 32 Park : 20 Find the following ratios and write in simplest form.
a. Votes for Munoz to Smith
b. Votes for Park to Munoz
c. Votes for Smith to total votes
d. Votes for Smith to Munoz to Park",gemini
"Use the picture to write the following ratios for questions 2-6.
AEFD is a square
ABCD is a rectangle
2. AE : EF
3. EB : AB
4. DF : FC
5. EF : BC
6. Perimeter ABCD: Perimeter AEFD: Perimeter EBCF",gemini
7. The measures of the angles of a triangle are have the ratio 3:3:4. What are the measures of the angles?,gemini
8. The lengths of the sides in a triangle are in a 3:4:5 ratio. The perimeter of the triangle is 36. What are the lengths of the sides?,gemini
9. The length and width of a rectangle are in a 3:5 ratio. The perimeter of the rectangle is 64. What are the length and width?,gemini
10. The length and width of a rectangle are in a 4:7 ratio. The perimeter of the rectangle is 352. What are the length and width?,gemini
11. The ratio of the short side to the long side in a parallelogram is 5:9. The perimeter of the parallelogram is 112. What are the lengths of the sides?,gemini
12. The length and width of a rectangle are in a 3:11 ratio. The area of the rectangle is 528. What are the length and width of the rectangle?,gemini
13. Writing Explain why (a+b)/b = (c+d)/d is a valid proportion. HINT: Cross-multiply and see if it equals ad = bc.,gemini
14. Writing Explain why (a-b)/b = (c-d)/d is a valid proportion. HINT: Cross-multiply and see if it equals ad = bc.,gemini
"Solve each proportion.
15. x/10 = 42/35
16. x/(x-2) = 5/7
17. 6/9 = y/24
18. x/9 = 16/x
19. (y-3)/8 = (y+6)/5
20. 20/(z+5) = 16/7",gemini
"21. Shawna drove 245 miles and used 8.2 gallons of gas. At the same rate, if she drove 416 miles, how many gallons of gas will she need? Round to the nearest tenth.",gemini
"22. The president, vice-president, and financial officer of a company divide the profits is a 4:3:2 ratio. If the company made $1,800,000 last year, how much did each person receive?",gemini
"23. Many recipes describe ratios between ingredients. For example, one recipe for paper mache paste suggests 3 parts flour to 5 parts water. If we have one cup of flour, how much water should we add to make the paste?",gemini
"24. A recipe for krispy rice treats calls for 6 cups of rice cereal and 40 large marshmallows. You want to make a larger batch of goodies and have 9 cups of rice cereal. How many large marshmallows do you need? However, you only have the miniature marshmallows at your house. You find a list of substitution quantities on the internet that suggests 10 large marshmallows are equivalent to 1 cup miniatures. How many cups of miniatures do you need?",gemini
"Given the true proportion, 10/6 = 15/d = x/y and d, x, and y are nonzero, determine if the following proportions are also true.
25. 10/y = x/6
26. 15/10 = d/6
27. (6+10)/10 = (y+x)/x
28. 15/x = y/d",gemini
"For questions 29-32, AE/ED = BC/CD and ED/AD = CD/DB = EC/AB.
29. Find DB.
30. Find EC.
31. Find CB.
32. Find AD.",gemini
"7.2 Similar Polygons
Learning Objectives
• Recognize similar polygons.
• Identify corresponding angles and sides of similar polygons from a similarity statement.
• Calculate and apply scale factors.",gemini
"Review Queue
1. Solve the proportions.
a. 6/x = 10/15
b. 4/7 = (2x+1)/42
c. 5/8 = (x-2)/2x
2. In the picture, AB/XZ = BC/XY = AC/YZ.
a. Find AB.
b. Find BC.",gemini
"Know What? A baseball diamond is a square with 90 foot sides. A softball diamond is a square with 60 foot sides. Are the two diamonds similar? If so, what is the scale factor? Explain your answer.",gemini
"Similar Polygons
Similar Polygons: Two polygons with the same shape, but not the same size.
Think about similar polygons as an enlargement or shrinking of the same shape. So, more specifically, similar polygons have to have the same number of sides, the corresponding angles are congruent, and the corresponding sides are proportional. The symbol ∼ is used to represent similar.",gemini
"Example 1: Suppose ΔABC ∼ ΔJKL. Based on the similarity statement, which angles are congruent and which sides are proportional?

Solution: Just like a congruence statement, the congruent angles line up within the statement. So, ∠A ≅ ∠J, ∠B ≅ ∠K, and ∠C ≅ ∠L. The same is true of the proportional sides. We write the sides in a proportion, AB/JK = BC/KL = AC/JL.
Because of the corollaries we learned in the last section, the proportions in Example 1 could be written several different ways. For example, AB/BC = JK/KL. Make sure to line up the corresponding proportional sides.",gemini
"Example 2: MNPQ ∼ RSTU. What are the values of x, y and z?

Solution: In the similarity statement, ∠M ≅ ∠R, so z = 115°. For x and y, set up a proportion.
18/30 = x/25
450 = 30x
x = 15

18/30 = 15/y
450 = 18y
y = 25",gemini
"Specific types of triangles, quadrilaterals, and polygons will always be similar. For example, because all the angles and sides are congruent, all equilateral triangles are similar. For the same reason, all squares are similar. We can take this one step further and say that all regular polygons (with the same number of sides) are similar.",gemini
"Example 3: ABCD is a rectangle with length 12 and width 8. UVWX is a rectangle with length 24 and width 18. Are these two rectangles similar?

Solution: Draw a picture. First, all the corresponding angles need to be congruent. In rectangles, all the angles are congruent, so this condition is satisfied. Now, let’s see if the sides are proportional. 8/12 = 2/3, 18/24 = 3/4. 2/3 ≠ 3/4. This tells us that the sides are not in the same proportion, so the rectangles are not similar. We could have also set up the proportion as 12/24 = 1/2 and 8/18 = 4/9. 1/2 ≠ 4/9, so you would end up with the same conclusion.",gemini
"Scale Factors
If two polygons are similar, we know the lengths of corresponding sides are proportional. If k is the length of a side in one polygon, and m is the length of the corresponding side in the other polygon, then the ratio k/m is the scale factor relating the first polygon to the second.

Scale Factor: In similar polygons, the ratio of one side of a polygon to the corresponding side of the other.",gemini
"Example 5: ABCD ∼ AMNP. Find the scale factor and the length of BC.

Solution: Line up the corresponding proportional sides. AB : AM, so the scale factor is 30/45 = 2/3 or 3/2. Because BC is in the bigger rectangle, we will multiply 40 by 3/2 because it is greater than 1. BC = 3/2(40) = 60.",gemini
"Example 6: Find the perimeters of ABCD and AMNP. Then find the ratio of the perimeters.

Solution: Perimeter of ABCD = 60+45+60+45 = 210
Perimeter of AMNP = 40+30+40+30 = 140
The ratio of the perimeters is 140:210, which reduces to 2:3.",gemini
"Theorem 7-2: The ratio of the perimeters of two similar polygons is the same as the ratio of the sides.
In addition the perimeter being in the same ratio as the sides, all parts of a polygon are in the same ratio as the sides. This includes diagonals, medians, midsegments, altitudes, and others.",gemini
"Example 7: ΔABC ∼ ΔMNP. The perimeter of ΔABC is 150 and AB = 32 and MN = 48. Find the perimeter of ΔMNP.

Solution: From the similarity statement, AB and MN are corresponding sides. So, the scale factor is 32/48 = 2/3 or 3/2. The perimeter of ΔMNP is 2/3(150) = 100.",gemini
"Know What? Revisited All of the sides in the baseball diamond are 90 feet long and 60 feet long in the softball diamond. This means all the sides are in a 90/60 = 3/2 ratio. All the angles in a square are congruent, all the angles in both diamonds are congruent. The two squares are similar and the scale factor is 3/2.",gemini
"Review Questions
Determine if the following statements are true or false.
1. All equilateral triangles are similar.
2. All isosceles triangles are similar.
3. All rectangles are similar.
4. All rhombuses are similar.
5. All squares are similar.
6. All congruent polygons are similar.
7. All similar polygons are congruent.
8. All regular pentagons are similar.",gemini
9. ΔBIG ∼ ΔHAT. List the congruent angles and proportions for the sides.,gemini
"10. If BI = 9 and HA = 15, find the scale factor.",gemini
13. Find the perimeter of ΔBIG and ΔHAT. What is the ratio of the perimeters?,gemini
"Use the picture to the right to answer questions 14-18.
14. Find m∠E and m∠Q.
15. ABCDE ∼ QLMNP, find the scale factor.
16. Find BC.
17. Find CD.
18. Find NP.",gemini
"Determine if the following triangles and quadrilaterals are similar. If they are, write the similarity statement.",gemini
23. ΔABC ∼ ΔDEF Solve for x and y.,gemini
24. QUAD ∼ KENT Find the perimeter of QUAD.,gemini
25. ΔCAT ∼ ΔDOG Solve for x and y.,gemini
26. PENTA ∼ FIVER Solve for x.,gemini
27. ΔMNO ∼ ΔXNY Solve for a and b.,gemini
28. Trapezoids HAVE ∼ KNOT Solve for x and y.,gemini
"29. Two similar octagons have a scale factor of 9/11. If the perimeter of the smaller octagon is 99 meters, what is the perimeter of the larger octagon?",gemini
30. Two right triangles are similar. The legs of one of the triangles are 5 and 12. The second right triangle has a hypotenuse of length 39. What is the scale factor between the two triangles?,gemini
31. What is the area of the smaller triangle in problem 30? What is the area of the larger triangle in problem 30? What is the ratio of the areas? How does it compare to the ratio of the lengths (or scale factor)? Recall that the area of a triangle is A = 1/2 bh.,gemini
"7.3 Similarity by AA
Learning Objectives
• Determine whether triangles are similar.
• Understand AA for similar triangles.
• Solve problems involving similar triangles.",gemini
"Review Queue
1. a. Find the measures of x and y.
b. The two triangles are similar. Find w and z.
2. Use the true proportion 6/8 = x/28 = 27/y to answer the following questions.
a. Find x and y.
b. Write another true proportion.
c. Is 28/8 = (6+x)/12 true? If you solve for x, is it the same as in part a?",gemini
"Know What? George wants to measure the height of a flagpole. He is 6 feet tall and his shadow is 10 feet long. At the same time, the shadow of the flagpole was 85 feet long. How tall is the flagpole?",gemini
"Angles in Similar Triangles
The Third Angle Theorem states if two angles are congruent to two angles in another triangle, the third angles are congruent too. Because a triangle has 180◦, the third angle in any triangle is 180◦ minus the other two angle measures. Let’s investigate what happens when two different triangles have the same angle measures. We will use Investigation 4-4 (Constructing a Triangle using ASA) to help us with this.",gemini
"Investigation 7-1: Constructing Similar Triangles
Tools Needed: pencil, paper, protractor, ruler
1. Draw a 45◦ angle. Extend the horizontal side and then draw a 60◦ angle on the other side of this side. Extend the other side of the 45◦ angle and the 60◦ angle so that they intersect to form a triangle. What is the measure of the third angle? Measure the length of each side.
2. Repeat Step 1 and make the horizontal side between the 45◦ and 60◦ angle at least 1 inch longer than in Step 1. This will make the entire triangle larger. Find the measure of the third angle and measure the length of each side.
3. Find the ratio of the sides. Put the sides opposite the 45◦ angles over each other, the sides opposite the 60◦ angles over each other, and the sides opposite the third angles over each other. What happens?",gemini
"AA Similarity Postulate: If two angles in one triangle are congruent to two angles in another triangle, the two triangles are similar.
The AA Similarity Postulate is a shortcut for showing that two triangles are similar. If you know that two angles in one triangle are congruent to two angles in another, which is now enough information to show that the two triangles are similar. Then, you can use the similarity to find the lengths of the sides.",gemini
"Example 1: Determine if the following two triangles are similar. If so, write the similarity statement.
Solution: Find the measure of the third angle in each triangle. m∠G = 48◦ and m∠M = 30◦ by the Triangle Sum Theorem. Therefore, all three angles are congruent, so the two triangles are similar. △FEG ∼ △MLN.",gemini
"Example 2: Determine if the following two triangles are similar. If so, write the similarity statement.
Solution: m∠C = 39◦ and m∠F = 59◦. The angles are not equal, △ABC and △DEF are not similar.",gemini
"Example 3: Are the following triangles similar? If so, write the similarity statement.
Solution: Because AE || CD, ∠A ≅ ∠D and ∠C ≅ ∠E by the Alternate Interior Angles Theorem. Therefore, by the AA Similarity Postulate, △ABE ∼ △DBC.",gemini
"Indirect Measurement
An application of similar triangles is to measure lengths indirectly. The length to be measured would be some feature that was not easily accessible to a person, such as: the width of a river or canyon and the height of a tall object. To measure something indirectly, you would need to set up a pair of similar triangles.",gemini
"Example 4: A tree outside Ellie’s building casts a 125 foot shadow. At the same time of day, Ellie casts a 5.5 foot shadow. If Ellie is 4 feet 10 inches tall, how tall is the tree?
Solution: Draw a picture. From the picture to the right, we see that the tree and Ellie are parallel, therefore the two triangles are similar to each other. Write a proportion.
(4 ft, 10 in) / (x ft) = (5.5 ft) / (125 ft)
Notice that our measurements are not all in the same units. Change both numerators to inches and then we can cross multiply.
58 in / x ft = 66 in / 125 ft → 58(125) = 66(x)
7250 = 66x
x ≈ 109.85 ft",gemini
"Know What? Revisited It is safe to assume that George and the flagpole stand vertically, making right angles with the ground. Also, the angle where the sun’s rays hit the ground is the same for both. The two triangles are similar. Set up a proportion.
10 / 85 = 6 / x → 10x = 510
x = 51 ft.
The height of the flagpole is 51 feet.",gemini
"Review Questions
Use the diagram to complete each statement.
1. △SAM ∼ △_____
2. SA/? = SM/? = ?/RI
3. SM =
4. TR =
5. 9/? = ?/8",gemini
"Answer questions 6-9 about trapezoid ABCD.
6. Name two similar triangles. How do you know they are similar?
7. Write a true proportion.
8. Name two other triangles that might not be similar.
9. If AB = 10, AE = 7, and DC = 22, find AC. Be careful!",gemini
"10. Writing How many angles need to be congruent to show that two triangles are similar? Why?
11. Writing How do congruent triangles and similar triangles differ? How are they the same?",gemini
"Use the triangles below for questions 12-14.
AB = 20, DE = 15, and BC = k.
12. Are the two triangles similar? How do you know?
13. Write an expression for FE in terms of k.
14. If FE = 12, what is k?",gemini
"15. Fill in the blanks: If an acute angle of a _______ triangle is congruent to an acute angle in another ________-triangle, then the two triangles are _______.",gemini
"Are the following triangles similar? If so, write a similarity statement.
16.
17.
18.",gemini
"In order to estimate the width of a river, the following technique can be used. Use the diagram on the left.
Place three markers, O, C, and E on the upper bank of the river. E is on the edge of the river and OC ⊥ CE. Go across the river and place a marker, N so that it is collinear with C and E. Then, walk along the lower bank of the river and place marker A, so that CN ⊥ NA. OC = 50 feet, CE = 30 feet, NA = 80 feet.
19. Is OC || NA? How do you know?
20. Is △OCE ∼ △ANE? How do you know?
21. What is the width of the river? Find EN.
22. Can we find EA? If so, find it. If not, explain.",gemini
23. Janet wants to measure the height of her apartment building. She places a pocket mirror on the ground 20 ft from the building and steps backwards until she can see the top of the build in the mirror. She is 18 in from the mirror and her eyes are 5 ft 3 in above the ground. The angle formed by her line of sight and the ground is congruent to the angle formed by the reflection of the building and the ground. You may wish to draw a diagram to illustrate this problem. How tall is the building?,gemini
24. Sebastian is curious to know how tall the announcer’s box is on his school’s football field. On a sunny day he measures the shadow of the box to be 45 ft and his own shadow is 9 ft. Sebastian is 5 ft 10 in tall. Find the height of the box.,gemini
25. Juanita wonders how tall the mast of a ship she spots in the harbor is. The deck of the ship is the same height as the pier on which she is standing. The shadow of the mast is on the pier and she measures it to be 18 ft long. Juanita is 5 ft 4 in tall and her shadow is 4 ft long. How tall is the ship’s mast?,gemini
26. Use shadows or a mirror to measure the height of an object in your yard or on the school grounds. Draw a picture to illustrate your method.,gemini
"Use the diagram below to answer questions 27-31.
27. Draw the three separate triangles in the diagram.
28. Explain why △GDE ≅ △DFE ≅ △GFD.
Complete the following proportionality statements.
29. GF/DF = ?/FE
30. GF/GD = ?/GE
31. GE/DE = DE/?",gemini
"7.4 Similarity by SSS and SAS
Learning Objectives
• Use SSS and SAS to determine whether triangles are similar.
• Apply SSS and SAS to solve problems about similar triangles.",gemini
"Review Queue
1. a. What are the congruent angles? List each pair.
b. Write the similarity statement.
c. If AB = 8, BD = 20, and BC = 25, find BE.
2. Solve the following proportions.
a. 6/8 = 21/x
b. (x+2)/6 = (2x−1)/15
c. (x−3)/9 = 4/(x+2)",gemini
"Know What? Recall from Chapter 2, that the game of pool relies heavily on angles. In Section 2.5, we discovered that m∠1 = m∠2.
The dimensions of a pool table are 92 inches by 46 inches. You decide to hit the cue ball so it follows the yellow path to the right. The horizontal and vertical distances are in the picture. Are the two triangles similar? Why? How far did the cue ball travel to get to the red ball?",gemini
"SSS for Similar Triangles
If you do not know any angle measures, can you say two triangles are similar? Let’s investigate this to see. You will need to recall Investigation 4-2, Constructing a Triangle, given Three Sides.",gemini
"Investigation 7-2: SSS Similarity
Tools Needed: ruler, compass, protractor, paper, pencil
1. Using Investigation 4-2, construct a triangle with sides 6 cm, 8 cm, and 10 cm.
2. Construct a second triangle with sides 9 cm, 12 cm, and 15 cm.
3. Using your protractor, measure the angles in both triangles. What do you notice?
4. Line up the corresponding sides. Write down the ratios of these sides. What happens?
To see an animated construction of this, click: http://www.mathsisfun.com/geometry/construct-ruler-compass-1.html",gemini
"From #3, you should notice that the angles in the two triangles are equal. Second, when the corresponding sides are lined up, the sides are all in the same proportion, 6/9 = 8/12 = 10/15. If you were to repeat this activity, for a 3-4-5 or 12-16-20 triangle, you will notice that they are all similar. That is because, each of these triangles are multiples of 3-4-5. If we generalize what we found in this investigation, we have the SSS Similarity Theorem.
SSS Similarity Theorem: If the corresponding sides of two triangles are proportional, then the two triangles are similar.",gemini
"Example 1: Determine if any of the triangles below are similar.
Solution: Compare two triangles at a time. In the proportions, place the shortest sides over each other, the longest sides over each other, and the middle sides over each other. Then, determine if the proportions are equal.
△ABC and △DEF: 20/15 = 22/16 = 24/18
Reduce each fraction to see if they are equal. 20/15 = 4/3, 22/16 = 11/8, and 24/18 = 4/3. Because 4/3 ≠ 11/8, △ABC and △DEF are not similar.
△DEF and △GHI: 15/30 = 16/33 = 18/36
15/30 = 1/2, 16/33 = 16/33, and 18/36 = 1/2. Because 1/2 ≠ 16/33, △DEF is not similar to △GHI.
△ABC and △GHI: 20/30 = 22/33 = 24/36
20/30 = 2/3, 22/33 = 2/3, and 24/36 = 2/3. Because all three ratios reduce to 2/3, △ABC ∼ △GIH.",gemini
"Example 2: Algebra Connection Find x and y, such that △ABC ∼ △DEF.
Solution: According to the similarity statement, the corresponding sides are: AB/DE = BC/EF = AC/DF. Substituting in what we know, we have:
9/6 = (4x−1)/10 = 18/y
9/6 = (4x−1)/10
9(10) = 6(4x−1)
90 = 24x−6
96 = 24x
x = 4
9/6 = 18/y
9y = 18(6)
9y = 108
y = 12",gemini
"SAS for Similar Triangles
SAS is the last way to show two triangles are similar. If we know that two sides are proportional AND the included angles are congruent, then the two triangles are similar. For the following investigation, you will need to use Investigation 4-3, Constructing a Triangle with SAS.",gemini
"Investigation 7-3: SAS Similarity
Tools Needed: paper, pencil, ruler, protractor, compass
1. Using Investigation 4-3, construct a triangle with sides 6 cm and 4 cm and the included angle is 45◦.
2. Repeat Step 1 and construct another triangle with sides 12 cm and 8 cm and the included angle is 45◦.
3. Measure the other two angles in both triangles. What do you notice?
4. Measure the third side in each triangle. Make a ratio. Is this ratio the same as the ratios of the sides you were given?",gemini
"SAS Similarity Theorem: If two sides in one triangle are proportional to two sides in another triangle and the included angle in the first triangle is congruent to the included angle in the second, then the two triangles are similar.
In other words,
If AB/XY = AC/XZ and ∠A ≅ ∠X, then △ABC ∼ △XYZ.",gemini
"Example 3: Are the two triangles similar? How do you know?
Solution: ∠B ≅ ∠Z because they are both right angles. Second, 10/15 = 24/36 because they both reduce to 2/3. Therefore, AB/XZ = BC/ZY and △ABC ∼ △XZY.
Notice with this example that we can find the third sides of each triangle using the Pythagorean Theorem. If we were to find the third sides, AC = 39 and XY = 26. The ratio of these sides is 26/39 = 2/3.",gemini
"Example 4: Are there any similar triangles? How do you know?
Solution: ∠A is shared by △EAB and △DAC, so it is congruent to itself. If AE/AD = AB/AC then, by SAS Similarity, the two triangles would be similar.
9/(9+3) = 12/(12+5)
9/12 = 3/4 ≠ 12/17
Because the proportion is not equal, the two triangles are not similar.",gemini
"Example 5: From Example 4, what should BC equal for △EAB ∼ △DAC?
Solution: The proportion we ended up with was 9/12 = 3/4 ≠ 12/17. AC needs to equal 16, so that 12/16 = 3/4. Therefore, AC = AB+BC and 16 = 12+BC. BC should equal 4 in order for △EAB ∼ △DAC.",gemini
"Similar Triangles Summary
Let’s summarize what we’ve found that guarantees two triangles are similar. Two triangles are similar if and only if:
TABLE 7.2:
Name: AA | Description: Two angles in one triangle are congruent to two angles in another triangle.
Name: SSS for Similar Triangles | Description: All three sides in one triangle are proportional to three sides in another triangle.
Name: SAS for Similar Triangles | Description: Two sides in one triangle are proportional with two sides in another triangle AND the included angles are congruent.",gemini
"Know What? Revisited First, we need to find the vertical length of the larger triangle. The two triangles are similar by AA, two right angles and ∠1 ≅ ∠2. Set up a proportion.
17.5/23 = 29/v
Doing cross-multiplication, v = 38.1. Second, to find the distance that the cue ball travels, use the Pythagorean Theorem. 17.5^2 + 23^2 = d_1^2 and 38.1^2 + 29^2 = d_2^2, the lengths 28.9 and 47.9, and the total length is 76.8 inches.",gemini
"Review Questions
Use the following diagram for questions 1-3. The diagram is to scale.
1. Are the two triangles similar? Explain your answer.
2. Are the two triangles congruent? Explain your answer.
3. What is the scale factor for the two triangles?
4. Writing How come there is no ASA Similarity Theorem?",gemini
"Fill in the blanks in the statements below. Use the diagram to the left.
5. △ABC ∼ △_____
6. AB/? = BC/? = AC/?
7. If △ABC had an altitude, AG = 10, what would be the length of altitude DH?",gemini
"Use the diagram to the right for questions 8-12.
8. △ABC ∼ △_____
9. Why are the two triangles similar?
10. Find ED.
11. BD/? = ?/BC = DE/?
12. Is AD/DB = CE/EB a valid proportion? How do you know?",gemini
"Determine if the following triangles are similar. If so, write the similarity theorem and statement.
13.
14.
15.
16.
17.
18.",gemini
"Algebra Connection Find the value of the missing variable(s) that makes the two triangles similar.
19.
20.",gemini
"21. At a certain time of day, a building casts a 25 ft shadow. At the same time of day, a 6 ft tall stop sign casts a 15 ft shadow. How tall is the building?
22. A child who is 42 inches tall is standing next to the stop sign in #21. How long is her shadow?",gemini
"23. An architect wants to build 3 similar right triangles such that the ratio of the middle triangle to the small triangle is the same as the ratio of the largest triangle to the middle triangle. The smallest one has side lengths 5, 12 and 13. The largest triangle has side lengths 45, 108 and 117. What are the lengths of the sides of the middle triangle?",gemini
24. Jaime wants to find the height of a radio tower in his neighborhood. He places a mirror on the ground 30 ft from the tower and walks backwards 3 ft until he can see the top of the tower in the mirror. Jaime is 5 ft 6 in tall. How tall is the radio tower?,gemini
"For questions 25-27, use △ABC with A(−3,0), B(−1.5,3) and C(0,0) and △DEF with D(0,2), E(1,4) and F(2,2).
25. Find AB, BC, AC, DE, EF and DF.
26. Use these values to find the following proportions: AB/DE, BC/EF and AC/DF.
27. Are these triangles similar? Justify your answer.",gemini
"For questions 28-31, use △CAR with C(−3,3), A(−3,−1) and R(0,−1) and △LOT with L(5,−2), O(5,6) and T(−1,6).
28. Find the slopes of CA, AR, LO and OT.
29. What are the measures of ∠A and ∠O? Explain.
30. Find LO, OT, CA and AR. Use these values to write the ratios LO : CA and OT : AR.
31. Are the triangles similar? Justify your answer.",gemini
"7.5 Proportionality Relationships
Learning Objectives
• Identify proportional segments when two sides of a triangle are cut by a segment parallel to the third side.
• Extend triangle proportionality to parallel lines.",gemini
"Review Queue
1. Write a similarity statement for the two triangles in the diagram. Why are they similar?
2. If XA = 16, XY = 18, XB = 32, find XZ.
3. If YZ = 27, find AB.
4. Find AY and BZ.
5. Is AY/AX = BZ/BX?",gemini
"Know What? To the right is a street map of part of Washington DC. R Street, Q Street, and O Street are parallel and 7th Street is perpendicular to all three. R and Q are one “city block” (usually 1/4 mile or 1320 feet) apart. The other given measurements are on the map. What are x and y?
What is the distance from:
• R and 7th to R and Florida?
• Q and 7th to Q and Florida?
• O and 7th to O and Florida?",gemini
"Triangle Proportionality
Think about a midsegment of a triangle. A midsegment is parallel to one side of a triangle and divides the other two sides into congruent halves. The midsegment divides those two sides proportionally.
Example 1: A triangle with its midsegment is drawn below. What is the ratio that the midsegment divides the sides into?
Solution: The midsegment’s endpoints are the midpoints of the two sides it connects. The midpoints split the sides evenly. Therefore, the ratio would be a : a or b : b. Both of these reduce to 1:1.
The midsegment divides the two sides of the triangle proportionally, but what about other segments?",gemini
"Investigation 7-4: Triangle Proportionality
Tools Needed: pencil, paper, ruler
1. Draw △ABC. Label the vertices.
2. Draw XY so that X is on AB and Y is on BC. X and Y can be anywhere on these sides.
3. Is △XBY ∼ △ABC? Why or why not? Measure AX, XB, BY, and YC. Then set up the ratios AX/XB and YC/YB. Are they equal?
4. Draw a second triangle, △DEF. Label the vertices.
5. Draw XY so that X is on DE and Y is on EF AND XY || DF.
6. Is △XEY ∼ △DEF? Why or why not? Measure DX, XE, EY, and YF. Then set up the ratios DX/XE and FY/YE. Are they equal?",gemini
"From this investigation, it is clear that if the line segments are parallel, then XY divides the sides proportionally.
Triangle Proportionality Theorem: If a line parallel to one side of a triangle intersects the other two sides, then it divides those sides proportionally.
Triangle Proportionality Theorem Converse: If a line divides two sides of a triangle proportionally, then it is parallel to the third side.",gemini
"Proof of the Triangle Proportionality Theorem
Given: △ABC with DE || AC
Prove: AD/DB = CE/EB
TABLE 7.3:
1. DE || AC | Reason: Given
2. ∠1 ≅ ∠2, ∠3 ≅ ∠4 | Reason: Corresponding Angles Postulate
3. △ABC ∼ △DBE | Reason: AA Similarity Postulate
4. AD+DB = AB, EC + EB = BC | Reason: Segment Addition Postulate
5. AB/BD = BC/BE | Reason: Corresponding sides in similar triangles are proportional
6. (AD+DB)/BD = (EC+EB)/BE | Reason: Substitution PoE
7. AD/BD + DB/DB = EC/BE + BE/BE | Reason: Separate the fractions
8. AD/BD + 1 = EC/BE + 1 | Reason: Substitution PoE (something over itself always equals 1)
9. AD/BD = EC/BE | Reason: Subtraction PoE
We will not prove the converse, it is essentially this proof but in the reverse order. Using the corollaries from earlier in this chapter, BD/DA = BE/EC is also a true proportion.",gemini
"Example 2: In the diagram below, EB || BD. Find BC.
Solution: Use the Triangle Proportionality Theorem.
10/15 = BC/12 → 15(BC) = 120
BC = 8",gemini
"Example 3: Is DE || CB?
Solution: Use the Triangle Proportionality Converse. If the ratios are equal, then the lines are parallel.
6/18 = 1/3 and 8/24 = 1/3
Because the ratios are equal, DE || CB.",gemini
"Parallel Lines and Transversals
We can extend the Triangle Proportionality Theorem to multiple parallel lines.
Theorem 7-7: If three parallel lines are cut by two transversals, then they divide the transversals proportionally.",gemini
"Example 4: Find a.
Solution: The three lines are marked parallel, so you can set up a proportion.
a/20 = 9/15
180 = 15a
a = 12",gemini
"Theorem 7-7 can be expanded to any number of parallel lines with any number of transversals. When this happens all corresponding segments of the transversals are proportional.
Example 5: Find a, b, and c.
Solution: Look at the corresponding segments. Only the segment marked “2” is opposite a number, all the other segments are opposite variables. That means we will be using this ratio, 2:3 in all of our proportions.
a/2 = 9/3 → 3a = 18 → a = 6
2/4 = 3/b → 2b = 12 → b = 6
2/3 = 3/c → 2c = 9 → c = 4.5
There are several ratios you can use to solve this example. To solve for b, you could have used the proportion 6/4 = 9/b, which will still give you the same answer.",gemini
"Proportions with Angle Bisectors
The last proportional relationship we will explore is how an angle bisector intersects the opposite side of a triangle. By definition, ray AC divides ∠BAD equally, so ∠BAC ≅ ∠CAD. The proportional relationship is BC/CD = AB/AD. The proof is in the review exercises.
Theorem 7-8: If a ray bisects an angle of a triangle, then it divides the opposite side into segments that are proportional to the lengths of the other two sides.",gemini
"Example 6: Find x.
Solution: Because the ray is the angle bisector it splits the opposite side in the same ratio as the sides. So, the proportion is:
9/x = 21/14
21x = 126
x = 6",gemini
"Example 7: Algebra Connection Determine the value of x that would make the proportion true.
Solution: You can set up this proportion just like the previous example.
5/3 = (4x+1)/15
75 = 3(4x+1)
75 = 12x+3
72 = 12x
6 = x",gemini
"Know What? Revisited To find x and y, you need to set up a proportion using parallel the parallel lines.
2640/x = 1320/2380 = 1980/y
From this, x = 4760 ft and y = 3570 ft.
To find a, b, and c, use the Pythagorean Theorem.
2640^2 + a^2 = 4760^2
3960^2 + b^2 = 7140^2
5940^2 + c^2 = 10710^2
a = 3960.81, b = 5941.21, c = 8911.82",gemini
"Review Questions
Use the diagram to answers questions 1-5. DB || FE.
1. Name the similar triangles. Write the similarity statement.
2. BE/EC = ?/FC
3. EC/CB = CF/?
4. DB/? = BC/EC
5. (FC+?)/FC = ?/FE",gemini
"Use the diagram to answer questions 6-10. AB || DE.
6. Find BD.
7. Find DC.
8. Find DE.
9. Find AC.
10. We know that BD/DC = AE/EC and BA/DE = BC/DC. Why is BA/DE ≠ BD/DC?",gemini
"Use the given lengths to determine if AB || DE.
11.
12.
13.
14.",gemini
"Algebra Connection Find the value of the missing variable(s).
15.
16.
17.
18.
19.
20.
Find the value of each variable in the pictures below.",gemini
"Find the unknown lengths.
21.
22.
23.
24.
25.
26.",gemini
"27. Error Analysis
Casey attempts to solve for a in the diagram using the proportion
5/a = 6/5
What did Casey do wrong? Write the correct proportion and solve for a.",gemini
"28. Michael has a triangular shaped garden with sides of length 3, 5 and 6 meters. He wishes to make a path along the perpendicular bisector of the angle between the sides of length 3 m and 5 m. Where will the path intersect the third side?",gemini
"29. This is a map of lake front properties. Find a and b, the length of the edge of Lot 1 and Lot 2 that is adjacent to the lake.",gemini
"30. Fill in the blanks of the proof of Theorem 7-8.
Given: ΔBAD with AC is the angle bisector of ∠BAD Auxiliary lines AX and XD, such that X,A,B are collinear and AC || XD. Prove: BC/CD = BA/AD
TABLE 7.4:
Statement Reason
1. AC is the angle bisector of ∠BAD X,A,B are collinear and AC || XD
2. ∠BAC ≅ ∠CAD
3. Corresponding Angles Postulate
4. ∠CAD ≅ ∠ADX
5. ∠X ≅ ∠ADX
6. ΔXAD is isosceles
7. Definition of an Isosceles Triangle
8. Congruent segments are also equal
9. Theorem 7-7
10.",gemini
"Review Queue
1. Are the two quadrilaterals similar? How do you know?
2. What is the scale factor from XYZW to CDAB? Leave as a fraction.
3. Quadrilateral EFGH has vertices E(-4,-2),F(2,8),G(6,2) and H(0,-4). Quadrilateral LMNO has vertices L(-2,-1),M(1,4),N(3,1), and O(0,-2). Determine if the two quadrilaterals are similar. Explain your reasoning.",gemini
"Know What? One practical application of dilations is perspective drawings. These drawings use a vanishing point (the point where the road meets the horizon) to trick the eye into thinking the picture is three-dimensional. The picture to the right is a one-point perspective and is typically used to draw streets, train tracks, rivers or anything else that is linear.
There are also two-point perspective drawings, which are very often used to draw a street corner or a scale drawing of a building.",gemini
"Both of these drawing are simple representations of one and two perspective drawings. Your task for this Know What? is to draw your own perspective drawing with either one or two vanishing points and at least 5 objects. Each object should have detail (windows, doors, sign, stairs, etc.)",gemini
"Dilations
A dilation makes a figure larger or smaller, but has the same shape as the original. In other words, the dilation is similar to the original.",gemini
"Transformation: An operation that moves, flips, or changes a figure to create a new figure. Transformations that preserve size are rigid and ones that do not are non-rigid.",gemini
Dilation: A non-rigid transformation that preserves shape but not size.,gemini
"All dilations have a center and a scale factor. The center is the point of reference for the dilation (like the vanishing point in a perspective drawing) and scale factor tells us how much the figure stretches or shrinks. A scale factor is typically labeled k and is always greater than zero. Also, if the original figure is labeled ΔABC, for example, the dilation would be ΔA'B'C'. The ' indicates that it is a copy. This tic mark is said ""prime,"" so A' is read ""A prime."" A second dilation would be A'', read ""A double-prime.""",gemini
"Example 1: The center of dilation is P and the scale factor is 3. Find Q'.
Solution: If the scale factor is 3 and Q is 6 units away from P, then Q' is going to be 6 × 3 = 18 units away from P. Because we are only dilating a point, the dilation will be collinear with the original and center.",gemini
"Example 2: Using the picture above, change the scale factor to 1/3. Find Q''.
Solution: Now the scale factor is 1/3, so Q'' is going to be 1/3 the distance away from P as Q is. In other words, Q'' is going to be 6 × 1/3 = 2 units away from P. Q'' will also be collinear with Q and center.",gemini
"Example 3: KLMN is a rectangle with length 12 and width 8. If the center of dilation is K with a scale factor of 2, draw K'L'M'N'.
Solution: If K is the center of dilation, then K and K' will be the same point. From there, L' will be 8 units above L and N' will be 12 units to the right of N.",gemini
"Example 4: Find the perimeters of KLMN and K'L'M'N'. Compare this to the scale factor.
Solution: The perimeter of KLMN = 12+8+12+8 = 40. The perimeter of K'L'M'N' = 24+16+24+16 = 80. The ratio of the perimeters is 80:40 or 2:1, which is the same as the scale factor.",gemini
"Example 5: ΔABC is a dilation of ΔDEF. If P is the center of dilation, what is the scale factor?
Solution: Because ΔABC is a dilation of ΔDEF, we know that the triangles are similar. Therefore the scale factor is the ratio of the sides. Since ΔABC is smaller than the original, ΔDEF, the scale factor is going to be a fraction less than one, 12/20 = 3/5.
If ΔDEF was the dilated image, the scale factor would have been 5/3.
If the dilated image is smaller than the original, then the scale factor is 0 < k < 1.
If the dilated image is larger than the original, then the scale factor is k > 1.",gemini
"Dilations in the Coordinate Plane
In this text, the center of dilation will always be the origin, unless otherwise stated.",gemini
"Example 6: Determine the coordinates of ΔABC and ΔA'B'C' and find the scale factor.
Solution: The coordinates of ΔABC are A(2,1), B(5,1) and C(3,6). The coordinates of ΔA'B'C' are A'(6,3), B'(15,3) and C'(9,18). By looking at the corresponding coordinates, each is three times the original. That means k = 3.
Again, the center, original point, and dilated point are collinear. Therefore, you can draw a ray from the origin to C', B', and A' such that the rays pass through C, B, and A, respectively.",gemini
"Let's show that dilations are a similarity transformation (preserves shape). Using the distance formula, we will find the lengths of the sides of both triangles in Example 6 to demonstrate this.
ΔABC:
AB = √((2-5)² + (1-1)²) = √9 = 3
AC = √((2-3)² + (1-6)²) = √26
CB = √((3-5)² + (6-1)²) = √29
ΔA'B'C':
A'B' = √((6-15)² + (3-3)²) = √81 = 9
A'C' = √((6-9)² + (3-18)²) = √234 = 3√26
C'B' = √((9-15)² + (18-3)²) = √261 = 3√29
From this, we also see that all the sides of ΔA'B'C' are three times larger than ΔABC. Therefore, a dilation will always produce a similar shape to the original.",gemini
"In the coordinate plane, we say that A' is a ""mapping"" of A. So, if the scale factor is 3, then A(2,1) is mapped to (usually drawn with an arrow) A'(6,3). The entire mapping of ΔABC can be written (x, y) → (3x, 3y) because k = 3. For any dilation the mapping will be (x, y) → (kx, ky).",gemini
"Know What? Revisited Answers to this project will vary depending on what you decide to draw. Make sure that you have at least five objects with some sort of detail. If you are having trouble getting started, go to the website: http://www.drawing-and-painting-techniques.com/drawing-perspective.html",gemini
"Review Questions
Given A and the scale factor, determine the coordinates of the dilated point, A'. You may assume the center of dilation is the origin.
1. A(3,9), k = 2/3
2. A(-4,6), k = 2
3. A(9,-13), k = 1/2",gemini
"Given A and A', find the scale factor. You may assume the center of dilation is the origin.
4. A(8,2), A'(12,3)
5. A(-5,-9), A'(-45,-81)
6. A(22,-7), A'(11,-3.5)",gemini
"In the two questions below, you are told the scale factor. Determine the dimensions of the dilation. In each diagram, the black figure is the original and P is the center of dilation.
7. k = 4
8. k = 1/3",gemini
"In the two questions below, find the scale factor, given the corresponding sides. In each diagram, the black figure is the original and P is the center of dilation.
9.
10.",gemini
11. Find the perimeter of both triangles in #7. What is the ratio of the perimeters?,gemini
12. Writing What happens if k = 1?,gemini
"The origin is the center of dilation. Find the coordinates of the dilation of each figure, given the scale factor.
13. A(2,4), B(-3,7), C(-1,-2); k = 3
14. A(12,8), B(-4,-16), C(0,10); k = 3/4",gemini
"Multi-Step Problem Questions 15-21 build upon each other.
15. Plot A(1,2), B(12,4), C(10,10). Connect to form a triangle.
16. Make the origin the center of dilation. Draw 4 rays from the origin to each point from #15. Then, plot A'(2,4), B'(24,8), C'(20,20). What is the scale factor?
17. Use k = 4, to find A''B''C''. Plot these points.
18. What is the scale factor from A'B'C' to A''B''C''?
19. Find (O is the origin):
a. OA
b. AA'
c. AA''
d. OA'
e. OA''
20. Find:
a. AB
b. A'B'
c. A''B''
21. Compare the ratios:
a. OA : OA' and AB : A'B'
b. OA : OA'' and AB : A''B''",gemini
"Algebra Connection For questions 22-27, use quadrilateral ABCD with A(1,5), B(2,6), C(3,3) and D(1,3) and its transformation A'B'C'D' with A'(-3,1), B'(0,4), C'(3,-5) and D'(-3,-5).
22. Plot the two quadrilaterals in the coordinate plane.
23. Find the equation of CC'.
24. Find the equation of DD'.
25. Find the intersection of these two lines algebraically or graphically.
26. What is the significance of this point?
27. What is the scale factor of the dilation?",gemini
"Construction We can use a compass and straight edge to construct a dilation as well. Copy the diagram below.
28. Set your compass to be CG and use this setting to mark off a point 3 times as far from C as G is. Label this point G'. Repeat this process for CO and CD to find O' and D'.
29. Connect G', O' and D' to make ΔD'O'G'. Find the ratios, D'O'/DO, O'G'/OG and G'D'/GD.
30. What is the scale factor of this dilation?
31. Describe how you would dilate the figure by a scale factor of 4.
32. Describe how you would dilate the figure by a scale factor of 1/2.",gemini
"Self-Similar: When one part of an object can be enlarged (or shrunk) to look like the whole object.
To explore self-similarity, we will go through a couple of examples. Typically, each step of repetition is called an iteration or level. The first level is called the Start Level or Stage 0.",gemini
"Sierpinski Triangle
The Sierpinski triangle iterates an equilateral triangle (but, any triangle can be used) by connecting the midpoints of the sides and shading the central triangle (Stage 1). Repeat this process for the unshaded triangles in Stage 1 to get Stage 2. This series was part of the Know What? in Section 5.1.",gemini
"Example 1: Determine the number of shaded and unshaded triangles in each stage of the Sierpinski triangles. Determine if there is a pattern.
Solution:
TABLE 7.5:
Stage 0 Stage 1 Stage 2 Stage 3
Unshaded 1 3 9 27
Shaded 0 1 4 13
The unshaded triangles seem to be powers of 3, 3⁰, 3¹, 3², 3³,... The shaded triangles are add the previous number of unshaded triangles to the total. For Example, Stage 4 would equal 9 + 13 shaded triangles.",gemini
"Fractals
A fractal is another self-similar object that is repeated at successively smaller scales. Below are the first three stages of the Koch snowflake.",gemini
"Example 2: Determine the number of edges and the perimeter of each snowflake.
TABLE 7.6:
Stage 0 Stage 1 Stage 2
Number of Edges 3 12 48
Edge Length 1 1/3 1/9
Perimeter 3 4 48/9 = 5.3̄",gemini
"The Cantor Set
The Cantor set is another fractal that consists of dividing a segment into thirds and then erasing the middle third.",gemini
"Review Questions
1. Draw Stage 4 of the Cantor set.
2. Use the Cantor Set to fill in the table below.
TABLE 7.7:
Number of Segments | Length of each Segment | Total Length of the Segments
Stage 0 | 1 | 1 | 1
Stage 1 | 2 | 1/3 | 2/3
Stage 2 | 4 | 1/9 | 4/9
Stage 3 |
Stage 4 |
Stage 5 |",gemini
"3. How many segments are in Stage n?
4. What is the length of each segment in Stage n?",gemini
"5. Draw Stage 3 of the Koch snowflake.
6. Fill in the table from Example 2 for Stage 3 of the Koch snowflake.",gemini
"7. A variation on the Sierpinski triangle is the Sierpinski carpet, which splits a square into 9 equal squares, coloring the middle one only. Then, split the uncolored squares to get the next stage. Draw the first 3 stages of this fractal.
8. How many shaded vs. unshaded squares are in each stage?",gemini
"9. Fractals are very common in nature. For example, a fern leaf is a fractal. As the leaves get closer to the end, they get smaller and smaller. Find three other examples of fractals in nature.",gemini
"10. Use the internet to explore fractals further. Write a paragraph about another example of a fractal in music, art or another field that interests you.",gemini
"Review Questions
1. Solve the following proportions.
a. (x+3)/3 = 10/2
b. 8/5 = (2x-1)/(x+3)
2. The extended ratio of the angle in a triangle are 5:6:7. What is the measure of each angle?
3. Rewrite 15 quarts in terms of gallons.",gemini
"Determine if the following pairs of polygons are similar. If it is two triangles, write why they are similar.
4.
5.
6.
7.
8.
9.",gemini
"10. Draw a dilation of A(7,2), B(4,9), and C(-1,4) with k = 3/2.",gemini
"Algebra Connection Find the value of the missing variable(s).
11.
12.
13.
14.",gemini
"Chapter 8 explores right triangles in far more depth than Chapters 4 and 5. Recall that a right triangle is a triangle with exactly one right angle. In this chapter, we will first prove the Pythagorean Theorem and its converse, followed by analyzing the sides of certain types of triangles. Then, we will introduce trigonometry, which starts with the tangent, sine and cosine ratios. Finally, we will extend sine and cosine to any triangle, through the Law of Sines and the Law of Cosines.",gemini
"Review Queue
1. Draw a right scalene triangle.
2. Draw an isosceles right triangle.
3. Simplify the radical.
a. √50
b. √27
c. √272
4. Perform the indicated operations on the following numbers. Simplify all radicals.
a. 2√10 + √160
b. 5√6 · 4√18
c. √8 · 12√2",gemini
"Know What? All televisions dimensions refer to the diagonal of the rectangular viewing area. Therefore, for a 52” TV, 52” is the length of the diagonal. High Definition Televisions (HDTVs) have sides in the ratio of 16:9. What is the length and width of a 52” HDTV? What is the length and width of an HDTV with a y'' long diagonal?",gemini
"The Pythagorean Theorem
We have used the Pythagorean Theorem already in this text, but we have never proved it. Recall that the sides of a right triangle are called legs (the sides of the right angle) and the side opposite the right angle is the hypotenuse. For the Pythagorean Theorem, the legs are “a” and “b” and the hypotenuse is “c”.",gemini
"Pythagorean Theorem: Given a right triangle with legs of lengths a and b and a hypotenuse of length c, then a² + b² = c².
There are several proofs of the Pythagorean Theorem. We will provide one proof within the text and two others in the review exercises.",gemini
"Investigation 8-1: Proof of the Pythagorean Theorem
Tools Needed: pencil, 2 pieces of graph paper, ruler, scissors, colored pencils (optional)
1. On the graph paper, draw a 3 in. square, a 4 in. square, a 5 in square and a right triangle with legs of 3 and 4 inches.
2. Cut out the triangle and square and arrange them like the picture on the right.
3. This theorem relies on area. Recall from a previous math class, that the area of a square is length times width. But, because the sides are the same you can rewrite this formula as Asquare = length × width = side × side = side². So, the Pythagorean Theorem can be interpreted as (square with side a)² + (square with side b)² = (square with side c)². In this Investigation, the sides are 3, 4 and 5 inches. What is the area of each square?
4. Now, we know that 9 + 16 = 25, or 3² + 4² = 5². Cut the smaller squares to fit into the larger square, thus proving the areas are equal.",gemini
"Another Proof of the Pythagorean Theorem
This proof is “more formal,” meaning that we will use letters, a, b, and c to represent the sides of the right triangle. In this particular proof, we will take four right triangles, with legs a and b and hypotenuse c and make the areas equal.
Agreensquare = c²
Agreensquare = 4(1/2 ab) + (b - a)²
= 2ab + b² - 2ab + a²
= b² + a²",gemini
"Using the Pythagorean Theorem
The Pythagorean Theorem can be used to find a missing side of any right triangle, to prove that three given lengths can form a right triangle, to find Pythagorean Triples, to derive the Distance Formula, and to find the area of an isosceles triangle. Here are several examples. Simplify all radicals.",gemini
"Example 1: Do 6, 7, and 8 make the sides of a right triangle?
Solution: Plug in the three numbers into the Pythagorean Theorem. The largest length will always be the hypotenuse. 6² + 7² = 36 + 49 = 85 ≠ 8². Therefore, these lengths do not make up the sides of a right triangle.",gemini
"Example 2: Find the length of the hypotenuse of the triangle below.
Solution: Let’s use the Pythagorean Theorem. Set a and b equal to 8 and 15 and solve for c, the hypotenuse.
8² + 15² = c²
64 + 225 = c²
289 = c² Take the square root of both sides.
17 = c",gemini
"When you take the square root of an equation, usually the answer is +17 or -17. Because we are looking for length, we only use the positive answer. Length is never negative.",gemini
"Example 3: Find the missing side of the right triangle below.
Solution: Here, we are given the hypotenuse and a leg. Let’s solve for b.
7² + b² = 14²
49 + b² = 196
b² = 147
b = √147 = √(7 · 7 · 3) = 7√3",gemini
"Example 4: What is the diagonal of a rectangle with sides 10 and 16√5?
Solution: For any square and rectangle, you can use the Pythagorean Theorem to find the length of a diagonal. Plug in the sides to find d.
10² + (16√5)² = d²
100 + 1280 = d²
1380 = d²
d = √1380 = 2√345",gemini
"Pythagorean Triples
In Example 2, the sides of the triangle were 8, 15, and 17. This combination of numbers is referred to as a Pythagorean triple.
Pythagorean Triple: A set of three whole numbers that makes the Pythagorean Theorem true.",gemini
"The most frequently used Pythagorean triple is 3, 4, 5, as in Investigation 8-1. Any multiple of a Pythagorean triple is also considered a triple because it would still be three whole numbers. Therefore, 6, 8, 10 and 9, 12, 15 are also sides of a right triangle. Other Pythagorean triples are:
3, 4, 5    5, 12, 13    7, 24, 25    8, 15, 17
There are infinitely many Pythagorean triples. To see if a set of numbers makes a triple, plug them into the Pythagorean Theorem.",gemini
"Example 5: Is 20, 21, 29 a Pythagorean triple?
Solution: If 20² + 21² is equal to 29², then the set is a triple.
20² + 21² = 400 + 441 = 841
29² = 841
Therefore, 20, 21, and 29 is a Pythagorean triple.",gemini
"Area of an Isosceles Triangle
There are many different applications of the Pythagorean Theorem. One way to use The Pythagorean Theorem is to identify the heights in isosceles triangles so you can calculate the area. The area of a triangle is 1/2 bh, where b is the base and h is the height (or altitude).
If you are given the base and the sides of an isosceles triangle, you can use the Pythagorean Theorem to calculate the height.",gemini
"Example 6: What is the area of the isosceles triangle?
Solution: First, draw the altitude from the vertex between the congruent sides, which will bisect the base (Isosceles Triangle Theorem). Then, find the length of the altitude using the Pythagorean Theorem.",gemini
"7^2 + h^2 = 9^2
49 + h^2 = 81
h^2 = 32
h = √32 = 4√2

Now, use h and b in the formula for the area of a triangle.
A = 1/2 bh = 1/2(14)(4√2) = 28√2 units^2",gemini
"The Distance Formula
Another application of the Pythagorean Theorem is the Distance Formula. We have already been using the Distance Formula in this text, but we can prove it here.",gemini
"First, draw the vertical and horizontal lengths to make a right triangle. Then, use the differences to find these distances.
Now that we have a right triangle, we can use the Pythagorean Theorem to find d.",gemini
"d^2 = (x_1 - x_2)^2 + (y_1 - y_2)^2
d = √((x_1 - x_2)^2 + (y_1 - y_2)^2)

Distance Formula: The distance between A(x_1, y_1) and B(x_2, y_2) is d = √((x_1 - x_2)^2 + (y_1 - y_2)^2).",gemini
"Example 7: Find the distance between (1, 5) and (5, 2).

Solution: Make A(1, 5) and B(5, 2). Plug into the distance formula.
d = √((1 - 5)^2 + (5 - 2)^2)
= √((-4)^2 + (3)^2)
= √(16 + 9) = √25 = 5",gemini
"You might recall that the distance formula was presented as d = √((x_2 - x_1)^2 + (y_2 - y_1)^2), with the first and second points switched. It does not matter which point is first as long as x and y are both first in each parenthesis. In Example 7, we could have switched A and B and would still get the same answer.

d = √((5 - 1)^2 + (2 - 5)^2)
= √((4)^2 + (-3)^2)
= √(16 + 9) = √25 = 5

Also, just like the lengths of the sides of a triangle, distances are always positive.",gemini
"Know What? Revisited To find the length and width of a 52” HDTV, plug in the ratios and 52 into the Pythagorean Theorem. We know that the sides are going to be a multiple of 16 and 9, which we will call n.
(16n)^2 + (9n)^2 = 52^2
256n^2 + 81n^2 = 2704
337n^2 = 2704
n^2 = 8.024
n = 2.83

Therefore, the dimensions of the TV are 16(2.83”) by 9(2.833”), or 45.3” by 25.5”. If the diagonal is y” long, it would be n√337” long. The extended ratio is 9 : 16 : √337.",gemini
"Review Questions
Find the length of the missing side. Simplify all radicals.
1.
2.
3.
4.
5.
6.",gemini
"7. If the legs of a right triangle are 10 and 24, then the hypotenuse is _____________.",gemini
"8. If the sides of a rectangle are 12 and 15, then the diagonal is _____________.",gemini
"9. If the legs of a right triangle are x and y, then the hypotenuse is ____________.",gemini
"10. If the sides of a square are 9, then the diagonal is _____________.",gemini
"Determine if the following sets of numbers are Pythagorean Triples.
11. 12, 35, 37
12. 9, 17, 18
13. 10, 15, 21
14. 11, 60, 61
15. 15, 20, 25
16. 18, 73, 75",gemini
"Find the area of each triangle below. Simplify all radicals.
17.
18.
19.",gemini
"Find the length between each pair of points.
20. (-1, 6) and (7, 2)
21. (10, -3) and (-12, -6)
22. (1, 3) and (-8, 16)",gemini
23. What are the length and width of a 42” HDTV? Round your answer to the nearest tenth.,gemini
24. Standard definition TVs have a length and width ratio of 4:3. What are the length and width of a 42” Standard definition TV? Round your answer to the nearest tenth.,gemini
"25. Challenge An equilateral triangle is an isosceles triangle. If all the sides of an equilateral triangle are s, find the area, using the technique learned in this section. Leave your answer in simplest radical form.",gemini
26. Find the area of an equilateral triangle with sides of length 8.,gemini
"Pythagorean Theorem Proofs
The first proof below is similar to the one done earlier in this lesson. Use the picture below to answer the following questions.
27. Find the area of the square with sides (a + b).
28. Find the sum of the areas of the square with sides c and the right triangles with legs a and b.
29. The areas found in the previous two problems should be the same value. Set the expressions equal to each other and simplify to get the Pythagorean Theorem.",gemini
"Major General James A. Garfield (and former President of the U.S) is credited with deriving this next proof of the Pythagorean Theorem using a trapezoid.
30. Find the area of the trapezoid using the trapezoid area formula: A = 1/2(b1 + b2)h
31. Find the sum of the areas of the three right triangles in the diagram.
32. The areas found in the previous two problems should be the same value. Set the expressions equal to each other and simplify to get the Pythagorean Theorem.",gemini
"8.2 Converse of the Pythagorean Theorem
Learning Objectives
• Understand the converse of the Pythagorean Theorem.
• Identify acute and obtuse triangles from side measures.",gemini
"Review Queue
1. Determine if the following sets of numbers are Pythagorean triples.
a. 14, 48, 50
b. 9, 40, 41
c. 12, 43, 44
2. Do the following lengths make a right triangle? How do you know?
a. √5, 3, √14
b. 6, 2√3, 8
c. 3√2, 4√2, 5√2",gemini
Know What? A friend of yours is designing a building and wants it to be rectangular. One wall 65 ft. long and the other is 72 ft. long. How can he ensure the walls are going to be perpendicular?,gemini
"Converse of the Pythagorean Theorem
In the last lesson, you learned about the Pythagorean Theorem and how it can be used. The converse of the Pythagorean Theorem is also true. We touched on this in the last section with Example 1.

Pythagorean Theorem Converse: If the square of the longest side of a triangle is equal to the sum of the squares of the other two sides, then the triangle is a right triangle.

With this converse, you can use the Pythagorean Theorem to prove that a triangle is a right triangle, even if you do not know any of the triangle’s angle measurements.",gemini
"Example 1: Determine if the triangles below are right triangles.
a)
b)

Solution: Check to see if the three lengths satisfy the Pythagorean Theorem. Let the longest sides represent c, in the equation.
a) a^2 + b^2 = c^2
8^2 + 16^2 ?= (8√5)^2
64 + 256 ?= 64 · 5
320 = 320
The triangle is a right triangle.

b) a^2 + b^2 = c^2
22^2 + 24^2 ?= 26^2
484 + 576 = 676
1060 ≠ 676
The triangle is not a right triangle.",gemini
"Identifying Acute and Obtuse Triangles
We can extend the converse of the Pythagorean Theorem to determine if a triangle has an obtuse angle or is acute. We know that if the sum of the squares of the two smaller sides equals the square of the larger side, then the triangle is right. We can also interpret the outcome if the sum of the squares of the smaller sides does not equal the square of the third.",gemini
"Theorem 8-3: If the sum of the squares of the two shorter sides in a right triangle is greater than the square of the longest side, then the triangle is acute.",gemini
"Theorem 8-4: If the sum of the squares of the two shorter sides in a right triangle is less than the square of the longest side, then the triangle is obtuse.",gemini
"In other words: The sides of a triangle are a, b, and c and c > b and c > a.
If a^2 + b^2 > c^2, then the triangle is acute.
If a^2 + b^2 = c^2, then the triangle is right.
If a^2 + b^2 < c^2, then the triangle is obtuse.",gemini
"Proof of Theorem 8-3
Given: In △ABC, a^2 + b^2 > c^2, where c is the longest side. In △LMN, ∠N is a right angle.
Prove: △ABC is an acute triangle. (all angles are less than 90°)

TABLE 8.1:
Statement Reason
1. In △ABC, a^2 + b^2 > c^2, and c is the longest side. In △LMN, ∠N is a right angle. | Given
2. a^2 + b^2 = h^2 | Pythagorean Theorem
3. c^2 < h^2 | Transitive PoE
4. c < h | Take the square root of both sides
5. ∠C is the largest angle in △ABC. | The largest angle is opposite the longest side.
6. m∠N = 90° | Definition of a right angle
7. m∠C < m∠N | SSS Inequality Theorem
8. m∠C < 90° | Transitive PoE
9. ∠C is an acute angle. | Definition of an acute angle
10. △ABC is an acute triangle. | If the largest angle is less than 90°, then all the angles are less than 90°.

The proof of Theorem 8-4 is very similar and is in the review questions.",gemini
"Example 2: Determine if the following triangles are acute, right or obtuse.
a)
b)

Solution: Set the shorter sides in each triangle equal to a and b and the longest side equal to c.
a) 6^2 + (3√5)^2 ? 8^2
36 + 45 ? 64
81 > 64
The triangle is acute.

b) 15^2 + 14^2 ? 21^2
225 + 196 ? 441
421 < 441
The triangle is obtuse.",gemini
"Example 3: Graph A(−4, 1), B(3, 8), and C(9, 6). Determine if △ABC is acute, obtuse, or right.

Solution: This looks like an obtuse triangle, but we need proof to draw the correct conclusion. Use the distance formula to find the length of each side.
AB = √((-4 - 3)^2 + (1 - 8)^2) = √(49 + 49) = √98 = 7√2
BC = √((3 - 9)^2 + (8 - 6)^2) = √(36 + 4) = √40 = 2√10
AC = √((-4 - 9)^2 + (1 - 6)^2) = √(169 + 25) = √194

Now, let’s plug these lengths into the Pythagorean Theorem.
(√98)^2 + (√40)^2 ? (√194)^2
98 + 40 ? 194
138 < 194
△ABC is an obtuse triangle.",gemini
"Know What? Revisited To make the walls perpendicular, find the length of the diagonal.
65^2 + 72^2 = c^2
4225 + 5184 = c^2
9409 = c^2
97 = c
In order to make the building rectangular, both diagonals must be 97 feet.",gemini
"Review Questions
1. The two shorter sides of a triangle are 9 and 12.
a. What would be the length of the third side to make the triangle a right triangle?
b. What is a possible length of the third side to make the triangle acute?
c. What is a possible length of the third side to make the triangle obtuse?",gemini
"2. The two longer sides of a triangle are 24 and 25.
a. What would be the length of the third side to make the triangle a right triangle?
b. What is a possible length of the third side to make the triangle acute?
c. What is a possible length of the third side to make the triangle obtuse?",gemini
"3. The lengths of the sides of a triangle are 8x, 15x, and 17x. Determine if the triangle is acute, right, or obtuse.",gemini
"Determine if the following lengths make a right triangle.
4. 15, 20, 25
5. 20, 25, 30
6. 8√3, 6, 2√39",gemini
"Determine if the following triangles are acute, right or obtuse.
7. 7, 8, 9
8. 14, 48, 50
9. 5, 12, 15
10. 13, 84, 85
11. 20, 20, 24
12. 35, 40, 51
13. 39, 80, 89
14. 20, 21, 38
15. 48, 55, 76",gemini
"Graph each set of points and determine if △ABC is acute, right, or obtuse.
16. A(3, −5), B(−5, −8), C(−2, 7)
17. A(5, 3), B(2, −7), C(−1, 5)",gemini
18. Writing Explain the two different ways you can show that a triangle in the coordinate plane is a right triangle.,gemini
"The figure to the right is a rectangular prism. All sides (or faces) are either squares (the front and back) or rectangles (the four around the middle). All sides are perpendicular.
19. Find c.
20. Find d.",gemini
21. Writing Explain why m∠A = 90°.,gemini
"22. Fill in the blanks for the proof of Theorem 8-4.
Given: In △ABC, a^2 + b^2 < c^2, where c is the longest side. In △LMN, ∠N is a right angle. Prove: △ABC is an obtuse triangle. (one angle is greater than 90°)
TABLE 8.2:
Statement Reason
1. In △ABC, a^2 + b^2 < c^2, and c is the longest side. In △LMN, ∠N is a right angle.
2. a^2 + b^2 = h^2
3. c^2 > h^2
4.
5. ∠C is the largest angle in △ABC.
6. m∠N = 90°
7. m∠C > m∠N
8. Transitive PoE
9. ∠C is an obtuse angle.
10. △ABC is an obtuse triangle.",gemini
"Given AB, with A(3, 3) and B(2, −3) determine whether the given point C in problems 23-25 makes an acute, right or obtuse triangle.
23. C(3, −3)
24. C(4, −1)
25. C(5, −2)",gemini
"Given AB, with A(−2, 5) and B(1, −3) find at least two possible points, C, such that △ABC is
26. right, with right ∠C.
27. acute, with acute ∠C.
28. obtuse, with obtuse ∠C.",gemini
"29. Construction
a. Draw AB, such that AB = 3 in.
b. Draw −→AD such that ∠BAD < 90°.
c. Construct a line through B which is perpendicular to −→AD, label the intersection C.
d. △ABC is a right triangle with right ∠C.",gemini
"30. Is the triangle you made unique? In other words, could you have multiple different outcomes with the same AB? Why or why not? You may wish to experiment to find out.",gemini
31. Why do the instructions specifically require that ∠BAD < 90°?,gemini
32. Describe how this construction could be changed so that ∠B is the right angle in the triangle.,gemini
"8.3 Using Similar Right Triangles
Learning Objectives
• Identify similar triangles inscribed in a larger triangle.
• Evaluate the geometric mean.
• Find the length of an altitude or leg using the geometric mean.",gemini
"Review Queue
1. If two triangles are right triangles, does that mean they are similar? Explain.
2. If two triangles are isosceles right triangles, does that mean they are similar? Explain.
3. Solve the ratio: 3/x = x/27.
4. If the legs of an isosceles right triangle are 4, find the length of the hypotenuse. Draw a picture and simplify the radical.",gemini
"Know What? In California, the average home price increased 21.3% in 2004 and another 16.0% in 2005. What is the average rate of increase for these two years?",gemini
"Inscribed Similar Triangles
You may recall that if two objects are similar, corresponding angles are congruent and their sides are proportional in length. Let’s look at a right triangle, with an altitude drawn from the right angle.

There are three right triangles in this picture, △ADB, △CDA, and △CAB. Both of the two smaller triangles are similar to the larger triangle because they each share an angle with △ADB. That means all three triangles are similar to each other.",gemini
"Theorem 8-5: If an altitude is drawn from the right angle of any right triangle, then the two triangles formed are similar to the original triangle and all three triangles are similar to each other.

The proof of Theorem 8-5 is in the review questions.",gemini
"Example 1: Write the similarity statement for the triangles below.

Solution: If m∠E = 30°, then m∠I = 60° and m∠TRE = 60°. m∠IRT = 30° because it is complementary to ∠TRE. Line up the congruent angles in the similarity statement. △IRE ∼ △ITR ∼ △RTE",gemini
We can also use the side proportions to find the length of the altitude.,gemini
"Example 2: Find the value of x.

Solution: First, let’s separate the triangles to find the corresponding sides.
Now we can set up a proportion.
shorter leg in △EDG / shorter leg in △DFG = hypotenuse in △EDG / hypotenuse in △DFG
6/x = 10/8
48 = 10x
4.8 = x",gemini
"Example 3: Find the value of x.

Solution: Let’s set up a proportion.
shorter leg in △SVT / shorter leg in △RST = hypotenuse in △SVT / hypotenuse in △RST
4/x = x/20
x^2 = 80
x = √80 = 4√5",gemini
"Example 4: Find the value of y in △RST above.

Solution: Use the Pythagorean Theorem.
y^2 + (4√5)^2 = 20^2
y^2 + 80 = 400
y^2 = 320
y = √320 = 8√5",gemini
"The Geometric Mean
You are probably familiar with the arithmetic mean, which divides the sum of n numbers by n. This is commonly used to determine the average test score for a group of students.

The geometric mean is a different sort of average, which takes the nth root of the product of n numbers. In this text, we will primarily compare two numbers, so we would be taking the square root of the product of two numbers. This mean is commonly used with rates of increase or decrease.

Geometric Mean: The geometric mean of two positive numbers a and b is the number x, such that a/x = x/b or x^2 = ab and x = √ab.",gemini
"Example 5: Find the geometric mean of 24 and 36.
Solution: x = √(24 · 36) = √(12 · 2 · 12 · 3) = 12√6",gemini
"Example 6: Find the geometric mean of 18 and 54.
Solution: x = √(18 · 54) = √(18 · 18 · 3) = 18√3

Notice that in both of these examples, we did not actually multiply the two numbers together, but kept them separate. This made it easier to simplify the radical.",gemini
"A practical application of the geometric mean is to find the altitude of a right triangle.

Example 7: Find the value of x.

Solution: Using similar triangles, we have the proportion
shortest leg of smallest △ / shortest leg of middle △ = longer leg of smallest △ / longer leg of middle △
9/x = x/27
x^2 = 243
x = √243 = 9√3

In Example 7, 9/x = x/27 is in the definition of the geometric mean. So, the altitude is the geometric mean of the two segments that it divides the hypotenuse into.",gemini
"Theorem 8-6: In a right triangle, the altitude drawn from the right angle to the hypotenuse divides the hypotenuse into two segments. The length of the altitude is the geometric mean of these two segments.",gemini
"Theorem 8-7: In a right triangle, the altitude drawn from the right angle to the hypotenuse divides the hypotenuse into two segments. The length of each leg of the right triangle is the geometric mean of the lengths of the hypotenuse and the segment of the hypotenuse that is adjacent to the leg.

In other words
Theorem 8-6: BC/AC = AC/DC
Theorem 8-7: BC/AB = AB/DB and DC/AD = AD/DB
Both of these theorems are proved using similar triangles.",gemini
"Example 8: Find the value of x and y.

Solution: Use theorem 8-7 to solve for x and y.
20/x = x/35
x^2 = 20 · 35
x = √(20 · 35)
x = 10√7

15/y = y/35
y^2 = 15 · 35
y = √(15 · 35)
y = 5√21

You could also use the Pythagorean Theorem to solve for y, once x has been solved for.
(10√7)^2 + y^2 = 35^2
700 + y^2 = 1225
y = √525 = 5√21

Either method is acceptable.",gemini
"Know What? Revisited The average rate of increase can be found by using the geometric mean.
x = √(0.213 · 0.16) = 0.1846
Over the two year period, housing prices increased 18.46%.",gemini
"Review Questions
Use the diagram to answer questions 1-4.
1. Write the similarity statement for the three triangles in the diagram.
2. If JM = 12 and ML = 9, find KM.
3. Find JK.
4. Find KL.",gemini
"Find the geometric mean between the following two numbers. Simplify all radicals.
5. 16 and 32
6. 45 and 35
7. 10 and 14
8. 28 and 42
9. 40 and 100
10. 51 and 8",gemini
"Find the length of the missing variable(s). Simplify all radicals.
11.
12.
13.
14.
15.
16.
17.
18.
19.",gemini
"20. Write a proof for Theorem 8-5.
Given: △ABD with AC⊥DB and ∠DAB is a right angle. Prove: △ABD ∼ △CBA ∼ △CAD",gemini
"21. Fill in the blanks for the proof of Theorem 8-7.
Given: △ABD with AC⊥DB and ∠DAB is a right angle. Prove: BC/AB = AB/DB

TABLE 8.3:
Statement Reason
1. △ABD with AC⊥DB and ∠DAB is a right angle.
2. △ABD ∼ △CBA ∼ △CAD
3. BC/AB = AB/DB",gemini
22. Last year Poorva’s rent increased by 5% and this year her landlord wanted to raise her rent by 7.5%. What is the average rate at which her landlord has raised her rent over the course of these two years?,gemini
"23. Mrs. Smith teaches AP Calculus. Between the first and second years she taught the course her students’ average score improved by 12%. Between the second and third years, the scores increased by 9%. What is the average rate of improvement in her students’ scores?",gemini
"24. According to the US Census Bureau, http://www.census.gov/ipc/www/idb/country.php the rate of growth of the US population was 0.8% and in 2009 it was 1.0%. What was the average rate of population growth during that time period?",gemini
"Algebra Connection A geometric sequence is a sequence of numbers in which each successive term is determined by multiplying the previous term by the common ratio. An example is the sequence 1, 3, 9, 27, ... Here each term is multiplied by 3 to get the next term in the sequence. Another way to look at this sequence is to compare the ratios of the consecutive terms.",gemini
25. Find the ratio of the 2nd to 1st terms and the ratio of the 3rd to 2nd terms. What do you notice? Is this true for the next set (4th to 3rd terms)?,gemini
"26. Given the sequence 4, 8, 16,..., if we equate the ratios of the consecutive terms we get: 8/4 = 16/8. This means that 8 is the ___________________ of 4 and 16. We can generalize this to say that every term in a geometric sequence is the ___________________ of the previous and subsequent terms.",gemini
"Use what you discovered in problem 26 to find the middle term in the following geometric sequences.
27. 5, ____, 20
28. 4, ____, 100
29. 2, ____, 1/2",gemini
"30. We can use what we have learned in this section in another proof of the Pythagorean Theorem. Use the diagram to fill in the blanks in the proof below.

TABLE 8.4:
Statement Reason
1. e/a = ?/(d+e) and d/b = b/? | Theorem 8-7
2. a^2 = e(d + e) and b^2 = d(d + e) | ?
3. a^2 + b^2 = ? | Combine equations from #2.
4. ? | Distributive Property
5. c = d + e | ?
6. ? | Substitution PoE",gemini
"8.4 Special Right Triangles
Learning Objectives
• Identify and use the ratios involved with isosceles right triangles.
• Identify and use the ratios involved with 30-60-90 triangles.",gemini
"Review Queue
Find the value of the missing variable(s). Simplify all radicals.
1.
2.
3.
4. Do the lengths 6, 6, and 6√2 make a right triangle?
5. Do the lengths 3, 3√3, and 6 make a right triangle?",gemini
"Know What? The Great Giza Pyramid is a pyramid with a square base and four isosceles triangles that meet at a point. It is thought that the original height was 146.5 meters and the base edges were 230 meters.

First, find the length of the edge of the isosceles triangles. Then, determine if the isosceles triangles are also equilateral triangles. Round your answers to the nearest tenth.

You can assume that the height of the pyramid is from the center of the square base and is a vertical line.",gemini
"Isosceles Right Triangles
There are two types of special right triangles, based on their angle measures. The first is an isosceles right triangle. Here, the legs are congruent and, by the Base Angles Theorem, the base angles will also be congruent. Therefore, the angle measures will be 90°, 45°, and 45°. You will also hear an isosceles right triangle called a 45-45-90 triangle. Because the three angles are always the same, all isosceles right triangles are similar.",gemini
"Investigation 8-2: Properties of an Isosceles Right Triangle
Tools Needed: Pencil, paper, compass, ruler, protractor
1. Construct an isosceles right triangle with 2 in legs. Use the SAS construction that you learned in Chapter 4.
2. Find the measure of the hypotenuse. What is it? Simplify the radical.
3. Now, let’s say the legs are of length x and the hypotenuse is h. Use the Pythagorean Theorem to find the hypotenuse. What is it? How is this similar to your answer in #2?",gemini
"x^2 + x^2 = h^2
2x^2 = h^2
x√2 = h

45-45-90 Corollary: If a triangle is an isosceles right triangle, then its sides are in the extended ratio x : x : x√2.

Step 3 in the above investigation proves the 45-45-90 Triangle Theorem. So, anytime you have a right triangle with congruent legs or congruent angles, then the sides will always be in the ratio x : x : x√2. The hypotenuse is always x√2 because that is the longest length. This is a specific case of the Pythagorean Theorem, so it will still work, if for some reason you forget this corollary.",gemini
"Example 1: Find the length of the missing sides.
a)
b)

Solution: Use the x : x : x√2 ratio.
a) TV = 6 because it is equal to ST. So, SV = 6√2.
b) AB = 9√2 because it is equal to AC. So, BC = 9√2 · √2 = 9 · 2 = 18.",gemini
"Example 2: Find the length of x.
a)",gemini
"Solution: Again, use the x : x : x√2 ratio, but in these two we are given the hypotenuse. We need to solve for x in the ratio.
a) 12√2 = x√2
12 = x
b) x√2 = 16
x = 16/√2 · √2/√2 = 16√2 / 2 = 8√2
In part b, we rationalized the denominator. Whenever there is a radical in the denominator of a fraction, multiply the top and bottom by that radical. This will cancel out the radical from the denominator and reduce the fraction.",gemini
"30-60-90 Triangles
The second special right triangle is called a 30-60-90 triangle, after the three angles. To construct a 30-60-90 triangle, start with an equilateral triangle.",gemini
"Investigation 8-3: Properties of a 30-60-90 Triangle
Tools Needed: Pencil, paper, ruler, compass
1. Construct an equilateral triangle with 2 in sides.
2. Draw or construct the altitude from the top vertex to the base for two congruent triangles.
3. Find the measure of the two angles at the top vertex and the length of the shorter leg.
The top angles are each 30° and the shorter leg is 1 in because the altitude of an equilateral triangle is also the angle and perpendicular bisector.
4. Find the length of the longer leg, using the Pythagorean Theorem. Simplify the radical.
5. Now, let’s say the shorter leg is length x and the hypotenuse is 2x. Use the Pythagorean Theorem to find the longer leg. What is it? How is this similar to your answer in #4?
x² + b² = (2x)²
x² + b² = 4x²
b² = 3x²
b = x√3",gemini
"30-60-90 Corollary: If a triangle is a 30-60-90 triangle, then its sides are in the extended ratio x : x√3 : 2x.
Step 5 in the above investigation proves the 30-60-90 Corollary. The shortest leg is always x, the longest leg is always x√3, and the hypotenuse is always 2x. If you ever forget this corollary, then you can still use the Pythagorean Theorem.",gemini
"Example 3: Find the length of the missing sides.
a)
b)
Solution: In part a, we are given the shortest leg and in part b, we are given the hypotenuse.
a) If x = 5, then the longer leg, b = 5√3, and the hypotenuse, c = 2(5) = 10.
b) Now, 2x = 20, so the shorter leg, f = 10, and the longer leg, g = 10√3.",gemini
"Example 4: Find the value of x and y.
a)
b)
Solution: In part a, we are given the longer leg and in part b, we are given the hypotenuse.
a) x√3 = 12
x = 12/√3 · √3/√3 = 12√3 / 3 = 4√3
Then, the hypotenuse would be
y = 2(4√3) = 8√3
b) 2x = 15√6
x = 15√6 / 2
The, the longer leg would be
y = (15√6 / 2) · √3 = 15√18 / 2 = 45√2 / 2",gemini
"Example 5: Find the measure of x.
Solution: Think of this trapezoid as a rectangle, between a 45-45-90 triangle and a 30-60-90 triangle.
From this picture, x = a + b + c. First, find a, which is a leg of an isosceles right triangle.
a = 24/√2 · √2/√2 = 24√2 / 2 = 12√2
a = d, so we can use this to find c, which is the shorter leg of a 30-60-90 triangle.
c = 12√2 / √3 · √3/√3 = 12√6 / 3 = 4√6
b = 20, so x = 12√2 + 20 + 4√6. Nothing simplifies, so this is how we leave our answer.",gemini
"Know What? Revisited The line that the vertical height is perpendicular to is the diagonal of the square base. This length (blue) is the same as the hypotenuse of an isosceles right triangle because half of a square is an isosceles right triangle. So, the diagonal is 230√2. Therefore, the base of the right triangle with 146.5 as the leg is half of 230√2 or 115√2. Do the Pythagorean Theorem to find the edge.
edge = √((115√2)² + 146.5²) ≈ 218.9 m
In order for the sides to be equilateral triangles, this length should be 230 meters. It is not, so the triangles are isosceles.",gemini
"Review Questions
1. In an isosceles right triangle, if a leg is x, then the hypotenuse is __________.
2. In a 30-60-90 triangle, if the shorter leg is x, then the longer leg is __________ and the hypotenuse is __________.
3. A square has sides of length 15. What is the length of the diagonal?
4. A square’s diagonal is 22. What is the length of each side?
5. A rectangle has sides of length 4 and 4√3. What is the length of the diagonal?
6. A baseball diamond is a square with 90 foot sides. What is the distance from home base to second base? (HINT: It’s the length of the diagonal).",gemini
"For questions 7-18, find the lengths of the missing sides.",gemini
"19. Do the lengths 8√2, 8√6, and 16√2 make a special right triangle? If so, which one?",gemini
"20. Do the lengths 4√3, 4√6 and 8√3 make a special right triangle? If so, which one?",gemini
23. What is the ratio of the sides of a rectangle if the diagonal divides the rectangle into two 30-60-90 triangles?,gemini
24. What is the length of the sides of a square with diagonal 8 in?,gemini
"For questions 25-28, it might be helpful to recall #25 from section 8.1.
25. What is the height of an equilateral triangle with sides of length 3 in?
26. What is the area of an equilateral triangle with sides of length 5 ft?
27. A regular hexagon has sides of length 3 in. What is the area of the hexagon? (Hint: the hexagon is made up a 6 equilateral triangles.)
28. The area of an equilateral triangle is 36√3. What is the length of a side?",gemini
"29. If a road has a grade of 30°, this means that its angle of elevation is 30°. If you travel 1.5 miles on this road, how much elevation have you gained in feet (5280 ft = 1 mile)?",gemini
"30. Four isosceles triangles are formed when both diagonals are drawn in a square. If the length of each side in the square is s, what are the lengths of the legs of the isosceles triangles?",gemini
"8.5 Tangent, Sine and Cosine
Learning Objectives
• Use the tangent, sine and cosine ratios in a right triangle.
• Understand these trigonometric ratios in special right triangles.
• Use a scientific calculator to find sine, cosine and tangent.
• Use trigonometric ratios in real-life situations.",gemini
"Review Queue
1. The legs of an isosceles right triangle have length 14. What is the hypotenuse?
2. Do the lengths 8, 16, 20 make a right triangle? If not, is the triangle obtuse or acute?
3. In a 30-60-90 triangle, what do the 30, 60, and 90 refer to?
4. Find the measure of the missing lengths.
a.
b.",gemini
"Know What? A restaurant needs to build a wheelchair ramp for its customers. The angle of elevation for a ramp is recommended to be 5°. If the vertical distance from the sidewalk to the front door is two feet, what is the horizontal distance that the ramp will take up (x)? How long will the ramp be (y)? Round your answers to the nearest hundredth.",gemini
"What is Trigonometry?
The word trigonometry comes from two words meaning triangle and measure. In this lesson we will define three trigonometric (or trig) functions. Once we have defined these functions, we will be able to solve problems like the Know What? above.",gemini
Trigonometry: The study of the relationships between the sides and angles of right triangles.,gemini
"In trigonometry, sides are named in reference to a particular angle. The hypotenuse of a triangle is always the same, but the terms adjacent and opposite depend on which angle you are referencing. A side adjacent to an angle is the leg of the triangle that helps form the angle. A side opposite to an angle is the leg of the triangle that does not help form the angle. We never reference the right angle when referring to trig ratios.
a is adjacent to ∠B. a is opposite ∠A.
b is adjacent to ∠A. b is opposite ∠B.
c is the hypotenuse.",gemini
"Sine, Cosine, and Tangent Ratios
The three basic trig ratios are called, sine, cosine and tangent. At this point, we will only take the sine, cosine and tangent of acute angles. However, you will learn that you can use these ratios with obtuse angles as well.",gemini
"Sine Ratio: For an acute angle x in a right triangle, the sin x is equal to the ratio of the side opposite the angle over the hypotenuse of the triangle.
Using the triangle above, sin A = a/c and sin B = b/c.",gemini
"Cosine Ratio: For an acute angle x in a right triangle, the cos x is equal to the ratio of the side adjacent to the angle over the hypotenuse of the triangle.
Using the triangle above, cos A = b/c and cos B = a/c.",gemini
"Tangent Ratio: For an acute angle x, in a right triangle, the tan x is equal to the ratio of the side opposite to the angle over the side adjacent to x.
Using the triangle above, tan A = a/b and tan B = b/a.",gemini
"There are a few important things to note about the way we write these ratios. First, keep in mind that the abbreviations sin x, cos x, and tan x are all functions. Each ratio can be considered a function of the angle (see Chapter 10). Second, be careful when using the abbreviations that you still pronounce the full name of each function. When we write sin x it is still pronounced sine, with a long “i”. When we write cos x, we still say co-sine. And when we write tan x, we still say tangent.
An easy way to remember ratios is to use the pneumonic SOH-CAH-TOA.",gemini
Sine = Opposite / Hypotenuse    Cosine = Adjacent / Hypotenuse    Tangent = Opposite / Adjacent,gemini
"Example 1: Find the sine, cosine and tangent ratios of ∠A.
Solution: First, we need to use the Pythagorean Theorem to find the length of the hypotenuse.
5² + 12² = h²
13 = h
So, sin A = 12/13, cos A = 5/13, and tan A = 12/5.",gemini
"A few important points:
• Always reduce ratios when you can.
• Use the Pythagorean Theorem to find the missing side (if there is one).
• The tangent ratio can be bigger than 1 (the other two cannot).
• If two right triangles are similar, then their sine, cosine, and tangent ratios will be the same (because they will reduce to the same ratio).
• If there is a radical in the denominator, rationalize the denominator.",gemini
"Example 2: Find the sine, cosine, and tangent of ∠B.
Solution: Find the length of the missing side.
AC² + 5² = 15²
AC² = 200
AC = 10√2
Therefore, sin B = 10√2 / 15 = 2√2 / 3, cos B = 5/15 = 1/3, and tan B = 10√2 / 5 = 2√2.",gemini
"Example 3: Find the sine, cosine and tangent of 30°.
Solution: This is a special right triangle, a 30-60-90 triangle. So, if the short leg is 6, then the long leg is 6√3 and the hypotenuse is 12.
sin 30° = 6/12 = 1/2, cos 30° = 6√3 / 12 = √3 / 2, and tan 30° = 6 / (6√3) = 1/√3 · √3/√3 = √3 / 3.
In Example 3, we knew the angle measure of the angle we were taking the sine, cosine and tangent of. This means that the sine, cosine and tangent for an angle are fixed.",gemini
"Sine, Cosine, and Tangent with a Calculator
We now know that the trigonometric ratios are not dependent on the sides, but the ratios. Therefore, there is one fixed value for every angle, from 0° to 90°. Your scientific (or graphing) calculator knows the values of the sine, cosine and tangent of all of these angles. Depending on your calculator, you should have [SIN], [COS], and [TAN] buttons. Use these to find the sine, cosine, and tangent of any acute angle.",gemini
"Example 4: Find the indicated trigonometric value, using your calculator.
a) sin 78°
b) cos 60°
c) tan 15°
Solution: Depending on your calculator, you enter the degree first, and then press the correct trig button or the other way around. For TI-83s and TI-84s you press the trig button first, followed by the angle. Also, make sure the mode of your calculator is in DEGREES.
a) sin 78° = 0.9781
b) cos 60° = 0.5
c) tan 15° = 0.2679",gemini
"Finding the Sides of a Triangle using Trig Ratios
One application of the trigonometric ratios is to use them to find the missing sides of a right triangle. All you need is one angle, other than the right angle, and one side. Let’s go through a couple of examples.",gemini
"Example 5: Find the value of each variable. Round your answer to the nearest hundredth.
Solution: We are given the hypotenuse, so we would need to use the sine to find b, because it is opposite 22° and cosine to find a, because it is adjacent to 22°.
sin 22° = b/30
cos 22° = a/30
30 · sin 22° = b
30 · cos 22° = a
b ≈ 11.24
a ≈ 27.82",gemini
"Example 6: Find the value of each variable. Round your answer to the nearest hundredth.
Solution: Here, we are given the adjacent leg to 42°. To find c, we need to use cosine and to find d we will use tangent.
cos 42° = 9/c
tan 42° = d/9
c · cos 42° = 9
9 · tan 42° = d
c = 9 / cos 42° ≈ 12.11
d ≈ 8.10
Notice in both of these examples, you should only use the information that you are given. For example, you should not use the found value of b to find a (in Example 5) because b is an approximation. Use exact values to give the most accurate answers. However, in both examples you could have also used the complementary angle to the one given.",gemini
"Angles of Depression and Elevation
Another practical application of the trigonometric functions is to find the measure of lengths that you cannot measure. Very frequently, angles of depression and elevation are used in these types of problems.",gemini
"Angle of Depression: The angle measured from the horizon or horizontal line, down.",gemini
"Angle of Elevation: The angle measure from the horizon or horizontal line, up.",gemini
"Example 7: An inquisitive math student is standing 25 feet from the base of the Washington Monument. The angle of elevation from her horizontal line of sight is 87.4°. If her “eye height” is 5ft, how tall is the monument?
Solution: We can find the height of the monument by using the tangent ratio and then adding the eye height of the student.
tan 87.4° = h/25
h = 25 · tan 87.4° = 550.54
Adding 5 ft, the total height of the Washington Monument is 555.54 ft.
According to Wikipedia, the actual height of the monument is 555.427 ft.",gemini
"Know What? Revisited To find the horizontal length and the actual length of the ramp, we need to use the tangent and sine.
tan 5° = 2/x
x = 2 / tan 5° = 22.86
sin 5° = 2/y
y = 2 / sin 5° = 22.95",gemini
"Review Questions
Use the diagram to fill in the blanks below.
1. tan D = ?/?
2. sin F = ?/?
3. tan F = ?/?
4. cos F = ?/?
5. sin D = ?/?
6. cos D = ?/?",gemini
"From questions 1-6, we can conclude the following. Fill in the blanks.
7. cos ___ = sin F and sin ___ = cos F
8. The sine of an angle is ____________ to the cosine of its ______________.
9. tan D and tan F are ___________ of each other.",gemini
"Use your calculator to find the value of each trig function below. Round to four decimal places.
10. sin 24°
11. cos 45°
12. tan 88°
13. sin 43°",gemini
"Find the sine, cosine and tangent of ∠A. Reduce all fractions and radicals.
14.
15.
16.",gemini
"Find the length of the missing sides. Round your answers to the nearest hundredth.
17.
18.
19.
20.
21.
22.",gemini
"23. Kristin is swimming in the ocean and notices a coral reef below her. The angle of depression is 35° and the depth of the ocean, at that point, is 250 feet. How far away is she from the reef?",gemini
24. The Leaning Tower of Piza currently “leans” at a 4° angle and has a vertical height of 55.86 meters. How tall was the tower when it was originally built?,gemini
"25. The angle of depression from the top of an apartment building to the base of a fountain in a nearby park is 72°. If the building is 78 ft tall, how far away is the fountain?",gemini
26. William spots a tree directly across the river from where he is standing. He then walks 20 ft upstream and determines that the angle between his previous position and the tree on the other side of the river is 65°. How wide is the river?,gemini
27. Diego is flying his kite one afternoon and notices that he has let out the entire 120 ft of string. The angle his string makes with the ground is 52°. How high is his kite at this time?,gemini
28. A tree struck by lightning in a storm breaks and falls over to form a triangle with the ground. The tip of the tree makes a 36° angle with the ground 25 ft from the base of the tree. What was the height of the tree to the nearest foot?,gemini
"29. Upon descent an airplane is 20,000 ft above the ground. The air traffic control tower is 200 ft tall. It is determined that the angle of elevation from the top of the tower to the plane is 15°. To the nearest mile, find the ground distance from the airplane to the tower.",gemini
30. Critical Thinking Why are the sine and cosine ratios always be less than 1?,gemini
"8.6 Inverse Trigonometric Ratios
Learning Objectives
• Use the inverse trigonometric ratios to find an angle in a right triangle.
• Solve a right triangle.
• Apply inverse trigonometric ratios to real-life situation and special right triangles.",gemini
"Review Queue
Find the lengths of the missing sides. Round your answer to the nearest hundredth.
1.
2.
3. Draw an isosceles right triangle with legs of length 3. What is the hypotenuse?
4. Use the triangle from #3, to find the sine, cosine, and tangent of 45°.
5. Explain why tan 45° = 1.",gemini
"Know What? The longest escalator in North America is at the Wheaton Metro Station in Maryland. It is 230 feet long and is 115 ft high. What is the angle of elevation, x°, of this escalator?",gemini
"Inverse Trigonometric Ratios
The word inverse is probably familiar to you. In mathematics, once you learn how to do an operation, you also learn how to “undo” it. For example, you may remember that addition and subtraction are considered inverse operations. Multiplication and division are also inverse operations. In algebra you used inverse operations to solve equations and inequalities.
When we apply the word inverse to the trigonometric ratios, we can find the acute angle measures within a right triangle. Normally, if you are given an angle and a side of a right triangle, you can find the other two sides, using sine, cosine or tangent. With the inverse trig ratios, you can find the angle measure, given two sides.",gemini
"Inverse Tangent: If you know the opposite side and adjacent side of an angle in a right triangle, you can use inverse tangent to find the measure of the angle.
Inverse tangent is also called arctangent and is labeled tan⁻¹ or arctan. The “-1” indicates inverse.",gemini
"Inverse Sine: If you know the opposite side of an angle and the hypotenuse in a right triangle, you can use inverse sine to find the measure of the angle.
Inverse sine is also called arcsine and is labeled sin⁻¹ or arcsin.",gemini
"Inverse Cosine: If you know the adjacent side of an angle and the hypotenuse in a right triangle, you can use inverse cosine to find the measure of the angle.
Inverse cosine is also called arccosine and is labeled cos⁻¹ or arccos.",gemini
"Using the triangle below, the inverse trigonometric ratios look like this:
tan⁻¹(b/a) = m∠B    tan⁻¹(a/b) = m∠A
sin⁻¹(b/c) = m∠B    sin⁻¹(a/c) = m∠A
cos⁻¹(a/c) = m∠B    cos⁻¹(b/c) = m∠A",gemini
"In order to actually find the measure of the angles, you will need you use your calculator. On most scientific and graphing calculators, the buttons look like [SIN⁻¹], [COS⁻¹], and [TAN⁻¹]. Typically, you might have to hit a shift or 2nd button to access these functions. For example, on the TI-83 and 84, [2nd][SIN] is [SIN⁻¹]. Again, make sure the mode is in degrees.",gemini
"When you find the inverse of a trigonometric function, you put the word arc in front of it. So, the inverse of a tangent is called the arctangent (or arctan for short). Think of the arctangent as a tool you can use like any other inverse operation when solving a problem. If tangent tells you the ratio of the lengths of the sides opposite and adjacent to an angle, then tangent inverse tells you the measure of an angle with a given ratio.",gemini
"Example 1: Use the sides of the triangle and your calculator to find the value of ∠A. Round your answer to the nearest tenth of a degree.
Solution: In reference to ∠A, we are given the opposite leg and the adjacent leg. This means we should use the tangent ratio.
tan A = 20/25 = 4/5, therefore tan⁻¹(4/5) = m∠A. Use your calculator.
If you are using a TI-83 or 84, the keystrokes would be: [2nd][TAN](4/5)[ENTER] and the screen looks like: tan⁻¹(4/5) 38.65980825
So, m∠A = 38.7°",gemini
"Example 2: ∠A is an acute angle in a right triangle. Use your calculator to find m∠A to the nearest tenth of a degree.
a) sin A = 0.68
b) cos A = 0.85
c) tan A = 0.34
Solution:
a) m∠A = sin⁻¹ 0.68 = 42.8°
b) m∠A = cos⁻¹ 0.85 = 31.8°
c) m∠A = tan⁻¹ 0.34 = 18.8°",gemini
"Solving Triangles
Now that we know how to use inverse trigonometric ratios to find the measure of the acute angles in a right triangle, we can solve right triangles. To solve a right triangle, you would need to find all sides and angles in a right triangle, using any method. When solving a right triangle, you could use sine, cosine or tangent, inverse sine, inverse cosine, or inverse tangent, or the Pythagorean Theorem. Remember when solving right triangles to only use the values that you are given.",gemini
"Example 3: Solve the right triangle.
Solution: To solve this right triangle, we need to find AB, m∠C and m∠B. Use AC and CB to give the most accurate answers.
AB: Use the Pythagorean Theorem.
24² + AB² = 30²
576 + AB² = 900
AB² = 324
AB = √324 = 18
m∠B: Use the inverse sine ratio.
sin B = 24/30 = 4/5
sin⁻¹(4/5) = 53.1° = m∠B
m∠C: Use the inverse cosine ratio.
cos C = 24/30 = 4/5
cos⁻¹(4/5) = 36.9° = m∠C",gemini
"Example 4: Solve the right triangle.
Solution: To solve this right triangle, we need to find AB, BC and m∠A.
AB: Use sine ratio.
sin 62° = 25/AB
AB = 25 / sin 62°
AB ≈ 28.31
BC: Use tangent ratio.
tan 62° = 25/BC
BC = 25 / tan 62°
BC ≈ 13.30
m∠A: Use Triangle Sum Theorem
62° + 90° + m∠A = 180°
m∠A = 28°",gemini
"Example 5: Solve the right triangle.
Solution: Even though, there are no angle measures given, we know that the two acute angles are congruent, making them both 45°. Therefore, this is a 45-45-90 triangle. You can use the trigonometric ratios or the special right triangle ratios.
Trigonometric Ratios
tan 45° = 15/BC, BC = 15 / tan 45° = 15
sin 45° = 15/AC, AC = 15 / sin 45° ≈ 21.21
45-45-90 Triangle Ratios
BC = AB = 15, AC = 15√2 ≈ 21.21",gemini
"Real-Life Situations
Much like the trigonometric ratios, the inverse trig ratios can be used in several real-life situations. Here are a couple examples.",gemini
"Example 6: A 25 foot tall flagpole casts a 42 feet shadow. What is the angle that the sun hits the flagpole?
Solution: First, draw a picture. The angle that the sun hits the flagpole is the acute angle at the top of the triangle, x°. From the picture, we can see that we need to use the inverse tangent ratio.
tan x = 42/25
tan⁻¹(42/25) ≈ 59.2° = x",gemini
"Example 7: Elise is standing on the top of a 50 foot building and spots her friend, Molly across the street. If Molly is 35 feet away from the base of the building, what is the angle of depression from Elise to Molly? Elise’s eye height is 4.5 feet.
Solution: Because of parallel lines, the angle of depression is equal to the angle at Molly, or x°. We can use the inverse tangent ratio.
tan⁻¹(54.5/30) = 61.2° = x",gemini
"Know What? Revisited To find the escalator’s angle of elevation, we need to use the inverse sine ratio.
sin⁻¹(115/230) = 30° The angle of elevation is 30°.",gemini
"Review Questions
Use your calculator to find m∠A to the nearest tenth of a degree.
1.
2.
3.
4.
5.
6.",gemini
"Let ∠A be an acute angle in a right triangle. Find m∠A to the nearest tenth of a degree.
7. sin A = 0.5684
8. cos A = 0.1234
9. tan A = 2.78",gemini
"Solving the following right triangles. Find all missing sides and angles.
10.
11.
12.
13.
14.
15.",gemini
16. Writing Explain when to use a trigonometric ratio to find a side length of a right triangle and when to use the Pythagorean Theorem.,gemini
"Real-Life Situations Use what you know about right triangles to solve for the missing angle. If needed, draw a picture. Round all answers to the nearest tenth of a degree.
17. A 75 foot building casts an 82 foot shadow. What is the angle that the sun hits the building?
18. Over 2 miles (horizontal), a road rises 300 feet (vertical). What is the angle of elevation?
19. A boat is sailing and spots a shipwreck 650 feet below the water. A diver jumps from the boat and swims 935 feet to reach the wreck. What is the angle of depression from the boat to the shipwreck?
20. Elizabeth wants to know the angle at which the sun hits a tree in her backyard at 3 pm. She finds that the length of the tree’s shadow is 24 ft at 3 pm. At the same time of day, her shadow is 6 ft 5 inches. If Elizabeth is 4 ft 8 inches tall, find the height of the tree and hence the angle at which the sunlight hits the tree.
21. Alayna is trying to determine the angle at which to aim her sprinkler nozzle to water the top of a 5 ft bush in her yard. Assuming the water takes a straight path and the sprinkler is on the ground 4 ft from the tree, at what angle of inclination should she set it?
22. Science Connection Would the answer to number 20 be the same every day of the year? What factors would influence this answer? How about the answer to number 21? What factors might influence the path of the water?",gemini
"23. Tommy was solving the triangle below and made a mistake. What did he do wrong?
tan⁻¹(21/28) ≈ 36.9°",gemini
24. Tommy then continued the problem and set up the equation: cos 36.9° = 21/h. By solving this equation he found that the hypotenuse was 26.3 units. Did he use the correct trigonometric ratio here? Is his answer correct? Why or why not?,gemini
25. How could Tommy have found the hypotenuse in the triangle another way and avoided making his mistake?,gemini
"Examining Patterns Below is a table that shows the sine, cosine, and tangent values for eight different angle measures. Answer the following questions.
TABLE 8.5:
10° 20° 30° 40° 50° 60° 70° 80°
Sine 0.1736 0.3420 0.5 0.6428 0.7660 0.8660 0.9397 0.9848
Cosine 0.9848 0.9397 0.8660 0.7660 0.6428 0.5 0.3420 0.1736
Tangent 0.1763 0.3640 0.5774 0.8391 1.1918 1.7321 2.7475 5.6713
26. What value is equal to sin 40°?
27. What value is equal to cos 70°?
28. Describe what happens to the sine values as the angle measures increase.
29. Describe what happens to the cosine values as the angle measures increase.
30. What two numbers are the sine and cosine values between?
31. Find tan 85°, tan 89°, and tan 89.5° using your calculator. Now, describe what happens to the tangent values as the angle measures increase.
32. Explain why all of the sine and cosine values are less than one. (hint: think about the sides in the triangle and the relationships between their lengths)",gemini
"4. sin 45° = 3 / (3√2) = √2 / 2, cos 45° = 3 / (3√2) = √2 / 2, tan 45° = 3 / 3 = 1",gemini
"5. The tangent of 45° equals one because it is the ratio of the opposite side over the adjacent side. In an isosceles right triangle, or 45-45-90 triangle, the opposite and adjacent sides are the same, making the ratio always 1.",gemini
Learning Objectives: • Identify and use the Law of Sines and Cosines.,gemini
"In this chapter, we have only applied the trigonometric ratios to right triangles. However, you can extend what we know about these ratios and derive the Law of Sines and the Law of Cosines. Both of these laws can be used with any type of triangle to find any angle or side within it. That means we can find the sine, cosine and tangent of angle that are greater than 90°, such as the obtuse angle in an obtuse triangle.",gemini
"Law of Sines: If ΔABC has sides of length, a, b, and c, then sin A / a = sin B / b = sin C / c. Looking at a triangle, the lengths a, b, and c are opposite the angles of the same letter. Let’s use the Law of Sines on a couple of examples. We will save the proof for a later course.",gemini
"Example 1: Solve the triangle using the Law of Sines. Round decimal answers to the nearest tenth. Solution: First, to find m∠A, we can use the Triangle Sum Theorem. m∠A + 85° + 38° = 180°, m∠A = 57°. Now, use the Law of Sines to set up ratios for a and b. sin 57° / a = sin 85° / b = sin 38° / 12. sin 57° / a = sin 38° / 12, sin 85° / b = sin 38° / 12. a · sin 38° = 12 · sin 57°, b · sin 38° = 12 · sin 85°. a = (12 · sin 57°) / sin 38° ≈ 16.4, b = (12 · sin 85°) / sin 38° ≈ 19.4.",gemini
"Example 2: Solve the triangle using the Law of Sines. Round decimal answers to the nearest tenth. Solution: Set up the ratio for ∠B using Law of Sines. sin 95° / 27 = sin B / 16. 27 · sin B = 16 · sin 95°. sin B = (16 · sin 95°) / 27 → sin⁻¹((16 · sin 95°) / 27) = 36.2°. To find m∠C use the Triangle Sum Theorem. m∠C + 95° + 36.2° = 180° → m∠C = 48.8°. To find c, use the Law of Sines again. sin 95° / 27 = sin 48.8° / c. c · sin 95° = 27 · sin 48.8°. c = (27 · sin 48.8°) / sin 95° ≈ 20.4.",gemini
"Law of Cosines: If ΔABC has sides of length a, b, and c, then a² = b² + c² − 2bc cos A, b² = a² + c² − 2ac cos B, c² = a² + b² − 2ab cos C. Even though there are three formulas, they are all very similar. First, notice that whatever angle is in the cosine, the opposite side is on the other side of the equal sign.",gemini
"Example 3: Solve the triangle using Law of Cosines. Round your answers to the nearest hundredth. Solution: Use the second equation to solve for ∠B. b² = 26² + 18² − 2(26)(18) cos 26°, b² = 1000 − 936 cos 26°, b² = 158.7288, b ≈ 12.60. To find m∠A or m∠C, you can use either the Law of Sines or Law of Cosines. Let’s use the Law of Sines. sin 26° / 12.60 = sin A / 18, 12.60 · sin A = 18 · sin 26°, sin A = (18 · sin 26°) / 12.60, sin⁻¹((18 · sin 26°) / 12.60) ≈ 38.77°. To find m∠C, use the Triangle Sum Theorem. 26° + 38.77° + m∠C = 180°, m∠C = 115.23°.",gemini
"Unlike the previous sections in this chapter, with the Laws of Sines and Cosines, we have been using values that we have found to find other values. With these two laws, you have to use values that are not given. Just keep in mind to always wait until the very last step to put anything into your calculator. This will ensure that you have the most accurate answer.",gemini
"Example 4: Solve the triangle. Round your answers to the nearest hundredth. Solution: When you are given only the sides, you have to use the Law of Cosines to find one angle and then you can use the Law of Sines to find another. 15² = 22² + 28² − 2(22)(28) cos A, 225 = 1268 − 1232 cos A, −1043 = −1232 cos A, −1043 / −1232 = cos A → cos⁻¹(1043 / 1232) ≈ 32.16°. Now that we have an angle and its opposite side, we can use the Law of Sines. sin 32.16° / 15 = sin B / 22, 15 · sin B = 22 · sin 32.16°, sin B = (22 · sin 32.16°) / 15, sin⁻¹((22 · sin 32.16°) / 15) ≈ 51.32°. To find m∠C, use the Triangle Sum Theorem. 32.16° + 51.32° + m∠C = 180°, m∠C = 96.52°.",gemini
To Summarize: Use Law of Sines when given: • An angle and its opposite side. • Any two angles and one side. • Two sides and the non-included angle. Use Law of Cosines when given: • Two sides and the included angle. • All three sides.,gemini
"Review Questions: Use the Law of Sines or Cosines to solve ΔABC. If you are not given a picture, draw one. Round all decimal answers to the nearest tenth.",gemini
"10. m∠A = 74°, m∠B = 11°, BC = 16",gemini
"11. m∠A = 64°, AB = 29, AC = 34",gemini
"12. m∠C = 133°, m∠B = 25°, AB = 48",gemini
"Use the Law of Sines to solve ΔABC below. 13. m∠A = 20°, AB = 12, BC = 5",gemini
"Recall that when we learned how to prove that triangles were congruent we determined that SSA (two sides and an angle not included) did not determine a unique triangle. When we are using the Law of Sines to solve a triangle and we are given two sides and the angle not included, we may have two possible triangles. Problem 14 illustrates this.",gemini
"14. Let’s say we have ΔABC as we did in problem 13. In problem 13 you were given two sides and the not included angle. This time, you have two angles and the side between them (ASA). Solve the triangle given that m∠A = 20°, m∠C = 125°, AC = 8.4",gemini
15. Does the triangle that you found in problem 14 meet the requirements of the given information in problem 13? How are the two different m∠C related? Draw the two possible triangles overlapping to visualize this relationship.,gemini
"It is beyond the scope of this text to determine when there will be two possible triangles, but the concept of the possibility is something worth noting at this time.",gemini
"Review Questions: Solve the following right triangles using the Pythagorean Theorem, the trigonometric ratios, and the inverse trigonometric ratios. When possible, simplify the radical. If not, round all decimal answers to the nearest tenth.",gemini
"Determine if the following lengths make an acute, right, or obtuse triangle. If they make a right triangle, determine if the lengths are a Pythagorean triple. 10. 11, 12, 13; 11. 16, 30, 34; 12. 20, 25, 42; 13. 10√6, 30, 10√15; 14. 22, 25, 31; 15. 47, 27, 35",gemini
"19. The angle of elevation from the base of a mountain to its peak is 76°. If its height is 2500 feet, what is the distance a person would climb to reach the top? Round your answer to the nearest tenth.",gemini
20. Taylor is taking an aerial tour of San Francisco in a helicopter. He spots ATT Park (baseball stadium) at a horizontal distance of 850 feet and down (vertical) 475 feet. What is the angle of depression from the helicopter to the park? Round your answer to the nearest tenth.,gemini
Use the Law of Sines and Cosines to solve the following triangles. Round your answers to the nearest tenth.,gemini
"Texas Instruments Resources: In the CK-12 Texas Instruments Geometry FlexBook® resource, there are graphing calculator activities designed to supplement the objectives for some of the lessons in this chapter. See http://www.ck12.org/flexr/chapter/9693 .",gemini
"Finally, we dive into a different shape, circles. First, we will define all the parts of circles and then explore the properties of tangent lines, arcs, inscribed angles, and chords. Next, we will learn about the properties of angles within circles that are formed by chords, tangents and secants. Lastly, we will place circles in the coordinate plane, find the equations of, and graph circles.",gemini
"Learning Objectives: • Define circle, center, radius, diameter, chord, tangent, and secant of a circle. • Explore the properties of tangent lines and circles.",gemini
"Review Queue: 1. Find the equation of the line with m = −2 and passes through (4, -5). 2. Find the equation of the line that passes though (6, 2) and (-3, -1). 3. Find the equation of the line perpendicular to the line in #2 and passes through (-8, 11).",gemini
"Know What? The clock to the right is an ancient astronomical clock in Prague. It has a large background circle that tells the local time and the “ancient time” and then the smaller circle rotates around on the orange line to show the current astrological sign. The yellow point is the center of the larger clock. How does the orange line relate to the small and larger circle? How does the hand with the moon on it (black hand with the circle) relate to both circles? Are the circles concentric or tangent? For more information on this clock, see: http://en.wikipedia.org/wiki/Prague_Astronomical_Clock",gemini
"Circle: The set of all points that are the same distance away from a specific point, called the center.",gemini
Radius: The distance from the center to the circle.,gemini
"The center is typically labeled with a capital letter because it is a point. If the center is A, we would call this circle, “circle A,” and labeled ⊙A. Radii (the plural of radius) are line segments. There are infinitely many radii in any circle.",gemini
Chord: A line segment whose endpoints are on a circle.,gemini
Diameter: A chord that passes through the center of the circle.,gemini
Secant: A line that intersects a circle in two points.,gemini
Tangent: A line that intersects a circle in exactly one point.,gemini
Point of Tangency: The point where the tangent line touches the circle.,gemini
Notice that the tangent ray TP and tangent segment TP are also called tangents. The length of a diameter is two times the length of a radius.,gemini
"Example 1: Identify the parts of ⊙A that best fit each description. a) A radius b) A chord c) A tangent line d) The point of tangency e) A diameter f) A secant. Solution: a) HA or AF b) CD, HF, or DG c) BJ d) Point H e) HF f) BD",gemini
"Coplanar Circles: Two circles can intersect in two points, one point, or no points. If two circles intersect in one point, they are called tangent circles.",gemini
"Congruent Circles: Two circles with the same radius, but different centers.",gemini
"Concentric Circles: When two circles have the same center, but different radii.",gemini
"If two circles have different radii, they are similar. All circles are similar.",gemini
"Example 2: Determine if any of the following circles are congruent. Solution: From each center, count the units to the circle. It is easiest to count vertically or horizontally. Doing this, we have: Radius of ⊙A = 3 units, Radius of ⊙B = 4 units, Radius of ⊙C = 3 units. From these measurements, we see that ⊙A ≅ ⊙C. Notice that two circles are congruent, just like two triangles or quadrilaterals. Only the lengths of the radii are equal.",gemini
"Tangent Lines: We just learned that two circles can be tangent to each other. Two triangles can be tangent in two different ways, either internally tangent or externally tangent.",gemini
"If the circles are not tangent, they can share a tangent line, called a common tangent. Common tangents can be internally tangent and externally tangent too.",gemini
Notice that the common internal tangent passes through the space between the two circles. Common external tangents stay on the top or bottom of both circles.,gemini
"Tangents and Radii: The tangent line and the radius drawn to the point of tangency have a unique relationship. Let’s investigate it here. Investigation 9-1: Tangent Line and Radius Property. Tools needed: compass, ruler, pencil, paper, protractor. 1. Using your compass, draw a circle. Locate the center and draw a radius. Label the radius AB, with A as the center. 2. Draw a tangent line, BC, where B is the point of tangency. To draw a tangent line, take your ruler and line it up with point B. Make sure that B is the only point on the circle that the line passes through. 3. Using your protractor, find m∠ABC.",gemini
"Tangent to a Circle Theorem: A line is tangent to a circle if and only if the line is perpendicular to the radius drawn to the point of tangency. To prove this theorem, the easiest way to do so is indirectly (proof by contradiction). Also, notice that this theorem uses the words “if and only if,” making it a biconditional statement. Therefore, the converse of this theorem is also true.",gemini
"Example 3: In ⊙A, CB is tangent at point B. Find AC. Reduce any radicals. Solution: Because CB is tangent, AB ⊥ CB, making ΔABC a right triangle. We can use the Pythagorean Theorem to find AC. 5² + 8² = AC², 25 + 64 = AC², 89 = AC², AC = √89.",gemini
"Example 4: Find DC, in ⊙A. Round your answer to the nearest hundredth. Solution: DC = AC − AD, DC = √89 − 5 ≈ 4.43.",gemini
"Example 5: Determine if the triangle below is a right triangle. Explain why or why not. Solution: To determine if the triangle is a right triangle, use the Pythagorean Theorem. 4√10 is the longest length, so we will set it equal to c in the formula. 8² + 10² ? (4√10)², 64 + 100 ≠ 160. ΔABC is not a right triangle. And, from the converse of the Tangent to a Circle Theorem, CB is not tangent to ⊙A.",gemini
"Example 6: Find the distance between the centers of the two circles. Reduce all radicals. Solution: The distance between the two circles is AB. They are not tangent, however, AD ⊥ DC and DC ⊥ CB. Let’s add BE, such that EDCB is a rectangle. Then, use the Pythagorean Theorem to find AB. 5² + 55² = AC², 25 + 3025 = AC², 3050 = AC², AC = √3050 = 5√122.",gemini
"Tangent Segments: Let’s look at two tangent segments, drawn from the same external point. If we were to measure these two segments, we would find that they are equal. Theorem 10-2: If two tangent segments are drawn from the same external point, then the segments are equal. The proof of Theorem 10-2 is in the review exercises.",gemini
"Example 7: Find the perimeter of ΔABC. Solution: AE = AD, EB = BF, and CF = CD. Therefore, the perimeter of ΔABC = 6 + 6 + 4 + 4 + 7 + 7 = 34. We say that ⊙G is inscribed in ΔABC. A circle is inscribed in a polygon, if every side of the polygon is tangent to the circle.",gemini
"Example 8: If D and A are the centers and AE is tangent to both circles, find DC. Solution: Because AE is tangent to both circles, it is perpendicular to both radii and ΔABC and ΔDBE are similar. To find DB, use the Pythagorean Theorem. 10² + 24² = DB², 100 + 576 = 676, DB = √676 = 26. To find BC, use similar triangles. 5 / 10 = BC / 26 → BC = 13. DC = AB + BC = 26 + 13 = 39.",gemini
"Example 9: Algebra Connection Find the value of x. Solution: Because AB ⊥ AD and DC ⊥ CB, AB and CB are tangent to the circle and also congruent. Set AB = CB and solve for x. 4x − 9 = 15, 4x = 24, x = 6.",gemini
"Know What? Revisited Refer to the photograph in the “Know What?” section at the beginning of this chapter. The orange line (which is normally black, but outlined for the purpose of this exercise) is a diameter of the smaller circle. Since this line passes through the center of the larger circle (yellow point, also outlined), it is part of one of its diameters. The “moon” hand is a diameter of the larger circle, but a secant of the smaller circle. The circles are not concentric because they do not have the same center and are not tangent because the sides of the circles do not touch.",gemini
"Review Questions: Determine which term best describes each of the following parts of ⊙P. 1. KG, 2. FH, 3. KH, 4. E, 5. BK, 6. CF, 7. A, 8. JG, 9. What is the longest chord in any circle?",gemini
Copy each pair of circles. Draw in all common tangents. 10. 11. 12.,gemini
Coordinate Geometry: Use the graph below to answer the following questions. 13. Find the radius of each circle. 14. Are any circles congruent? How do you know?,gemini
"15. Find all the common tangents for ⊙B and ⊙C.
16. ⊙C and ⊙E are externally tangent. What is CE?
17. Find the equation of CE.",gemini
"Determine whether the given segment is tangent to ⊙K.
18.
19.
20.",gemini
"Algebra Connection Find the value of the indicated length(s) in ⊙C. A and B are points of tangency. Simplify all radicals.
21.
22.
23.
24.
25.
26.",gemini
"27. A and B are points of tangency for ⊙C and ⊙D, respectively.
a. Is △AEC ∼ △BED? Why?
b. Find BC.
c. Find AD.
d. Using the trigonometric ratios, find m∠C. Round to the nearest tenth of a degree.",gemini
"28. Fill in the blanks in the proof of Theorem 10-2. Given: AB and CB with points of tangency at A and C. AD and DC are radii. Prove: AB ≅ CB

TABLE 9.1:
Statement | Reason
1. | 
2. AD ≅ DC | 
3. DA ⊥ AB and DC ⊥ CB | 
4. | Definition of perpendicular lines
5. | Connecting two existing points
6. △ADB and △DCB are right triangles | 
7. DB ≅ DB | 
8. △ABD ≅ △CBD | 
9. AB ≅ CB |",gemini
"29. From the above proof, we can also conclude (fill in the blanks):
a. ABCD is a _____________ (type of quadrilateral).
b. The line that connects the ___________ and the external point B _________ ∠ADC and ∠ABC.",gemini
"30. Points A, B, C, and D are all points of tangency for the three tangent circles. Explain why AT ≅ BT ≅ CT ≅ DT.",gemini
"31. Circles tangent at T are centered at M and N. ST is tangent to both circles at T. Find the radius of the smaller circle if SN ⊥ SM, SM = 22, TN = 25 and m∠SNT = 40°.",gemini
"32. Four circles are arranged inside an equilateral triangle as shown. If the triangle has sides equal to 16 cm, what is the radius of the bigger circle? What are the radii of the smaller circles?",gemini
"33. Circles centered at A and B are tangent at W. Explain why A, B and W are collinear. TU is a common external tangent to the two circles. VW is tangent to both circles. Justify the fact that TV ≅ VU ≅ VW.",gemini
"9.2 Properties of Arcs

Learning Objectives
• Define and measure central angles in circles.
• Define minor arcs and major arcs.",gemini
"Review Queue
1. What kind of triangle is △ABC?
2. How does BD relate to △ABC?
3. Find m∠ABC and m∠ABD. Round to the nearest tenth.
4. Find AD.
5. Find AC.",gemini
"Know What? The Ferris wheel to the right has equally spaced seats, such that the central angle is 20°. How many seats are there? Why do you think it is important to have equally spaced seats on a Ferris wheel?

If the radius of this Ferris wheel is 25 ft., how far apart are two adjacent seats? Round your answer to the nearest tenth. The shortest distance between two points is a straight line.",gemini
"Central Angles & Arcs

Central Angle: The angle formed by two radii of the circle with its vertex at the center of the circle.

In the picture to the right, the central angle would be ∠BAC. Every central angle divides a circle into two arcs. In this case the arcs are BC and BDC. Notice the ⌒ above the letters. To label an arc, always use this curve above the letters. Do not confuse BC and ⌒BC.

Arc: A section of the circle.

If D was not on the circle, we would not be able to tell the difference between ⌒BC and ⌒BDC. There are 360° in a circle, where a semicircle is half of a circle, or 180°. m∠EFG = 180°, because it is a straight angle, so m⌒EHG = 180° and m⌒EJG = 180°.

Semicircle: An arc that measures 180°.",gemini
"Minor Arc: An arc that is less than 180°.

Major Arc: An arc that is greater than 180°. Always use 3 letters to label a major arc.

An arc can be measured in degrees or in a linear measure (cm, ft, etc.). In this chapter we will use degree measure. The measure of the minor arc is the same as the measure of the central angle that corresponds to it. The measure of the major arc equals to 360° minus the measure of the minor arc. In order to prevent confusion, major arcs are always named with three letters; the letters that denote the endpoints of the arc and any other point on the major arc. When referring to the measure of an arc, always place an “m” in from of the label.",gemini
"Example 1: Find m⌒AB and m⌒ADB in ⊙C.

Solution: m⌒AB is the same as m∠ACB. So, m⌒AB = 102°. The measure of m⌒ADB, which is the major arc, is equal to 360° minus the minor arc.

m⌒ADB = 360° − m⌒AB = 360° − 102° = 258°",gemini
"Example 2: Find the measures of the arcs in ⊙A. EB is a diameter.

Solution: Because EB is a diameter, m∠EAB = 180°. Each arc is the same as its corresponding central angle.

m⌒BF = m∠FAB = 60°
m⌒EF = m∠EAF = 120° → m∠EAB − m∠FAB
m⌒ED = m∠EAD = 38° → m∠EAB − m∠BAC − m∠CAD
m⌒DC = m∠DAC = 90°
m⌒BC = m∠BAC = 52°",gemini
"Congruent Arcs: Two arcs are congruent if their central angles are congruent.

Example 3: List all the congruent arcs in ⊙C below. AB and DE are diameters.

Solution: From the picture, we see that ∠ACD and ∠ECB are vertical angles. ∠DCB and ∠ACE are also vertical angles. Because all vertical angles are equal and these four angles are all central angles, we know that ⌒AD ≅ ⌒EB and ⌒AE ≅ ⌒DB.",gemini
"Example 4: Are the blue arcs congruent? Explain why or why not.
a)
b)

Solution: In part a, ⌒AD ≅ ⌒BC because they have the same central angle measure. In part b, the two arcs do have the same measure, but are not congruent because the circles are not congruent.",gemini
"Arc Addition Postulate

Just like the Angle Addition Postulate and the Segment Addition Postulate, there is an Arc Addition Postulate. It is very similar.

Arc Addition Postulate: The measure of the arc formed by two adjacent arcs is the sum of the measures of the two arcs.

Using the picture from Example 3, we would say m⌒AE + m⌒EB = m⌒AEB.",gemini
"Example 5: Reusing the figure from Example 2, find the measure of the following arcs in ⊙A. EB is a diameter.
a) m⌒FED
b) m⌒CDF
c) m⌒BD
d) m⌒DFC

Solution: Use the Arc Addition Postulate.
a) m⌒FED = m⌒FE + m⌒ED = 120° + 38° = 158°
We could have labeled ⌒FED as ⌒FD because it is less than 180°.
b) m⌒CDF = m⌒CD + m⌒DE + m⌒EF = 90° + 38° + 120° = 248°
c) m⌒BD = m⌒BC + m⌒CD = 52° + 90° = 142°
d) m⌒DFC = 38° + 120° + 60° + 52° = 270° or m⌒DFC = 360° − m⌒CD = 360° − 90° = 270°",gemini
"Example 6: Algebra Connection Find the value of x for ⊙C below.

Solution: There are 360° in a circle. Let’s set up an equation.
m⌒AB + m⌒AD + m⌒DB = 360°
(4x + 15)° + 92° + (6x + 3)° = 360°
10x + 110° = 360°
10x = 250°
x = 25°",gemini
"Know What? Revisited Because the seats are 20° apart, there will be 360°/20° = 18 seats. It is important to have the seats evenly spaced for balance. To determine how far apart the adjacent seats are, use the triangle to the right. We will need to use sine to find x and then multiply it by 2.

sin 10° = x / 25
x = 25 sin 10° = 4.3 ft.
The total distance apart is 8.6 feet.",gemini
"Review Questions

Determine if the arcs below are a minor arc, major arc, or semicircle of ⊙G. EB is a diameter.
1. ⌒AB
2. ⌒ABD
3. ⌒BCE
4. ⌒CAE
5. ⌒ABC
6. ⌒EAB
7. Are there any congruent arcs? If so, list them.
8. If m⌒BC = 48°, find m⌒CD.
9. Using #8, find m⌒CAE.",gemini
"Determine if the blue arcs are congruent. If so, state why.
10.
11.
12.",gemini
"Find the measure of the indicated arcs or central angles in ⊙A. DG is a diameter.
13. ⌒DE
14. ⌒DC
15. ∠GAB
16. ⌒FG
17. ⌒EDB
18. ∠EAB
19. ⌒DCF
20. ⌒DBE",gemini
"Algebra Connection Find the measure of x in ⊙P.
21.
22.
23.",gemini
24. What can you conclude about ⊙A and ⊙B?,gemini
"Use the diagram below to find the measures of the indicated arcs in problems 25-30.
25. m⌒MN
26. m⌒LK
27. m⌒MP
28. m⌒MK
29. m⌒NPL
30. m⌒LKM",gemini
"Use the diagram below to find the measures indicated in problems 31-36.
31. m∠VUZ
32. m∠YUZ
33. m∠WUV
34. m∠XUV
35. m⌒YWZ
36. m⌒WYZ",gemini
"9.3 Properties of Chords

Learning Objectives
• Find the lengths of chords in a circle.
• Discover properties of chords and arcs.",gemini
"Review Queue
1. Draw a chord in a circle.
2. Draw a diameter in the circle from #1. Is a diameter a chord?
3. △ABC is an equilateral triangle in ⊙A. Find m⌒BC and m⌒BDC.
4. △ABC and △ADE are equilateral triangles in ⊙A. List a pair of congruent arcs and chords.",gemini
"Know What? To the right is the Gran Teatro Falla, in Cadiz, Andalucía, Spain. This theater was built in 1905 and hosts several plays and concerts. It is an excellent example of circles in architecture. Notice the five windows, A−E. ⊙A ≅ ⊙E and ⊙B ≅ ⊙C ≅ ⊙D. Each window is topped with a 240° arc. The gold chord in each circle connects the rectangular portion of the window to the circle. Which chords are congruent? How do you know?",gemini
"Recall from the first section, that a chord is a line segment whose endpoints are on a circle. A diameter is the longest chord in a circle. There are several theorems that explore the properties of chords.",gemini
"Congruent Chords & Congruent Arcs

From #4 in the Review Queue above, we noticed that BC ≅ DE and ⌒BC ≅ ⌒DE. This leads to our first theorem.

Theorem 10-3: In the same circle or congruent circles, minor arcs are congruent if and only if their corresponding chords are congruent.

Notice the “if and only if” in the middle of the theorem. This means that Theorem 10-3 is a biconditional statement.
Taking this theorem one step further, any time two central angles are congruent, the chords and arcs from the endpoints of the sides of the central angles are also congruent.

In both of these pictures, BE ≅ CD and ⌒BE ≅ ⌒CD. In the second picture, we have △BAE ≅ △CAD because the central angles are congruent and BA ≅ AC ≅ AD ≅ AE because they are all radii (SAS). By CPCTC, BE ≅ CD.",gemini
"Example 1: Use ⊙A to answer the following.
a) If m⌒BD = 125°, find m⌒CD.
b) If m⌒BC = 80°, find m⌒CD.

Solution:
a) From the picture, we know BD = CD. Because the chords are equal, the arcs are too. m⌒CD = 125°.
b) To find m⌒CD, subtract 80° from 360° and divide by 2. m⌒CD = (360° − 80°) / 2 = 280° / 2 = 140°",gemini
"Investigation 9-2: Perpendicular Bisector of a Chord
Tools Needed: paper, pencil, compass, ruler
1. Draw a circle. Label the center A.
2. Draw a chord in ⊙A. Label it BC.
3. Find the midpoint of BC by using a ruler. Label it D.
4. Connect A and D to form a diameter. How does AD relate to the chord, BC?

Theorem 10-4: The perpendicular bisector of a chord is also a diameter.",gemini
"In the picture to the left, AD ⊥ BC and BD ≅ DC. From this theorem, we also notice that AD also bisects the corresponding arc at E, so ⌒BE ≅ ⌒EC.

Theorem 10-5: If a diameter is perpendicular to a chord, then the diameter bisects the chord and its corresponding arc.",gemini
"Example 2: Find the value of x and y.

Solution: The diameter here is also perpendicular to the chord. From Theorem 10-5, x = 6 and y = 75°.",gemini
"Example 3: Is the converse of Theorem 10-4 true?

Solution: The converse of Theorem 10-4 would be: A diameter is also the perpendicular bisector of a chord. This is not a true statement, see the counterexample to the right.",gemini
"Example 4: Algebra Connection Find the value of x and y.

Solution: Because the diameter is perpendicular to the chord, it also bisects the chord and the arc. Set up an equation for x and y.
(3x − 4)° = (5x − 18)°
14° = 2x
7° = x

y + 4 = 2y + 1
3 = y",gemini
"Equidistant Congruent Chords

Investigation 9-3: Properties of Congruent Chords
Tools Needed: pencil, paper, compass, ruler
1. Draw a circle with a radius of 2 inches and two chords that are both 3 inches. Label as in the picture to the right. This diagram is drawn to scale.
2. From the center, draw the perpendicular segment to AB and CD. You can either use your ruler, a protractor or Investigation 3-2 (Constructing a Perpendicular Line through a Point not on the line. We will show arc marks for Investigation 3-2.
3. Erase the arc marks and lines beyond the points of intersection, leaving FE and EG. Find the measure of these segments. What do you notice?",gemini
"Theorem 10-6: In the same circle or congruent circles, two chords are congruent if and only if they are equidistant from the center.

Recall that two lines are equidistant from the same point if and only if the shortest distance from the point to the line is congruent. The shortest distance from any point to a line is the perpendicular line between them. In this theorem, the fact that FE = EG means that AB and CD are equidistant to the center and AB ≅ CD.",gemini
"Example 5: Algebra Connection Find the value of x.

Solution: Because the distance from the center to the chords is congruent and perpendicular to the chords, then the chords are equal.
6x − 7 = 35
6x = 42
x = 7",gemini
"Example 6: BD = 12 and AC = 3 in ⊙A. Find the radius and m⌒BD.

Solution: First find the radius. In the picture, AB is a radius, so we can use the right triangle △ABC, such that AB is the hypotenuse. From 10-5, BC = 6.
3² + 6² = AB²
9 + 36 = AB²
AB = √45 = 3√5

In order to find m⌒BD, we need the corresponding central angle, ∠BAD. We can find half of ∠BAD because it is an acute angle in △ABC. Then, multiply the measure by 2 for m⌒BD.
tan⁻¹(6/3) = m∠BAC
m∠BAC ≈ 63.43°
This means that m∠BAD ≈ 126.9° and m⌒BD ≈ 126.9° as well.",gemini
"Know What? Revisited In the picture, the chords from ⊙A and ⊙E are congruent and the chords from ⊙B, ⊙C, and ⊙D are also congruent. We know this from Theorem 10-3. All five chords are not congruent because all five circles are not congruent, even though the central angle for the circles is the same.",gemini
"Review Questions

1. Two chords in a circle are perpendicular and congruent. Does one of them have to be a diameter? Why or why not? Fill in the blanks.
2. _____ ≅ DF
3. ⌒AC ≅ _____
4. ⌒DJ ≅ _____
5. _____ ≅ EJ
6. ∠AGH ≅ _____
7. ∠DGF ≅ _____
8. List all the congruent radii in ⊙G.",gemini
"Find the value of the indicated arc in ⊙A.
9. m⌒BC
10. m⌒BD
11. m⌒BC
12. m⌒BD
13. m⌒BD
14. m⌒BD",gemini
"Algebra Connection Find the value of x and/or y.
15.
16.
17.
18. AB = 32
19.
20.
21.
22.
23.",gemini
"24. Find m⌒AB in Question 18. Round your answer to the nearest tenth of a degree.
25. Find m⌒AB in Question 23. Round your answer to the nearest tenth of a degree.",gemini
"In problems 26-28, what can you conclude about the picture? State a theorem that justifies your answer. You may assume that A is the center of the circle.
26.
27.
28.",gemini
"29. Trace the arc below onto your paper then follow the steps to locate the center using a compass and straightedge.
a. Use your straightedge to make a chord in the arc.
b. Use your compass and straightedge to construct the perpendicular bisector of this chord.
c. Repeat steps a and b so that you have two chords and their perpendicular bisectors.
d. What is the significance of the point where the perpendicular bisectors intersect?
e. Verify your answer to part d by using the point and your compass to draw the rest of the circle.",gemini
"30. Algebra Connection Let’s repeat what we did in problem 29 using coordinate geometry skills. Given the points A(−3, 5), B(5, 5) and C(4, −2) on the circle (an arc could be drawn through these points from A to C). The following steps will walk you through the process to find the equation of the perpendicular bisector of a chord, and use two of these perpendicular bisectors to locate the center of the circle. Let’s first find the perpendicular bisector of chord AB.
a. Since the perpendicular bisector passes through the midpoint of a segment we must first find the midpoint between A and B.
b. Now the perpendicular line must have a slope that is the opposite reciprocal of the slope of ⃡AB. Find the slope of ⃡AB and then its opposite reciprocal.
c. Finally, you can write the equation of the perpendicular bisector of AB using the point you found in part a and the slope you found in part b.
d. Repeat steps a-c for chord BC.
e. Now that we have the two perpendicular bisectors of the chord we can use algebra to find their intersection. Solve the system of linear equations to find the center of the circle.
f. Find the radius of the circle by finding the distance from the center (point found in part e) to any of the three given points on the circle.",gemini
"31. Find the measure of ⌒AB in each diagram below.
a.
b.",gemini
"Learning Objectives
• Find the measure of inscribed angles and the arcs they intercept.",gemini
"Review Queue
We are going to use #14 from the homework in the previous section.
1. What is the measure of each angle in the triangle? How do you know?
2. What do you know about the three arcs?
3. What is the measure of each arc?
4. What is the relationship between the angles in the triangles and the measure of each arc?",gemini
"Know What? Your family went to Washington DC over the summer and saw the White House. The closest you can get to the White House are the walking trails on the far right. You got as close as you could (on the trail) to the fence to take a picture (you were not allowed to walk on the grass). Where else could you have taken your picture from to get the same frame of the White House? Where do you think the best place to stand would be? Your line of sight in the camera is marked in the picture as the grey lines. The white dotted arcs do not actually exist, but were added to help with this problem.",gemini
"Inscribed Angles
We have discussed central angles so far in this chapter. We will now introduce another type of angle, the inscribed angle.
Inscribed Angle: An angle with its vertex is the circle and its sides contain chords.
Intercepted Arc: The arc that is on the interior of the inscribed angle and whose endpoints are on the angle.
The vertex of an inscribed angle can be anywhere on the circle as long as its sides intersect the circle to form an intercepted arc.",gemini
"Now, we will investigation the relationship between the inscribed angle, the central angle and the arc they intercept.
Investigation 9-4: Measuring an Inscribed Angle
Tools Needed: pencil, paper, compass, ruler, protractor
1. Draw three circles with three different inscribed angles. For ⊙A, make one side of the inscribed angle a diameter, for ⊙B, make B inside the angle and for ⊙C make C outside the angle. Try to make all the angles different sizes.
2. Using your ruler, draw in the corresponding central angle for each angle and label each set of endpoints.
3. Using your protractor measure the six angles and determine if there is a relationship between the central angle, the inscribed angle, and the intercepted arc.
m∠LAM = _____ m∠NBP = _____ m∠QCR = _____
mLM = _____ mNP = _____ mQR = _____
m∠LKM = _____ m∠NOP = _____ m∠QSR = _____",gemini
"Inscribed Angle Theorem: The measure of an inscribed angle is half the measure of its intercepted arc.
In the picture, m∠ADC = 1/2 mAC. If we had drawn in the central angle ∠ABC, we could also say that m∠ADC = 1/2 m∠ABC because the measure of the central angle is equal to the measure of the intercepted arc.
To prove the Inscribed Angle Theorem, you would need to split it up into three cases, like the three different angles drawn from Investigation 9-4. We will touch on the algebraic proofs in the review exercises.",gemini
"Example 1: Find mDC and m∠ADB.
Solution: From the Inscribed Angle Theorem, mDC = 2 · 45° = 90°. m∠ADB = 1/2 · 76° = 38°.",gemini
"Example 2: Find m∠ADB and m∠ACB.
Solution: The intercepted arc for both angles is AB. Therefore, m∠ADB = m∠ACB = 1/2 · 124° = 62°
This example leads us to our next theorem.",gemini
"Theorem 9-8: Inscribed angles that intercept the same arc are congruent.
To prove Theorem 9-8, you would use the similar triangles that are formed by the chords.",gemini
"Example 3: Find m∠DAB in ⊙C.
Solution: Because C is the center, DB is a diameter. Therefore, ∠DAB inscribes semicircle, or 180°. m∠DAB = 1/2 · 180° = 90°.",gemini
"Theorem 9-9: An angle that intercepts a semicircle is a right angle.
In Theorem 9-9 we could also say that the angle is inscribed in a semicircle. Anytime a right angle is inscribed in a circle, the endpoints of the angle are the endpoints of a diameter. Therefore, the converse of Theorem 9-9 is also true.
When the three vertices of a triangle are on the circle, like in Example 3, we say that the triangle is inscribed in the circle. We can also say that the circle is circumscribed around (or about) the triangle. Any polygon can be inscribed in a circle.",gemini
"Example 4: Find m∠PMN, mPN, m∠MNP, m∠LNP, and mLN.
Solution:
m∠PMN = m∠PLN = 68° by Theorem 9-8.
mPN = 2 · 68° = 136° from the Inscribed Angle Theorem.
m∠MNP = 90° by Theorem 9-9.
m∠LNP = 1/2 · 92° = 46° from the Inscribed Angle Theorem.
To find mLN, we need to find m∠LPN. ∠LPN is the third angle in △LPN, so 68° + 46° + m∠LPN = 180°. m∠LPN = 66°, which means that mLN = 2 · 66° = 132°.",gemini
"Inscribed Quadrilaterals
The last theorem for this section involves inscribing a quadrilateral in a circle.
Inscribed Polygon: A polygon where every vertex is on a circle.
Note, that not every quadrilateral or polygon can be inscribed in a circle. Inscribed quadrilaterals are also called cyclic quadrilaterals. For these types of quadrilaterals, they must have one special property. We will investigate it here.",gemini
"Investigation 9-5: Inscribing Quadrilaterals
Tools Needed: pencil, paper, compass, ruler, colored pencils, scissors
1. Draw a circle. Mark the center point A.
2. Place four points on the circle. Connect them to form a quadrilateral. Color the 4 angles of the quadrilateral 4 different colors.
3. Cut out the quadrilateral. Then cut the quadrilateral into two triangles, by cutting on a diagonal.
4. Line up ∠B and ∠D so that they are adjacent angles. What do you notice? What does this show?
This investigation shows that the opposite angles in an inscribed quadrilateral are supplementary. By cutting the quadrilateral in half, through the diagonal, we were able to show that the other two angles (that we did not cut through) formed a linear pair when matched up.",gemini
Theorem 9-10: A quadrilateral is inscribed in a circle if and only if the opposite angles are supplementary.,gemini
"Example 5: Find the value of the missing variables.
a)
b)
Solution:
a) x + 80° = 180° by Theorem 9-10. x = 100°.
y + 71° = 180° by Theorem 9-10. y = 109°.
b) It is easiest to figure out z first. It is supplementary with 93°, so z = 87°. Second, we can find x. x is an inscribed angle that intercepts the arc 58° + 106° = 164°. Therefore, by the Inscribed Angle Theorem, x = 82°. y is supplementary with x, so y = 98°.",gemini
"Example 6: Algebra Connection Find x and y in the picture below.
Solution: The opposite angles are supplementary. Set up an equation for x and y.
(7x + 1)° + 105° = 180°
7x + 106° = 180°
7x = 84°
x = 12°
(4y + 14)° + (7y + 1)° = 180°
11y + 15° = 180°
11y = 165°
y = 15°",gemini
"Example 7: Find x and y in the picture below.
Solution: To find x, use △ACE. m∠ACE = 14° because it is half of mBE by the Inscribed Angle Theorem.
32° + 14° + x° = 180°
x = 134°
To find y, we will use △EFD.
m∠FED = 180° - x°
m∠FED = 180° - 134° = 46°
m∠BDE = m∠ACE = 14° because they intercept the same arc, Theorem 9-8. Let's solve for y in △EFD, using the Triangle Sum Theorem.
46° + 14° + y° = 180°
y = 120°",gemini
"Know What? Revisited You can take the picture from anywhere on the semicircular walking path. The best place to take the picture is subjective, but most would think the pale green frame, straight-on, would be the best view.",gemini
"Review Questions
Quadrilateral ABCD is inscribed in ⊙E. Find:
1. m∠DBC
2. mBC
3. mAB
4. m∠ACD
5. m∠ADC
6. m∠ACB",gemini
"Quadrilateral ABCD is inscribed in ⊙E. Find:
7. m∠A
8. m∠B
9. m∠C
10. m∠D",gemini
"Find the value of x and/or y in ⊙A.
11.
12.
13.
14.
15.
16.
17.
18.
19.",gemini
"Algebra Connection Solve for the variables.
20.
21.
22.
23.",gemini
"Use the diagram below to find the measures of the indicated angles and arcs in problems 24-29.
24. m∠EBO
25. m∠EOB
26. mBC
27. m∠ABO
28. m∠A
29. m∠EDC",gemini
"30. Fill in the blanks of one proof of the Inscribed Angle Theorem.
Given: Inscribed ∠ABC and diameter BD Prove: m∠ABC = 1/2 mAC
TABLE 9.2:
Statement Reason
1. Inscribed ∠ABC and diameter BD
m∠ABE = x° and m∠CBE = y°
2. x° + y° = m∠ABC
3. All radii are congruent
4. Definition of an isosceles triangle
5. m∠EAB = x° and m∠ECB = y°
6. m∠AED = 2x° and m∠CED = 2y°
7. mAD = 2x° and mDC = 2y°
8. Arc Addition Postulate
9. mAC = 2x° + 2y°
10. Distributive PoE
11. mAC = 2m∠ABC
12. m∠ABC = 1/2 mAC",gemini
31. Use the diagram below to write a proof of Theorem 9-8.,gemini
"32. Suppose that AB is a diameter of a circle centered at O, and C is any other point on the circle. Draw the line through O that is parallel to AC, and let D be the point where it meets BC. Prove that D is the midpoint of BC.",gemini
"Learning Objectives
• Find the measures of angles formed by chords, secants, and tangents.",gemini
"Review Queue
1. What is m∠OML and m∠OPL? How do you know?
2. Find m∠MLP.
3. Find mMNP.
4. Find (mMNP - mMP)/2. What is it the same as?",gemini
"Know What? The sun's rays hit the Earth such that the tangent rays determine when daytime and night time are. The time and Earth's rotation determine when certain locations have sun. If the arc that is exposed to sunlight is 178°, what is the angle at which the sun's rays hit the earth (x°)?",gemini
"Angle
When an angle is on a circle, the vertex is on the circumference of the circle. One type of angle on a circle is the inscribed angle, from the previous section. Recall that an inscribed angle is formed by two chords and is half the measure of the intercepted arc. Another type of angle on a circle is one formed by a tangent and a chord.",gemini
"Investigation 9-6: The Measure of an Angle formed by a Tangent and a Chord
Tools Needed: pencil, paper, ruler, compass, protractor
1. Draw ⊙A with chord BC and tangent line ED with point of tangency C.
2. Draw in central angle ∠CAB. Then, using your protractor, find m∠CAB and m∠BCE.
3. Find mBC (the minor arc). How does the measure of this arc relate to m∠BCE?
What other angle that you have learned about is this type of angle similar to?
This investigation proves Theorem 9-11.",gemini
"Theorem 9-11: The measure of an angle formed by a chord and a tangent that intersect on the circle is half the measure of the intercepted arc.
From Theorem 9-11, we now know that there are two types of angles that are half the measure of the intercepted arc; an inscribed angle and an angle formed by a chord and a tangent. Therefore, any angle with its vertex on a circle will be half the measure of the intercepted arc.",gemini
"Example 1: Find:
a) m∠BAD
b) mAEB
Solution: Use Theorem 9-11.
a) m∠BAD = 1/2 mAB = 1/2 · 124° = 62°
b) mAEB = 2 · m∠DAB = 2 · 133° = 266°",gemini
"Example 2: Find a, b, and c.
Solution: To find a, it is in line with 50° and 45°. The three angles add up to 180°. 50° + 45° + m∠a = 180°, m∠a = 85°.
b is an inscribed angle, so its measure is half of mAC. From Theorem 9-11, mAC = 2 · m∠EAC = 2 · 45° = 90°. m∠b = 1/2 · mAC = 1/2 · 90° = 45°.
To find c, you can either use the Triangle Sum Theorem or Theorem 9-11. We will use the Triangle Sum Theorem. 85° + 45° + m∠c = 180°, m∠c = 50°.
From this example, we see that Theorem 9-8, from the previous section, is also true for angles formed by a tangent and chord with the vertex on the circle. If two angles, with their vertices on the circle, intercept the same arc then the angles are congruent.",gemini
"Angles
An angle is considered inside a circle when the vertex is somewhere inside the circle, but not on the center. All angles inside a circle are formed by two intersecting chords.
Investigation 9-7: Find the Measure of an Angle inside a Circle
Tools Needed: pencil, paper, compass, ruler, protractor, colored pencils (optional)
1. Draw ⊙A with chord BC and DE. Label the point of intersection P.
2. Draw central angles ∠DAB and ∠CAE. Use colored pencils, if desired.
3. Using your protractor, find m∠DPB, m∠DAB, and m∠CAE. What is mDB and mCE?
4. Find (mDB + mCE)/2.
5. What do you notice?",gemini
"Theorem 9-12: The measure of the angle formed by two chords that intersect inside a circle is the average of the measure of the intercepted arcs.
In the picture to the left:
m∠SVR = 1/2 (mSR + mTQ) = (mSR + mTQ)/2 = m∠TVQ
m∠SVT = 1/2 (mST + mRQ) = (mST + mRQ)/2 = m∠RVQ
The proof of this theorem is in the review exercises.",gemini
"Example 3: Find x.
a)
b)
c)
Solution: Use Theorem 9-12 and write an equation.
a) The intercepted arcs for x are 129° and 71°.
x = (129° + 71°)/2 = 200°/2 = 100°
b) Here, x is one of the intercepted arcs for 40°.
40° = (52° + x)/2
80° = 52° + x
38° = x
c) x is supplementary to the angle that the average of the given intercepted arcs. We will call this supplementary angle y.
y = (19° + 107°)/2 = 126°/2 = 63° This means that x = 117°; 180° - 63°",gemini
"Angles
An angle is considered to be outside a circle if the vertex of the angle is outside the circle and the sides are tangents or secants. There are three types of angles that are outside a circle: an angle formed by two tangents, an angle formed by a tangent and a secant, and an angle formed by two secants. Just like an angle inside or on a circle, an angle outside a circle has a specific formula, involving the intercepted arcs.
Investigation 9-8: Find the Measure of an Angle outside a Circle
Tools Needed: pencil, paper, ruler, compass, protractor, colored pencils (optional)
1. Draw three circles and label the centers A, B, and C. In ⊙A draw two secant rays with the same endpoint, DE and DF. In ⊙B, draw two tangent rays with the same endpoint, LM and LN. In ⊙C, draw a tangent ray and a secant ray with the same endpoint, QR and QS. Label the points of intersection with the circles like they are in the pictures below.
2. Draw in all the central angles: ∠GAH, ∠EAF, ∠MBN, ∠RCT, ∠RCS. Then, find the measures of each of these angles using your protractor. Use color to differentiate.
3. Find m∠EDF, m∠MLN, and m∠RQS.
4. Find (mEF - mGH)/2, (mMPN - mMN)/2, and (mRS - mRT)/2. What do you notice?",gemini
"Theorem 9-13: The measure of an angle formed by two secants, two tangents, or a secant and a tangent drawn from a point outside the circle is equal to half the difference of the measures of the intercepted arcs.",gemini
"Example 4: Find the measure of x.
a)
b)
c)
Solution: For all of the above problems we can use Theorem 9-13.
a) x = (125° - 27°)/2 = 98°/2 = 49°
b) 40° is not the intercepted arc. Be careful! The intercepted arc is 120°, (360° - 200° - 40°). Therefore, x = (200° - 120°)/2 = 80°/2 = 40°.
c) First, we need to find the other intercepted arc, 360° - 265° = 95°. x = (265° - 95°)/2 = 170°/2 = 85°",gemini
"Example 5: Algebra Connection Find the value of x. You may assume lines that look tangent, are.
Solution: Set up an equation using Theorem 9-13.
((5x + 10)° - (3x + 4)°)/2 = 30°
(5x + 10)° - (3x + 4)° = 60°
5x + 10° - 3x - 4° = 60°
2x + 6° = 60°
2x = 54°
x = 27°",gemini
"Know What? Revisited If 178° of the Earth is exposed to the sun, then the angle at which the sun's rays hit the Earth is 2°. From Theorem 9-13, these two angles are supplementary. From this, we also know that the other 182° of the Earth is not exposed to sunlight and it is probably night time.",gemini
"Review Questions
1. Draw two secants that intersect:
a. inside a circle.
b. on a circle.
c. outside a circle.
2. Can two tangent lines intersect inside a circle? Why or why not?
3. Draw a tangent and a secant that intersect:
a. on a circle.
b. outside a circle.",gemini
"Fill in the blanks.
4. If the vertex of an angle is on the _______________ of a circle, then its measure is _______________ to the intercepted arc.
5. If the vertex of an angle is _______________ a circle, then its measure is the average of the __________________ arcs.
6. If the vertex of an angle is ________ a circle, then its measure is ______________ the intercepted arc.
7. If the vertex of an angle is ____________ a circle, then its measure is ___________ the difference of the intercepted arcs.",gemini
"For questions 8-19, find the value of the missing variable(s).
8.
9.
10.
11.
12.
13.
14.
15.
16.
17.
18.
19.",gemini
"Algebra Connection Solve for the variable(s).
20.
21.
22.
23.
24.
25.
26.
27.
28.
29.
30.",gemini
"31. Prove Theorem 9-12.
Given: Intersecting chords AC and BD. Prove: m∠a = 1/2(mDC + mAB) HINT: Draw BC and use inscribed angles.",gemini
"32. Prove Theorem 9-13.
Given: Secant rays AB and AC Prove: m∠a = 1/2(mBC - mDE) HINT: Draw BE and use inscribed angles.",gemini
"Learning Objectives
• Find the lengths of segments associated with circles.",gemini
"Review Queue
1. What can you say about m∠DAC and m∠DBC? What theorem do you use?
2. What do you know about m∠AED and m∠BEC? Why?
3. Is △AED ~ △BEC? How do you know?
4. If AE = 8, ED = 7, and BE = 6, find EC.
5. If AD and BC are not in the circle, would the ratios from #4 still be valid?",gemini
"Know What? As you know, the moon orbits the earth. At a particular time, the moon is 238,857 miles from Beijing, China. On the same line, Yukon is 12,451 miles from Beijing. Drawing another line from the moon to Cape Horn (the southernmost point of South America), we see that Jakarta, Indonesia is collinear. If the distance from Cape Horn to Jakarta is 9849 miles, what is the distance from the moon to Jakarta?",gemini
"Segments from Chords
In the Review Queue above, we have two chords that intersect inside a circle. The two triangles are similar, making the sides of each triangle in proportion with each other. If we remove AD and BC the ratios between AE, EC, DE, and EB will still be the same. This leads us to our first theorem.",gemini
"Theorem 9-14: If two chords intersect inside a circle so that one is divided into segments of length a and b and the other into segments of length c and d then ab = cd.
The product of the segments of one chord is equal to the product of segments of the second chord.",gemini
"Example 1: Find x in each diagram below.

Solution: Use the ratio from Theorem 9-13. The product of the segments of one chord is equal to the product of the segments of the other.
a) 12 · 8 = 10 · x
96 = 10x
9.6 = x
b) x · 15 = 5 · 9
15x = 45
x = 3",gemini
"Example 2: Algebra Connection Solve for x.

Solution: Again, we can use Theorem 9-13. Set up an equation and solve for x.
a) 8 · 24 = (3x+1)· 12
192 = 36x+12
180 = 36x
5 = x
b) 32 · 21 = (x−9)(x−13)
672 = x^2 − 22x + 117
0 = x^2 − 22x − 555
0 = (x−37)(x+15)
x = 37, −15
However, x ≠ −15 because length cannot be negative, so x = 37.",gemini
"Segments from Secants
In addition to forming an angle outside of a circle, the circle can divide the secants into segments that are proportional with each other.
If we draw in the intersecting chords, we will have two similar triangles.
From the inscribed angles and the Reflexive Property (∠R ≅ ∠R), ΔPRS ~ ΔTRQ.
Because the two triangles are similar, we can set up a proportion between the corresponding sides. Then, cross-multiply. a/(c+d) = c/(a+b) ⇒ a(a+b) = c(c+d).",gemini
"Theorem 9-15: If two secants are drawn from a common point outside a circle and the segments are labeled as above, then a(a+b) = c(c+d).
In other words, the product of the outer segment and the whole of one secant is equal to the product of the outer segment and the whole of the other secant.",gemini
"Example 3: Find the value of the missing variable.

Solution: Use Theorem 9-15 to set up an equation. For both secants, you multiply the outer portion of the secant by the whole.
a) 18 ·(18+x) = 16 ·(16+24)
324+18x = 256+384
18x = 316
x = 17 5/9
b) x ·(x+x) = 9 · 32
2x^2 = 288
x^2 = 144
x = 12
x ≠ −12 because length cannot be negative.",gemini
"Segments from Secants and Tangents
If a tangent and secant meet at a common point outside a circle, the segments created have a similar relationship to that of two secant rays in Example 3. Recall that the product of the outer portion of a secant and the whole is equal to the same of the other secant. If one of these segments is a tangent, it will still be the product of the outer portion and the whole. However, for a tangent line, the outer portion and the whole are equal.",gemini
"Theorem 9-16: If a tangent and a secant are drawn from a common point outside the circle (and the segments are labeled like the picture to the left), then a^2 = b(b+c).
This means that the product of the outside segment of the secant and the whole is equal to the square of the tangent segment.",gemini
"Example 4: Find the value of the missing segment.

Solution: Use Theorem 9-16. Square the tangent and set it equal to the outer part times the whole secant.
a) x^2 = 4(4+12)
x^2 = 4 · 16 = 64
x = 8
b) 20^2 = y(y+30)
400 = y^2 + 30y
0 = y^2 + 30y − 400
0 = (y+40)(y−10)
y = -40, 10
When you have to factor a quadratic equation to find an answer, always eliminate the negative answer(s). Length is never negative.",gemini
"Know What? Revisited The given information is to the left. Let’s set up an equation using Theorem 9-15.
238857 · 251308 = x ·(x+9849)
60026674956 = x^2 + 9849x
0 = x^2 + 9849x − 60026674956
Use the Quadratic Formula x ≈ (-9849 ± √(9849^2 − 4(-60026674956))) / 2
x ≈ 240128.4 miles",gemini
"19. Error Analysis Describe and correct the error in finding y.
10 · 10 = y · 15y
100 = 15y^2
20/3 = y^2
2√15 / 3 = y ← y is not correct",gemini
"20. Suzie found a piece of a broken plate. She places a ruler across two points on the rim, and the length of the chord is found to be 6 inches. The distance from the midpoint of this chord to the nearest point on the rim is found to be 1 inch. Find the diameter of the plate.",gemini
"Learning Objectives
• Graph a circle.
• Find the equation of a circle in the coordinate plane.
• Find the radius and center, given the equation of a circle and vice versa.
• Find the equation of a circle, given the center and a point on the circle.",gemini
"Graphing a Circle in the Coordinate Plane
Recall that the definition of a circle is the set of all points that are the same distance from a point, called the center. This definition can be used to find an equation of a circle in the coordinate plane.
Let’s start with the circle centered at the origin, (0, 0). If (x, y) is a point on the circle, then the distance from the center to this point would be the radius, r. x is the horizontal distance of the coordinate and y is the vertical distance. Drawing those in, we form a right triangle. Therefore, the equation of a circle, centered at the origin is x^2 + y^2 = r^2, by the Pythagorean Theorem.",gemini
"Example 1: Graph x^2 + y^2 = 9.
Solution: This circle is centered at the origin. It’s radius is the square root of 9, or 3. The easiest way to graph a circle is to plot the center, and then go out 3 units in every direction and connect them to form a circle.",gemini
"The center does not always have to be on (0, 0). If it is not, then we label the center (h, k) and would use the distance formula to find the length of the radius.
r = √((x−h)^2 + (y−k)^2)
If you square both sides of this equation, then we would have the standard equation of a circle.
Standard Equation of a Circle: The standard equation of a circle with center (h, k) and radius r is r^2 = (x−h)^2 + (y−k)^2.",gemini
"Example 2: Find the center and radius of the following circles.
a) (x−3)^2 + (y−1)^2 = 25
b) (x+2)^2 + (y−5)^2 = 49
Solution:
a) Rewrite the equation as (x−3)^2 + (y−1)^2 = 5^2. Therefore, the center is (3, 1) and the radius is 5.
b) Rewrite the equation as (x−(−2))^2 + (y−5)^2 = 7^2. From this, the center is (-2, 5) and the radius is 7.
When finding the center of a circle always take the opposite sign of what the value is in the equation.",gemini
"Example 3: Find the equation of the circle below.
Solution: First locate the center. Draw in a couple diameters. It is easiest to use the horizontal and vertical diameters.
From the intersecting diameters, we see that the center is (-3, 3). If we count the units from the center to the circle on either of these diameters, we find that the radius is 6. Plugging this information into the equation of a circle, we get (x−(−3))^2 + (y−3)^2 = 6^2 or (x+3)^2 + (y−3)^2 = 36.",gemini
"Finding the Equation of a Circle
Example 4: Find the equation of the circle with center (4, -1) and passes through (-1, 2).
Solution: To find the equation, first plug in the center to the standard equation.
(x−4)^2 + (y−(−1))^2 = r^2 or (x−4)^2 + (y+1)^2 = r^2
Now, plug in (-1, 2) for x and y and solve for r.
(−1−4)^2 + (2+1)^2 = r^2
(−5)^2 + (3)^2 = r^2
25+9 = r^2
34 = r^2
At this point, we don’t need to solve for r because r^2 is what is in the equation. Substituting in 34 for r^2, we have (x−4)^2 + (y+1)^2 = 34.",gemini
"Review Questions
Find the center and radius of each circle. Then, graph each circle.
1. (x+5)^2 + (y−3)^2 = 16
2. x^2 + (y+8)^2 = 4
3. (x−7)^2 + (y−10)^2 = 20
4. (x+2)^2 + y^2 = 8",gemini
"9. Determine if the following points are on (x+1)^2 + (y−6)^2 = 45.
a. (2, 0)
b. (-3, 4)
c. (-7, 3)",gemini
"Find the equation of the circle with the given center and point on the circle.
10. center: (2, 3), point: (-4, -1)
11. center: (10, 0), point: (5, 2)
12. center: (-3, 8), point: (7, -2)
13. center: (6, -6), point: (-9, 4)",gemini
"14. Now let’s find the equation of a circle using three points on the circle. Do you remember how we found the center and radius of a circle given three points on the circle in problem 30 of Section 9-3? We used the fact that the perpendicular bisector of any chord in the circle will pass through the center. By finding the perpendicular bisectors of two different chords and their intersection we can find the center of the circle. Then we can use the distance formula with the center and a point on the circle to find the radius. Finally, we will write the equation. Given the points A(−12,−21), B(2,27) and C(19,10) on the circle (an arc could be drawn through these points from A to C), follow the steps below.
a. Since the perpendicular bisector passes through the midpoint of a segment we must first find the midpoint between A and B.
b. Now the perpendicular line must have a slope that is the opposite reciprocal of the slope of AB. Find the slope of AB and then its opposite reciprocal.
c. Finally, you can write the equation of the perpendicular bisector of AB using the point you found in part a and the slope you found in part b.
d. Repeat steps a-c for chord BC.
e. Now that we have the two perpendicular bisectors of the chord we can find their intersection. Solve the system of linear equations to find the center of the circle.
f. Find the radius of the circle by finding the distance from the center (point found in part e) to any of the three given points on the circle.
g. Now, use the center and radius to write the equation of the circle.",gemini
"Find the equations of the circles which contain three points in problems 15 and 16.
15. A(−2,5), B(5,6) and C(6,−1)
16. A(−11,−14), B(5,16) and C(12,9)",gemini
"Vocabulary
Match the description with the correct label.
1. minor arc - A. CD
2. chord - B. AD
3. tangent line - C. CB
4. central angle - D. EF
5. secant - E. A
6. radius - F. D
7. inscribed angle - G. ∠BAD
8. center - H. ∠BCD
9. major arc - I. BD
10. point of tangency - J. BCD",gemini
"Now that we have explored triangles, quadrilaterals, polygons, and circles, we are going to learn how to find the perimeter and area of each. First we will derive each formula and then apply them to different types of polygons and circles. In addition, we will explore the properties of similar polygons, their perimeters and their areas.",gemini
"Learning Objectives
• Understand the basic concepts of area.
• Use formulas to find the area of triangles and parallelograms.",gemini
"Review Queue
1. Define perimeter and area, in your own words.
2. Solve the equations below. Simplify any radicals.
a. x^2 = 121
b. 4x^2 = 80
c. x^2 − 6x + 8 = 0
3. If a rectangle has sides 4 and 7, what is the perimeter?",gemini
"Know What? Ed’s parents are getting him a new bed. He has decided that he would like a king bed. Upon further research, Ed discovered there are two types of king beds, an Eastern (or standard) King and a California King. The Eastern King has 76'' × 80'' dimensions, while the California King is 72'' × 84'' (both dimensions are width × length). Which bed has a larger area to lie on? Which one has a larger perimeter? If Ed is 6’4”, which bed makes more sense for him to buy?",gemini
"Areas and Perimeters of Squares and Rectangles
Perimeter: The distance around a shape. Or, the sum of all the edges of a two-dimensional figure.
The perimeter of any figure must have a unit of measurement attached to it. If no specific units are given (feet, inches, centimeters, etc), write “units.”",gemini
"Example 1: Find the perimeter of the figure to the left.
Solution: First, notice there are no units, but the figure is on a grid. Here, we can use the grid as our units. Count around the figure to find the perimeter. We will start at the bottom left-hand corner and go around the figure clockwise.
5+1+1+1+5+1+3+1+1+1+1+2+4+7
The answer is 34 units.",gemini
"You are probably familiar with the area of squares and rectangles from a previous math class. Recall that you must always establish a unit of measure for area. Area is always measured in square units, square feet (ft.2), square inches (in.2), square centimeters (cm.2), etc. Make sure that the length and width are in the same units before applying any area formula. If no specific units are given, write “units2.”",gemini
"Example 2: Find the area of the figure from Example 1.
Solution: If the figure is not a standard shape, you can count the number of squares within the figure. If we start on the left and count each column, we would have:
5+6+1+4+3+4+4 = 27 units2",gemini
Area of a Rectangle: The area of a rectangle is the product of its base (width) and height (length) A = bh.,gemini
"Example 3: Find the area and perimeter of a rectangle with sides 4 cm by 9 cm.
Solution: The perimeter is 4+9+4+9 = 36 cm. The area is A = 9 · 4 = 36 cm2.
In this example we see that a formula can be generated for the perimeter of a rectangle.",gemini
"Perimeter of a Rectangle: P = 2b+2h, where b is the base (or width) and h is the height (or length).",gemini
"If a rectangle is a square, with sides of length s, the formulas are as follows:
Perimeter of a Square: Psquare = 2s+2s = 4s
Area of a Square: Asquare = s · s = s2",gemini
"Example 4: The area of a square is 75 in2. Find the perimeter.
Solution: To find the perimeter, we need to find the length of the sides.
A = s2 = 75 in2
s = √75 = 5√3 in
From this, P = 4(5√3) = 20√3 in.",gemini
"Area Postulates
Congruent Areas Postulate: If two figures are congruent, they have the same area.
This postulate needs no proof because congruent figures have the same amount of space inside them. However, two figures with the same area are not necessarily congruent.",gemini
"Example 5: Draw two different rectangles with an area of 36 cm2.
Solution: Think of all the different factors of 36. These can all be dimensions of the different rectangles. Other possibilities could be 6×6, 2×18, and 1×36.",gemini
"Area Addition Postulate: If a figure is composed of two or more parts that do not overlap each other, then the area of the figure is the sum of the areas of the parts.",gemini
"Example 6: Find the area of the figure below. You may assume all sides are perpendicular.
Solution: Split the shape into two rectangles and find the area of each.
Atop rectangle = 6 · 2 = 12 ft2
Abottom square = 3 · 3 = 9 ft2
The total area is 12+9 = 21 ft2.",gemini
"Area of a Parallelogram
Recall that a parallelogram is a quadrilateral whose opposite sides are parallel.
To find the area of a parallelogram, make it into a rectangle.
From this, we see that the area of a parallelogram is the same as the area of a rectangle.
Area of a Parallelogram: The area of a parallelogram is A = bh.
Be careful! The height of a parallelogram is always perpendicular to the base. This means that the sides are not the height.",gemini
"Example 7: Find the area of the parallelogram.
Solution: A = 15 · 8 = 120 in2",gemini
"Example 8: If the area of a parallelogram is 56 units2 and the base is 4 units, what is the height?
Solution: Plug in what we know to the area formula and solve for the height.
56 = 4h
14 = h",gemini
"Area of a Triangle
If we take parallelogram and cut it in half, along a diagonal, we would have two congruent triangles. Therefore, the formula for the area of a triangle is the same as the formula for area of a parallelogram, but cut in half.
Area of a Triangle: A = 1/2 bh or A = bh/2.
In the case that the triangle is a right triangle, then the height and base would be the legs of the right triangle. If the triangle is an obtuse triangle, the altitude, or height, could be outside of the triangle.",gemini
"Example 9: Find the area and perimeter of the triangle.
Solution: This is an obtuse triangle. First, to find the area, we need to find the height of the triangle. We are given the two sides of the small right triangle, where the hypotenuse is also the short side of the obtuse triangle. From these values, we see that the height is 4 because this is a 3-4-5 right triangle. The area is A = 1/2 (4)(7) = 14 units2.
To find the perimeter, we would need to find the longest side of the obtuse triangle. If we used the dotted lines in the picture, we would see that the longest side is also the hypotenuse of the right triangle with legs 4 and 10. Use the Pythagorean Theorem.
42 + 102 = c2
16 + 100 = c2
c = √116 ≈ 10.77
The perimeter is 7 + 5 + 10.77 = 22.77 units",gemini
"Example 10: Find the area of the figure below.
Solution: Divide the figure into a triangle and a rectangle with a small rectangle cut out of the lower right-hand corner.
A = Atop triangle + Arectangle − Asmall triangle
A = (1/2 · 6 · 9) + (9 · 15) + (1/2 · 3 · 6)
A = 27 + 135 + 9
A = 171 units2",gemini
"Know What? Revisited The area of an Eastern King is 6080 in2 and the California King is 6048 in2. The perimeter of both beds is 312 in. Because Ed is 6’4”, he should probably get the California King because it is 4 inches longer.",gemini
"Review Questions
1. Find the area and perimeter of a square with sides of length 12 in.",gemini
2. Find the area and perimeter of a rectangle with height of 9 cm and base of 16 cm.,gemini
3. Find the area of a parallelogram with height of 20 m and base of 18 m.,gemini
4. Find the area and perimeter of a rectangle if the height is 8 and the base is 14.,gemini
5. Find the area and perimeter of a square if the sides are 18 ft.,gemini
"6. If the area of a square is 81 ft2, find the perimeter.",gemini
"7. If the perimeter of a square is 24 in, find the area.",gemini
8. Find the area of a triangle with base of length 28 cm and height of 15 cm.,gemini
9. What is the height of a triangle with area 144 m2 and a base of 24 m?,gemini
10. The perimeter of a rectangle is 32. Find two different dimensions that the rectangle could be.,gemini
11. Draw two different rectangles that haven an area of 90 mm2.,gemini
"12. Write the converse of the Congruent Areas Postulate. Determine if it is a true statement. If not, write a counterexample. If it is true, explain why.",gemini
"Use the triangle to answer the following questions.
13. Find the height of the triangle by using the geometric mean.
14. Find the perimeter.
15. Find the area.",gemini
"Use the triangle to answer the following questions.
16. Find the height of the triangle.
17. Find the perimeter.
18. Find the area.",gemini
"Find the area of the following shapes.
19.
20.
21.
22.
23. Find the area of the unshaded region.
24.
25.
26. Find the area of the shaded region.
27. Find the area of the unshaded region.",gemini
"28. Lin bought a tract of land for a new apartment complex. The drawing below shows the measurements of the sides of the tract. Approximately how many acres of land did Lin buy? You may assume any angles that look like right angles are 90◦. (1 acre ≈ 40,000 square feet)",gemini
"Challenge Problems
For problems 29 and 30 find the dimensions of the rectangles with the given information.
29. A rectangle with a perimeter of 20 units and an area of 24 units2.
30. A rectangle with a perimeter of 72 units and an area of 288 units2.",gemini
"For problems 31 and 32 find the height and area of the equilateral triangle with the given perimeter.
31. Perimeter 18 units.
32. Perimeter 30 units.",gemini
33. Generalize your results from problems 31 and 32 into a formula to find the height and area of an equilateral triangle with side length x.,gemini
34. Linus has 100 ft of fencing to use in order to enclose a 1200 square foot rectangular pig pen. The pig pen is adjacent to the barn so he only needs to form three sides of the rectangular area as shown below. What dimensions should the pen be?,gemini
35. A rectangle with perimeter 138 units is divided into 8 congruent rectangles as shown in the diagram below. Find the perimeter and area of one of the 8 congruent rectangles.,gemini
"10.2 Trapezoids, Rhombi, and Kites
Learning Objectives
• Derive and use the area formulas for trapezoids, rhombi, and kites.",gemini
"Review Queue
Find the area the shaded regions in the figures below.
1.
2. ABCD is a square.
3. ABCD is a square.
4. Find the area of #1 using a different method.",gemini
"Know What? The Brazilian flag is to the right. The flag has dimensions of 20 × 14 (units vary depending on the size, so we will not use any here). The vertices of the yellow rhombus in the middle are 1.7 units from the midpoint of each side.
Find the total area of the flag and the area of the rhombus (including the circle). Do not round your answers.",gemini
"Area of a Trapezoid
Recall that a trapezoid is a quadrilateral with one pair of parallel sides. The lengths of the parallel sides are the bases. The perpendicular distance between the parallel sides is the height, or altitude, of the trapezoid.",gemini
"To find the area of the trapezoid, let’s turn it into a parallelogram. To do this, make a copy of the trapezoid and then rotate the copy 180◦.
Now, this is a parallelogram with height h and base b1 + b2. Let’s find the area of this shape.
A = h(b1 + b2)
Because the area of this parallelogram is made up of two congruent trapezoids, the area of one trapezoid would be A = 1/2 h(b1 + b2).",gemini
"Area of a Trapezoid: The area of a trapezoid with height h and bases b1 and b2 is A = 1/2 h(b1 + b2).
The formula for the area of a trapezoid could also be written as the average of the bases time the height.",gemini
"Example 1: Find the area of the trapezoids below.
a)
b)
Solution:
a) A = 1/2 (11)(14+8)
A = 1/2 (11)(22)
A = 121 units2
b) A = 1/2 (9)(15+23)
A = 1/2 (9)(38)
A = 171 units2",gemini
"Example 2: Find the perimeter and area of the trapezoid.
Solution: Even though we are not told the length of the second base, we can find it using special right triangles. Both triangles at the ends of this trapezoid are isosceles right triangles, so the hypotenuses are 4√2 and the other legs are of length 4.
P = 8 + 4√2 + 16 + 4√2
P = 24 + 8√2 ≈ 35.3 units
A = 1/2 (4)(8+16)
A = 48 units2",gemini
"Area of a Rhombus and Kite
Recall that a rhombus is an equilateral quadrilateral and a kite has adjacent congruent sides.
Both of these quadrilaterals have perpendicular diagonals, which is how we are going to find their areas.
Notice that the diagonals divide each quadrilateral into 4 triangles. In the rhombus, all 4 triangles are congruent and in the kite there are two sets of congruent triangles. If we move the two triangles on the bottom of each quadrilateral so that they match up with the triangles above the horizontal diagonal, we would have two rectangles.
So, the height of these rectangles is half of one of the diagonals and the base is the length of the other diagonal.
Area of a Rhombus: If the diagonals of a rhombus are d1 and d2, then the area is A = 1/2 d1 d2.
Area of a Kite: If the diagonals of a kite are d1 and d2, then the area is A = 1/2 d1 d2.
You could also say that the area of a kite and rhombus are half the product of the diagonals.",gemini
"Example 3: Find the perimeter and area of the rhombi below.
a)
b)
Solution: In a rhombus, all four triangles created by the diagonals are congruent.
a) To find the perimeter, you must find the length of each side, which would be the hypotenuse of one of the four triangles. Use the Pythagorean Theorem.
122 + 82 = side2
144 + 64 = side2
side = √208 = 4√13
P = 4(4√13) = 16√13
A = 1/2 · 16 · 24
A = 192
b) Here, each triangle is a 30-60-90 triangle with a hypotenuse of 14. From the special right triangle ratios the short leg is 7 and the long leg is 7√3.
P = 4 · 14 = 56
A = 1/2 · 7 · 7√3 = (49√3)/2 ≈ 42.44",gemini
"Example 4: Find the perimeter and area of the kites below.
a)
b)
Solution: In a kite, there are two pairs of congruent triangles. You will need to use the Pythagorean Theorem in both problems to find the length of sides or diagonals.
a)
Shorter sides of kite
62 + 52 = s12
36 + 25 = s12
s1 = √61
Longer sides of kite
122 + 52 = s22
144 + 25 = s22
s2 = √169 = 13
P = 2(√61) + 2(13) = 2√61 + 26 ≈ 41.6
A = 1/2 (10)(18) = 90
b)
Smaller diagonal portion
202 + ds2 = 252
ds2 = 225
ds = 15
Larger diagonal portion
202 + dl2 = 352
dl2 = 825
dl = 5√33
P = 2(25) + 2(35) = 120
A = 1/2 (15 + 5√33)(40) ≈ 874.5",gemini
"Example 5: The vertices of a quadrilateral are A(2,8),B(7,9),C(11,2), and D(3,3). Determine the type of quadrilateral and find its area.
Solution: For this problem, it might be helpful to plot the points. From the graph we can see this is probably a kite. Upon further review of the sides, AB = AD and BC = DC (you can do the distance formula to verify). Let’s see if the diagonals are perpendicular by calculating their slopes.
mAC = (2−8)/(11−2) = −6/9 = −2/3
mBD = (9−3)/(7−3) = 6/4 = 3/2
Yes, the diagonals are perpendicular because the slopes are opposite signs and reciprocals. ABCD is a kite. To find the area, we need to find the length of the diagonals. Use the distance formula.
d1 = √((2−11)2 + (8−2)2) = √((-9)2 + 62) = √(81+36) = √117 = 3√13
d2 = √((7−3)2 + (9−3)2) = √(42 + 62) = √(16+36) = √52 = 2√13
Now, plug these lengths into the area formula for a kite.
A = 1/2 (3√13)(2√13) = 39 units2",gemini
"Know What? Revisited The total area of the Brazilian flag is A = 14 · 20 = 280 units2. To find the area of the rhombus, we need to find the length of the diagonals. One diagonal is 20−1.7−1.7 = 16.6 units and the other is 14−1.7−1.7 = 10.6 units. The area is A = 1/2 (16.6)(10.6) = 87.98 units2.",gemini
"Review Questions
1. Do you think all rhombi and kites with the same diagonal lengths have the same area? Explain your answer.",gemini
2. Use the isosceles trapezoid to show that the area of this trapezoid can also be written as the sum of the area of the two triangles and the rectangle in the middle. Write the formula and then reduce it to equal 1/2 h(b1 +b2) or h/2 (b1 +b2).,gemini
3. Use this picture of a rhombus to show that the area of a rhombus is equal to the sum of the areas of the four congruent triangles. Write a formula and reduce it to equal 1/2 d1 d2.,gemini
4. Use this picture of a kite to show that the area of a kite is equal to the sum of the areas of the two pairs of congruent triangles. Recall that d1 is bisected by d2. Write a formula and reduce it to equal 1/2 d1 d2.,gemini
"Find the area of the following shapes. Leave answers in simplest radical form.
5.
6.
7.
8.
9.
10.
11.
12.
13.",gemini
"Find the area and perimeter of the following shapes. Leave answers in simplest radical form.
14.
15.
16.
17.
18.
19.",gemini
"20. Quadrilateral ABCD has vertices A(−2,0),B(0,2),C(4,2), and D(0,−2). Show that ABCD is a trapezoid and find its area. Leave your answer in simplest radical form.",gemini
"21. Quadrilateral EFGH has vertices E(2,−1),F(6,−4),G(2,−7), and H(−2,−4). Show that EFGH is a rhombus and find its area.",gemini
22. The area of a rhombus is 32 units2. What are two possibilities for the lengths of the diagonals?,gemini
23. The area of a kite is 54 units2. What are two possibilities for the lengths of the diagonals?,gemini
24. Sherry designed the logo for a new company. She used three congruent kites. What is the area of the entire logo?,gemini
"For problems 25-27, determine what kind of quadrilateral ABCD is and find its area.
25. A(−2,3),B(2,3),C(4,−3),D(−2,−1)
26. A(0,1),B(2,6),C(8,6),D(13,1)
27. A(−2,2),B(5,6),C(6,−2),D(−1,−6)",gemini
"28. Given that the lengths of the diagonals of a kite are in the ratio 4:7 and the area of the kite is 56 square units, find the lengths of the diagonals.",gemini
"29. Given that the lengths of the diagonals of a rhombus are in the ratio 3:4 and the area of the rhombus is 54 square units, find the lengths of the diagonals.",gemini
30. Sasha drew this plan for a wood inlay he is making. 10 is the length of the slanted side and 16 is the length of the horizontal line segment as shown in the diagram. Each shaded section is a rhombus. What is the total area of the shaded sections?,gemini
"31. In the figure to the right, ABCD is a square. AP = PB = BQ and DC = 20 ft.
a. What is the area of PBQD?
b. What is the area of ABCD?
c. What fractional part of the area of ABCD is PBQD?",gemini
"32. In the figure to the right, ABCD is a square. AP = 20 ft and PB = BQ = 10 ft.
a. What is the area of PBQD?
b. What is the area of ABCD?
c. What fractional part of the area of ABCD is PBQD?",gemini
"10.3 Areas of Similar Polygons
Learning Objectives
• Understand the relationship between the scale factor of similar polygons and their areas.
• Apply scale factors to solve problems about areas of similar polygons.",gemini
"Review Queue
1. Are two squares similar? Are two rectangles?
2. Find the scale factor of the sides of the similar shapes. Both figures are squares.
3. Find the area of each square.
4. Find the ratio of the smaller square’s area to the larger square’s area. Reduce it. How does it relate to the scale factor?",gemini
"Know What? One use of scale factors and areas is scale drawings. This technique takes a small object, like the handprint to the right, divides it up into smaller squares and then blows up the individual squares. In this Know What? you are going to make a scale drawing of your own hand. Either trace your hand or stamp it on a piece of paper. Then, divide your hand into 9 squares, like the one to the right, probably 2 in×2 in. Take a larger piece of paper and blow up each square to be 6 in×6 in (meaning you need at least an 18 in square piece of paper). Once you have your 6 in×6 in squares drawn, use the proportions and area to draw in your enlarged handprint.",gemini
"Areas of Similar Polygons
In Chapter 7, we learned about similar polygons. Polygons are similar when the corresponding angles are equal and the corresponding sides are in the same proportion. In that chapter we also discussed the relationship of the perimeters of similar polygons. Namely, the scale factor for the sides of two similar polygons is the same as the ratio of the perimeters.",gemini
"Example 1: The two rectangles below are similar. Find the scale factor and the ratio of the perimeters.
Solution: The scale factor is 16/24, which reduces to 2/3. The perimeter of the smaller rectangle is 52 units. The perimeter of the larger rectangle is 78 units. The ratio of the perimeters is 52/78 = 2/3.
The ratio of the perimeters is the same as the scale factor. In fact, the ratio of any part of two similar shapes (diagonals, medians, midsegments, altitudes, etc.) is the same as the scale factor.",gemini
"Example 2: Find the area of each rectangle from Example 1. Then, find the ratio of the areas.
Solution:
Asmall = 10 · 16 = 160 units2
Alarge = 15 · 24 = 360 units2
The ratio of the areas would be 160/360 = 4/9.
The ratio of the sides, or scale factor was 2/3 and the ratio of the areas is 4/9. Notice that the ratio of the areas is the square of the scale factor. An easy way to remember this is to think about the units of area, which are always squared. Therefore, you would always square the scale factor to get the ratio of the areas.",gemini
"Area of Similar Polygons Theorem: If the scale factor of the sides of two similar polygons is m/n, then the ratio of the areas would be (m/n)2.",gemini
"Example 2: Find the ratio of the areas of the rhombi below. The rhombi are similar.
Solution: There are two ways to approach this problem. One way would be to use the Pythagorean Theorem to find the length of the 3rd side in the triangle and then apply the area formulas and make a ratio. The second, and easier way, would be to find the ratio of the sides and then square that. (3/5)2 = 9/25",gemini
"Example 3: Two trapezoids are similar. If the scale factor is 3/4 and the area of the smaller trapezoid is 81 cm2, what is the area of the larger trapezoid?
Solution: First, the ratio of the areas would be (3/4)2 = 9/16. Now, we need the area of the larger trapezoid. To find this, we would multiply the area of the smaller trapezoid by the scale factor. However, we would need to flip the scale factor over to be 16/9 because we want the larger area. This means we need to multiply by a scale factor that is larger than one. A = 16/9 · 81 = 144 cm2.",gemini
"Example 4: Two triangles are similar. The ratio of the areas is 25/64. What is the scale factor?
Solution: The scale factor is √(25/64) = 5/8.",gemini
"Example 5: Using the ratios from Example 3, find the length of the base of the smaller triangle if the length of the base of the larger triangle is 24 units.
Solution: All you would need to do is multiply the scale factor we found in Example 3 by 24.
b = 5/8 · 24 = 15 units",gemini
Know What? Revisited You should end up with an 18 in×18 in drawing of your handprint.,gemini
"Review Questions
Determine the ratio of the areas, given the ratio of the sides of a polygon.
1. 3/5
2. 1/4
3. 7/2
4. 6/11",gemini
"Determine the ratio of the sides of a polygon, given the ratio of the areas.
5. 1/36
6. 4/81
7. 49/9
8. 25/144",gemini
"This is an equilateral triangle made up of 4 congruent equilateral triangles.
9. What is the ratio of the areas of the large triangle to one of the small triangles?
10. What is the scale factor of large to small triangle?
11. If the area of the large triangle is 20 units2, what is the area of a small triangle?
12. If the length of the altitude of a small triangle is 2√3, find the perimeter of the large triangle.",gemini
13. Carol drew two equilateral triangles. Each side of one triangle is 2.5 times as long as a side of the other triangle. The perimeter of the smaller triangle is 40 cm. What is the perimeter of the larger triangle?,gemini
"14. If the area of the smaller triangle is 75 cm2, what is the area of the larger triangle from #13?",gemini
"15. Two rectangles are similar with a scale factor of 4/7. If the area of the larger rectangle is 294 in2, find the area of the smaller rectangle.",gemini
"16. Two triangles are similar with a scale factor of 1/3. If the area of the smaller triangle is 22 ft2, find the area of the larger triangle.",gemini
"17. The ratio of the areas of two similar squares is 16/81. If the length of a side of the smaller square is 24 units, find the length of a side in the larger square.",gemini
"18. The ratio of the areas of two right triangles is 2/3. If the length of the hypotenuse of the larger triangle is 48 units, find the length of the smaller triangle’s hypotenuse.",gemini
"Questions 19-22 build off of each other. You may assume the problems are connected.
19. Two similar rhombi have areas of 72 units2 and 162 units2. Find the ratio of the areas.
20. Find the scale factor.
21. The diagonals in these rhombi are congruent. Find the length of the diagonals and the sides.
22. What type of rhombi are these quadrilaterals?",gemini
23. The area of one square on a game board is exactly twice the area of another square. Each side of the larger square is 50 mm long. How long is each side of the smaller square?,gemini
24. The distance from Charleston to Morgantown is 160 miles. The distance from Fairmont to Elkins is 75 miles. Charleston and Morgantown are 5 inches apart on a map. How far apart are Fairmont and Elkins on the same map.,gemini
25. Marlee is making models of historic locomotives (train engines). She uses the same scale for all of her models. The S1 locomotive was 140 ft long. The model is 8.75 inches long. The 520 Class locomotive was 87 feet long. What is the scale of Marlee’s models? How long is the model of the 520 Class locomotive?,gemini
"26. Tommy is drawing a floor plan for his dream home. On his drawing, 1cm represents 2 ft of the actual home. The actual dimensions of the dream home are 55 ft by 40 ft. What will the dimensions of his floor plan be? Will his scale drawing fit on a standard 8.5 in by 11 in piece of paper? Justify your answer.",gemini
27. Anne wants to purchase advertisement space in the school newspaper. Each square inch of advertisement space sells for $3.00. She wants to purchase a rectangular space with length and width in the ratio 3:2 and she has up to $50.00 to spend. What are the dimensions of the largest advertisement she can afford to purchase?,gemini
28. Aaron wants to enlarge a family photo from a 5 by 7 print to a print with an area of 140 inches. What are the dimensions of this new photo?,gemini
"29. A popular pizza joint offers square pizzas: Baby Bella pizza with 10 inch sides, the Mama Mia pizza with 14 inch sides and the Big Daddy pizza with 18 inch sides. If the prices for these pizzas are $5.00, $9.00 and $15.00 respectively, find the price per square inch of each pizza. Which is the best deal?",gemini
"30. Krista has a rectangular garden with dimensions 2 ft by 3 ft. She uses 2/3 of a bottle of fertilizer to cover this area. Her friend, Hadleigh, has a garden with dimensions that are 1.5 times as long. How many bottles of fertilizer will she need?",gemini
"Learning Objectives

• Find the circumference of a circle.
• Define the length of an arc and find arc length.",gemini
"Review Queue

1. Find a central angle in that intercepts \widehat{CE}
2. Find an inscribed angle that intercepts \widehat{CE}.
3. How many degrees are in a circle? Find m\widehat{ECD}.
4. If m\widehat{CE} = 26^
^\circ, find m\widehat{CD} and m\angle CBE.",gemini
"Know What? A typical large pizza has a diameter of 14 inches and is cut into 8 or 10 pieces. Think of the crust as the circumference of the pizza. Find the length of the crust for the entire pizza. Then, find the length of the crust for one piece of pizza if the entire pizza is cut into a) 8 pieces or b) 10 pieces.",gemini
"Circumference of a Circle

Circumference: The distance around a circle.",gemini
"The circumference can also be called the perimeter of a circle. However, we use the term circumference for circles because they are round. The term perimeter is reserved for figures with straight sides. In order to find the formula for the circumference of a circle, we first need to determine the ratio between the circumference and diameter of a circle.",gemini
"Investigation 10-1: Finding π (pi)

Tools Needed: paper, pencil, compass, ruler, string, and scissors

1. Draw three circles with radii of 2 in, 3 in, and 4 in. Label the centers of each A, B, and C.
2. Draw in the diameters and determine their lengths. Are all the diameter lengths the same in ⊙A? ⊙B? ⊙C?
3. Take the string and outline each circle with it. The string represents the circumference of the circle. Cut the string so that it perfectly outlines the circle. Then, lay it out straight and measure, in inches. Round your answer to the nearest 1/8-inch. Repeat this for the other two circles.
4. Find circumference/diameter for each circle. Record your answers to the nearest thousandth. What do you notice?",gemini
"From this investigation, you should see that circumference/diameter approaches 3.14159... The bigger the diameter, the closer the ratio was to this number. We call this number π, the Greek letter “pi.” It is an irrational number because the decimal never repeats itself. Pi has been calculated out to the millionth place and there is still no pattern in the sequence of numbers. When finding the circumference and area of circles, we must use π.",gemini
"π, or “pi”: The ratio of the circumference of a circle to its diameter. It is approximately equal to 3.14159265358979323846...

To see more digits of π, go to http://www.eveandersson.com/pi/digits/ .",gemini
"You are probably familiar with the formula for circumference. From Investigation 10-1, we found that circumference/diameter = π. Let’s shorten this up and solve for the circumference.

C/d = π, multiplying both sides by d, we have C = πd. We can also say C = 2πr because d = 2r.",gemini
"Circumference Formula: If d is the diameter or r is the radius of a circle, then C = πd or C = 2πr.",gemini
"Example 1: Find the circumference of a circle with a radius of 7 cm.

Solution: Plug the radius into the formula.

C = 2π(7) = 14π ≈ 44 cm",gemini
"Depending on the directions in a given problem, you can either leave the answer in terms of π or multiply it out and get an approximation. Make sure you read the directions.",gemini
"Example 2: The circumference of a circle is 64π. Find the diameter.

Solution: Again, you can plug in what you know into the circumference formula and solve for d.

64π = πd
d = 64",gemini
"Example 3: A circle is inscribed in a square with 10 in. sides. What is the circumference of the circle? Leave your answer in terms of π.

Solution: From the picture, we can see that the diameter of the circle is equal to the length of a side. Use the circumference formula.

C = 10π in.",gemini
"Example 4: Find the perimeter of the square. Is it more or less than the circumference of the circle? Why?

Solution: The perimeter is P = 4(10) = 40 in. In order to compare the perimeter with the circumference we should change the circumference into a decimal.

C = 10π ≈ 31.42 in. This is less than the perimeter of the square, which makes sense because the circle is smaller than the square.",gemini
"Arc Length

In Chapter 9, we measured arcs in degrees. This was called the “arc measure” or “degree measure.” Arcs can also be measured in length, as a portion of the circumference.",gemini
"Arc Length: The length of an arc or a portion of a circle’s circumference.

The arc length is directly related to the degree arc measure. Let’s look at an example.",gemini
"Example 5: Find the length of \widehat{PQ}. Leave your answer in terms of π.

Solution: In the picture, the central angle that corresponds with \widehat{PQ} is 60^∘. This means that m\widehat{PQ} = 60^∘ as well. So, think of the arc length as a portion of the circumference. There are 360^∘ in a circle, so 60^∘ would be 1/6 of that (60^∘/360^∘ = 1/6). Therefore, the length of \widehat{PQ} is 1/6 of the circumference.

length of \widehat{PQ} = (1/6) · 2π(9) = 3π",gemini
"Arc Length Formula: If d is the diameter or r is the radius, the length of \widehat{AB} = (m\widehat{AB}/360^∘) · πd or (m\widehat{AB}/360^∘) · 2πr.",gemini
"Example 6: The arc length of \widehat{AB} = 6π and is 1/4 the circumference. Find the radius of the circle.

Solution: If 6π is 1/4 the circumference, then the total circumference is 4(6π) = 24π. To find the radius, plug this into the circumference formula and solve for r.

24π = 2πr
12 = r",gemini
"Know What? Revisited The entire length of the crust, or the circumference of the pizza is 14π ≈ 44 in. In the picture to the right, the top piece of pizza is if it is cut into 8 pieces. Therefore, for 1/8 of the pizza, one piece would have 44/8 ≈ 5.5 inches of crust. The bottom piece of pizza is if the pizza is cut into 10 pieces. For 1/10 of the crust, one piece would have 44/10 ≈ 4.4 inches of crust.",gemini
"Review Questions

Fill in the following table. Leave all answers in terms of π.

TABLE 10.1:
diameter | radius | circumference
1. 15
2. 4
3. 6
4. 84π
5. 9
6. 25π
7. 2π
8. 36",gemini
9. Find the radius of circle with circumference 88 in.,gemini
10. Find the circumference of a circle with d = 20/π cm.,gemini
"Square PQSR is inscribed in ⊙T. RS = 8√2.

11. Find the length of the diameter of ⊙T.
12. How does the diameter relate to PQSR?
13. Find the perimeter of PQSR.
14. Find the circumference of ⊙T.",gemini
"Find the arc length of \widehat{PQ} in ⊙A. Leave your answers in terms of π.

15.
16.
17.",gemini
"Find PA (the radius) in ⊙A. Leave your answer in terms of π.

18.
19.
20.",gemini
"Find the central angle or m\widehat{PQ} in ⊙A. Round any decimal answers to the nearest tenth.

21.
22.
23.",gemini
24. The Olympics symbol is five congruent circles arranged as shown below. Assume the top three circles are tangent to each other. Brad is tracing the entire symbol for a poster. How far will his pen point travel?,gemini
"25. A truck has tires with a 26 in diameter.
a. How far does the truck travel every time a tire turns exactly once?
b. How many times will the tire turn after the truck travels 1 mile? (1 mile = 5280 feet)",gemini
"26. Mario’s Pizza Palace offers a stuffed crust pizza in three sizes (diameter length) for the indicated prices: The Little Cheese, 8 in, $7.00 The Big Cheese, 10 in, $9.00 The Cheese Monster, 12 in, $12.00 What is the crust (in) to price ($) ratio for each of these pizzas? Michael thinks the cheesy crust is the best part of the pizza and wants to get the most crust for his money. Which pizza should he buy?",gemini
"27. Jay is decorating a cake for a friend’s birthday. They want to put gumdrops around the edge of the cake which has a 12 in diameter. Each gumdrop is has a diameter of 1.25 cm. To the nearest gumdrop, how many will they need?",gemini
"28. A speedometer in a car measures the distance travelled by counting the rotations of the tires. The number of rotations required to travel one tenth of a mile in a particular vehicle is approximately 9.34. To the nearest inch, find the diameter of the wheel. (1 mile = 5280 feet)",gemini
29. Bob wants to put new weather stripping around a semicircular window above his door. The base of the window (diameter) is 36 inches. How much weather stripping does he need?,gemini
30. Each car on a Ferris wheel travels 942.5 ft during the 10 rotations of each ride. How high is each car at the highest point of each rotation?,gemini
"Learning Objectives

• Find the area of circles, sectors, and segments.",gemini
"Review Queue

Find the area of the shaded region in the following figures.

1. Both figures are squares.
2. Each vertex of the rhombus is 1.5 in from midpoints of the sides of the rectangle.
3. The figure is an equilateral triangle. (find the altitude)",gemini
4. Find the area of an equilateral triangle with side s.,gemini
"Know What? Back to the pizza. In the previous section, we found the length of the crust for a 14 in pizza. However, crust typically takes up some area on a pizza. Leave your answers in terms of π and reduced improper fractions.

a) Find the area of the crust of a deep-dish 16 in pizza. A typical deep-dish pizza has 1 in of crust around the toppings.
b) A thin crust pizza has 1/2- in of crust around the edge of the pizza. Find the area of a thin crust 16 in pizza.
c) Which piece of pizza has more crust? A twelfth of the deep dish pizza or a fourth of the thin crust pizza?",gemini
"Area of a Circle

Recall in the previous section we derived π as the ratio between the circumference of a circle and its diameter. We are going to use the formula for circumference to derive the formula for area.",gemini
"First, take a circle and divide it up into several wedges, or sectors. Then, unfold the wedges so they are all on one line, with the points at the top.",gemini
"Notice that the height of the wedges is r, the radius, and the length is the circumference of the circle. Now, we need to take half of these wedges and flip them upside-down and place them in the other half so they all fit together.",gemini
"Now our circle looks like a parallelogram. The area of this parallelogram is A = bh = πr·r = πr^2.

To see an animation of this derivation, see http://www.rkm.com.au/ANIMATIONS/animation-Circle-Area-Derivation.html , by Russell Knightley.",gemini
"Area of a Circle: If r is the radius of a circle, then A = πr^2.",gemini
"Example 1: Find the area of a circle with a diameter of 12 cm.

Solution: If the diameter is 12 cm, then the radius is 6 cm. The area is A = π(6^2) = 36π cm^2.",gemini
"Example 2: If the area of a circle is 20π, what is the radius?

Solution: Work backwards on this problem. Plug in the area and solve for the radius.

20π = πr^2
20 = r^2
r = √20 = 2√5

Just like the circumference, we will leave our answers in terms of π, unless otherwise specified. In Example 2, the radius could be ±2√5, however the radius is always positive, so we do not need the negative answer.",gemini
"Example 3: A circle is inscribed in a square. Each side of the square is 10 cm long. What is the area of the circle?

Solution: The diameter of the circle is the same as the length of a side of the square. Therefore, the radius is half the length of the side, or 5 cm.

A = π5^2 = 25π cm",gemini
"Example 4: Find the area of the shaded region.

Solution: The area of the shaded region would be the area of the square minus the area of the circle.

A = 10^2 − 25π = 100 − 25π ≈ 21.46 cm^2",gemini
"Area of a Sector

Sector of a Circle: The area bounded by two radii and the arc between the endpoints of the radii.",gemini
"The area of a sector is a fractional part of the area of the circle, just like arc length is a fractional portion of the circumference.",gemini
"Area of a Sector: If r is the radius and \widehat{AB} is the arc bounding a sector, then A = (m\widehat{AB}/360^∘) · πr^2.",gemini
"Example 5: Find the area of the blue sector. Leave your answer in terms of π.

Solution: In the picture, the central angle that corresponds with the sector is 60^∘. 60^∘ would be 1/6 of 360^∘, so this sector is 1/6 of the total area.

area of blue sector = (1/6) · π8^2 = (32/3)π",gemini
Another way to write the sector formula is A = (central angle/360^∘) · πr^2.,gemini
"Example 6: The area of a sector is 8π and the radius of the circle is 12. What is the central angle?

Solution: Plug in what you know to the sector area formula and then solve for the central angle, we will call it x.

8π = (x/360^∘) · π12^2
8π = (x/360^∘) · 144π
8 = 2x/5^∘
x = 8 · (5^∘/2) = 20^∘",gemini
"Example 7: The area of a sector of circle is 50π and its arc length is 5π. Find the radius of the circle.
Solution: First plug in what you know to both the sector formula and the arc length formula. In both equations we will call the central angle, “CA.”
50π = (CA / 360) · πr^2
5π = (CA / 360) · 2πr
50 · 360 = CA · r^2
5 · 180 = CA · r
18000 = CA · r^2
900 = CA · r
Now, we can use substitution to solve for either the central angle or the radius. Because the problem is asking for the radius we should solve the second equation for the central angle and substitute that into the first equation for the central angle. Then, we can solve for the radius. Solving the second equation for CA, we have: CA = 900 / r. Plug this into the first equation.
18000 = (900 / r) · r^2
18000 = 900r
r = 20
We could have also solved for the central angle in Example 7 once r was found. The central angle is 900 / 20 = 45°.",gemini
"Segments of a Circle
The last part of a circle that we can find the area of is called a segment, not to be confused with a line segment.
Segment of a Circle: The area of a circle that is bounded by a chord and the arc with the same endpoints as the chord.",gemini
"Example 8: Find the area of the blue segment below.
Solution: As you can see from the picture, the area of the segment is the area of the sector minus the area of the isosceles triangle made by the radii. If we split the isosceles triangle in half, we see that each half is a 30-60-90 triangle, where the radius is the hypotenuse. Therefore, the height of △ABC is 12 and the base would be 2(12√3) = 24√3.
A_sector = (120 / 360) · π · 24^2 = 192π
A_△ = 1/2 (24√3)(12) = 144√3
The area of the segment is A = 192π − 144√3 ≈ 353.8.",gemini
"In the review questions, make sure you know how the answer is wanted. If the directions say “leave in terms of π and simplest radical form,” your answer would be the first one above. If it says “give an approximation,” your answer would be the second. It is helpful to leave your answer in simplest radical form and in terms of π because that is the most accurate answer. However, it is also nice to see what the approximation of the answer is, to see how many square units something is.",gemini
"Know What? Revisited The area of the crust for a deep-dish pizza is 8^2π − 7^2π = 15π. The area of the crust of the thin crust pizza is 8^2π − 7.5^2π = 31/4 π. One-twelfth of the deep dish pizza has 15/12 π or 5/4 π in^2 of crust. One-fourth of the thin crust pizza has 31/16 π in^2. To compare the two measurements, it might be easier to put them both into decimals. 5/4 π ≈ 3.93 in^2 and 31/16 π ≈ 6.09 in^2. From this, we see that one-fourth of the thin-crust pizza has more crust than one-twelfth of the deep dish pizza.",gemini
"Review Questions
Fill in the following table. Leave all answers in terms of π.
TABLE 10.2:
radius | Area | circumference
1. 2
2. 16π
3. 10π
4. 24π
5. 9
6. 90π
7. 35π
8. 7/π
9. 60
10. 36",gemini
"Find the area of the blue sector or segment in ⊙A. Leave your answers in terms of π. You may use decimals or fractions in your answers, but do not round.
11.
12.
13.
14.
15.
16.",gemini
"Find the radius of the circle. Leave your answer in simplest radical form.
17.
18.
19.",gemini
"Find the central angle of each blue sector. Round any decimal answers to the nearest tenth.
20.
21.
22.",gemini
"Find the area of the shaded region. Round your answer to the nearest hundredth.
23.
24. The quadrilateral is a square.
25.
26.
27.
28.",gemini
"29. Carlos has 400 ft of fencing to completely enclose an area on his farm for an animal pen. He could make the area a square or a circle. If he uses the entire 400 ft of fencing, how much area is contained in the square and the circle? Which shape will yield the greatest area?",gemini
30. The area of a sector of a circle is 54π and its arc length is 6π. Find the radius of the circle.,gemini
31. The area of a sector of a circle is 2304π and its arc length is 32π. Find the central angle of the sector.,gemini
"10.6 Area and Perimeter of Regular Polygons
Learning Objectives
• Calculate the area and perimeter of a regular polygon.",gemini
"Review Queue
1. What is a regular polygon?
Find the area of the following regular polygons. For the hexagon and octagon, divide the figures into rectangles and/or triangles.
2.
3.
4. Find the length of the sides in Problems 2 and 3.",gemini
"Know What? The Pentagon in Arlington, VA houses the Department of Defense, is two regular pentagons with the same center. The entire area of the building is 29 acres (40,000 square feet in an acre), with an additional 5 acre courtyard in the center. The length of each outer wall is 921feet. What is the total distance across the pentagon? Round your answer to the nearest hundredth.",gemini
"Perimeter of a Regular Polygon
Recall that a regular polygon is a polygon with congruent sides and angles. In this section, we are only going to deal with regular polygons because they are the only polygons that have a consistent formula for area and perimeter. First, we will discuss the perimeter.
Recall that the perimeter of a square is 4 times the length of a side because each side is congruent. We can extend this concept to any regular polygon.
Perimeter of a Regular Polygon: If the length of a side is s and there are n sides in a regular polygon, then the perimeter is P = ns.",gemini
"Example 1: What is the perimeter of a regular octagon with 4 inch sides?
Solution: If each side is 4 inches and there are 8 sides, that means the perimeter is 8(4 in) = 32 inches.",gemini
"Example 2: The perimeter of a regular heptagon is 35 cm. What is the length of each side?
Solution: If P = ns, then 35 cm = 7s. Therefore, s = 5 cm.",gemini
"Area of a Regular Polygon
In order to find the area of a regular polygon, we need to define some new terminology. First, all regular polygons can be inscribed in a circle. So, regular polygons have a center and radius, which are the center and radius of the circumscribed circle. Also like a circle, a regular polygon will have a central angle formed. In a regular polygon, however, the central angle is the angle formed by two radii drawn to consecutive vertices of the polygon. In the picture below, the central angle is ∠BAD. Also, notice that △BAD is an isosceles triangle. Every regular polygon with n sides is formed by n isosceles triangles. In a regular hexagon, the triangles are equilateral. The height of these isosceles triangles is called the apothem.",gemini
"Apothem: A line segment drawn from the center of a regular polygon to the midpoint of one of its sides.
We could have also said that the apothem is perpendicular to the side it is drawn to. By the Isosceles Triangle Theorem, the apothem is the perpendicular bisector of the side of the regular polygon. The apothem is also the height, or altitude of the isosceles triangles.",gemini
"Example 3: Find the length of the apothem in the regular octagon. Round your answer to the nearest hundredth.
Solution: To find the length of the apothem, AB, you will need to use the trig ratios. First, find m∠CAD. There are 360° around a point, so m∠CAD = 360° / 8 = 45°. Now, we can use this to find the other two angles in △CAD. m∠ACB and m∠ADC are equal because △CAD is a right triangle.
m∠CAD + m∠ACB + m∠ADC = 180°
45° + 2m∠ACB = 180°
2m∠ACB = 135°
m∠ACB = 67.5°
To find AB, we must use the tangent ratio. You can use either acute angle.
tan 67.5° = AB / 6
AB = 6 · tan 67.5° ≈ 14.49",gemini
"The apothem is used to find the area of a regular polygon. Let’s continue with Example 3.
Example 4: Find the area of the regular octagon in Example 3.
Solution: The octagon can be split into 8 congruent triangles. So, if we find the area of one triangle and multiply it by 8, we will have the area of the entire octagon.
A_octagon = 8(1/2 · 12 · 14.49) = 695.52 units^2",gemini
"From Examples 3 and 4, we can derive a formula for the area of a regular polygon.
The area of each triangle is: A_△ = 1/2 bh = 1/2 sa, where s is the length of a side and a is the apothem.
If there are n sides in the regular polygon, then it is made up of n congruent triangles.
A = n A_△ = n(1/2 sa) = 1/2 nsa
In this formula we can also substitute the perimeter formula, P = ns, for n and s.
A = 1/2 nsa = 1/2 Pa
Area of a Regular Polygon: If there are n sides with length s in a regular polygon and a is the apothem, then A = 1/2 asn or A = 1/2 aP, where P is the perimeter.",gemini
"Example 5: Find the area of the regular polygon with radius 4.
Solution: In this problem we need to find the apothem and the length of the side before we can find the area of the entire polygon. Each central angle for a regular pentagon is 360° / 5 = 72°. So, half of that, to make a right triangle with the apothem, is 36°. We need to use sine and cosine.
sin 36° = .5n / 4
4 sin 36° = 1/2 n
8 sin 36° = n
n ≈ 4.7
cos 36° = a / 4
4 cos 36° = a
a ≈ 3.24
Using these two pieces of information, we can now find the area. A = 1/2 (3.24)(5)(4.7) ≈ 38.07 units^2.",gemini
"Example 6: The area of a regular hexagon is 54√3 and the perimeter is 36. Find the length of the sides and the apothem.
Solution: Plug in what you know into both the area and the perimeter formulas to solve for the length of a side and the apothem.
P = sn
36 = 6s
s = 6
A = 1/2 aP
54√3 = 1/2 a(36)
54√3 = 18a
3√3 = a",gemini
"Know What? Revisited From the picture to the right, we can see that the total distance across the Pentagon is the length of the apothem plus the length of the radius. If the total area of the Pentagon is 34 acres, that is 2,720,000 square feet. Therefore, the area equation is 2720000 = 1/2 a(921)(5) and the apothem is 590.66 ft. To find the radius, we can either use the Pythagorean Theorem, with the apothem and half the length of a side or the sine ratio. Recall from Example 5, that each central angle in a pentagon is 72°, so we would use half of that for the right triangle.
sin 36° = 460.5 / r → r = 460.5 / sin 36° ≈ 783.45 ft.
Therefore, the total distance across is 590.66 + 783.45 = 1374.11 ft.",gemini
"Review Questions
Use the regular hexagon below to answer the following questions. Each side is 10 cm long.
1. Each dashed line segment is a(n) ________________.
2. The red line segment is a(n) __________________.
3. There are _____ congruent triangles in a regular hexagon.
4. In a regular hexagon, all the triangles are _________________.
5. Find the radius of this hexagon.
6. Find the apothem.
7. Find the perimeter.
8. Find the area.",gemini
"Find the area and perimeter of each of the following regular polygons. Round your answer to the nearest hundredth.
9.
10.
11.
12.
13.
14.",gemini
"15. If the perimeter of a regular decagon is 65, what is the length of each side?",gemini
16. A regular polygon has a perimeter of 132 and the sides are 11 units long. How many sides does the polygon have?,gemini
17. The area of a regular pentagon is 440.44 in^2 and the perimeter is 80 in. Find the length of the apothem of the pentagon.,gemini
18. The area of a regular octagon is 695.3 cm^2 and the sides are 12 cm. What is the length of the apothem?,gemini
"A regular 20-gon and a regular 40-gon are inscribed in a circle with a radius of 15 units.
19. Find the perimeter of both figures.
20. Find the circumference of the circle.
21. Which of the perimeters is closest to the circumference of the circle? Why do you think that is?
22. Find the area of both figures.
23. Find the area of the circle.
24. Which of the areas is closest to the area of the circle? Why do you think that is?",gemini
25. Challenge Derive a formula for the area of a regular hexagon with sides of length s. Your only variable will be s. HINT: Use 30-60-90 triangle ratios.,gemini
26. Challenge in the following steps you will derive an alternate formula for finding the area of a regular polygon with n sides.,gemini
"We are going to start by thinking of a polygon with n sides as n congruent isosceles triangles. We will find the sum of the areas of these triangles using trigonometry. First, the area of a triangle is 1/2 bh. In the diagram to the right, this area formula would be 1/2 sa, where s is the length of a side and a is the length of the apothem. In the diagram, x represents the measure of the vertex angle of each isosceles triangle. a. The apothem, a, divides the triangle into two congruent right triangles. The top angle in each is x°/2. Find sin(x°/2) and cos(x°/2). b. Solve your sin equation to find an expression for s in terms of r and x. c. Solve your cos equation to find an expression for a in terms of r and x. d. Substitute these expressions into the equation for the area of one of the triangles, 1/2 sa. e. Since there will be n triangles in an n-gon, you need to multiply your expression from part d by n to get the total area. f. How would you tell someone to find the value of x for a regular n-gon?",gemini
"Use the formula you derived in problem 26 to find the area of the regular polygons described in problems 27-30. Round your answers to the nearest hundredth.

27. Decagon with radius 12 cm.
28. 20-gon with radius 5 in.
29. 15-gon with radius length 8 cm.
30. 45-gon with radius length 7 in.",gemini
31. What is the area of a regular polygon with 100 sides and radius of 9 in? What is the area of a circle with radius 9 in? How do these areas compare? Can you explain why?,gemini
32. How could you use the formula from problem 26 to find the area of a regular polygon given the number of sides and the length of a side? How can you find the radius?,gemini
"Use your formula from problem 26 and the method you described to find r given the number of sides and the length of a side in problem 31 to find the area of the regular polygons below.

33. 30-gon with side length 15 cm.
34. Dodecagon with side length 20 in.",gemini
"Keywords, Theorems and Formulas

• Perimeter
• Area of a Rectangle: A = bh
• Perimeter of a Rectangle P = 2b+2h
• Perimeter of a Square: P = 4s
• Area of a Square: A = s^2
• Congruent Areas Postulate
• Area Addition Postulate
• Area of a Parallelogram: A = bh.
• Area of a Triangle: A = 1/2 bh or A = bh/2
• Area of a Trapezoid: A = 1/2 h(b1 + b2)
• Area of a Rhombus: A = 1/2 d1d2
• Area of a Kite: A = 1/2 d1d2
• Area of Similar Polygons Theorem
• π
• Circumference: C = πd or C = 2πr
• Arc Length
• Arc Length Formula: length of AB̂ = (mAB̂ / 360°) · πd or (mAB̂ / 360°) · 2πr
• Area of a Circle: A = πr^2
• Sector of a Circle
• Area of a Sector: A = (mAB̂ / 360°) · πr^2
• Segment of a Circle
• Perimeter of a Regular Polygon: P = ns
• Apothem
• Area of a Regular Polygon: A = 1/2 asn or A = 1/2 aP",gemini
"Find the area and perimeter of the following figures. Round your answers to the nearest hundredth.

1. square (side length 15)
2. rectangle (base 18, height 11)
3. rhombus (side length 12, vertex angle 60°)
4. regular pentagon (side length 9)
5. parallelogram (base 75, height 40, horizontal offset 9)
6. regular dodecagon (side length 6)",gemini
"Find the area of the following figures. Leave your answers in simplest radical form.

7. triangle (base 16, height 19)
8. kite (sides 17, 25; diagonal segment 8)
9. isosceles trapezoid (top base 15, bottom base 21, slant height 18, angle 60°)",gemini
10. Find the area and circumference of a circle with radius 17.,gemini
11. Find the area and circumference of a circle with diameter 30.,gemini
"12. Two similar rectangles have a scale factor 4/3. If the area of the larger rectangle is 96 units^2, find the area of the smaller rectangle.",gemini
"Find the area of the following figures. Round your answers to the nearest hundredth.

13. (figure with top arc and lower equilateral/rhomboid region, width 32, slant 36)
14. (stadium figure with width 32, vertical height 24)",gemini
15. Find the shaded area (figure is a rhombus with inner segment lengths 7 and 8),gemini
"In this chapter we extend what we know about two-dimensional figures to three-dimensional shapes. First, we will determine the parts and different types of 3D shapes. Then, we will find the surface area and volume of prisms, cylinders, pyramids, cones, and spheres. Lastly, we will expand what we know about similar shapes and their areas to similar solids and their volumes.",gemini
"Learning Objectives

• Identify different types of solids and their parts.
• Use Euler’s formula to solve problems.
• Draw and identify different views of solids.
• Draw and identify nets.",gemini
"Review Queue

1. Draw an octagon and identify the edges and vertices of the octagon. How many of each are there?
2. Find the area of a square with 5 cm sides.
3. Find the area of an equilateral triangle with 10 in sides.
4. Draw the following polygons.
a. A convex pentagon.
b. A concave nonagon.",gemini
"Know What? Until now, we have only talked about two-dimensional, or flat, shapes. In this chapter we are going to expand to 3D. Copy the equilateral triangle to the right onto a piece of paper and cut it out. Fold on the dotted lines. What shape do these four equilateral triangles make? If we place two of these equilateral triangles next to each other (like in the far right) what shape do these 8 equilateral triangles make?",gemini
Polyhedron: A 3-dimensional figure that is formed by polygons that enclose a region in space.,gemini
"Each polygon in a polyhedron is called a face. The line segment where two faces intersect is called an edge and the point of intersection of two edges is a vertex. There are no gaps between the edges or vertices in a polyhedron. Examples of polyhedrons include a cube, prism, or pyramid. Non-polyhedrons are cones, spheres, and cylinders because they have sides that are not polygons.",gemini
"Prism: A polyhedron with two congruent bases, in parallel planes, and the lateral sides are rectangles.",gemini
Pyramid: A polyhedron with one base and all the lateral sides meet at a common vertex. The lateral sides are triangles.,gemini
"All prisms and pyramids are named by their bases. So, the first prism would be a triangular prism and the second would be an octagonal prism. The first pyramid would be a hexagonal pyramid and the second would be a square pyramid. The lateral faces of a pyramid are always triangles.",gemini
"Example 1: Determine if the following solids are polyhedrons. If the solid is a polyhedron, name it and determine the number of faces, edges and vertices each has.

a)",gemini
"Solution:
a) The base is a triangle and all the sides are triangles, so this is a polyhedron, a triangular pyramid. There are 4 faces, 6 edges and 4 vertices.
b) This solid is also a polyhedron because all the faces are polygons. The bases are both pentagons, so it is a pentagonal prism. There are 7 faces, 15 edges, and 10 vertices.
c) This is a cylinder and has bases that are circles. Circles are not polygons, so it is not a polyhedron.",gemini
"Euler’s Theorem
Let’s put our results from Example 1 into a table.

TABLE 11.1:
Faces Vertices Edges
Triangular Pyramid 4 4 6
Pentagonal Prism 7 10 15

Notice that the sum of the faces + vertices is two more that the number of edges. This is called Euler’s Theorem, after the Swiss mathematician Leonhard Euler.",gemini
"Euler’s Theorem: The number of faces (F), vertices (V), and edges (E) of a polyhedron can be related such that F + V = E + 2.",gemini
"Example 2: Find the number of faces, vertices, and edges in the octagonal prism.

Solution: Because this is a polyhedron, we can use Euler’s Theorem to find either the number of faces, vertices or edges. It is easiest to count the faces, there are 10 faces. If we count the vertices, there are 16. Using this, we can solve for E in Euler’s Theorem.

F + V = E + 2
10 + 16 = E + 2
24 = E There are 24 edges.",gemini
"Example 3: In a six-faced polyhedron, there are 10 edges. How many vertices does the polyhedron have?
Solution: Solve for V in Euler’s Theorem.

F + V = E + 2
6 + V = 10 + 2
V = 6 There are 6 vertices.",gemini
"Example 4: A three-dimensional figure has 10 vertices, 5 faces, and 12 edges. Is it a polyhedron?
Solution: Plug in all three numbers into Euler’s Theorem.

F + V = E + 2
5 + 10 = 12 + 2
15 ≠ 14

Because the two sides are not equal, this figure is not a polyhedron.",gemini
"Regular Polyhedra

Regular Polyhedron: A polyhedron where all the faces are congruent regular polygons.",gemini
"Polyhedrons, just like polygons, can be convex or concave (also called non-convex). All regular polyhedron are convex. A concave polyhedron is similar to a concave polygon. The polyhedron “caves in,” so that two non-adjacent vertices can be connected by a line segment that is outside the polyhedron.",gemini
"There are five regular polyhedra called the Platonic solids, after the Greek philosopher Plato. These five solids are significant because they are the only five regular polyhedra. There are only five because the sum of the measures of the angles that meet at each vertex must be less than 360°. Therefore the only combinations are 3, 4 or 5 triangles at each vertex, 3 squares at each vertex or 3 pentagons. Each of these polyhedra have a name based on the number of sides, except the cube.

Regular Tetrahedron: A 4-faced polyhedron where all the faces are equilateral triangles.
Cube: A 6-faced polyhedron where all the faces are squares.
Regular Octahedron: An 8-faced polyhedron where all the faces are equilateral triangles.
Regular Dodecahedron: A 12-faced polyhedron where all the faces are regular pentagons.
Regular Icosahedron: A 20-faced polyhedron where all the faces are equilateral triangles.",gemini
"Cross-Sections

One way to “view” a three-dimensional figure in a two-dimensional plane, like this text, is to use cross-sections.
Cross-Section: The intersection of a plane with a solid.",gemini
"Example 5: Describe the shape formed by the intersection of the plane and the regular octahedron.
a)
b)
c)

Solution:
a) Square
b) Rhombus
c) Hexagon",gemini
"Nets

Another way to represent a three-dimensional figure in a two dimensional plane is to use a net.
Net: An unfolded, flat representation of the sides of a three-dimensional shape.",gemini
"Example 6: What kind of figure does this net create?

Solution: The net creates a rectangular prism.",gemini
"Example 7: Draw a net of the right triangular prism below.

Solution: This net will have two triangles and three rectangles. The rectangles are all different sizes and the two triangles are congruent.

Notice that there could be a couple different interpretations of this, or any, net. For example, this net could have the triangles anywhere along the top or bottom of the three rectangles. Most prisms have multiple nets.

See the site http://www.cs.mcgill.ca/~sqrt/unfold/unfolding.html if you would like to see a few animations of other nets, including the Platonic solids.",gemini
Know What? Revisited The net of the first shape is a regular tetrahedron and the second is the net of a regular octahedron.,gemini
"Review Questions

Complete the table using Euler’s Theorem.

TABLE 11.2:
Name Faces Edges Vertices
1. Rectangular Prism 6 12
2. Octagonal Pyramid 16 9
3. Regular Icosahedron 20 12
4. Cube 12 8
5. Triangular Pyramid 4 4
6. Octahedron 8 12
7. Heptagonal Prism 21 14
8. Triangular Prism 5 9",gemini
"Determine if the following figures are polyhedra. If so, name the figure and find the number of faces, edges, and vertices.
9.
10.
11.
12.
13.
14.",gemini
"Describe the cross section formed by the intersection of the plane and the solid.
15.
16.
17.",gemini
"Draw the net for the following solids.
18.
19.
20.",gemini
"Determine what shape is formed by the following nets.
21.
22.
23.",gemini
24. A cube has 11 unique nets. Draw 5 different nets of a cube.,gemini
25. A truncated icosahedron is a polyhedron with 12 regular pentagonal faces and 20 regular hexagonal faces and 90 edges. This icosahedron closely resembles a soccer ball. How many vertices does it have? Explain your reasoning.,gemini
26. Use construction tools to construct a large equilateral triangle. Construct the three midsegments of the triangle. Cut out the equilateral triangle and fold along the midsegments. What net have you constructed?,gemini
27. Describe a method to construct a net for a regular octahedron.,gemini
"For problems 28-30, we are going to connect the Platonic Solids to probability. A six sided die is the shape of a cube. The probability of any one side landing face up is 1/6 because each of the six faces is congruent to each other.

28. What shape would we make a die with 12 faces? If we number these faces 1 to 12, and each face has the same likelihood of landing face up, what is the probability of rolling a multiple of three?
29. I have a die that is a regular octahedron. Each face is labeled with a consecutive prime number starting with 2. What is the largest prime number on my die?
30. Challenge Rebecca wants to design a new die. She wants it to have one red face. The other faces will be yellow, blue or green. How many faces should her die have and how many of each color does it need so that: the probability of rolling yellow is eight times the probability of rolling red, the probability of rolling green is half the probability of rolling yellow and the probability of rolling blue is seven times the probability of rolling red?",gemini
"11.2 Surface Area of Prisms and Cylinders

Learning Objectives
• Find the surface area of a prism.
• Find the surface area of a cylinder.",gemini
"Review Queue

1. Find the area of a rectangle with sides:
a. 6 and 9
b. 11 and 4
c. 5√2 and 8√6
2. If the area of a square is 36 units², what are the lengths of the sides?
3. If the area of a square is 45 units², what are the lengths of the sides?
4. Find the area of the shape. All sides are perpendicular. (Split the shape up into rectangles.)",gemini
"Know What? Your parents decide they want to put a pool in the backyard. They agree on a pool where the shallow end will be 4 ft. and the deep end will be 8 ft. The pool will be 10 ft. by 25 ft. How much siding do they need to buy to cover the sides and bottom of the pool? If the siding is $25.00 a square yard, how much will it cost to enclose the pool?",gemini
"Parts of a Prism

In the last section, we defined a prism as a 3-dimensional figure with 2 congruent bases, in parallel planes with rectangular lateral faces. The edges between the lateral faces are called lateral edges. All prisms are named by their bases, so the prism to the right is a pentagonal prism. This particular prism is called a right prism because the lateral faces are perpendicular to the bases. Oblique prisms lean to one side or the other and the height is outside the prism.",gemini
"Surface Area of a Prism

Surface Area: The sum of the areas of the faces.
Lateral Area: The sum of the areas of the lateral faces.
You can use a net and the Area Addition Postulate to find the surface area of a right prism.",gemini
"Example 1: Find the surface area of the prism below.

Solution: Open up the prism and draw the net. Determine the measurements for each rectangle in the net.

Using the net, we have:
SAprism = 2(4)(10) + 2(10)(17) + 2(17)(4)
= 80 + 340 + 136
= 556 cm²

Because this is still area, the units are squared.",gemini
Surface Area of a Right Prism: The surface area of a right prism is the sum of the area of the bases and the area of each rectangular lateral face.,gemini
"Example 2: Find the surface area of the prism below.

Solution: This is a right triangular prism. To find the surface area, we need to find the length of the hypotenuse of the base because it is the width of one of the lateral faces. Using the Pythagorean Theorem, the hypotenuse is

7² + 24² = c²
49 + 576 = c²
625 = c²
c = 25

Looking at the net, the surface area is:
SA = 28(7) + 28(24) + 28(25) + 2(1/2 · 7 · 24)
SA = 196 + 672 + 700 + 168 = 1736",gemini
"Example 3: Find the surface area of the regular pentagonal prism.

Solution: For this prism, each lateral face has an area of 160 units². Then, we need to find the area of the regular pentagonal bases. Recall that the area of a regular polygon is 1/2 asn. s = 8 and n = 5, so we need to find a, the apothem.

tan 36° = 4/a
a = 4 / tan 36° ≈ 5.51
SA = 5(160) + 2(1/2 · 5.51 · 8 · 5) = 1020.4",gemini
"Cylinders

Cylinder: A solid with congruent circular bases that are in parallel planes. The space between the circles is enclosed. Just like a circle, the cylinder has a radius for each of the circular bases. Also, like a prism, a cylinder can be oblique, like the one to the right.",gemini
"Surface Area of a Right Cylinder: Let’s find the net of a right cylinder. One way for you to do this is to take a label off of a soup can or can of vegetables. When you take this label off, we see that it is a rectangle where the height is the height of the cylinder and the base is the circumference of the base. This rectangle and the two circular bases make up the net of a cylinder. From the net, we can see that the surface area of a right cylinder is 2πr^2 + 2πrh (area of both circles + length of rectangle · h).",gemini
"Surface Area of a Right Cylinder: If r is the radius of the base and h is the height of the cylinder, then the surface area is SA = 2πr^2 + 2πrh.",gemini
Example 4: Find the surface area of the cylinder. Solution: r = 4 and h = 12. Plug these into the formula. SA = 2π(4)^2 + 2π(4)(12) = 32π + 96π = 128π,gemini
"Example 5: The circumference of the base of a cylinder is 16π and the height is 21. Find the surface area of the cylinder. Solution: If the circumference of the base is 16π, then we can solve for the radius. 2πr = 16π, r = 8. Now, we can find the surface area. SA = 2π(8)^2 + (16π)(21) = 128π + 336π = 464π",gemini
"Know What? Revisited To the right is the net of the pool (minus the top). From this, we can see that your parents would need 670 square feet of siding. This means that the total cost would be $5583.33 for the siding.",gemini
1. How many square feet are in a square yard?,gemini
2. How many square centimeters are in a square meter?,gemini
Use the right triangular prism to answer questions 3-6. 3. What shape are the bases of this prism? What are their areas? 4. What are the dimensions of each of the lateral faces? What are their areas? 5. Find the lateral surface area of the prism. 6. Find the total surface area of the prism.,gemini
7. Writing Describe the difference between lateral surface area and total surface area.,gemini
8. The lateral surface area of a cylinder is what shape? What is the area of this shape?,gemini
"9. Fuzzy dice are cubes with 4 inch sides. a. What is the surface area of one die? b. Typically, the dice are sold in pairs. What is the surface area of two dice?",gemini
10. A right cylinder has a 7 cm radius and a height of 18 cm. Find the surface area.,gemini
Find the surface area of the following solids. Leave answers in terms of π. 11. bases are isosceles trapezoids,gemini
"Algebra Connection Find the value of x, given the surface area. 17. SA = 432 units^2",gemini
20. The area of the base of a cylinder is 25π in^2 and the height is 6 in. Find the lateral surface area.,gemini
21. The circumference of the base of a cylinder is 80π cm and the height is 36 cm. Find the total surface area.,gemini
22. The lateral surface area of a cylinder is 30π m^2. What is one possibility for height of the cylinder?,gemini
"Use the diagram below for questions 23-27. The barn is shaped like a pentagonal prism with dimensions shown in feet. 23. What is the area of the roof? (Both sides) 24. What is the floor area of the barn? 25. What is the area of the sides of the barn? 26. The farmer wants to paint the sides of the roof (excluding the roof). If a gallon of paint covers 250 square feet, how many gallons will he need? 27. A gallon of paint costs $15.50. How much will it cost for him to paint the sides of the barn?",gemini
"28. Charlie started a business canning artichokes. His cans are 5 in tall and have diameter 4 in. If the label must cover the entire lateral surface of the can and the ends must overlap by at least one inch, what are the dimensions and area of the label?",gemini
"29. An open top box is made by cutting out 2 in by 2 in squares from the corners of a large square piece of cardboard. Using the picture as a guide, find an expression for the surface area of the box. If the surface area is 609 in^2, find the length of x. Remember, there is no top.",gemini
"30. Find an expression for the surface area of a cylinder in which the ratio of the height to the diameter is 2:1. If x is the diameter, use your expression to find x if the surface area is 160π.",gemini
Learning Objectives: • Find the surface area of a pyramid. • Find the surface area of a cone.,gemini
"Review Queue: 1. A rectangular prism has sides of 5 cm, 6 cm, and 7 cm. What is the surface area? 2. Triple the dimensions of the rectangular prism from #1. What is its surface area? 3. A cylinder has a diameter of 10 in and a height of 25 in. What is the surface area? 4. A cylinder has a circumference of 72π ft. and a height of 24 ft. What is the surface area? 5. Draw the net of a square pyramid.",gemini
"Know What? A typical waffle cone is 6 inches tall and has a diameter of 2 inches. This happens to be your friend Jeff’s favorite part of his ice cream dessert. You decide to use your mathematical prowess to figure out exactly how much waffle cone Jeff is eating. What is the surface area of the waffle cone? (You may assume that the cone is straight across at the top) Jeff decides he wants a “king size” cone, which is 8 inches tall and has a diameter of 4 inches. What is the surface area of this cone?",gemini
"Parts of a Pyramid: A pyramid has one base and all the lateral faces meet at a common vertex. The edges between the lateral faces are lateral edges. The edges between the base and the lateral faces are called base edges. If we were to draw the height of the pyramid to the right, it would be off to the left side.",gemini
"When a pyramid has a height that is directly in the center of the base, the pyramid is said to be regular. These pyramids have a regular polygon as the base. All regular pyramids also have a slant height that is the height of a lateral face. Because of the nature of regular pyramids, all slant heights are congruent. A non-regular pyramid does not have a slant height.",gemini
"Example 1: Find the slant height of the square pyramid. Solution: Notice that the slant height is the hypotenuse of a right triangle formed by the height and half the base length. Use the Pythagorean Theorem. 8^2 + 24^2 = l^2, 64 + 576 = l^2, 640 = l^2, l = √640 = 8√10",gemini
"Surface Area of a Regular Pyramid: Using the slant height, which is usually labeled l, the area of each triangular face is A = 1/2 bl.",gemini
"Example 2: Find the surface area of the pyramid from Example 1. Solution: The surface area of the four triangular faces are 4(1/2 bl) = 2(16)(8√10) = 256√10. To find the total surface area, we also need the area of the base, which is 16^2 = 256. The total surface area is 256√10 + 256 ≈ 1065.54.",gemini
"From this example, we see that the formula for a square pyramid is: SA = (area of the base) + 4(area of triangular faces); SA = B + n(1/2 bl), where B is the area of the base and n is the number of triangles. SA = B + 1/2 l(nb). Rearranging the variables, nb = P, the perimeter of the base. SA = B + 1/2 Pl",gemini
"Surface Area of a Regular Pyramid: If B is the area of the base and P is the perimeter of the base and l is the slant height, then SA = B + 1/2 Pl. If you ever forget this formula, use the net. Each triangular face is congruent, plus the area of the base. This way, you do not have to remember a formula, just a process, which is the same as finding the area of a prism.",gemini
Example 3: Find the area of the regular triangular pyramid. Solution: The area of the base is A = 1/4 s^2 √3 because it is an equilateral triangle. B = 1/4 (8^2) √3 = 16√3. SA = 16√3 + 1/2 (24)(18) = 16√3 + 216 ≈ 243.71,gemini
"Example 4: If the lateral surface area of a square pyramid is 72 ft^2 and the base edge is equal to the slant height, what is the length of the base edge? Solution: In the formula for surface area, the lateral surface area is 1/2 Pl or 1/2 nbl. We know that n = 4 and b = l. Let’s solve for b. 1/2 nbl = 72 ft^2; 1/2 (4)b^2 = 72; 2b^2 = 72; b^2 = 36; b = 6. Therefore, the base edges are all 6 units and the slant height is also 6 units.",gemini
"Example 4: Find the area of the regular hexagonal pyramid below. Solution: To find the area of the base, we need to find the apothem. If the base edges are 10 units, then the apothem is 5√3 for a regular hexagon. The area of the base is 1/2 asn = 1/2 (5√3)(10)(6) = 150√3. The total surface area is: SA = 150√3 + 1/2 (6)(10)(22) = 150√3 + 660 ≈ 919.81 units^2",gemini
Surface Area of a Cone: Cone: A solid with a circular base and sides taper up towards a common vertex.,gemini
"It is said that a cone is generated from rotating a right triangle around one leg in a circle. Notice that a cone has a slant height, just like a pyramid. The surface area of a cone is a little trickier, however. We know that the base is a circle, but we need to find the formula for the curved side that tapers up from the base. Unfolding a cone, we have the net:",gemini
"From this, we can see that the lateral face’s edge is 2πr and the sector of a circle with radius l. We can find the area of the sector by setting up a proportion. (Area of circle)/(Area of sector) = Circumference/(Arc length); πl^2/(Area of sector) = 2πl/(2πr) = l/r. Cross multiply: l(Area of sector) = πrl^2, Area of sector = πrl",gemini
Surface Area of a Right Cone: The surface area of a right cone with slant height l and base radius r is SA = πr^2 + πrl.,gemini
"Example 5: What is the surface area of the cone? Solution: In order to find the surface area, we need to find the slant height. Recall from a pyramid, that the slant height forms a right triangle with the height and the radius. Use the Pythagorean Theorem. l^2 = 9^2 + 21^2 = 81 + 441, l = √522 ≈ 22.85. The surface area would be SA = π9^2 + π(9)(22.85) ≈ 900.54 units^2.",gemini
"Example 6: The surface area of a cone is 36π and the slant height is 5 units. What is the radius? Solution: Plug in what you know into the formula for the surface area of a cone and solve for r. 36π = πr^2 + πr(5). Because every term has π, we can cancel it out. 36 = r^2 + 5r. Set one side equal to zero, and this becomes a factoring problem. r^2 + 5r - 36 = 0, (r - 4)(r + 9) = 0. The possible answers for r are 4 and -9. The radius must be positive, so our answer is 4.",gemini
"Know What? Revisited The standard cone has a surface area of π + 6π = 7π ≈ 21.99 in^2. The “king size” cone has a surface area of 4π + 16π = 20π ≈ 62.83, almost three times as large as the standard cone.",gemini
Fill in the blanks about the diagram to the left. 1. x is the ___________. 2. The slant height is ________. 3. y is the ___________. 4. The height is ________. 5. The base is _______. 6. The base edge is ________.,gemini
"7. Sketch a right cone. Label the height, slant height, and radius.",gemini
"For questions 8-10, sketch each of the following solids and answer the question. Your drawings should be to scale, but not one-to-one. Leave your answer in simplest radical form. 8. Draw a right cone with a radius of 5 cm and a height of 15 cm. What is the slant height? 9. Draw a square pyramid with an edge length of 9 in and a 12 in height. Find the slant height. 10. Draw an equilateral triangle pyramid with an edge length of 6 cm and a height of 6 cm. Describe how you would find the slant height and then find it.",gemini
Find the area of a lateral face of the regular pyramid. Leave your answer in simplest radical form.,gemini
Find the surface area of the regular pyramids and right cones. Round your answers to 2 decimal places.,gemini
"20. From these pictures, we see that a regular triangle pyramid does not have to have four congruent faces. How many faces must be congruent?",gemini
21. A regular tetrahedron has four equilateral triangles as its faces. Find the surface area of a regular tetrahedron with edge length of 6 units.,gemini
"22. Using the formula for the area of an equilateral triangle, what is the surface area of a regular tetrahedron, with edge length s?",gemini
"Challenge Find the surface area of the traffic cone with the given information. The gone is cut off at the top (4 inch cone) and the base is a square with sides of length 24 inches. Round answers to the nearest hundredth. 23. Find the area of the entire square. Then, subtract the area of the base of the cone. 24. Find the lateral area of the cone portion (include the 4 inch cut off top of the cone). 25. Now, subtract the cut-off top of the cone, to only have the lateral area of the cone portion of the traffic cone. 26. Combine your answers from #23 and #25 to find the entire surface area of the traffic cone.",gemini
"For questions 27-30, consider the sector of a circle with radius 25 cm and arc length 14π. 27. What is the central angle of this sector? 28. If this sector is rolled into a cone, what are the radius and area of the base of the cone? 29. What is the height of this cone? 30. What is the total surface are of the cone?",gemini
"For questions 31-33, consider a square with diagonal length 10√2 in. 31. What is the length of a side of the square? 32. If this square is the base of a right pyramid with height 12, what is the slant height of the pyramid? 33. What is the surface area of the pyramid?",gemini
Learning Objectives: • Find the volume of a prism. • Find the volume of a cylinder.,gemini
"Review Queue: 1. Define volume in your own words. 2. What is the surface area of a cube with 3 inch sides? 3. What is the surface area of a cube with 4√2 inch sides? 4. A regular octahedron has 8 congruent equilateral triangles as the faces. a. If each edge is 4 cm, what is the surface area of the figure? b. If each edge is s, what is the surface area of the figure?",gemini
Know What? The pool is done and your family is ready to fill it with water. Recall that the shallow end is 4 ft. and the deep end is 8 ft. The pool is 10 ft. wide by 25 ft. long. How many gallons of water will it take to fill the pool? There are approximately 7.48 gallons in a cubic foot.,gemini
Volume of a Rectangular Prism: Volume: The measure of how much space a three-dimensional figure occupies.,gemini
"Another way to define volume would be how much a three-dimensional figure can hold, water or sand, for example. The basic unit of volume is the cubic unit: cubic centimeter (cm^3), cubic inch (in^3), cubic meter (m^3), cubic foot (ft^3), etc. Each basic cubic unit has a measure of one for each: length, width, and height.",gemini
"Volume of a Cube Postulate: The volume of a cube is the cube of the length of its side, or s^3. What this postulate tells us is that every solid can be broken down into cubes, going along with our basic unit of measurement, the cubic unit. For example, if we wanted to find the volume of a cube with one inch sides, it would be 1^3 = 1 in^3. If we wanted to find the volume of a cube with 9 inch sides, it would be 9^3 = 729 in^3.",gemini
"Volume Congruence Postulate: If two solids are congruent, then their volumes are congruent.",gemini
Volume Addition Postulate: The volume of a solid is the sum of the volumes of all of its non-overlapping parts.,gemini
"Example 1: Find the volume of the right rectangular prism below. Solution: A rectangular prism can be made from any square cubes. To find the volume, we would simply count the cubes. The bottom layer has 20 cubes, or 4 times 5, and there are 3 layers, or the same as the height. Therefore there are 60 cubes in this prism and the volume would be 60 units^3.",gemini
"But, what if we didn’t have cubes? Let’s generalize this formula for any rectangular prism. Notice that each layer is the same as the area of the base. Then, we multiplied by the height. Here is our formula. Volume of a Rectangular Prism: If a rectangular prism is h units high, w units wide, and l units long, then its volume is V = l · w · h.",gemini
"Example 2: A typical shoe box is 8 in by 14 in by 6 in. What is the volume of the box? Solution: We can assume that a shoe box is a rectangular prism. Therefore, we can use the formula above. V = (8)(14)(6) = 672 in^2",gemini
"Volume of any Prism: If we further analyze the formula for the volume of a rectangular prism, we would see that l · w is equal to the area of the base of the prism, a rectangle. If the bases are not rectangles, this would still be true, however we would have to rewrite the equation a little. Volume of a Prism: If the area of the base of a prism is B and the height is h, then the volume is V = B · h. Notice that “B” is not always going to be the same. So, to find the volume of a prism, you would first find the area of the base and then multiply it by the height.",gemini
"Example 3: You have a small, triangular prism shaped tent. How much volume does it have, once it is set up? Solution: First, we need to find the area of the base. That is going to be B = 1/2(3)(4) = 6 ft^2. Multiplying this by 7 we would get the entire volume. The volume is 42 ft^3. Even though the height in this problem does not look like a “height,” it is, when referencing the formula. Usually, the height of a prism is going to be the last length you need to use.",gemini
"Example 4: Find the volume of the regular hexagonal prism below. Solution: Recall that a regular hexagon is divided up into six equilateral triangles. The height of one of those triangles would be the apothem. If each side is 6, then half of that is 3 and half of an equilateral triangle is a 30-60-90 triangle. Therefore, the apothem is going to be 3√3. The area of the base is: B = 1/2(3√3)(6)(6) = 54√3 units^2. And the volume will be: V = Bh = (54√3)(15) = 810√3 units^3",gemini
"Cavalieri’s Principle: Recall that earlier in this section we talked about oblique prisms. These are prisms that lean to one side and the height is outside the prism. What would be the area of an oblique prism? To answer this question, we need to introduce Cavalieri’s Principle. Consider to piles of books below. Both piles have 15 books, therefore they will have the same volume. However, one pile is leaning. Cavalieri’s Principle says that this does not matter, as long as the heights are the same and every horizontal cross section has the same area as the base, the volumes are the same.",gemini
"Cavalieri’s Principle: If two solids have the same height and the same cross-sectional area at every level, then they will have the same volume. Basically, if an oblique prism and a right prism have the same base area and height, then they will have the same volume.",gemini
"Example 5: Find the area of the oblique prism below. Solution: This is an oblique right trapezoidal prism. First, find the area of the trapezoid. B = 1/2(9)(8+4) = 9(6) = 54 cm^2. Then, multiply this by the height. V = 54(15) = 810 cm^3",gemini
"Volume of a Cylinder: If we use the formula for the volume of a prism, V = Bh, we can find the volume of a cylinder. In the case of a cylinder, the base, or B, would be the area of a circle. Therefore, the volume of a cylinder would be V = (πr^2)h, where πr^2 is the area of the base. Volume of a Cylinder: If the height of a cylinder is h and the radius is r, then the volume would be V = πr^2h. Also, like a prism, Cavalieri’s Principle holds. So, the volumes of an oblique cylinder and a right cylinder have the same formula.",gemini
"Example 6: Find the volume of the cylinder. Solution: If the diameter is 16, then the radius is 8. V = π8^2(21) = 1344π units^3",gemini
Example 7: Find the volume of the cylinder. Solution: V = π6^2(15) = 540π units^3,gemini
"Example 8: If the volume of a cylinder is 484π in^3 and the height is 4 in, what is the radius? Solution: Plug in what you know to the volume formula and solve for r. 484π = πr^2(4); 121 = r^2; 11 = r",gemini
"Example 9: Find the volume of the solid below. Solution: This solid is a parallelogram-based prism with a cylinder cut out of the middle. To find the volume, we need to find the volume of the prism and then subtract the volume of the cylinder. Vprism = (25 · 25)30 = 18750 cm^3; Vcylinder = π(4)^2(30) = 480π cm^3. The total volume is 18750 - 480π ≈ 17242.04 cm^3.",gemini
"Know What? Revisited Even though it doesn’t look like it, the trapezoid is considered the base of this prism. The area of the trapezoids are 1/2(4 + 8)25 = 150 ft^2. Multiply this by the height, 10 ft, and we have that the volume is 1500 ft^3. To determine the number of gallons that are needed, divide 1500 by 7.48. 1500 / 7.48 ≈ 200.53 gallons are needed to fill the pool.",gemini
1. Two cylinders have the same surface area. Do they have the same volume? How do you know?,gemini
"2. How many one-inch cubes can fit into a box that is 8 inches wide, 10 inches long, and 12 inches tall? Is this the same as the volume of the box?",gemini
"3. A cereal box in 2 inches wide, 10 inches long and 14 inches tall. How much cereal does the box hold?",gemini
4. A can of soda is 4 inches tall and has a diameter of 2 inches. How much soda does the can hold? Round your answer to the nearest hundredth.,gemini
5. A cube holds 216 in^3. What is the length of each edge?,gemini
"6. A cylinder has a volume of 486π ft.^3. If the height is 6 ft., what is the diameter?",gemini
Use the right triangular prism to answer questions 7 and 8. 7. What is the length of the third base edge? 8. Find the volume of the prism.,gemini
9. Fuzzy dice are cubes with 4 inch sides. a. What is the volume of one die? b. What is the volume of both dice?,gemini
10. A right cylinder has a 7 cm radius and a height of 18 cm. Find the volume.,gemini
Find the volume of the following solids. Round your answers to the nearest hundredth.,gemini
"Algebra Connection Find the value of x, given the surface area. 17. V = 504 units^3",gemini
20. The area of the base of a cylinder is 49π in^2 and the height is 6 in. Find the volume.,gemini
21. The circumference of the base of a cylinder is 80π cm and the height is 15 cm. Find the volume.,gemini
22. The lateral surface area of a cylinder is 30π m^2 and the circumference is 10π m. What is the volume of the cylinder?,gemini
Use the diagram below for questions 23-25. The barn is shaped like a pentagonal prism with dimensions shown in feet. 23. Find the volume of the red rectangular prism. 24. Find the volume of the triangular prism on top of the rectangular prism. 25. Find the total volume of the barn.,gemini
Find the volume of the composite solids below. Round your answers to the nearest hundredth. 26. The bases are squares.,gemini
28. The volume of a cylinder with height to radius ratio of 4:1 is 108π cm^3. Find the radius and height of the cylinder.,gemini
29. The length of a side of the base of a hexagonal prism is 8 cm and its volume is 1056√3 cm^3. Find the height of the prism.,gemini
30. A cylinder fits tightly inside a rectangular prism with dimensions in the ratio 5:5:7 and volume 1400 in^3. Find the volume of the space inside the prism that is not contained in the cylinder.,gemini
Learning Objectives: • Find the volume of a pyramid. • Find the volume of a cone.,gemini
"Review Queue: 1. Find the volume of a square prism with 8 inch base edges and a 12 inch height. 2. Find the volume of a cylinder with a diameter of 8 inches and a height of 12 inches. 3. In your answers from #1 and #2, which volume is bigger? Why do you think that is? 4. Find the surface area of a square pyramid with 10 inch base edges and a height of 12 inches.",gemini
Know What? The Khafre Pyramid is the second largest pyramid of the Ancient Egyptian Pyramids in Giza. It is a square pyramid with a base edge of 706 feet and an original height of 407.5 feet. What was the original volume of the Khafre Pyramid?,gemini
"Volume of a Pyramid: Recall that the volume of a prism is Bh, where B is the area of the base. The volume of a pyramid is closely related to the volume of a prism with the same sized base.",gemini
"Investigation 11-1: Finding the Volume of a Pyramid Tools needed: pencil, paper, scissors, tape, ruler, dry rice or sand. 1. Make an open net (omit one base) of a cube, with 2 inch sides.",gemini
2. Cut out the net and tape up the sides to form an open cube.,gemini
"3. Make an open net (no base) of a square pyramid, with lateral edges of 2.45 inches and base edges of 2 inches. This will make the overall height 2 inches.",gemini
4. Cut out the net and tape up the sides to form an open pyramid.,gemini
"5. Fill the pyramid with dry rice. Then, dump the rice into the open cube. How many times do you have to repeat this to fill the cube?",gemini
"Volume of a Pyramid: If B is the area of the base and h is the height, then the volume of a pyramid is V = 1/3 Bh. The investigation showed us that you would need to repeat this process three times to fill the cube. This means that the pyramid is one-third the volume of a prism with the same base.",gemini
"Example 1: Find the volume of the pyramid.
Solution: V = 1/3 (12^2)12 = 576 units^3",gemini
"Example 2: Find the volume of the pyramid.
Solution: In this example, we are given the slant height. For volume, we need the height, so we need to use the Pythagorean Theorem to find it.
7^2 + h^2 = 25^2
h^2 = 576
h = 24
Using the height, the volume is 1/3 (14^2)(24) = 1568 units^3.",gemini
"Example 3: Find the volume of the pyramid.
Solution: The base of this pyramid is a right triangle. So, the area of the base is 1/2 (14)(8) = 56 units^2.
V = 1/3 (56)(17) ≈ 317.33 units^3",gemini
"Example 4: A rectangular pyramid has a base area of 56 cm^2 and a volume of 224 cm^3. What is the height of the pyramid?
Solution: The formula for the volume of a pyramid works for any pyramid, as long as you can find the area of the base.
224 = 56h
4 = h",gemini
"Volume of a Cone
The volume of cone has the same relationship with a cylinder as pyramid does with a prism. If the bases of a cone and a cylinder are the same, then the volume of a cone will be one-third the volume of the cylinder.
Volume of a Cone: If r is the radius of a cone and h is the height, then the volume is V = 1/3 πr^2h.",gemini
"Example 5: Find the volume of the cone.
Solution: To find the volume, we need the height, so we have to use the Pythagorean Theorem.
5^2 + h^2 = 15^2
h^2 = 200
h = 10√2
Now, we can find the volume.
V = 1/3 (5^2)(10√2)π ≈ 370.24",gemini
"Example 6: Find the volume of the cone.
Solution: Even though this doesn't look like the cone in Example 5, we can still find the volume in the same way. Use the radius in the formula.
V = 1/3 π(3^2)(6) = 18π ≈ 56.55",gemini
"Example 7: The volume of a cone is 484π cm^3 and the height is 12 cm. What is the radius?
Solution: Plug in what you know to the volume formula.
484π = 1/3 πr^2(12)
121 = r^2
11 = r",gemini
"Example 8: Find the volume of the composite solid. All bases are squares.
Solution: This is a square prism with a square pyramid on top. Find the volume of each separately and then add them together to find the total volume. First, we need to find the height of the pyramid portion. The slant height is 25 and the edge is 48. Using have of the edge, we have a right triangle and we can use the Pythagorean Theorem.
h = √(25^2 - 24^2) = 7
V_prism = (48)(48)(18) = 41472 cm^3
V_pyramid = 1/3 (48^2)(7) = 5376 cm^3
The total volume is 41472 + 5376 = 46,848 cm^3.",gemini
"Know What? Revisited The original volume of the pyramid is 1/3 (706^2)(407.5) ≈ 67,704,223.33 ft^3.",gemini
"Review Questions
Find the volume of each regular pyramid and right cone. Round any decimal answers to the nearest hundredth. The bases of these pyramids are either squares or equilateral triangles.
1.",gemini
"Find the volume of the following non-regular pyramids and cones. Round any decimal answers to the nearest hundredth.
10.",gemini
"A regular tetrahedron has four equilateral triangles as its faces. Use the diagram to answer questions 16-19.
16. What is the area of the base of this regular tetrahedron?
17. What is the height of this figure? Be careful!
18. Find the volume. Leave your answer in simplest radical form.
19. Challenge If the sides are length s, what is the volume?",gemini
"A regular octahedron has eight equilateral triangles as its faces. Use the diagram to answer questions 20-22.
20. Describe how you would find the volume of this figure.
21. Find the volume. Leave your answer in simplest radical form.
22. Challenge If the sides are length s, what is the volume?",gemini
23. The volume of a square pyramid is 72 square inches and the base edge is 4 inches. What is the height?,gemini
"24. If the volume of a cone is 30π cm^2 and the radius is 5 cm, what is the height?",gemini
"25. If the volume of a cone is 105π cm^2 and the height is 35 cm, what is the radius?",gemini
"Find the volume of the composite solids. Round your answer to the nearest hundredth.
26.",gemini
"29. The ratio of the height to radius in a cone is 3:2. If the volume is 108π m^3, find the height and radius of the cone.",gemini
"30. A teepee is to be built such that there is a minimal cylindrical shaped central living space contained within the cone shape of diameter 6 ft and height 6 ft. If the radius of the entire teepee is 5 ft, find the total height of the teepee.",gemini
"11.6 Surface Area and Volume of Spheres
Learning Objectives
• Find the surface area of a sphere.
• Find the volume of a sphere.",gemini
"Review Queue
1. List three spheres you would see in real life.
2. Find the area of a circle with a 6 cm radius.
3. Find the volume of a cylinder with the circle from #2 as the base and a height of 5 cm.
4. Find the volume of a cone with the circle from #2 as the base and a height of 5 cm.",gemini
"Know What? A regulation bowling ball is a sphere that weighs between 12 and 16 pounds. The maximum circumference of a bowling ball is 27 inches. Using this number, find the radius of a bowling ball, its surface area and volume. You may assume the bowling ball does not have any finger holes. Round your answers to the nearest hundredth.",gemini
"Defining a Sphere
A sphere is the last of the three-dimensional shapes that we will find the surface area and volume of. Think of a sphere as a three-dimensional circle. You have seen spheres in real-life countless times; tennis balls, basketballs, volleyballs, golf balls, and baseballs. Now we will analyze the parts of a sphere.
Sphere: The set of all points, in three-dimensional space, which are equidistant from a point.
A sphere has a center, radius and diameter, just like a circle. The radius has an endpoint on the sphere and the other is on the center. The diameter must contain the center. If it does not, it is a chord. The great circle is a plane that contains the diameter. It would be the largest circle cross section in a sphere. There are infinitely many great circles. The circumference of a sphere is the circumference of a great circle. Every great circle divides a sphere into two congruent hemispheres, or two half spheres. Also like a circle, spheres can have tangent lines and secants. These are defined just like they are in a circle.",gemini
"Example 1: The circumference of a sphere is 26π feet. What is the radius of the sphere?
Solution: The circumference is referring to the circumference of a great circle. Use C = 2πr.
2πr = 26π
r = 13 ft.",gemini
"Surface Area of a Sphere
One way to find the formula for the surface area of a sphere is to look at a baseball. We can best approximate the cover of the baseball by 4 circles. The area of a circle is πr^2, so the surface area of a sphere is 4πr^2. While the covers of a baseball are not four perfect circles, they are stretched and skewed.
Another way to show the surface area of a sphere is to watch the link by Russell Knightley, http://www.rkm.com.au/ANIMATIONS/animation-Sphere-Surface-Area-Derivation.html . It is a great visual interpretation of the formula.
Surface Area of a Sphere: If r is the radius, then the surface area of a sphere is SA = 4πr^2.",gemini
"Example 2: Find the surface area of a sphere with a radius of 14 feet.
Solution: Use the formula, r = 14 ft.
SA = 4π(14)^2 = 784π ft^2",gemini
"Example 3: Find the surface area of the figure below.
Solution: This is a hemisphere. Be careful when finding the surface area of a hemisphere because you need to include the area of the base. If the question asked for the lateral surface area, then your answer would not include the bottom.
SA = πr^2 + 1/2 4πr^2
= π(6^2) + 2π(6^2)
= 36π + 72π = 108π cm^2",gemini
"Example 4: The surface area of a sphere is 100π in^2. What is the radius?
Solution: Plug in what you know to the formula and solve for r.
100π = 4πr^2
25 = r^2
5 = r",gemini
"Example 5: Find the surface area of the following solid.
Solution: This solid is a cylinder with a hemisphere on top. Because it is one fluid solid, we would not include the bottom of the hemisphere or the top of the cylinder because they are no longer on the surface of the solid. Below, ""LA"" stands for lateral area.
SA = LA_cylinder + LA_hemisphere + A_base circle
= πrh + 1/2 4πr^2 + πr^2
= π(6)(13) + 2π6^2 + π6^2
= 78π + 72π + 36π
= 186π in^2",gemini
"Volume of a Sphere
A sphere can be thought of as a regular polyhedron with an infinite number of congruent regular polygon faces. As n, the number of faces increases to an infinite number, the figure approaches becoming a sphere. So a sphere can be thought of as a polyhedron with an infinite number faces. Each of those faces is the base of a pyramid whose vertex is located at the center of the sphere. Each of the pyramids that make up the sphere would be congruent to the pyramid shown. The volume of this pyramid is given by V = 1/3 Bh.
To find the volume of the sphere, you need to add up the volumes of an infinite number of infinitely small pyramids.
V(all pyramids) = V_1 + V_2 + V_3 + ... + V_n
= 1/3 (B_1h + B_2h + B_3h + ... + B_nh)
= 1/3 h(B_1 + B_2 + B_3 + ... + B_n)
The sum of all of the bases of the pyramids is the surface area of the sphere. Since you know that the surface area of the sphere is 4πr^2, you can substitute this quantity into the equation above.
= 1/3 h(4πr^2)
In the picture above, we can see that the height of each pyramid is the radius, so h = r.
= 4/3 r(πr^2)
= 4/3 πr^3
To see an animation of the volume of a sphere, see http://www.rkm.com.au/ANIMATIONS/animation-Sphere-Volume-Derivation.html by Russell Knightley. It is a slightly different interpretation than our derivation.
Volume of a Sphere: If a sphere has a radius r, then the volume of a sphere is V = 4/3 πr^3.",gemini
"Example 6: Find the volume of a sphere with a radius of 9 m.
Solution: Use the formula above.
V = 4/3 π6^3
= 4/3 π(216)
= 288π",gemini
"Example 7: A sphere has a volume of 14137.167 ft^3, what is the radius?
Solution: Because we have a decimal, our radius might be an approximation. Plug in what you know to the formula and solve for r.
14137.167 = 4/3 πr^3
3/(4π) · 14137.167 = r^3
3375 = r^3
At this point, you will need to take the cubed root of 3375. Depending on your calculator, you can use the ∛x function or ∧(1/3). The cubed root is the inverse of cubing a number, just like the square root is the inverse, or how you undo, the square of a number.
∛3375 = 15 = r The radius is 15 ft.",gemini
"Example 8: Find the volume of the following solid.
Solution: To find the volume of this solid, we need the volume of a cylinder and the volume of the hemisphere.
V_cylinder = π6^2(13) = 78π
V_hemisphere = 1/2 (4/3 π6^3) = 36π
V_total = 78π + 36π = 114π in^3",gemini
"Know What? Revisited If the maximum circumference of a bowling ball is 27 inches, then the maximum radius would be 27 = 2πr, or r = 4.30 inches. Therefore, the surface area would be 4π4.3^2 ≈ 232.35 in^2, and the volume would be 4/3 π 4.3^3 ≈ 333.04 in^3. The weight of the bowling ball refers to its density, how heavy something is. The volume of the ball tells us how much it can hold.",gemini
"Review Questions
1. Are there any cross-sections of a sphere that are not a circle? Explain your answer.",gemini
"Find the surface area and volume of a sphere with: (Leave your answer in terms of π)
2. a radius of 8 in.
3. a diameter of 18 cm.
4. a radius of 20 ft.
5. a diameter of 4 m.
6. a radius of 15 ft.
7. a diameter of 32 in.
8. a circumference of 26π cm.
9. a circumference of 50π yds.",gemini
10. The surface area of a sphere is 121π in^2. What is the radius?,gemini
11. The volume of a sphere is 47916π m^3. What is the radius?,gemini
12. The surface area of a sphere is 4π ft^2. What is the volume?,gemini
13. The volume of a sphere is 36π mi^3. What is the surface area?,gemini
14. Find the radius of the sphere that has a volume of 335 cm^3. Round your answer to the nearest hundredth.,gemini
15. Find the radius of the sphere that has a surface area 225π ft^2.,gemini
"Find the surface area of the following shapes. Leave your answers in terms of π.
16.",gemini
19. You may assume the bottom is open.,gemini
"Find the volume of the following shapes. Round your answers to the nearest hundredth.
20.",gemini
24. A sphere has a radius of 5 cm. A right cylinder has the same radius and volume. Find the height and total surface area of the cylinder.,gemini
"25. Tennis balls with a 3 inch diameter are sold in cans of three. The can is a cylinder. Assume the balls touch the can on the sides, top and bottom. What is the volume of the space not occupied by the tennis balls? Round your answer to the nearest hundredth.",gemini
"26. One hot day at a fair you buy yourself a snow cone. The height of the cone shaped container is 5 cm and its radius is 2 cm. The shaved ice is perfectly rounded on top forming a hemisphere. What is the volume of the ice in your frozen treat? If the ice melts at a rate of 2 cm^3 per minute, how long do you have to eat your treat before it all melts? Give your answer to the nearest minute.",gemini
"Multi-Step Problems
27. Answer the following:
a. What is the surface area of a cylinder?
b. Adjust your answer from part a for the case where r = h.
c. What is the surface area of a sphere?
d. What is the relationship between your answers to parts b and c? Can you explain this?",gemini
"28. At the age of 81, Mr. Luke Roberts began collecting string. He had a ball of string 3 feet in diameter.
a. Find the volume of Mr. Roberts' ball of string in cubic inches.
b. Assuming that each cubic inch weighs 0.03 pounds, find the weight of his ball of string.
c. To the nearest inch, how big (diameter) would a 1 ton ball of string be? (1 ton = 2000 lbs)",gemini
"For problems 29-31, use the fact that the earth's radius is approximately 4,000 miles.
29. Find the length of the equator.
30. Find the surface area of earth, rounding your answer to the nearest million square miles.
31. Find the volume of the earth, rounding your answer to the nearest billion cubic miles.",gemini
"11.7 Exploring Similar Solids
Learning Objectives
• Find the relationship between similar solids and their surface areas and volumes.",gemini
"Review Queue
1. We know that every circle is similar, is every sphere similar?
2. Find the volume of a sphere with a 12 in radius. Leave your answer in terms of π.
3. Find the volume of a sphere with a 3 in radius. Leave your answer in terms of π.
4. Find the scale factor of the spheres from #2 and #3. Then find the ratio of the volumes and reduce it. What do you notice?
5. Two squares have a scale factor of 2:3. What is the ratio of their areas?
6. The smaller square from #5 has an area of 16 cm^2. What is the area of the larger square?
7. The ratio of the areas of two similar triangles is 1:25. The height of the larger triangle is 20 cm, what is the height of the smaller triangle?",gemini
"Know What? Your mom and dad have cylindrical coffee mugs with the dimensions to the right. Are the mugs similar? (You may ignore the handles.) If the mugs are similar, find the volume of each, the scale factor and the ratio of the volumes.",gemini
"Similar Solids
Recall that two shapes are similar if all the corresponding angles are congruent and the corresponding sides are proportional.
Similar Solids: Two solids are similar if and only if they are the same type of solid and their corresponding linear measures (radii, heights, base lengths, etc.) are proportional.",gemini
"Example 1: Are the two rectangular prisms similar? How do you know?
Solution: Match up the corresponding heights, widths, and lengths to see if the rectangular prisms are proportional.
small prism / large prism = 3 / 4.5 = 4 / 6 = 5 / 7.5
The congruent ratios tell us the two prisms are similar.",gemini
"Example 2: Determine if the two triangular pyramids similar.
Solution: Just like Example 1, let's match up the corresponding parts.
6/8 = 12/16 = 3/4 however, 8/12 = 2/3.
Because one of the base lengths is not in the same proportion as the other two lengths, these right triangle pyramids are not similar.",gemini
"Surface Areas of Similar Solids
Recall that when two shapes are similar, the ratio of the area is a square of the scale factor.
For example, the two rectangles to the left are similar because their sides are in a ratio of 5:8. The area of the larger rectangle is 8(16) = 128 units^2 and the area of the smaller rectangle is 5(10) = 50 units^2. If we compare the areas in a ratio, it is 50 : 128 = 25 : 64 = 5^2 : 8^2.
So, what happens with the surface areas of two similar solids? Let's look at Example 1 again.",gemini
"Example 3: Find the surface area of the two similar rectangular prisms.
Solution:
SA_smaller = 2(4 · 3) + 2(4 · 5) + 2(3 · 5)
= 24 + 40 + 30 = 94 units^2
SA_larger = 2(6 · 4.5) + 2(4.5 · 7.5) + 2(6 · 7.5)
= 54 + 67.5 + 90 = 211.5 units^2
Now, find the ratio of the areas. 94 / 211.5 = 4/9 = 2^2 / 3^2. The sides are in a ratio of 4/6 = 2/3, so the surface areas have the same relationship as the areas of two similar shapes.
Surface Area Ratio: If two solids are similar with a scale factor of a/b, then the surface areas are in a ratio of (a/b)^2.",gemini
"Example 4: Two similar cylinders are below. If the ratio of the areas is 16:25, what is the height of the taller cylinder?
Solution: First, we need to take the square root of the area ratio to find the scale factor, √(16/25) = 4/5. Now we can set up a proportion to find h.
4/5 = 24/h
4h = 120
h = 30",gemini
"Example 5: Using the cylinders from Example 4, if the surface area of the smaller cylinder is 1536π cm^2, what is the surface area of the larger cylinder?
Solution: Set up a proportion using the ratio of the areas, 16:25.
16/25 = 1536π/A
16A = 38400π
A = 2400π cm^2",gemini
"Volumes of Similar Solids
Let's look at what we know about similar solids so far.
TABLE 11.3:
Scale Factor: a/b (Units: in, ft, cm, m, etc.)
Ratio of the Surface Areas: (a/b)^2 (Units: in^2, ft^2, cm^2, m^2, etc.)
Ratio of the Volumes: ?? (Units: in^3, ft^3, cm^3, m^3, etc.)
It looks as though there is a pattern. If the ratio of the volumes follows the pattern from above, it should be the cube of the scale factor. We will do an example and test our theory.",gemini
"Example 6: Find the volume of the following rectangular prisms. Then, find the ratio of the volumes.
Solution:
V_smaller = 3(4)(5) = 60
V_larger = 4.5(6)(7.5) = 202.5
The ratio is 60 / 202.5, which reduces to 8/27 = 2^3 / 3^3.
It seems as though our prediction based on the patterns is correct.
Volume Ratio: If two solids are similar with a scale factor of a/b, then the volumes are in a ratio of (a/b)^3.",gemini
"Example 7: Two spheres have radii in a ratio of 3:4. What is the ratio of their volumes?
Solution: If we cube 3 and 4, we will have the ratio of the volumes. Therefore, 3^3 : 4^3 or 27:64 is the ratio of the volumes.",gemini
"Example 8: If the ratio of the volumes of two similar prisms is 125:8, what is their scale factor?
Solution: This example is the opposite of the previous example. We need to take the cubed root of 125 and 8 to find the scale factor.
∛125 : ∛8 = 5 : 2",gemini
"Example 9: Two similar right triangle prisms are below. If the ratio of the volumes is 343:125, find the missing sides in both figures.
Solution: If the ratio of the volumes is 343:125, then the scale factor is 7:5, the cubed root of each. With the scale factor, we can now set up several proportions.
7/5 = 7/y -> y = 5
7/5 = x/10 -> x = 14
7/5 = 35/w -> w = 25
7^2 + x^2 = z^2 -> 7^2 + 14^2 = z^2 -> z = √245 = 7√5
7/5 = z/v -> 7/5 = (7√5)/v -> v = 5√5",gemini
"Example 10: The ratio of the surface areas of two similar cylinders is 16:81. If the volume of the smaller cylinder is 96π in^3, what is the volume of the larger cylinder?
Solution: First we need to find the scale factor from the ratio of the surface areas. If we take the square root of both numbers, we have that the ratio is 4:9. Now, we need cube this to find the ratio of the volumes, 4^3 : 9^3 = 64 : 729. At this point we can set up a proportion to solve for the volume of the larger cylinder.
64/729 = 96π/V
64V = 69984π
V = 1093.5π in^3",gemini
"Know What? Revisited The coffee mugs are similar because the heights and radii are in a ratio of 2:3, which is also their scale factor. The volume of Dad's mug is 54π in^3 and Mom's mug is 16π in^3. The ratio of the volumes is 54π : 16π, which reduces to 8:27.",gemini
"Review Questions
Determine if each pair of right solids are similar. Explain your reasoning.
1.",gemini
5. Are all cubes similar? Why or why not?,gemini
6. Two prisms have a scale factor of 1:4. What is the ratio of their surface areas?,gemini
7. Two pyramids have a scale factor of 2:7. What is the ratio of their volumes?,gemini
8. Two spheres have radii of 5 and 9. What is the ratio of their volumes?,gemini
9. The surface area of two similar cones is in a ratio of 64:121. What is the scale factor?,gemini
10. The volume of two hemispheres is in a ratio of 125:1728. What is the scale factor?,gemini
"11. A cone has a volume of 15π and is similar to another larger cone. If the scale factor is 5:9, what is the volume of the larger cone?",gemini
12. A cube has sides of length x and is enlarged so that the sides are 4x. How does the volume change?,gemini
13. The ratio of the volumes of two similar pyramids is 8:27. What is the ratio of their total surface areas?,gemini
14. The ratio of the volumes of two tetrahedrons is 1000:1. The smaller tetrahedron has a side of length 6 cm. What is the side length of the larger tetrahedron?,gemini
"15. The ratio of the surface areas of two cubes is 64:225. If the volume of the smaller cube is 13824 m^3, what is the volume of the larger cube?",gemini
"Below are two similar square pyramids with a volume ratio of 8:27. The base lengths are equal to the heights. Use this to answer questions 16-21.
16. What is the scale factor?
17. What is the ratio of the surface areas?
18. Find h, x and y.
19. Find w and z.
20. Find the volume of both pyramids.
21. Find the lateral surface area of both pyramids.",gemini
"Use the hemispheres below to answer questions 22-25.
22. Are the two hemispheres similar? How do you know?
23. Find the ratio of the surface areas and volumes.
24. Find the lateral surface areas of both hemispheres.
25. Determine the ratio of the lateral surface areas for the hemispheres. Is it the same as the ratio of the total surface area? Why or why not?",gemini
"Animal A and animal B are similar (meaning the size and shape of their bones and bodies are similar) and the strength of their respective bones are proportional to the cross sectional area of their bones. Answer the following questions given that the ratio of the height of animal A to the height of animal B is 3:5. You may assume the lengths of their bones are in the same ratio.
26. Find the ratio of the strengths of the bones. How much stronger are the bones in animal B?
27. If their weights are proportional to their volumes, find the ratio of their weights.
28. Which animal has a skeleton more capable of supporting its own weight? Explain.",gemini
"Two sizes of cans of beans are similar. The thickness of the walls and bases are the same in both cans. The ratio of their surface areas is 4:9.
29. If the surface area of the smaller can is 36 sq in, what is the surface area of the larger can?
30. If the sheet metal used to make the cans costs $0.006 per square inch, how much does it cost to make each can?
31. What is the ratio of their volumes?
32. If the smaller can is sold for $0.85 and the larger can is sold for $2.50, which is a better deal?",gemini
"11.8 Chapter 11 Review
Keywords, Theorems, Formulas
• Polyhedron
• Face
• Edge
• Vertex
• Prism
• Pyramid
• Euler's Theorem
• Regular Polyhedron
• Regular Tetrahedron
• Cube
• Regular Octahedron
• Regular Dodecahedron
• Regular Icosahedron
• Cross-Section
• Net
• Lateral Face
• Lateral Edge
• Base Edge
• Right Prism
• Oblique Prism
• Surface Area
• Lateral Area
• Surface Area of a Right Prism
• Cylinder
• Surface Area of a Right Cylinder:
• Surface Area of a Regular Pyramid
• Cone
• Slant Height
• Surface Area of a Right Cone
• Volume
• Volume of a Cube Postulate
• Volume Congruence Postulate
• Volume Addition Postulate
• Volume of a Rectangular Prism
• Volume of a Prism
• Cavalieri's Principle
• Volume of a Cylinder
• Volume of a Pyramid
• Volume of a Cone
• Sphere
• Great Circle
• Surface Area of a Sphere
• Volume of a Sphere
• Similar Solids",gemini
"Match the shape with the correct name.

1. Triangular Prism
2. Icosahedron
3. Cylinder
4. Cone
5. Tetrahedron
6. Pentagonal Prism
7. Octahedron
8. Hexagonal Pyramid
9. Octagonal Prism
10. Sphere
11. Cube
12. Dodecahedron",gemini
"Match the formula with its description.

13. Volume of a Prism - A. 1/3 πr^2h
14. Volume of a Pyramid - B. πr^2h
15. Volume of a Cone - C. 4πr^2
16. Volume of a Cylinder - D. 4/3 πr^3
17. Volume of a Sphere - E. πr^2 + πrl
18. Surface Area of a Prism - F. 2πr^2 + 2πrh
19. Surface Area of a Pyramid - G. 1/3 Bh
20. Surface Area of a Cone - H. Bh
21. Surface Area of a Cylinder - I. B + 1/2 Pl
22. Surface Area of a Sphere - J. The sum of the area of the bases and the area of each rectangular lateral face.",gemini
"The final chapter of Geometry explores transformations. A transformation is a move, flip, or rotation of an image. First, we will look at different types of symmetry and then discuss the different types of transformations. Finally, we will compose transformations and look at tessellations.",gemini
"Learning Objectives
• Learn about lines of symmetry.
• Discuss line and rotational symmetry.
• Learn about the center of symmetry.",gemini
"Review Queue
1. Define symmetry in your own words.
2. Draw a regular hexagon. How many degrees does each angle have?
3. Draw all the diagonals in your hexagon. What is the measure of each central angle?
4. Plot the points A(1,3), B(3,1), C(5,3), and D(3,5). What kind of shape is this? Prove it using the distance formula and/or slope.",gemini
"Know What? Symmetry exists all over nature. One example is a starfish, like the one below. Draw in the line(s) of symmetry, center of symmetry and the angle of rotation for this starfish.",gemini
"Line of Symmetry: A line that passes through a figure such that it splits the figure into two congruent halves.

Many figures have a line of symmetry, but some do not have any lines of symmetry. Figures can also have more than one line of symmetry.",gemini
"Example 1: Find all lines of symmetry for the shapes below.
a)
b)
c)
d)

Solution: For each figure, draw lines that cut the figure in half perfectly. Figure a) has two lines of symmetry, b) has eight, c) has no lines of symmetry, and d) has one.",gemini
"Figures a), b), and d) all have line symmetry.

Line Symmetry: When a figure has one or more lines of symmetry.",gemini
"Example 2: Do the figures below have line symmetry?
a)
b)

Solution: Yes, both of these figures have line symmetry. One line of symmetry is shown for the flower; however it has several more lines of symmetry. The butterfly only has one line of symmetry.",gemini
"Rotational Symmetry: When a figure can be rotated (less that 360°) and it looks the same way it did before the rotation.

Center of Rotation: The point at which the figure is rotated around such that the rotational symmetry holds. Typically, the center of rotation is the center of the figure.

Along with rotational symmetry and a center of rotation, figures will have an angle of rotation. The angle of rotation, tells us how many degrees we can rotate a figure so that it still looks the same.",gemini
"Example 3: Determine if each figure below has rotational symmetry. If it does, determine the angle of rotation.
a)
b)
c)

Solution:
a) The regular pentagon can be rotated 5 times so that each vertex is at the top. This means the angle of rotation is 360°/5 = 72°.
The pentagon can be rotated 72°, 144°, 216°, and 288° so that it still looks the same.
b) The “N” can be rotated twice, 180°, so that it still looks the same.
c) The checkerboard can be rotated 4 times so that the angle of rotation is 360°/4 = 90°. It can be rotated 180° and 270° as well. The final rotation is always 360° to get the figure back to its original position.",gemini
"In general, if a shape can be rotated n times, the angle of rotation is 360°/n. Then, multiply the angle of rotation by 1, 2, 3..., and n to find the additional angles of rotation.",gemini
"Know What? Revisited The starfish has 5 lines of symmetry and has rotational symmetry of 72°. Therefore, the starfish can be rotated 72°, 144°, 216°, and 288° and it will still look the same. The center of rotation is the center of the starfish.",gemini
"Determine if the following questions are ALWAYS true, SOMETIMES true, or NEVER true.

1. Right triangles have line symmetry.
2. Isosceles triangles have line symmetry.
3. Every rectangle has line symmetry.
4. Every rectangle has exactly two lines of symmetry.
5. Every parallelogram has line symmetry.
6. Every square has exactly two lines of symmetry.
7. Every regular polygon has three lines of symmetry.
8. Every sector of a circle has a line of symmetry.
9. Every parallelogram has rotational symmetry.
10. A rectangle has 90°, 180°, and 270° angles of rotation.",gemini
"11. Draw a quadrilateral that has two pairs of congruent sides and exactly one line of symmetry.
12. Draw a figure with infinitely many lines of symmetry.
13. Draw a figure that has one line of symmetry and no rotational symmetry.
14. Fill in the blank: A regular polygon with n sides has ______ lines of symmetry.",gemini
"Find all lines of symmetry for the letters below.
15. E
16. A
17. M
18. G
19. H
20. Do any of the letters above have rotational symmetry? If so, which one(s) and what are the angle(s) of rotation?",gemini
"Determine if the words below have line symmetry or rotational symmetry.

21. OHIO
22. MOW
23. WOW
24. KICK
25. pod",gemini
"Trace each figure and then draw in all lines of symmetry.

26.
27.
28.",gemini
"Find the angle(s) of rotation for each figure below.

29.
30.
31.
32.
33.
34.",gemini
"Determine if the figures below have line symmetry or rotational symmetry. Identify all lines of symmetry and all angles of rotation.

35.
36.
37.",gemini
"Learning Objectives
• Graph a point, line, or figure and translate it x and y units.
• Write a translation rule.
• Use vector notation.",gemini
"Review Queue
1. Find the equation of the line that contains (9, -1) and (5, 7).
2. What type of quadrilateral is formed by A(1,−1), B(3,0), C(5,−5) and D(−3,0)?
3. Find the equation of the line parallel to #1 that passes through (4, -3).
4. Find the equation of the line perpendicular to #1 that passes through (4, -3).",gemini
"Know What? Lucy currently lives in San Francisco, S, and her parents live in Paso Robles, P. She will be moving to Ukiah, U, in a few weeks. All measurements are in miles. Find:
a) The component form of PS, SU and PU.
b) Lucy’s parents are considering moving to Fresno, F. Find the component form of PF and UF.
c) Is Ukiah or Paso Robles closer to Fresno?",gemini
"Recall from Lesson 7.6, we learned about dilations, which is a type of transformation. Now, we are going to continue learning about other types of transformations. All of the transformations in this chapter are rigid transformations.",gemini
"Transformation: An operation that moves, flips, or changes a figure to create a new figure.

Rigid Transformation: A transformation that preserves size and shape.

The rigid transformations are: translations, reflections, and rotations. The new figure created by a transformation is called the image. The original figure is called the preimage. Another word for a rigid transformation is an isometry. Rigid transformations are also called congruence transformations.

Also in Lesson 7.6, we learned how to label an image. If the preimage is A, then the image would be labeled A', said “a prime.” If there is an image of A', that would be labeled A'', said “a double prime.”",gemini
"Translation: A transformation that moves every point in a figure the same distance in the same direction.

In the coordinate plane, we say that a translation moves a figure x units and y units.",gemini
"Example 1: Graph square S(1,2), Q(4,1), R(5,4) and E(2,5). Find the image after the translation (x, y) → (x − 2, y+3). Then, graph and label the image.

Solution: The translation notation tells us that we are going to move the square to the left 2 and up 3.

(x, y) → (x−2, y+3)
S(1,2) → S'(−1,5)
Q(4,1) → Q'(2,4)
R(5,4) → R'(3,7)
E(2,5) → E'(0,8)",gemini
"Example 2: Find the translation rule for ΔTRI to ΔT'R'I'.

Solution: Look at the movement from T to T'. T is (-3, 3) and T' is (3, -1). The change in x is 6 units to the right and the change in y is 4 units down. Therefore, the translation rule is (x, y) → (x+6, y−4).",gemini
"From both of these examples, we see that a translation preserves congruence. Therefore, a translation is an isometry. We can show that each pair of figures is congruent by using the distance formula.

Example 3: Show ΔTRI ≅ ΔT'R'I' from Example 2.

Solution: Use the distance formula to find all the lengths of the sides of the two triangles.

ΔTRI:
TR = √((-3−2)^2 + (3−6)^2) = √34
RI = √((2−(-2))^2 + (6−8)^2) = √20
TI = √((-3−(-2))^2 + (3−8)^2) = √26

ΔT'R'I':
T'R' = √((3−8)^2 + (-1−2)^2) = √34
R'I' = √((8−4)^2 + (2−4)^2) = √20
T'I' = √((3−4)^2 + (-1−4)^2) = √26",gemini
"Vector: A quantity that has direction and size.

In the graph below, the line from A to B, or the distance traveled, is the vector. This vector would be labeled AB because A is the initial point and B is the terminal point. The terminal point always has the arrow pointing towards it and has the half-arrow over it in the label.",gemini
"The component form of AB combines the horizontal distance traveled and the vertical distance traveled. We write the component form of AB as ⟨3,7⟩ because AB travels 3 units to the right and 7 units up. Notice the brackets are pointed, ⟨3,7⟩, not curved.",gemini
"Example 4: Name the vector and write its component form.
a)
b)

Solution:
a) The vector is DC. From the initial point D to terminal point C, you would move 6 units to the left and 4 units up. The component form of DC is ⟨−6,4⟩.
b) The vector is EF. The component form of EF is ⟨4,1⟩.",gemini
"Example 5: Draw the vector ST with component form ⟨2,−5⟩.

Solution: The graph above is the vector ST. From the initial point S it moves down 5 units and to the right 2 units. The positive and negative components of a vector always correlate with the positive and negative parts of the coordinate plane. We can also use vectors to translate an image.",gemini
"Example 6: Triangle ΔABC has coordinates A(3,−1), B(7,−5) and C(−2,−2). Translate ΔABC using the vector ⟨−4,5⟩. Determine the coordinates of ΔA'B'C'.

Solution: It would be helpful to graph ΔABC. To translate ΔABC, add each component of the vector to each point to find ΔA'B'C'.

A(3,−1) + ⟨−4,5⟩ = A'(−1,4)
B(7,−5) + ⟨−4,5⟩ = B'(3,0)
C(−2,−2) + ⟨−4,5⟩ = C'(−6,3)",gemini
"Example 7: Write the translation rule for the vector translation from Example 6.

Solution: To write ⟨−4,5⟩ as a translation rule, it would be (x, y) → (x−4, y+5).",gemini
"Know What? Revisited
a) PS = ⟨−84,187⟩, SU = ⟨−39,108⟩, PU = ⟨−123,295⟩
b) PF = ⟨62,91⟩, UF = ⟨185,−204⟩
c) You can plug the vector components into the Pythagorean Theorem to find the distances. Paso Robles is closer to Fresno than Ukiah.

UF = √(185^2 + (−204)^2) ≅ 275.4 miles, PF = √(62^2 + 91^2) ≅ 110.1 miles",gemini
"Review Questions
1. What is the difference between a vector and a ray?

Use the translation (x, y) → (x+5, y−9) for questions 2-8.
2. What is the image of A(−6,3)?
3. What is the image of B(4,8)?
4. What is the preimage of C'(5,−3)?
5. What is the image of A'?
6. What is the preimage of D'(12,7)?
7. What is the image of A''?
8. Plot A, A', A'', and A''' from the questions above. What do you notice? Write a conjecture.",gemini
"The vertices of ΔABC are A(−6,−7), B(−3,−10) and C(−5,2). Find the vertices of ΔA'B'C', given the translation rules below.

9. (x, y) → (x−2, y−7)
10. (x, y) → (x+11, y+4)
11. (x, y) → (x, y−3)
12. (x, y) → (x−5, y+8)",gemini
"In questions 13-16, ΔA'B'C' is the image of ΔABC. Write the translation rule.

13.
14.
15.
16.",gemini
"17. Verify that a translation is an isometry using the triangle from #15.
18. If ΔA'B'C' was the preimage and ΔABC was the image, write the translation rule for #16.",gemini
"For questions 19-21, name each vector and find its component form.

19.
20.
21.",gemini
"For questions 22-24, plot and correctly label each vector.

22. AB = ⟨4,−3⟩
23. CD = ⟨−6,8⟩
24. FE = ⟨−2,0⟩",gemini
"25. The coordinates of ΔDEF are D(4,−2), E(7,−4) and F(5,3). Translate ΔDEF using the vector ⟨5,11⟩ and find the coordinates of ΔD'E'F'.",gemini
"26. The coordinates of quadrilateral QUAD are Q(−6,1), U(−3,7), A(4,−2) and D(1,−8). Translate QUAD using the vector ⟨−3,−7⟩ and find the coordinates of Q'U'A'D'.",gemini
"For problems 27-29, write the translation rule as a translation vector.

27. (x, y) → (x−3, y+8)
28. (x, y) → (x+9, y−12)
29. (x, y) → (x, y−7)",gemini
"For problems 30-32, write the translation vector as a translation rule.

30. ⟨−7,2⟩
31. ⟨11,25⟩
32. ⟨15,−9⟩",gemini
"Learning Objectives
• Reflect a figure over a given line.
• Determine the rules of reflections in the coordinate plane.",gemini
"Review Queue
1. Define reflection in your own words.
2. Plot A(−3,2). Translate A such that (x, y) → (x+6, y).
3. What line is halfway between A and A'?
4. Translate A such that (x, y) → (x, y−4). Call this point A''.
5. What line is halfway between A and A''?",gemini
"Know What? A lake can act like a mirror in nature. Describe the line of reflection in the photo below. If this image were on the coordinate plane, what could the equation of the line of reflection be? (There could be more than one correct answer, depending on where you place the origin.)",gemini
"The next transformation is a reflection. Another way to describe a reflection is a “flip.”

Reflection: A transformation that turns a figure into its mirror image by flipping it over a line.

Line of Reflection: The line that a figure is reflected over.",gemini
"Example 1: Reflect ΔABC over the y−axis. Find the coordinates of the image.

Solution: To reflect ΔABC over the y−axis the y−coordinates will remain the same. The x−coordinates will be the same distance away from the y−axis, but on the other side of the y−axis.

A(4,3) → A'(−4,3)
B(7,−1) → B'(−7,−1)
C(2,−2) → C'(−2,−2)",gemini
"From this example, we can generalize a rule for reflecting a figure over the y−axis.

Reflection over the y−axis: If (x, y) is reflected over the y−axis, then the image is (−x, y).",gemini
"Example 2: Reflect the letter “F” over the x−axis.
Solution: To reflect the letter F over the x−axis, now the x−coordinates will remain the same and the y−coordinates will be the same distance away from the x−axis on the other side.",gemini
"The generalized rule for reflecting a figure over the x−axis:
Reflection over the x−axis: If (x, y) is reflected over the x−axis, then the image is (x,−y).",gemini
"Reflections over Horizontal and Vertical Lines
Other than the x and y axes, we can reflect a figure over any vertical or horizontal line.",gemini
"Example 3: Reflect the triangle ∆ABC with vertices A(4,5),B(7,1) and C(9,6) over the line x = 5.
Solution: Notice that this vertical line is through our preimage. Therefore, the image’s vertices are the same distance away from x = 5 as the preimage. As with reflecting over the y−axis (or x = 0), the y−coordinates will stay the same.
A(4,5) → A'(6,5)
B(7,1) → B'(3,1)
C(9,6) → C'(1,6)",gemini
"Example 4: Reflect the line segment PQ with endpoints P(−1,5) and Q(7,8) over the line y = 5.
Solution: Here, the line of reflection is on P, which means P' has the same coordinates. Q' has the same x−coordinate as Q and is the same distance away from y = 5, but on the other side.
P(−1,5) → P'(−1,5)
Q(7,8) → Q'(7,2)",gemini
"Reflection over x = a : If (x, y) is reflected over the vertical line x = a, then the image is (2a−x, y).
Reflection over y = b : If (x, y) is reflected over the horizontal line y = b, then the image is (x,2b−y).
From these examples we also learned that if a point is on the line of reflection then the image is the same as the original point.",gemini
"Example 5: A triangle ∆LMN and its reflection, ∆L'M'N' are to the left. What is the line of reflection?
Solution: Looking at the graph, we see that the preimage and image intersect when y = 1. Therefore, this is the line of reflection.",gemini
"If the image does not intersect the preimage, find the midpoint between a preimage and its image. This point is on the line of reflection. You will need to determine if the line is vertical or horizontal.",gemini
"Reflections over y = x and y = −x
Technically, any line can be a line of reflection. We are going to study two more cases of reflections, reflecting over y = x and over y = −x.",gemini
"Example 6: Reflect square ABCD over the line y = x.
Solution: The purple line is y = x. To reflect an image over a line that is not vertical or horizontal, you can fold the graph on the line of reflection.
A(−1,5) → A'(5,−1)
B(0,2) → B'(2,0)
C(−3,1) → C'(1,−3)
D(−4,4) → D'(4,−4)
From this example, we see that the x and y values are switched when a figure is reflected over the line y = x.",gemini
"Reflection over y = x: If (x, y) is reflected over the line y = x, then the image is (y, x).",gemini
"Example 7: Reflect the trapezoid TRAP over the line y = −x.
Solution: The purple line is y = −x. You can reflect the trapezoid over this line just like we did in Example 6.
T(2,2) → T'(−2,−2)
R(4,3) → R'(−3,−4)
A(5,1) → A'(−1,−5)
P(1,−1) → P'(1,−1)
From this example, we see that the x and y values are switched and the signs are changed when a figure is reflected over the line y = x.",gemini
"Reflection over y = −x: If (x, y) is reflected over the line y = −x, then the image is (−y,−x).
At first glance, it does not look like P and P' follow the rule above. However, when you switch 1 and -1 you would have (-1, 1). Then, take the opposite sign of both, (1, -1). Therefore, when a point is on the line of reflection, it will be its own reflection.
From all of these examples, we notice that a reflection is an isometry.",gemini
"Know What? Revisited The white line in the picture is the line of reflection. This line coincides with the water’s edge. If we were to place this picture on the coordinate plane, the line of reflection would be any horizontal line. One example could be the x−axis.",gemini
"Review Questions
1. Which letter is a reflection over a vertical line of the letter “b”?",gemini
2. Which letter is a reflection over a horizontal line of the letter “b”?,gemini
"Reflect each shape over the given line.
3. y−axis
4. x−axis
5. y = 3
6. x = −1
7. x−axis
8. y−axis
9. y = x
10. y = −x
11. x = 2
12. y = −4
13. y = −x
14. y = x",gemini
"Find the line of reflection of the blue triangle (preimage) and the red triangle (image).
15.
16.
17.",gemini
"Two Reflections The vertices of ∆ABC are A(−5,1),B(−3,6), and C(2,3). Use this information to answer questions 18-21.
18. Plot ∆ABC on the coordinate plane.
19. Reflect ∆ABC over y = 1. Find the coordinates of ∆A'B'C'.
20. Reflect ∆A'B'C' over y = −3. Find the coordinates of ∆A''B''C''.
21. What one transformation would be the same as this double reflection?",gemini
"Two Reflections The vertices of ∆DEF are D(6,−2),E(8,−4), and F(3,−7). Use this information to answer questions 22-25.
22. Plot ∆DEF on the coordinate plane.
23. Reflect ∆DEF over x = 2. Find the coordinates of ∆D'E'F'.
24. Reflect ∆D'E'F' over x = −4. Find the coordinates of ∆D''E''F''.
25. What one transformation would be the same as this double reflection?",gemini
"Two Reflections The vertices of ∆GHI are G(1,1),H(5,1), and I(5,4). Use this information to answer questions 26-29.
26. Plot ∆GHI on the coordinate plane.
27. Reflect ∆GHI over the x−axis. Find the coordinates of ∆G'H'I'.
28. Reflect ∆G'H'I' over the y−axis. Find the coordinates of ∆G''H''I''.
29. What one transformation would be the same as this double reflection?",gemini
"30. Following the steps to reflect a triangle using a compass and straightedge.
a. Make a triangle on a piece of paper. Label the vertices A,B and C.
b. Make a line next to your triangle (this will be your line of reflection).
c. Construct perpendiculars from each vertex of your triangle through the line of reflection.
d. Use your compass to mark off points on the other side of the line that are the same distance from the line as the original A,B and C. Label the points A', B' and C'.
e. Connect the new points to make the image ∆A'B'C'.",gemini
31. Describe the relationship between the line of reflection and the segments connecting the preimage and image points.,gemini
32. Repeat the steps from problem 28 with a line of reflection that passes through the triangle.,gemini
"12.4 Rotations
Learning Objectives
• Find the image of a figure in a rotation in a coordinate plane.
• Recognize that a rotation is an isometry.",gemini
"Review Queue
1. Reflect ∆XYZ with vertices X(9,2),Y(2,4) and Z(7,8) over the y−axis. What are the vertices of ∆X'Y'Z'?
2. Reflect ∆X'Y'Z' over the x−axis. What are the vertices of ∆X''Y''Z''?
3. How do the coordinates of ∆X''Y''Z'' relate to ∆XYZ?",gemini
Know What? The international symbol for recycling appears below. It is three arrows rotated around a point. Let’s assume that the arrow on the top is the preimage and the other two are its images. Find the center of rotation and the angle of rotation for each image.,gemini
"Defining Rotations
Rotation: A transformation by which a figure is turned around a fixed point to create an image.
Center of Rotation: The fixed point that a figure is rotated around.
Lines can be drawn from the preimage to the center of rotation, and from the center of rotation to the image. The angle formed by these lines is the angle of rotation.",gemini
"In this section, our center of rotation will always be the origin. Rotations can also be clockwise or counterclockwise. We will only do counterclockwise rotations, to go along with the way the quadrants are numbered.",gemini
"Investigation 12-1: Drawing a Rotation of 100◦
Tools Needed: pencil, paper, protractor, ruler
1. Draw ∆ABC and a point R outside the circle.
2. Draw the line segment RB.
3. Take your protractor, place the center on R and the initial side on RB. Mark a 100◦ angle.
4. Find B' such that RB = RB'.
5. Repeat steps 2-4 with points A and C.
6. Connect A', B', and C' to form ∆A'B'C'.",gemini
"This is the process you would follow to rotate any figure 100◦ counterclockwise. If it was a different angle measure, then in Step 3, you would mark a different angle. You will need to repeat steps 2-4 for every vertex of the shape.",gemini
"180◦ Rotation
To rotate a figure 180◦ in the coordinate plane, we use the origin as the center of the rotation. Recall, that a 180◦ angle is the same as a straight line. So, a rotation of a point over the origin of 180◦ will be on the same line and the same distance away from the origin.",gemini
"Example 1: Rotate ∆ABC, with vertices A(7,4),B(6,1), and C(3,1) 180◦. Find the coordinates of ∆A'B'C'.
Solution: You can either use Investigation 12-1 or the hint given above to find ∆A'B'C'. It is very helpful to graph the triangle. Using the hint, if A is (7,4), that means it is 7 units to the right of the origin and 4 units up. A' would then be 7 units to the left of the origin and 4 units down. The vertices are:
A(7,4) → A'(−7,−4)
B(6,1) → B'(−6,−1)
C(3,1) → C'(−3,−1)
The image has vertices that are the negative of the preimage. This will happen every time a figure is rotated 180◦.",gemini
"Rotation of 180◦: If (x, y) is rotated 180◦ around the origin, then the image will be (−x,−y).
From this example, we can also see that a rotation is an isometry. This means that ∆ABC ≅ ∆A'B'C'. You can use the distance formula to verify that our assertion holds true.",gemini
"90◦ Rotation
Similar to the 180◦ rotation, a 90◦ rotation (counterclockwise) is an isometry. Each image will be the same distance away from the origin as its preimage, but rotated 90◦.",gemini
"Example 2: Rotate ST 90◦.
Solution: When we rotate something 90◦, you can use Investigation 12-1. Draw lines from the origin to S and T. The line from each point to the origin is going to be perpendicular to the line from the origin to its image. Therefore, if S is 6 units to the right of the origin and 1 unit down, S' will be 6 units up and 1 to the right.
Using this pattern, T' is (8, 2).
If you were to write the slope of each point to the origin, S would be −1/6 → y/x, and S' must be 6/1 → y'/x'. Again, they are perpendicular slopes, following along with the 90◦ rotation. Therefore, the x and the y values switch and the new x−value is the opposite sign of the original y−value.",gemini
"Rotation of 90◦: If (x, y) is rotated 90◦ around the origin, then the image will be (−y, x).",gemini
"Rotation of 270◦
A rotation of 270◦ counterclockwise would be the same as a clockwise rotation of 90◦. We also know that a 90◦ rotation and a 270◦ rotation are 180◦ apart. We know that for every 180◦ rotation, the x and y values are negated. So, if the values of a 90◦ rotation are (−y, x), then a 270◦ rotation would be the opposite sign of each, or (y,−x).
Rotation of 270◦: If (x, y) is rotated 270◦ around the origin, then the image will be (y,−x).",gemini
"Example 3: Find the coordinates of ABCD after a 270◦ rotation.
Solution: Using the rule, we have:
(x, y) → (y,−x)
A(−4,5) → A'(5,4)
B(1,2) → B'(2,−1)
C(−6,−2) → C'(−2,6)
D(−8,3) → D'(3,8)
While we can rotate any image any amount of degrees, only 90◦, 180◦ and 270◦ have special rules. To rotate a figure by an angle measure other than these three, you must use Investigation 12-1.",gemini
"Example 4: Algebra Connection The rotation of a quadrilateral is shown below. What is the measure of x and y?
Solution: Because a rotation is an isometry, we can set up two equations to solve for x and y.
2y = 80◦
y = 40◦
2x−3 = 15
2x = 18
x = 9",gemini
"Know What? Revisited The center of rotation is shown in the picture below. If we draw rays to the same point in each arrow, we see that the two images are a 120◦ rotation in either direction.",gemini
"Review Questions
In the questions below, every rotation is counterclockwise, unless otherwise stated.
Using Investigation 12-1, rotate each figure around point P the given angle measure.
1. 50◦
2. 120◦
3. 200◦",gemini
"4. If you rotated the letter p 180◦ counterclockwise, what letter would you have?",gemini
"5. If you rotated the letter p 180◦ clockwise, what letter would you have? Why do you think that is?",gemini
6. A 90◦ clockwise rotation is the same as what counterclockwise rotation?,gemini
7. A 270◦ clockwise rotation is the same as what counterclockwise rotation?,gemini
8. Rotating a figure 360◦ is the same as what other rotation?,gemini
"Rotate each figure in the coordinate plane the given angle measure. The center of rotation is the origin.
9. 180◦
10. 90◦
11. 180◦
12. 270◦
13. 90◦
14. 270◦
15. 180◦
16. 270◦
17. 90◦",gemini
"Algebra Connection Find the measure of x in the rotations below. The blue figure is the preimage.
18.
19.
20.",gemini
"Find the angle of rotation for the graphs below. The center of rotation is the origin and the blue figure is the preimage.
21.
22.
23.",gemini
"Two Reflections The vertices of ∆GHI are G(−2,2),H(8,2) and I(6,8). Use this information to answer questions 24-27.
24. Plot ∆GHI on the coordinate plane.
25. Reflect ∆GHI over the x−axis. Find the coordinates of ∆G'H'I'.
26. Reflect ∆G'H'I' over the y−axis. Find the coordinates of ∆G''H''I''.
27. What one transformation would be the same as this double reflection?",gemini
"Multistep Construction Problem
28. Draw two lines that intersect, m and n, and ∆ABC. Reflect ∆ABC over line m to make ∆A'B'C'. Reflect ∆A'B'C' over line n to get ∆A''B''C''. Make sure ∆ABC does not intersect either line.
29. Draw segments from the intersection point of lines m and n to A and A''. Measure the angle between these segments. This is the angle of rotation between ∆ABC and ∆A''B''C''.
30. Measure the angle between lines m and n. Make sure it is the angle which contains ∆A'B'C' in the interior of the angle.
31. What is the relationship between the angle of rotation and the angle between the two lines of reflection?",gemini
"12.5 Composition of Transformations
Learning Objectives
• Perform a glide reflection.
• Perform a reflection over parallel lines and the axes.
• Perform a double rotation with the same center of rotation.
• Determine a single transformation that is equivalent to a composite of two transformations.",gemini
"Review Queue
1. Reflect ABCD over the x−axis. Find the coordinates of A'B'C'D'.
2. Translate A'B'C'D' such that (x, y) → (x+4, y). Find the coordinates of A''B''C''D''.
3. Now, start over. Translate ABCD such that (x, y) → (x+4, y). Find the coordinates of A'B'C'D'.
4. Reflect A'B'C'D' from #3 over the x−axis. Find the coordinates of A''B''C''D''. Are they the same as #2?",gemini
"Know What? An example of a glide reflection is your own footprint. The equations to find your average footprint are in the diagram below. Determine your average footprint and write the rule for one stride. You may assume your stride starts at (0, 0).",gemini
"Glide Reflections
Now that we have learned all our rigid transformations, or isometries, we can perform more than one on the same figure. In your homework last night you actually performed a composition of two reflections. And, in the Review Queue above, you performed a composition of a reflection and a translation.
Composition (of transformations): To perform more than one rigid transformation on a figure.
Glide Reflection: A composition of a reflection and a translation. The translation is in a direction parallel to the line of reflection.
So, in the Review Queue above, you performed a glide reflection on ABCD. Hopefully, in #4, you noticed that the order in which you reflect or translate does not matter. It is important to note that the translation for any glide reflection will always be in one direction. So, if you reflect over a vertical line, the translation can be up or down, and if you reflect over a horizontal line, the translation will be to the left or right.",gemini
"Example 1: Reflect ∆ABC over the y−axis and then translate the image 8 units down.
Solution: The green image below is the final answer.
A(8,8) → A''(−8,0)
B(2,4) → B''(−2,−4)
C(10,2) → C''(−10,−6)",gemini
"One of the interesting things about compositions is that they can always be written as one rule. What this means is, you don’t necessarily have to perform one transformation followed by the next. You can write a rule and perform them at the same time.",gemini
"Example 2: Write a single rule for ∆ABC to ∆A''B''C'' from Example 1.
Solution: Looking at the coordinates of A to A'', the x−value is the opposite sign and the y−value is y−8. Therefore the rule would be (x, y) → (−x, y−8).
Notice that this follows the rules we have learned in previous sections about a reflection over the y−axis and translations.",gemini
"Reflections over Parallel Lines
The next composition we will discuss is a double reflection over parallel lines. For this composition, we will only use horizontal or vertical lines.",gemini
"Example 3: Reflect ∆ABC over y = 3 and y = −5.
Solution: Unlike a glide reflection, order matters. Therefore, you would reflect over y = 3 first, followed by a reflection of this image (red triangle) over y = −5. Your answer would be the green triangle in the graph below.",gemini
"Example 4: Write a single rule for ∆ABC to ∆A''B''C'' from Example 3.
Solution: Looking at the graph below, we see that the two lines are 8 units apart and the figures are 16 units apart. Therefore, the double reflection is the same as a single translation that is double the distance between the two lines.
(x, y) → (x, y−16)",gemini
"Reflections over Parallel Lines Theorem: If you compose two reflections over parallel lines that are h units apart, it is the same as a single translation of 2h units.
Be careful with this theorem. Notice, it does not say which direction the translation is in. So, to apply this theorem, you would still need to visualize, or even do, the reflections to see in which direction the translation would be.",gemini
"Example 5: ∆DEF has vertices D(3,−1),E(8,−3), and F(6,4). Reflect ∆DEF over x = −5 and x = 1. This double reflection would be the same as which one translation?
Solution: From the Reflections over Parallel Lines Theorem, we know that this double reflection is going to be the same as a single translation of 2(1−(−5)) or 12 units. Now, we need to determine if it is to the right or to the left. Because we first reflect over a line that is further away from ∆DEF, to the left, ∆D''E''F'' will be on the right of ∆DEF. So, it would be the same as a translation of 12 units to the right. If the lines of reflection were switched and we reflected the triangle over x = 1 followed by x = −5, then it would have been the same as a translation of 12 units to the left.",gemini
"Reflections over the x and y Axes
You can also reflect over intersecting lines. First, we will reflect over the x and y axes.",gemini
"Example 6: Reflect ∆DEF from Example 5 over the x−axis, followed by the y−axis. Determine the coordinates of ∆D''E''F'' and what one transformation this double reflection would be the same as.
Solution: ∆D''E''F'' is the green triangle in the graph below. If we compare the coordinates of it to ∆DEF, we have:",gemini
"D(3,−1) → D'(-3,1)
E(8,−3) → E'(-8,3)
F(6,4) → F'(-6,−4)
If you recall the rules of rotations from the previous section, this is the same as a rotation of 180°.",gemini
"Reflection over the Axes Theorem: If you compose two reflections over each axis, then the final image is a rotation of 180° of the original.",gemini
"With this particular composition, order does not matter. Let’s look at the angle of intersection for these lines. We know that the axes are perpendicular, which means they intersect at a 90° angle. The final answer was a rotation of 180°, which is double 90°. Therefore, we could say that the composition of the reflections over each axis is a rotation of double their angle of intersection.",gemini
"Reflections over Intersecting Lines
Now, we will take the concept we were just discussing and apply it to any pair of intersecting lines. For this composition, we are going to take it out of the coordinate plane. Then, we will apply the idea to a few lines in the coordinate plane, where the point of intersection will always be the origin.",gemini
"Example 7: Copy the figure below and reflect it over l, followed by m.
Solution: The easiest way to reflect the triangle is to fold your paper on each line of reflection and draw the image. It should look like this:
The green triangle would be the final answer.",gemini
"Investigation 12-2: Double Reflection over Intersecting Lines
Tools Needed: Example 7, protractor, ruler, pencil
1. Take your answer from Example 7 and measure the angle of intersection for lines l and m. If you copied it exactly from the text, it should be about 55°.
2. Draw lines from two corresponding points on the blue triangle and the green triangle. These are the dotted lines in the diagram below.
3. Measure this angle using your protractor. How does it related to 55°?
Again, if you copied the image exactly from the text, the angle should be 110°.
From this investigation, we see that the double reflection over two lines that intersect at a 55° angle is the same as a rotation of 110° counterclockwise, where the point of intersection is the center of rotation. Notice that order would matter in this composition. If we had reflected the blue triangle over m followed by l, then the green triangle would be rotated 110° clockwise.",gemini
"Reflection over Intersecting Lines Theorem: If you compose two reflections over lines that intersect at x°, then the resulting image is a rotation of 2x°, where the center of rotation is the point of intersection.
Notice that the Reflection over the Axes Theorem is a specific case of this one.",gemini
"Example 8: Reflect the square over y = x, followed by a reflection over the x−axis.
Solution: First, reflect the square over y = x. The answer is the red square in the graph above. Second, reflect the red square over the x−axis. The answer is the green square below.",gemini
"Example 9: Determine the one rotation that is the same as the double reflection from Example 8.
Solution: Let’s use the theorem above. First, we need to figure out what the angle of intersection is for y = x and the x−axis. y = x is halfway between the two axes, which are perpendicular, so is 45° from the x−axis. Therefore, the angle of rotation is 90° clockwise or 270° counterclockwise. The correct answer is 270° counterclockwise because we always measure angle of rotation in the coordinate plane in a counterclockwise direction. From the diagram, we could have also said the two lines are 135° apart, which is supplementary to 45°.",gemini
"Know What? Revisited The average 6 foot tall man has a 0.415×6 = 2.5 foot stride. Therefore, the transformation rule for this person would be (x, y) → (−x, y+2.5).",gemini
"Review Questions
1. Explain why the composition of two or more isometries must also be an isometry.
2. What one transformation is equivalent to a reflection over two parallel lines?
3. What one transformation is equivalent to a reflection over two intersecting lines?",gemini
"Use the graph of the square below to answer questions 4-7.
4. Perform a glide reflection over the x−axis and to the right 6 units. Write the new coordinates.
5. What is the rule for this glide reflection?
6. What glide reflection would move the image back to the preimage?
7. Start over. Would the coordinates of a glide reflection where you move the square 6 units to the right and then reflect over the x−axis be any different than #4? Why or why not?",gemini
"Use the graph of the triangle below to answer questions 8-10.
8. Perform a glide reflection over the y−axis and down 5 units. Write the new coordinates.
9. What is the rule for this glide reflection?
10. What glide reflection would move the image back to the preimage?",gemini
"Use the graph of the triangle below to answer questions 11-15.
11. Reflect the preimage over y = −1 followed by y = −7. Write the new coordinates.
12. What one transformation is this double reflection the same as?
13. What one translation would move the image back to the preimage?
14. Start over. Reflect the preimage over y = −7, then y = −1. How is this different from #11?
15. Write the rules for #11 and #14. How do they differ?",gemini
"Use the graph of the trapezoid below to answer questions 16-20.
16. Reflect the preimage over y = −x then the y−axis. Write the new coordinates.
17. What one transformation is this double reflection the same as?
18. What one transformation would move the image back to the preimage?
19. Start over. Reflect the preimage over the y−axis, then y = −x. How is this different from #16?
20. Write the rules for #16 and #19. How do they differ?",gemini
"Fill in the blanks or answer the questions below.
21. Two parallel lines are 7 units apart. If you reflect a figure over both how far apart with the preimage and final image be?
22. After a double reflection over parallel lines, a preimage and its image are 28 units apart. How far apart are the parallel lines?
23. A double reflection over the x and y axes is the same as a _________ of ________ °.
24. What is the center of rotation for #23?
25. Two lines intersect at an 83° angle. If a figure is reflected over both lines, how far apart will the preimage and image be?
26. A preimage and its image are 244° apart. If the preimage was reflected over two intersected lines, at what angle did they intersect?
27. A rotation of 45° clockwise is the same as a rotation of ________ ° counterclockwise.
28. After a double reflection over parallel lines, a preimage and its image are 62 units apart. How far apart are the parallel lines?
29. A figure is to the left of x = a. If it is reflected over x = a followed by x = b and b > a, then the preimage and image are _________ units apart and the image is to the _________ of the preimage.
30. A figure is to the left of x = a. If it is reflected over x = b followed by x = a and b > a, then the preimage and image are _________ units apart and the image is to the _________ of the preimage.",gemini
"12.6 Extension: Tessellations
Learning Objectives
• Determine whether or not a given shape will tessellate.
• Draw your own tessellation.",gemini
"What is a Tessellation?
You have probably seen tessellations before, even though you did not call them that. Examples of a tessellation are: a tile floor, a brick or block wall, a checker or chess board, and a fabric pattern.
Tessellation: A tiling over a plane with one or more figures such that the figures fill the plane with no overlaps and no gaps.",gemini
"Here are a few examples.
Notice the hexagon (cubes, first tessellation) and the quadrilaterals fit together perfectly. If we keep adding more, they will entirely cover the plane with no gaps or overlaps. The tessellation pattern could be colored creatively to make interesting and/or attractive patterns.
To tessellate a shape it must be able to exactly surround a point, or the sum of the angles around each point in a tessellation must be 360°. Therefore, every quadrilateral and hexagon will tessellate.",gemini
"Example 1: Tessellate the quadrilateral below.
Solution: To tessellate any image you will need to reflect and rotate the image so that the sides all fit together. First, start by matching up each side with itself around the quadrilateral. This is the final tessellation. You can continue to tessellate this shape forever. Now, continue to fill in around the figures with either the original or the rotation.",gemini
"Example 2: Does a regular pentagon tessellate?
Solution: First, recall that there are (5−2)180° = 540° in a pentagon and each angle is 540° ÷ 5 = 108°. From this, we know that a regular pentagon will not tessellate by itself because 108° × 3 = 324° and 108° × 4 = 432°.
For a shape to be tessellated, the angles around every point must add up to 360°. A regular pentagon does not tessellate by itself. But, if we add in another shape, a rhombus, for example, then the two shapes together will tessellate.",gemini
Tessellations can also be much more complicated. Here are a couple of examples.,gemini
"Review Questions
Will the given shapes tessellate? If so, make a small drawing on grid paper to show the tessellation.
1. A square
2. A rectangle
3. A rhombus
4. A parallelogram
5. A trapezoid
6. A kite
7. A completely irregular quadrilateral
8. Which regular polygons will tessellate?
9. Use equilateral triangles and regular hexagons to draw a tessellation.
10. The blue shapes are regular octagons. Determine what type of polygon the white shapes are. Be as specific as you can.
11. Draw a tessellation using regular hexagons.
12. Draw a tessellation using octagons and squares.
13. Make a tessellation of an irregular quadrilateral using the directions from Example 1.",gemini
"Keywords Theorems
• Line of Symmetry
• Line Symmetry
• Rotational Symmetry
• Center of Rotation
• Angle of rotation
• Transformation
• Rigid Transformation
• Translation
• Vector
• Reflection
• Line of Reflection
• Reflection over the y−axis
• Reflection over the x−axis
• Reflection over x = a
• Reflection over y = b
• Reflection over y = x
• Reflection over y = −x
• Rotation
• Center of Rotation
• Rotation of 180°
• Rotation of 90°
• Rotation of 270°
• Composition (of transformations)
• Glide Reflection
• Reflections over Parallel Lines Theorem
• Reflection over the Axes Theorem
• Reflection over Intersecting Lines Theorem
• Tessellation",gemini
"Review Questions
Match the description with its rule.
1. Reflection over the y−axis - A. (2a−x, y)
2. Reflection over the x−axis - B. (−y,−x)
3. Reflection over x = a - C. (−x, y)
4. Reflection over y = b - D. (−y, x)
5. Reflection over y = x - E. (x,−y)
6. Reflection over y = −x - F. (x,2b−y)
7. Rotation of 180° - G. (x, y)
8. Rotation of 90° - H. (−x,−y)
9. Rotation of 270° - I. (y,−x)
10. Rotation of 360° - J. (y, x)",gemini
"Texas Instruments Resources
In the CK-12 Texas Instruments Geometry FlexBook® resource, there are graphing calculator activities designed to supplement the objectives for some of the lessons in this chapter. See http://www.ck12.org/flexr/chapter/9697 .",gemini
