para_id,paragraph,gpt_oss_or_label,gpt_oss_or_reasoning,gpt_oss_or_confidence,gpt_oss_or_considered,tier
166,"2-26. Three students were determining the slope of the line shown. Each student drew a different slope triangle, as shown on the graph. a. Which slope triangle is correct? How do you know? b. On the Lesson 2.1.3A Resource Page, draw another slope triangle for this line so that Δx = 1. What is the height (Δy) of this new slope triangle?",COMPARE_AND_CONTRAST,"The paragraph presents multiple students' differing slope triangles and asks the reader to determine which is correct, which fits the compare-and-contrast pattern.",high,,A_positive
179,"2-36. DETERMINE THE SLOPE OF A LINE WITHOUT GRAPHING. While calculating the slope of a line that goes through the points (6, 5) and (3, 7), Gloria figured that Δy = −2 and Δx = 3 without needing to graph the line. a. Explain how Gloria could determine the horizontal and vertical distance of the slope triangle without graphing. Do you agree with her method? Explain your reasoning. b. What is the slope of the line? c. Use Gloria’s method (without graphing) to calculate the slope of the line that goes through the points (4, 15) and (2, 11). d. Use Gloria’s method to calculate the slope of the line that goes through the points (28, 86) and (34, 83). e. Another student calculated the slope from part (d) to be 2. What error or errors did that student make?",EXPLICIT_ERROR_DETECTION,"The paragraph asks the reader to identify the error(s) a student made in calculating a slope, which matches the definition of EXPLICIT_ERROR_DETECTION.",high,,A_positive
229,"2-68. What is the slope of the line passing through each pair of points?
a. (1, 2) and (4, –1)
b. (7, 3) and (5, 4)
c. (−6, 8) and (−8, 5)
d. (55, 67) and (50, 68)
e. A student got 1 for the slope of the line through points (1, 2) and (4, −1). Explain to them the mistake they made and how to calculate the slope correctly.",INCORRECT_TO_CORRECT,"The paragraph presents a student's incorrect answer and asks the reader to explain the mistake and correct it, which fits the INCORRECT_TO_CORRECT pattern.",high,,A_positive
263,"2-92. A student says that if x = −5, the equation shown is true. Her friend says the answer is x = 3. Who is correct, the student or her friend? Justify your conclusion.
9(x + 4) = 1 + 2x",COMPARE_AND_CONTRAST,"The paragraph presents two named individuals (a student and her friend) offering different answers and asks the reader to decide who is correct, which matches the compare-and-contrast pattern.",high,,A_positive
267,"Launch
Look at the following student work and think silently. What does this student know? What mistake is this student making?
Write the equation for a linear function that goes through the points (–1, –8) and (3, 4).",EXPLICIT_ERROR_DETECTION,"The paragraph asks the reader to look at student work and identify the mistake, which matches explicit error detection. No multiple students are compared, and the task is not merely solving a new problem.",high,,A_positive
298,"3-7. A pair of students works to rewrite expressions. Some of their predictions about how to rewrite expressions are shown. Are the predictions correct? Justify your claim.
a. x^150 / x^50 prediction: x^3
b. y^20 · y^41 prediction: x^61
c. (2m^2 n^15)^3 prediction: 2m^6 n^45",EXPLICIT_ERROR_DETECTION,"The paragraph presents students' predicted rewrites and asks the reader to determine if they are correct, requiring identification of any errors in the shown work.",medium,,A_positive
322,"3-26. Consider the pile of tiles shown.
a. Using the fewest terms possible, what expression represents the collective area of the tiles?
b. The expression 7x^2 + xy + 2y + 2 does not represent the area of the tiles. What mistake might have been made by a person who claims that this expression does represent the area of the tiles?",EXPLICIT_ERROR_DETECTION,"The paragraph presents an incorrect expression and asks the reader to identify the mistake made, matching the explicit error detection pattern.",high,,A_positive
352,"3-50. None of the following equations is correct. What would you change to make each equation true? Be specific.
a. (5x^(3/4))^4 = 5x^3
b. 5x + 3x^2 = 8x^2
c. 6x^3(x^2) = 216x^6",EXPLICIT_ERROR_DETECTION,"The paragraph presents incorrect equations and asks the reader to identify and fix the errors, without referencing a named student's work, fitting the EXPLICIT_ERROR_DETECTION pattern.",high,,A_positive
421,3-103. Yousef and Sithara are working on solving the equation 1/2(5x − 4) = 3x − 8. Explain how Yousef and Sithara started to solve the problem. Which approach makes more sense to you? Explain your response.,COMPARE_AND_CONTRAST,"The paragraph presents two named students with different solution approaches and asks the reader to compare them and decide which makes more sense, matching the COMPARE_AND_CONTRAST criteria.",high,,A_positive
479,"4-8. A team of students is trying to rewrite the product 2 × 10^3 · 4 × 10^7 in scientific notation.
• Jorge thinks they should use a generic rectangle because there are two terms multiplied by two terms.
• Esperanza thinks the answer is 8 × 10^10, but she did not explain why.
• Lauren thinks they should multiply the like parts. Her answer is 8 × 100^21.
Who is correct? Explain why each student is correct or incorrect.",COMPARE_AND_CONTRAST,"The paragraph presents multiple named students with differing answers and asks the reader to determine who is correct, which fits the compare-and-contrast pattern.",high,,A_positive
490,"4-17. When Ms. Shreve solved an equation in class, she checked her solution and it did not make the equation true! Examine her work and identify her mistake. Then calculate the correct solution.
5(2x – 1) – 3x = 5x + 9
10x – 5 – 3x = 5x + 9
7x – 5 = 5x + 9
12x = 4
x = 1/3",INCORRECT_TO_CORRECT,"The paragraph presents a named person's incorrect solution, asks the reader to locate the mistake and then correct it, matching the INCORRECT_TO_CORRECT pattern.",high,,A_positive
523,"4-40. Marcus and his twin, Tyrese, are trying to solve the following system of equations.
Marcus thinks that using the Substitution Method should give a new equation of 3(6x − 1) + 2y = 43, while Tyrese thinks it should be 3x + 2(6x − 1) = 43. Who is correct and why?
y = 6x − 1
3x + 2y = 43",COMPARE_AND_CONTRAST,"The paragraph presents two named students with differing solutions and asks which is correct, fitting the compare-and-contrast pattern.",high,,A_positive
580,"4-79. Aimee thinks the solution to the system is (−4, −6). Eric thinks the solution is (8, 2). Who is correct? Explain your reasoning. 2x − 3y = 10; 6y = 4x − 20.",COMPARE_AND_CONTRAST,"The paragraph presents two named students with different proposed solutions and asks the reader to determine who is correct, fitting the compare-and-contrast pattern.",high,,A_positive
610,"4-102. Mr. Greer solved the equation shown: 4x = 8(2x – 3) -> 4x = 16x – 3 -> –12x = –3 -> x = –3 / –12 -> x = 1/4. However, when he checked his solution, it did not make the original equation true. What did Mr. Greer do well as he solved the equation? What might have been his error(s) or mistake(s)? What value of x makes the equation true?",INCORRECT_TO_CORRECT,"The paragraph presents a named student's (Mr. Greer) solution, notes it is incorrect, and asks the reader to identify the error(s) and provide the correct value, matching the INCORRECT_TO_CORRECT pattern.",high,,A_positive
653,"5-14. Jackie and Alexa were working on homework together when Jackie said, “I got x = 5 as the solution, but it looks like you got something different. Which solution is right?”
“I think you made a mistake,” said Alexa. Did Jackie make a mistake? Help Jackie figure out whether she made a mistake and, if she did, explain her mistake and show her how to solve the equation correctly. Jackie’s work is shown.

(x + 4)^2 – 2x – 5 = (x – 1)^2
x^2 + 16 – 2x – 5 = x^2 + 1
16 – 2x – 5 = 1
11 – 2x = 1
–2x = –10
x = 5",INCORRECT_TO_CORRECT,"The paragraph presents Jackie’s work, asks the reader to determine if she made a mistake and to correct it, which matches the INCORRECT_TO_CORRECT pattern.",high,,A_positive
730,"5-72. Alejandro used his recursive equation, f(n + 1) = f(n) + 6, from part (c) of problem 5-71 to write the following sequence: 0, 6, 12, 18, 24. a. Does Alejandro's sequence match the sequence from problem 5-71? b. If Alejandro did not make a mistake when writing his recursive equation, why did he get a different sequence than the one from problem 5-71? How can you mathematically write down the information he needs so that he can write the correct sequence?",INCORRECT_TO_CORRECT,"The paragraph presents Alejandro's (named student) sequence and asks the reader to determine if it's correct and to explain/fix the discrepancy, which matches the INCORRECT_TO_CORRECT pattern.",medium,EXPLICIT_ERROR_DETECTION,A_positive
781,"Portfolio
This section gives you an opportunity to show growth in your understanding of key mathematical ideas over time as you complete this course.
Four members of a study team were analyzing the sequence 3, 7, 11, … They wrote the equation for the sequence as f(n) = 4n − 1, and they were trying to figure out if 200 could be a term in their sequence.
They made the following statements. Which students justified their statements? Are the justifications convincing? Explain why or why not.
“I think it’s not, because all the terms in the sequence are odd and 200 is an even number,” Shinna said.
“I think it is, because the equation 200 = 4n − 1 has a solution,” Aldo said.
“It can’t be, because the solution to 200 = 4n − 1 is n = 50.25, which is not a whole number. There can’t be a 50.25th term!” James argued.
“I think 199 and 203 are terms of the sequence, but not 200,” Leslie added.
Now create your own sequence. Then figure out what the 110th term of your sequence would be and whether the number 419 is a term in your sequence. Use multiple representations to justify your answers thoroughly.",COMPARE_AND_CONTRAST,"The paragraph presents several named students offering differing justifications about whether 200 is a term, and asks the reader to evaluate whose justification is correct, which fits the compare-and-contrast pattern.",high,,A_positive
857,"6-49. Sophie and Lindsey were discussing what it meant for a residual plot to have random scatter. ""The points need to be evenly scattered across the whole plot,"" Sophie suggested. Lindsey disagreed, ""Stars are random, even though they cluster, and sometimes there are large gaps of nothing in the sky.""

Your teacher will guide you as you explore scatter plots with random points. Write a note to Sophie and Lindsey explaining what you discovered about random scatter plots.",COMPARE_AND_CONTRAST,"The paragraph presents two named students with differing views on random scatter plots and asks the reader to explain the concept, fitting the compare-and-contrast pattern.",high,,A_positive
1056,"Launch
Look at the following student’s work and think silently. What does this student know? What mistake is this student making?
What might be the equation of the function that passes through the point (5, 19) and has a slope of 3?
y = mx + b
y = 3x + b
Need to solve for b. Since (5, 19) is a point on this line:
y = 5, x = 19
y = 3x + b
5 = 3(19) + b
5 = 57 + b
b = −52
Equation: y = 3x – 52",INCORRECT_TO_CORRECT,"The paragraph shows a named student's incorrect work and asks the reader to identify the mistake and produce the correct equation, matching INCORRECT_TO_CORRECT.",high,EXPLICIT_ERROR_DETECTION,A_positive
1092,"7-101. Wade and Dwayne were working together writing an equation for the sequence 12, 36, 108, 324, … Wade wrote f(n) = 4 · 3^n and Dwayne wrote f(n) = 12 · 3^(n − 1).
a. Make a table for the first four terms of each of their sequences. What do you notice?
b. How do you think Dwayne explained his method of writing the equation to Wade?
c. For the sequence 10.3, 11.5, 12.7, …, Wade wrote f(n) = 9.1 + 1.2n while Dwayne wrote f(n) = 10.3 + 1.2(n − 1). Make a table for the first four terms of each of their sequences. Are both forms of the equation correct?
d. Dwayne calls his equations the “first term” form. Why do you think he calls them “first term” form? Why does Dwayne subtract one in both situations?",COMPARE_AND_CONTRAST,"The paragraph presents two named students with different forms of equations and asks the reader to compare them and determine correctness, fitting the compare-and-contrast pattern.",high,,A_positive
1096,"Launch
Look at the following student’s work and think silently. What does this student know? What mistake is this student making?
Create a function that is equivalent to f(x) = 24 · 9^x.
f(x) = 3(2)^3(3)^(x/2)",EXPLICIT_ERROR_DETECTION,"The paragraph asks the reader to identify the student's mistake, a clear prompt to locate an error.",high,,A_positive
1175,8-42. Mary and Michelle are considering which strategy to use to determine the x-intercept of an equation. STRATEGY A: Substitute 0 for x. STRATEGY B: Substitute 0 for y. a. Which do you think they should choose? Explain your reasoning. b. What is the x-intercept of −4x + 5y = 16?,NA,"The paragraph asks students to choose between two strategies and solve for the x-intercept, without presenting any student work, errors, or comparisons.",high,,A_positive
1404,"Closure: Imagine if the United Nations wanted to gather information from each nation to determine world regions and subregions. Every nation was tasked to write constraints that best approximate its country’s shape, which will help the U.N. determine each country’s area. Honduras submitted the following system of inequalities, along with the graph shown, where x and y represent hundreds of kilometers: y ≤ x + 3, y ≤ 1/2 x − 1, y ≤ 2, y ≤ −2/3 x + 4, y ≤ −2/3 x − 1. A member of the United Nations suspects that some of the information was corrupted during transmission. How did they know? Use the graph and system of inequalities to justify your answer. Be ready to share your thinking with the class.",EXPLICIT_ERROR_DETECTION,"The paragraph presents a scenario where an error (corrupted information) is indicated and asks the reader to identify how they know, which matches explicit error detection.",high,,A_positive
1430,"9-103. While setting up a mathematical sentence to solve a problem, Paulina and Aliya came up with the following equations. Since the equations did not look alike, they turned to you for help. PAULINA: 4x + 2y = 6; ALIYA: 12x + 6y = 18. a. Are these equations equivalent? Will the graph of each line be the same? Explain how you know. b. Write another equation that is equivalent to both of these. How did you determine your equation?",COMPARE_AND_CONTRAST,"The paragraph presents two named students with different equations and asks the reader to compare them and determine equivalence, fitting the compare-and-contrast pattern.",high,,A_positive
1470,"10-12. According to various estimates, in 2022, the number of people living alone in the United States is shown in the following two-way table.
a. Why might this be called a two-way table?
b. Based on this data, what is the probability that a randomly selected person lives alone?
c. Based on this data, what is the probability that a randomly selected person is 65 years old or older?
d. What is the probability of being under 65?
e. What is the probability of being under 35 years of age and living alone?
f. To calculate the probability of being under 35 years of age or living alone, Qui added the total number of people in the first two rows to the total number of people in the first column. What did Qui do wrong?",EXPLICIT_ERROR_DETECTION,"The paragraph presents a student's mistake (Qui's probability calculation) and asks the reader to identify what was done wrong, which matches explicit error detection.",high,,A_positive
1486,"10-25. Derek and Donovan were trying to solve the equation 4^4 = 16^x. Derek had an idea.
“I know,” he said. “Isn’t 16 equal to 4^2?”
“Yeah, so what?” said Donovan.
“That means that we can rewrite the equation to look like 4^4 = (4^2)^x. This is much easier to solve!” replied Derek.
“Yes,” said Donovan. “That makes sense. Isn’t there another way, too? Since 4 is the same as 2^2 and 16 is the same as 2^4, can’t we rewrite it as (2^2)^4 = (2^4)^x?”
a. What were Derek and Donovan thinking? Will both methods work?
b. Use both methods to solve 4^4 = 16^x.
c. Solve 3^5 = 9^(2x).",COMPARE_AND_CONTRAST,"The paragraph presents two named students offering different solution methods and asks the reader to evaluate both, matching the compare-and-contrast pattern.",high,,A_positive
1509,"10.2.3 How can I solve it?
MULTIPLE METHODS FOR SOLVING EQUATIONS

Launch
Three friends are trying to work out how many people were in the designated prize-winning seats at a concert. The venue says there were 15 sections with (x + 20) people in each, totaling 525 people. (Let x be the number of prize-winning seats in a section.) They record 15(x + 20) = 525. Then the friends each take a slightly different approach:
FRIEND A: 15(x + 20) = 525; 15x + 300 = 525
FRIEND B: 15(x + 20) = 525; 15(x + 20)/15 = 525/15
FRIEND C: Each section had 35 people, so x + 20 = 35.
Discuss each approach with your team.

Explore
You have solved linear, quadratic, and exponential equations in this course. Sometimes, when an equation looks very complicated, you can rewrite it to make the solving process easier. What are some other ways to solve complicated equations, like (sqrt(x + 5) - 6)^2 + 4 = 20? In this lesson, you will work with your team as you explore additional methods of solving complicated equations.",COMPARE_AND_CONTRAST,"The paragraph presents three named friends using different methods to solve the same problem and asks students to discuss each approach, fitting the compare-and-contrast pattern.",high,,A_positive
1521,"10-53. Safiya and Vivi considered how to solve the equation x^2 − 2x = 15. Their work is shown:
SAFIYA:
  x^2 - 2x = 15
  x(x - 2) = 15
  x = 5, since 5(5 - 2) = 15, true -> x = 5
VIVI:
  x^2 - 2x = 15
  x^2 - 2x - 15 = 0
  (x - 5)(x + 3) = 0
  x - 5 = 0 or x + 3 = 0
  x = 5 or x = -3
a. What do you like about each approach?
b. Is x = −3 a valid solution?
c. What went wrong for Safiya?
d. Describe Vivi's first step for solving each of the following equations (you do not need to solve them):
i. x^2 − 10x = −25
ii. x^2 + 6x = 1
iii. x^2 + 45x = c",INCORRECT_TO_CORRECT,"The paragraph presents Safiya's incorrect solution and explicitly asks 'What went wrong for Safiya?', which is a request to locate and fix a named student's error.",high,COMPARE_AND_CONTRAST,A_positive
1535,"10-64. Omar and Vivi were solving the equation 1/2 x^2 − x = 7 1/2. Their work is shown.
OMAR: 1/2 x^2 - x = 7 1/2; x^2 - 2x = 15
VIVI: 1/2 x^2 - x = 7 1/2; 1/2 x^2 - x - 7 1/2 = 0
a. Describe their first moves. What approaches are each taking?
b. When might you use each of these starting moves?
c. What might Vivi's first step be to solve 5x^2 − 20x = 55?",COMPARE_AND_CONTRAST,"The paragraph presents two named students using different approaches to solve the same equation and asks the reader to describe and compare those approaches, which matches the COMPARE_AND_CONTRAST category.",high,,A_positive
1602,"10-122. ALGEBRA COMES TO THE RESCUE! Darrel is so excited! He gets to compete on a game show! The show host, Maribel, explained that Darrel would win a brand-new phone if he answered this question correctly: ""How many times do the parabola y = 2x^2 − 5x and the line y = (2/3)x − 4 intersect?"" a. Quickly, Darrel used an app to graph the system. This is what he saw. Based on the graph, what should he tell Maribel? b. Maribel paused and then asked, ""Are you absolutely sure that is your final answer?"" Help Darrel confirm his answer by solving the system algebraically. What is the correct answer? c. What about the graph misled Darrel? What features of this system made it difficult to see both intersection points?",NA,"The paragraph asks the reader to solve the problem and reflect on graph misinterpretation, without presenting a specific student error to find or correct.",high,,A_positive
6,"1-1. FUNCTION MACHINES
At the Function Factory, function machines are programmed to meet their customers' requests. For example, one machine is programmed to square the number put in, subtract 1, and put out the resulting number.
A diagram of the machine is shown.
A customer brings a box of all possible integers (…, –3, –2, –1, 0, 1, 2, 3, …) as inputs for a function machine. The customer wants you to program a function machine so that the output will always be negative given any integer input. Your manager suggests -x/2 - 10. Consider this suggestion. Are there any inputs that will not meet the customer's needs? Explain.",NA,"The paragraph asks the student to evaluate a suggested function and determine if any inputs violate the requirement, without presenting a specific error, comparison, or common mistake.",high,,B_boundary
12,"Methods & Meanings
ABSOLUTE VALUE
Absolute value is the numerical value of a number without its sign. The symbol for absolute value is two vertical bars, | |, one on each side of the number. Absolute value can represent the distance on a number line between a number and 0. Since a distance is always positive, the absolute value is always either a positive value or 0. The absolute value of a number is never negative.
For example, the number −3 is 3 units away from 0, as shown on the number line. Therefore, the absolute value of −3 is 3. This is written |−3| = 3.
Likewise, the number 5 is 5 units away from 0. The absolute value of 5 is 5, written |5| = 5.",NA,"The paragraph only provides definition and examples of absolute value, with no mention of errors, mistakes, or comparing student work.",high,,B_boundary
28,"Launch
Think about something that you are not good at. Prepare to share one of your ideas with a partner.",NA,"The paragraph asks students to reflect on a personal weakness and share ideas, with no mention of errors, mistakes, or comparing student work.",high,,B_boundary
33,Closure: Compare and contrast the graphs from the three situations that you investigated. How are the graphs similar and how are they different? Be prepared to share some ideas and questions with the class.,NA,"The paragraph asks students to compare and contrast graphs, not to identify or correct errors, nor does it involve named students or error alerts.",high,,B_boundary
39,"1-24. Consider what you know about function machines and answer the following questions. a. If −9 is the input of the function machines shown (Function A: y = x^2 + 3; Function B: y = √(x − 2)), what are the outputs? b. Eric wants the output for each function machine to be 0. Can he do this with either machine? Explain.",NA,"The paragraph asks students to compute outputs and explain, without presenting any error, mistake, or comparison of student work.",high,,B_boundary
62,"1-41. Bianca noticed that the equation of a cube root function, y = ∛x, looks similar to the equation of a square root function, y = √x, but has the number three to distinguish them. She wondered, “How do the graphs compare? a. Bianca’s teammate, Bob, started to create a table but kept getting irrational numbers for most of the values they used. What values of x might they choose to make all of the y-values in their table integers? b. Bianca had an idea: “Why don’t we start with the output and work backwards to complete the table?” Discuss Bianca’s strategy with your team, then complete her table (Input x, Output y: −5, −4, −3, −2, −1, 0, 1, 2, 3, 4, 5). c. Graph the equation y = ∛x. Choose an appropriate scale using your completed table as a guide. d. Is the point (0.25, 0.5) on the graph of y = √x? Is the point on the graph of y = ∛x? How do you know? e. Return to Bianca’s original question: How do the graphs of square root and cube root functions compare?",NA,"The paragraph asks students to perform tasks (choose values, complete table, graph) and does not present a student's error to correct, nor warn about common mistakes, nor compare conflicting answers.",high,,B_boundary
76,"1-52. Throughout this course, key concepts have been selected as checkpoint problems so you can check your understanding. Each checkpoint problem is marked with the icon shown. This problem is a checkpoint for solving problems with solving linear equations with integer coefficients. It will be referred to as Checkpoint 1. Solve each equation. a. 3x + 7 = −x − 1 b. 1 − 2x + 5 = 4x − 3 c. 4x − 2 + x = –2 + 2x d. 3x − 4 + 1 = −2x − 5 + 5x. Check your answers. Which aspects of solving linear equations with integer coefficients do you feel most comfortable with? Which aspects do you notice giving you trouble? For extra support, refer to the review materials and practice problems that are available in the Checkpoint Materials.",NA,"The paragraph asks students to solve linear equations and reflect on their understanding, without presenting any errors, mistakes, or comparisons.",high,,B_boundary
91,"1-64. THE DRINK MACHINE. The drink machine at your school offers several different drinks. Your favorite drink, Juice Blast, has two buttons, while Tidal Blue, Lemon Twister, and Ice Blue each have one button. a. Describe the inputs and outputs of this drink machine. b. Ms. Whitney pushed the button for Lemon Twister and got a can of Lemon Twister. Later, she went back to the same machine and pushed the Lemon Twister button again, but this time she got a can of Juice Blast. Is the machine functioning consistently? Why or why not? c. When Brandi pushed the top button for Juice Blast, she received a can of Juice Blast. Her friend Miguel pushed the second button for Juice Blast. He, too, received a can of Juice Blast. Each of them asked five friends to push the two Juice Blast buttons and they all got the same result—a can of Juice Blast. Is the machine functioning consistently? Why or why not? d. When Loutfi pushed a button for Tidal Blue, he received a can of Lemon Twister. Then Tayeisha pushed the Tidal Blue button and received a can of Lemon Twister. Later, Tayeisha noticed that everyone else who pushed the Tidal Blue button received a Lemon Twister. Is the machine functioning consistently? Explain why or why not.",NA,"The paragraph presents a scenario and asks students to evaluate consistency; it does not present a student's mistake, compare approaches, or warn about common errors.",high,,B_boundary
94,"1-67. Jade notices that the line graphed is a function and exclaims, “Hey, I think all lines are functions!” Do you agree? Support your response with a diagram.",NA,The paragraph presents a student's misconception but does not explicitly warn about a common mistake nor ask to locate or correct an error; it simply asks the reader to evaluate the claim.,high,,B_boundary
97,"1-69. Solve each equation and check the solution.
a. 6 − x − 3 = 10
b. 100x + 300 = 200
c. 1/3 x + 4 = x − 2
d. 36 − 2x = −x + 2",NA,"The paragraph simply asks students to solve equations and check their own solutions, with no mention of errors, mistakes, or comparing student work.",high,,B_boundary
108,"Closure

Consider the following questions. Think about them by yourself first, and then prepare to share your thoughts with a partner.
• What is the most challenging aspect of determining the domain and range of a relationship?
• What questions do you have about domain and range?
• What is something that will be important for you to remember from this lesson?",NA,"The paragraph asks students to reflect on concepts and discuss with a partner, with no mention of errors, mistakes, or comparing student work.",high,,B_boundary
111,"1-78. Which of the following relationships are functions? If a relationship is not a function, give a reason to support your conclusion.
a. [Graph shown]
b. [Table shown: inputs -3, 5, 19, 0; outputs 19, 19, 0, -3]
c. [Table shown: inputs 7, -2, 0, 7, 4; outputs 10, 0, 10, 3, 0]
d. [Graph shown]",NA,"The paragraph asks students to determine whether relationships are functions and to justify non‑functions, without referencing any student work, errors, or common mistakes.",high,,B_boundary
116,"Launch
Your teacher will display two students’ work. Analyze the work and be prepared to share a few thoughts.",NA,"The paragraph mentions two students' work but does not specify disagreement or errors; it simply asks to analyze, so it fits NA more than any error-focused category.",low,COMPARE_AND_CONTRAST,B_boundary
121,"CL 1-83. Use the Order of Operations to determine the value of each of the following expressions.
a. 5 − 2 · 3^2
b. (−2)^2
c. 18 ÷ 3 · 6
d. −2^2
e. (5 − 3)(5 + 3)
f. 24 · 1/4 ÷ −2
g. Why are the answers for parts (b) and (d) different?",NA,"The paragraph presents a set of practice problems and a conceptual question, without showing a student's error, comparing students, or warning about common mistakes.",high,,B_boundary
125,"CL 1-87. Solve each equation. Check your solutions.
a. 3x − 1 = 4x + 8 − x
b. −10 + 5x = 7x − 4
c. 28 − 6x + 4 = 30 − 3x
d. 4x − 1 = 9x − 1 − 5x",NA,"The paragraph only instructs students to solve equations and check their answers, with no mention of errors, named students, or common mistakes.",high,,B_boundary
129,"CL 1-91. Check your answers using the table at the end of this section.
• Which problems do you feel confident about?
• Which problems do you find challenging?
• How do the problems in this section relate to problems you worked on previously?
• Use the table to identify any topics you need help with and topics you need to practice more.",PARSE_ERROR,"{
  ""reasoning"": ""The paragraph asks students to reflect on confidence, challenge, and topics needing practice",unknown,,B_boundary
139,"2-5. Now consider Tile Pattern D, also shown on the Lesson 2.1.1B Resource Page. a. What would the figures before and after these look like? Draw Figures 0 and 4 for this pattern on the resource page. b. What equation can be used to calculate the number of tiles in a figure given the figure number? Use color to show where the numbers in your equation appear in the tile pattern. c. Make a table for the equation you wrote in part (b). Does the information in your table match the diagrams from part (a)? d. What is the same about this pattern and Pattern C? What is different? How do you see those similarities and differences in the tile patterns? e. How might someone see these similarities and differences in the equations? f. How might someone see these similarities and differences in the table?",NA,"The paragraph asks students to create drawings, equations, tables, and compare patterns, with no reference to errors, mistakes, or error detection.",high,,B_boundary
141,"2-6. A tile pattern has 5 tiles in Figure 0 and adds 7 tiles in each new figure. A student writes f(x) = 7x + 5 to represent the growth of this tile pattern, where x represents the figure number and f(x) represents the number of tiles. Copy this equation on your paper, and annotate it using the following. • Draw an arrow pointing to the name of the function. • Circle the output. • Draw a box around the input. • Underline the growth rate and the starting value.",NA,"The paragraph asks students to copy and annotate a given function; it does not ask them to find or correct an error, compare approaches, or warn about common mistakes.",high,,B_boundary
148,"2-11. Two friends, Marie and Jamie, got summer jobs. Marie works at an ice cream shop, earning $17 per hour. Jamie works as a dog walker, earning $25 per hour, but only works 3 days a week for 4 hours each day. a. Copy and complete the following tables showing Marie’s and Jamie’s earnings. b. Look at the difference in earnings from one cell to the next in each table. What do you notice? c. Explain how both functions show equal differences over equal intervals, even though the contexts are slightly different (per hour versus per week).",NA,The paragraph asks students to complete tables and observe patterns; it does not present or ask about errors.,high,,B_boundary
153,"2-16. Michaela was trying to determine the slope of the line shown, so she selected two points where the graph intersects with lattice points (locations where the grid lines intersect) and then drew a slope triangle. a. Michaela is not sure whether Δy = 3 or Δy = −3. What would you tell her? b. When writing the slope of the line, Michaela thinks she can write either −3/4 or −(3/4). Is that true? Are these ratios equal? c. What is the equation of Michaela’s line?",NA,"The paragraph asks the reader to address Michaela's misconceptions about slope signs, but does not present her erroneous work to be corrected nor explicitly state an error to locate, so it does not fit the error-focused categories.",medium,INCORRECT_TO_CORRECT,B_boundary
159,"2-21. What is the output for the function with the given input? If there is no possible output for the given input, explain why not. Input: x = 1, Function: f(x) = x / (x − 1), Output: f(1) = ?",NA,"The paragraph simply asks the student to determine the function's output for a given input, with no mention of errors, named students, or common mistakes.",high,,B_boundary
163,"2-23. In 2025, a woman in Kentucky named Holly discovered that her son had used her online account to buy 70,000 lollipops. The total cost was $4,200. She decides to make the best of the mistake and sell the lollipops for 10 cents each. a. Write a linear function to model this situation Let f(x) represent the amount Holly has yet to make back after selling x lollipops. b. If this function were graphed, where would the line intersect the axes? What do these intercepts mean in terms of the context of this problem? c. Sketch a graph of the function. d. What does the slope of the function represent in this situation? e. Suppose Holly can only sell 20,000 lollipops. How much would she have to charge to get the $4,200 back? How would that change the function you wrote in part (a)?",NA,"The paragraph presents a standard modeling problem without any mention of errors, mistakes, or comparison of student work.",high,,B_boundary
174,2.1.4 What information determines a line? f(x) = mx + b AND MORE ON SLOPE. Launch: Mathematicians construct viable arguments and critique the reasoning of others. Your teacher will display an image for a Which One Is Unique? activity. Be prepared to construct an argument for which one you believe is unique.,NA,"The paragraph describes an activity to construct arguments and critique reasoning, without mentioning errors, mistakes, or comparing named students' solutions.",high,,B_boundary
178,"2-35. THE LINE FACTORY. You are an engineer at the city’s premier Line Factory. Your job is to process customers’ orders for lines. Analyze the recent orders shown. If the customer has provided enough information to produce one (and only one) line, then pass it on to your production department with an equation and a graph. However, if you do not have enough information to draw one specific line, then draw at least two lines that fit the order and send it back to the customer. If the order is not a line, write a note to the customer explaining why it is not a line. The Line Factory standardizes its graphs by scaling the axes from −10 to 10 in both directions. a. Line A goes through the point (2, 5). b. Line B has a slope of −3 and goes through the origin. c. Line C goes through points (−3, −2) and (3, 10). d. Line D has the following table: x: 2, 3, 4, 5; y: 1, 3.5, 6, 8.5. e. Line E grows by 4. f. Line F goes through the point (8, −1) and has a slope of −3/4. g. Customer G sent the following table: x: −2, −1, 0, 1, 2, 3; y: 1/9, 1/3, 1, 3, 9, 27.",NA,"The paragraph presents a set of tasks for constructing lines based on given information, without referencing errors, mistakes, or comparing student work.",high,,B_boundary
180,NOTE: This stoplight icon will appear periodically throughout the text. Problems with this icon may highlight common errors. Identify and correct the error(s).,COMMON_ERROR_ALERT,"The paragraph warns that the stoplight icon may highlight common errors and instructs the reader to identify and correct them, fitting the pattern of a common error alert rather than a specific error detection task.",medium,EXPLICIT_ERROR_DETECTION,B_boundary
186,2-40. Suppose the rule for the tile pattern is f(x) = 10x − 18. A student thinks that Figure 12 of this pattern will have 108 tiles. Is this student correct? Justify your answer.,NA,"The paragraph asks the reader to evaluate a student's claim but does not present the student's work, ask to locate an error, or compare multiple approaches, so it does not fit any error-focused categories.",high,,B_boundary
192,"2-44. Each team in the class will be assigned one or two equations from the list shown. In each equation, x represents time (seconds) and y represents distance from the wall (feet).

As a team, describe the movement represented by your equation. Then sketch a graph of your equation.

i. y = 3x + 2
ii. y = −x + 10
iii. y = 6
iv. y = 2x + 4
v. y = −2x + 13
vi. y = x + 5
vii. y = −0.5x + 15
viii. y = 1.5x + 3",NA,"The paragraph asks students to describe and graph given equations, with no mention of errors, mistakes, or comparing student work.",high,,B_boundary
194,"2-45. The graph represents the number of tiles in a tile pattern.
a. Based on the information in the graph, how many tiles are being added each time (that is, what is the slope of the line)? Pay close attention to the scale of the axes.
b. How many tiles are in Figure 0?
c. Write the equation for the tile pattern.
d. How would the line change if the pattern grew by 12 tiles each time instead?",NA,"The paragraph asks students to interpret a graph, compute slope, write equation, and consider a hypothetical change; it does not involve identifying or correcting errors.",high,,B_boundary
200,"Explore
Today, you will investigate speed as a rate of change. As you graph the results of a competitive tricycle race, consider how the participants’ rates of change compare.",NA,"The paragraph asks students to explore and compare rates of change, with no mention of errors, mistakes, or correction of student work.",high,,B_boundary
201,"2-50. THE BIG RACE − HEAT 1
Before a big race, participants often compete in heats, which are preliminary races that determine who competes in the final race. Later in this chapter, your class will compete in a tricycle race against the winners of these heats.
In the first heat, Leslie, Kristin, and Evie rode tricycles toward the finish line. Leslie began at the starting line and rode at a constant rate of 2 meters every second. Kristin got an 8-meter head start and rode 2 meters every 5 seconds. Evie rode 5 meters every 4 seconds and got a 6-meter head start.
a. What questions could you ask about this situation?
b. Modeling is the process of creating a mathematical representation of a real-world problem to understand, predict, or analyze its behavior. What are the key quantities involved in modeling this race? Include units and justify why each quantity is useful for your model.
c. If the race is 20 meters long, who won? Use graphs and equations to justify your answer.
d. Kristin wanted to model her race using functions, where x represents time in seconds.
• To represent her speed of 2 meters every 5 seconds, she wrote the function f(x) = 2/5 x.
• To represent her 8-meter head start, she wrote the function g(x) = 8.
How can Kristin combine her two functions to build a function that models her race?",NA,"The paragraph presents a scenario and asks modeling questions; it does not present a student's error to find or correct, nor compare approaches, nor warn about common mistakes.",high,,B_boundary
202,"2-51. THE BIG RACE − HEAT 2
In the second heat, Elizabeth, Kaye, and Hannah raced down the track. They knew the winner would compete against the other heat winners in the final race.
a. Kaye’s race can be modeled by the function f(x) = 2/3 x + 1. What was her speed (in meters per second)? Did she get a head start?
b. Elizabeth’s race can be modeled by the graph of the function shown. Who is riding faster, Elizabeth or Kaye? How do you know?
c. Just as she started pedaling, Hannah’s shoelace came untied! Being careful not to get her shoelace tangled in the pedal, she rode slowly. Fortunately, she got a head start. Hannah’s race is represented by the following table. Who had more of a head start: Hannah or Elizabeth? How do you know?
Time (seconds) | Distance (meters)
14 | 10
28 | 14
42 | 18
d. To entertain the crowd, a clown rode a tricycle in the race described by the function f(x) = 20 − x. Without graphing or making a table, fully describe the clown’s ride.",NA,"The paragraph presents a scenario and asks standard questions about modeling and comparison, without referencing any errors, mistakes, or correction of student work.",high,,B_boundary
207,"2-54. THE BIG RACE − HEAT 3
Barbara, Mark, and Carlos participated in the third heat of the Big Race. Barbara thought she could win with a 3-meter head start, even though she only pedaled 3 meters every 2 seconds. Mark began at the starting line and finished the 20-meter race in 5 seconds. Meanwhile, Carlos rode his tricycle so that his distance, c(x), from the starting line in meters could be represented by the equation c(x) = 5/2 x + 1, where x represents time in seconds.
a. What is the dependent variable? What is the independent variable?
b. Using the given information, graph lines for Barbara, Mark, and Carlos on the same set of axes. Who won the 20-meter race and will advance to the final race?
c. Write equations that describe Barbara’s and Mark’s motion.
d. How fast did Carlos pedal? Write your answer as a unit rate.
e. When did Carlos pass Barbara? Confirm your answer algebraically.",NA,"The paragraph presents a standard multi-part problem without any mention of errors, mistakes, or conflicting student answers.",high,,B_boundary
213,2-58. Consider the two graphs shown. Explain why these graphs are not possible for the quantities and units provided.,EXPLICIT_ERROR_DETECTION,"The paragraph presents graphs that are impossible given the quantities and units and asks the reader to explain why, which is an explicit request to locate an error.",high,,B_boundary
215,"Methods & Meanings
LETTERS IN MATHEMATICS
Letters are used in math in various ways, but they do not all represent the same thing. Here are five ways you may see letters used in this course.
1. Unknowns are letters that stand for a specific number that is not known yet. They are used in equations that are being solved.
For example, p is an unknown in the equation 3 + p = 5; p is a number that is not known yet, but it can be figured out.
2. Variables are letters that represent quantities that can change. They can take on different values while maintaining a particular relationship.
For example, x and y are variables in the equation 3 + x = y; as x changes, y changes, too.
3. Constants are letters that stand for fixed, unchanging values. They never vary within a problem or situation. Parameters are constants within specific problems or situations, but when parameters are letters, they can define a whole class of things, such as families of functions.
For example, the number π ≈ 3.14159… is a constant. π is a Greek letter used for the universal mathematical constant that represents the ratio of a circle’s circumference to its diameter. The value of π is always the same, no matter the circle.
Additionally, m and b are parameters in the equation y = mx + b; within a specific problem, m and b will have fixed values, such as −5 and 1, respectively, in y = −5x + 1. Yet, different values of m and b will yield different lines.
4. Labels are letters used as shortcuts for the purpose of naming or identifying. They do not represent a numerical value that changes or is solved for.
For example, f is a label in the equation f(x) = 2x + 3; the name of this function is f. (Note that this equation also has variables: x is the independent variable, and f(x), which represents the output of the function and is sometimes replaced with y, is the dependent variable.)
5. Placeholders are letters that represent values in general examples or rules. These are helpful when discussing properties that are true for a whole collection of values or when generalizing patterns.
For example, a is a placeholder in the property a^(−1) = 1/a; the letter a is used as a placeholder for any non-zero number.",NA,"The paragraph only explains different uses of letters in mathematics and does not present any errors, student work, or comparisons.",high,,B_boundary
220,"2-63. Each part (a) through (d) represents a different tile pattern. For each one, determine how the pattern is growing and the number of tiles in Figure 0.
a. [tile pattern shown]
b. [graph shown]
c. f(x) = 3x − 14
d. [table: x = -3, -2, -1, 0, 1, 2, 3; g(x) = 18, 13, 8, 3, -2, -7, -12]",NA,"The paragraph asks students to determine pattern growth and tile counts; it contains no error detection, correction, comparison, or warning about common mistakes.",high,,B_boundary
232,"2-71. MATCH-A-GRAPH
Match the following graphs with their equations. Pay special attention to the scaling of each set of axes. Explain how you determined each match.
A. y = 1/4 x + 4
B. y = 1/2 x + 4
C. y = 2x + 4
D. y = −2/3 x + 4",NA,"The paragraph asks students to match graphs to equations and explain reasoning, with no mention of errors, mistakes, or comparing student work.",high,,B_boundary
245,"Launch
Mathematicians construct viable arguments and critique the reasoning of others. Your teacher will display an image for a Which One Is Unique? activity. Be prepared to construct an argument for which one you believe is unique.",NA,"The paragraph asks students to construct an argument about a unique item, with no mention of errors, mistakes, or comparing student work.",high,,B_boundary
249,"2-82. The graph of the absolute value function g(x) = |2x| is shown.
DeAndre says that this is an example of a piecewise function because the graph shows two distinct pieces. What does he mean? What are the two pieces? What is the equation for each piece?",NA,The paragraph asks the student to explain a concept (piecewise representation) and does not involve identifying or correcting an error.,high,,B_boundary
256,"2-88. This problem is the checkpoint for evaluating expressions and the Order of Operations. It will be referred to as Checkpoint 2.
Evaluate each expression if x = −2, y = −3, z = 5.
a. 2x + 3y + z
b. x − y
c. 2((x + y)/z)
d. 3x^2 − 2x + 1
e. 3y(x + x^2 − y)
f. −z^2(1 − 2x)/(y − x)
Check your answers. Which aspects of evaluating expressions and the Order of Operations do you feel most comfortable with? Which aspects do you notice giving you trouble? For extra support, refer to the review materials and practice problems that are available in the Checkpoint Materials.",NA,"The paragraph asks students to evaluate expressions and reflect on their comfort, without presenting errors, error detection, or comparisons.",high,,B_boundary
262,"2-91. Which equation shown has no solution? Explain how you know.
A. 4(x + 1) = 2x + 4
B. 9 − 5x + 2 = 4 − 5x",NA,"The paragraph asks the student to identify which of two equations has no solution, without presenting a student's error or warning about common mistakes.",high,,B_boundary
264,"2-93. Sally ordered her groceries online. She accidentally ordered 120 pounds of flour (instead of 10 pounds) and only uses 5 pounds of flour every two months.
a. What is the rate of change for this situation, including the units?
b. Write an equation that represents this situation. Be sure to define your variables.",NA,"The paragraph presents a word problem asking for rate of change and an equation; it does not involve identifying or correcting errors, comparing student work, or warning about common mistakes.",high,,B_boundary
271,"Portfolio
This section gives you an opportunity to show growth in your understanding of key mathematical ideas over time as you complete this course.
Review your work from problem 2-35, “The Line Factory.” Consider the following questions.
• What strategies did you use when completing the problem? What new strategies have you learned since then?
• What questions did you have when you originally completed the problem? Do you still have the same questions?
• Are there any parts of the problem you have not yet completed? Consider doing so now.
Congratulations! You are now the owner of the city’s premier Line Factory. However, instead of raking in huge profits, you have noticed that you are only breaking even because many customers are ordering incorrect lines. After your company has produced the customer’s line (at great expense), they have refused to pay for it, claiming it was not the line they wanted.
To prevent your customers from ordering the wrong lines, you need to produce a pamphlet to explain how to order a line. Carefully determine what information should be included in the pamphlet so that customers will know how to write their equations in the form f(x) = mx + b to obtain the desired lines.",NA,"The paragraph asks students to reflect on their work and design a pamphlet; it does not present a student's error, ask to find or correct an error, compare approaches, or warn about a common mistake.",high,,B_boundary
285,"CL 2-106. Check your answers using the table at the end of this section.
• Which problems do you feel confident about?
• Which problems do you find challenging?
• How do the problems in this section relate to problems you worked on previously?
• Use the table to identify any topics you need help with and topics you need to practice more.",NA,"The paragraph asks students to reflect on confidence and challenges and to use a table for self-assessment, not to identify or correct errors.",high,,B_boundary
294,"3-4. Is each of the following pairs of expressions equivalent? Use what you know about expanding the expressions and Giant Ones to justify your answers. If the expressions are not equivalent, correct the expression to the right of the equal sign to make the expressions equivalent.
a. h^(3/4) · h^(5/4) · k = h^(16/5) · k
b. 39p^4 q^5 / (3p^2 q^2) = 13p^2 q^3
c. (9^2 · 5^3)/(9^3 · 5^2) = 5/9
d. 3^(5/2) · 3^2 = 9^5
e. (9.0 × 10^6)/(0.5 × 10^6) = 18
f. w^2 / w^5 = w^3
g. (7.0 × 10^3)^2 / (3.5 × 10^2) = 2.0 × 10^4
h. 5g^50 / 10g^5 = g^45 / 2
i. (x^(5/8))^8 = x^(5/8)",NA,"The paragraph asks students to determine equivalence of expressions and correct them if wrong, without referencing a student's error or warning about common mistakes; it is a standard exercise.",high,,B_boundary
296,"Closure
Discuss the class’s expressions with teammates. Use the following sentence frames to guide your discussion.
• I [ agree / disagree ] that ______, because ______.
• How does _____ relate to _____?
• I think _____ means _____, but I am not sure about _____.
• This is similar to what we did because _____ means _____.",NA,"The paragraph provides discussion prompts and sentence frames, with no mention of errors, mistakes, or comparing student work.",high,,B_boundary
303,"Launch
Mathematicians look for and make use of structure. Your teacher will display a numerical expression for a Number Talk. Think about how you might use the structure of the numerical expression to determine the expression’s value. Extend one finger close to your chest when you have a response and justification.
Number Talks help build number sense—flexibly working with numbers. Keep an open mind, try different strategies, and make mistakes. Taking risks and learning from mistakes are part of the learning process.",NA,"The paragraph provides general instructional guidance about Number Talks and encourages learning from mistakes, without presenting a specific error, named student work, or warning about common mistakes.",high,,B_boundary
307,"3-14. How can each expression be rewritten two different ways, using the methods described?
• Repeated multiplication and eliminating the Giant Ones.
• The pattern for division with exponents you summarized in problem 3-12.
Be ready to discuss the meaning of negative exponents.
a. x^4 / x^5
b. x^2 / x^4
c. x^7 / x^10",NA,"The paragraph asks students to rewrite expressions using methods; it does not present a student's error, compare approaches, detect an error, or warn about common mistakes.",high,,B_boundary
311,"Closure
REFLECTION JOURNAL
LESSON 3.1.2: INTERPRETING ZERO AND NEGATIVE EXPONENTS
Think about what you learned from your teammates' various perspectives or approaches to solving a problem.
• What do zero and negative exponents mean? That is, how do you interpret x^0 and x^-1 and 1 / x^-1? Use examples to illustrate your descriptions.
• Think about the different explanations you heard from your classmates. Which ones made the most sense or were the most convincing? Why do you think they were?
_____ made sense because _____. I am convinced that _____, because _____.
• What might be important to remember that you can use in the future?
It is important to remember _____, because _____.",NA,"The paragraph prompts reflective discussion about classmates' perspectives, without naming specific students or presenting conflicting answers, and does not focus on detecting or correcting errors.",high,,B_boundary
320,"3.2.1 How might I use algebra tiles?
ALGEBRA TILES
Launch
Mathematicians construct viable arguments and critique the reasoning of others. Your teacher will display an image for a Which One Is Unique? activity. Be prepared to construct an argument for which one you believe is unique.
Explore
In previous math courses, you worked with the areas and perimeters of shapes made up of rectangles. Today, you will describe shapes made of rectangular algebra tiles. Algebra tiles can be used as visual representations of expressions and equations.",NA,"The paragraph describes an activity using algebra tiles and asks students to construct an argument, with no mention of errors, mistakes, or comparing student work.",high,,B_boundary
326,"Closure
Be prepared to share justifications for tile moves you used in problem 3-29. Discuss with your team how your strategies were the same as or different from classmates' strategies.",NA,"The paragraph asks students to discuss and compare their strategies with classmates, but does not present named students or explicit errors, so it is not an error-focused prompt.",medium,COMPARE_AND_CONTRAST,B_boundary
328,"3-31. What is the value of x in each equation? Show how you check that your solution is correct.
a. 3x + 5 − x = x − 3
b. 5x − (x + 1) = 5 − 2x",NA,"The paragraph asks students to solve equations and check their solutions, with no mention of errors, mistakes, or comparing student work.",high,,B_boundary
329,"3-32. Fisher thinks that any two lines must have a point of intersection. Is Fisher's claim correct? If so, explain how you know. If not, produce a counterexample; that is, give an example of two lines that do not have a point of intersection.",NA,"The paragraph presents a single student's claim and asks the reader to evaluate it, without showing an error, multiple viewpoints, or a warning about common mistakes.",high,,B_boundary
337,"Closure
Discuss the following claims with a partner.
• Tile moves that only happen on one side of the mat/equation are acceptable.
• Tile moves that happen on both sides of the mat/equation are acceptable.",NA,"The paragraph prompts discussion of claims and does not present a student's error, compare approaches, explicitly ask to locate an error, or warn about common mistakes.",high,,B_boundary
339,"3-39. Consider the Equation Mat shown.
a. What equation might the tiles on the Equation Mat represent? Do not combine like terms.
b. A student used the following tile moves to calculate the value of x. Do you agree that each tile move should work to identify the value of x? Explain why or why not.
Tile Move | Explanation (The tile move [ works / does not work ], because _____)
Flip tiles from the subtraction region to the addition region (↕). |
Group like tiles together. |
Remove pairs −x and x and −2 and 2 from the left side. |
Remove the pair −3 and 3 from the right side. |
Add 2 unit tiles to both sides. |
Remove the pair −2 and 2 from the left side. |
Add an x-tile to the right side and remove the pair −x and x from that side. |
Flip all left tiles to the right side and all right tiles to the left side ↔. |
c. According to the steps in part (b), what is the value of x? Is that the correct value of x? Support your answer by showing how you check the solution.",EXPLICIT_ERROR_DETECTION,"The paragraph presents a student's tile-move solution and asks the reader to evaluate each move, identifying which are valid and which are not, i.e., to locate errors in the presented work.",high,INCORRECT_TO_CORRECT,B_boundary
350,3-48. How would adding (36x^2 − 28x + 17) + (−32x^2 − 18x + 12) be the same as and different than your work in problem 3-47?,NA,"The paragraph asks the student to compare their previous work with a new addition problem, without mentioning errors, mistakes, or named students.",high,,B_boundary
351,"3-49. A student's description of how they would add two polynomials is shown.
• Add the coefficients 12 and −8 but keep the variable the same.
• Add the coefficients −15 and −27 but keep the variable the same.
• Add the constants −25 and −36.
a. What are two possible polynomials the student added?
b. What would you ask the student about the polynomials they added to confirm the expressions you wrote in part (a) match those the student added?",NA,"The paragraph asks students to infer possible polynomials from a student's description and to formulate a question to confirm, without indicating any error or mistake.",high,,B_boundary
354,"3-52. Students were asked to represent ""1"" in as many ways as possible. The following is a list of some of their rough draft ideas. Explain why you think each representation does or does not represent ""1.""
a. (5y^-1) / (5y^-1)
b. 2/3 (1.5)
c. 3/8 x^0",NA,"The paragraph asks the reader to evaluate student-generated representations of 1, without naming a specific student's error or prompting to locate a stated mistake, so it does not fit any error-focused categories.",high,,B_boundary
362,"3-57. When solving x/6 = 5/2 for x, Nathan noticed that x is divided by 6.
a. Nathan wants your advice about how to solve the equation. What would you think Nathan should do to both sides of the equation to get x alone?
b. What is the value of x? Solve, then check your solution in the original equation.
c. Use the same process to solve this equation for x: x/10 = 2/5.",NA,"The paragraph asks the reader to advise a student on solving an equation, without presenting an error or warning about common mistakes.",high,,B_boundary
369,"3-63. Examine the solutions for parts (b), (c), (g), and (h) of problem 3-62. Those equations represent the Distributive Property. Multiply the following expressions without using algebra tiles. Be ready to share your process with the class.
a. 2x(6x + 5)
b. 6(4x + 1)
c. 3y(4x + 3)
d. 7y(10x + 11y)",NA,"The paragraph asks students to examine solutions and multiply expressions, with no mention of errors, mistakes, or comparing student work.",high,,B_boundary
374,"Types of Polynomials: one variable: The same variable appears throughout the expression (e.g., 5x^2, 4.25y^3, 25y^4 - 4y^2, 7x^2 + 3x - 12); one term (monomial): Contains no addition or subtraction. Might contain one constant, one variable, or a combination of variables (e.g., 3.6, 7y^2, 17rs); two terms (binomial): Two terms (monomials) separated by one addition or subtraction symbol (e.g., x^3 - 0.5x, 2y + 5, 0.25x^2 - 0.36y^2). The following expressions are not polynomials: 2^x - 3, 1/(x^2 - 2), √(x - 2).",NA,"The paragraph provides definitions and examples of polynomial types without referencing errors, mistakes, or comparing student work.",high,,B_boundary
381,"You have used algebra tiles and the concept of area to multiply polynomial expressions. In this lesson, you will work towards multiplying expressions without tiles. As you work, consider the following questions: Is there a pattern? What happens when you multiply by a negative number?",NA,"The paragraph asks students to consider patterns and effects of multiplying by a negative number, with no mention of errors, mistakes, or comparing student work.",high,,B_boundary
384,3-73. The following diagram is referred to as a generic rectangle. How is the generic rectangle similar to the set of tiles in problem 3-72? How is it different? Record your observations.,NA,"The paragraph asks students to compare a diagram to a previous problem and record observations, without mentioning any errors, mistakes, or named students' work.",high,,B_boundary
388,"REFLECTION JOURNAL - LESSON 3.2.6: ALGEBRA TILES AND AREA MODELS. In this chapter, you have used algebra tiles to support your understanding of multiplication. Think about what you have learned from classmates: new strategies, perspectives, terms, etc. How have algebra tiles and area models helped you to better understand multiplication? If you would like, use the following prompts to get started: What about working with algebra tiles did you find helpful or difficult? What about working with area models did you find helpful or difficult? Provide examples of algebra tile diagrams and area models to support your journal entry.",NA,"The paragraph asks for reflective journal entries about learning with algebra tiles and area models, with no mention of errors, mistakes, or comparing student work.",high,,B_boundary
389,"PROPERTIES OF REAL NUMBERS: The tile moves have mathematical names, called the properties of real numbers. Commutative Property: The order in which numbers or terms are added or multiplied is not important (e.g., a + b = b + a, a · b = b · a; non-examples: 7 - 2 ≠ 2 - 7, 50 ÷ 10 ≠ 10 ÷ 50). Associative Property: The grouping of numbers or terms being added or multiplied is not important (e.g., (a + b) + c = a + (b + c), (a · b) · c = a · (b · c); non-examples: (5 - 2) - 3 ≠ 5 - (2 - 3), (12 ÷ 4) ÷ 2 ≠ 12 ÷ (4 ÷ 2)). Identity Property of Addition: Adding zero to any expression gives the same expression (e.g., a + 0 = a; non-examples: 5a · 0 ≠ 5a). Identity Property of Multiplication: Multiplying any expression by one gives the same expression (e.g., 1 · a = a; non-examples: 6 + 1 ≠ 6). Additive Inverse Property: For every number a, there is an opposite number −a such that a + (−a) = 0. The sum of additive inverses is zero (e.g., 3 + (−3) = 0; non-examples: 8 − (−8) ≠ 0). Multiplicative Inverse Property: For every nonzero number a, there is a reciprocal number 1/a such that a · 1/a = 1. The product of multiplicative inverses is 1 (e.g., 6 · 1/6 = 1; non-examples: −3/5 + (−5/3) ≠ 1).",NA,"The paragraph only defines properties and gives examples/non-examples; it does not ask students to find or correct errors, compare approaches, or warn about common mistakes.",high,,B_boundary
398,"3-84. Discuss how the following equations are similar to and different than the expressions in problem 3-83. Then, solve the equations. Record your work for each step. a. 2(y − 2) = −6  b. 5x^2 + 43 = (x − 1)(5x + 6)  c. (x + 3)(x + 4) = (x + 1)(x + 2)  d. 2(x + 1) + 3 = 3(x − 1)",NA,"The paragraph asks students to discuss similarities/differences and solve equations, with no mention of errors, mistakes, or comparing student work.",high,,B_boundary
411,3-94. Identifying the rate of change and starting value for y = 3x + 4 by visual inspection is possible when equations are in slope–intercept y = (mx + b) form. What if equations are not in slope–intercept form? a. The line −6x + 2y = 10 is written in standard form. How might standard form be different from slope–intercept form? b. Can you easily tell what the slope of the line is? Its starting value? Predict the slope and starting value. c. Arrange the equation −6x + 2y = 10 as shown on an Equation Mat. Rearrange the tiles to get y by itself on the left side of the mat. Record each tile move algebraically. d. Compare your prediction in part (b) to your answer in part (c). How close were your predictions to the y-intercept and slope?,NA,"The paragraph asks students to predict and then compute slope and intercept, with no mention of errors, mistakes, or comparing different students' work.",high,,B_boundary
414,Closure: How is solving multivariable equations for one of the variables like solving one-variable equations?,NA,"The paragraph asks a conceptual comparison question, not about errors or student work.",high,,B_boundary
415,3-97. Solve each equation. Be sure to solve for all possible answers and check your solutions. a. |x| = 7  b. |2x| = 32  c. |x + 7| = 10  d. |x| = 53.1,NA,"The paragraph simply asks students to solve equations and check their solutions, with no mention of errors, named students, or common mistakes.",high,,B_boundary
423,"3-105. Reflect on the four equations you worked on in problem 3-104. Write your responses to the following reflection questions. • Which equation was the most difficult for you? • What strategies helped you persevere to solve that equation? • If another student struggled with that problem, what advice would you give them?",NA,"The paragraph asks for personal reflection on difficulty and strategies, with no mention of errors, error detection, or comparison of student work.",high,,B_boundary
425,"REFLECTION JOURNAL - LESSON 3.3.3: ACADEMIC MINDSETS. Barack Obama once said, “You can’t let your failures define you. You have to let your failures teach you.” There may be times in this class when you struggle to make sense of math concepts, struggle to interact with teammates, and/or struggle with the classroom culture. How you handle those times will contribute to your success. Take time to reflect and write on how you respond to challenges. As you write, think about the following: What about the learning environment might be making learning difficult? What about past learning experiences might be making learning difficult? What causes you to want to give up, and what causes you to want to try one more time? How do you typically respond if you are unsuccessful on your first attempt at learning something new? Think of a time you tried, learned from a failed attempt, and tried again. How can you apply your learning in that situation to learning challenging math concepts?",NA,"The paragraph is a reflective writing prompt about personal challenges and mindsets, with no error-focused task or mention of common mistakes.",high,,B_boundary
439,"3-117. This problem is a checkpoint for operations with rational numbers. It will be referred to as Checkpoint 3.

Compute each of the following problems with fractions.
a. -2/3 + (-1/8)
b. 3 1/2 − (-1 1/3)
c. (-4 1/5)(-1/3)
d. (-2/3) ÷ 1/4
e. 1 3/4 + (-5 1/3)
f. (-2 2/3) ÷ (-1 1/6)

Check your answers. Which aspects of operations with rational numbers do you feel most comfortable with? Which aspects do you notice giving you trouble? For extra support, refer to the review materials and practice problems that are available in the Checkpoint Materials.",NA,"The paragraph simply presents computation problems and asks students to check their own answers; it does not present errors, compare student work, or warn about common mistakes.",high,,B_boundary
446,"Portfolio

This section gives you an opportunity to show growth in your understanding of key mathematical ideas over time as you complete this course.

Solve the equations in problem 3-113. If you have already solved them, review your work and revise it as needed. Record your work neatly and justify each step as evidence of the mathematics you are now able to do. Carefully show how you check your solutions.

Then show how you applied your understanding of area to use an area model to multiply expressions. For example, the area of the rectangle shown represents the product (4x + 3)(2x − 7). Complete the generic rectangle and write its area as a sum.

Another student in your class thinks that (x + y)^2 = x^2 + y^2. Justify why (x + y)^2 = x^2 + 2xy + y^2 so that they are convinced that your answer is correct.

Extend this idea: What if one of the expressions being multiplied has three terms? How can a generic rectangle be used to multiply two expressions such as (x^2 − 3)(3y + 2x + 1)?",INCORRECT_TO_CORRECT,"The paragraph presents a (unnamed) student’s incorrect claim that (x + y)^2 = x^2 + y^2 and asks the reader to justify the correct expansion, i.e., to find and correct the error.",high,,B_boundary
450,"CONSTRUCT VIABLE ARGUMENTS AND CRITIQUE THE REASONING OF OTHERS

Mathematically proficient students understand and use stated assumptions, definitions, and previously established results in constructing arguments. They make conjectures and build a logical progression of statements to explore the truth of their conjectures. They are able to analyze situations by breaking them into cases and can recognize and use counterexamples. They justify their conclusions, communicate them to others, and respond to the arguments of others. They reason inductively about data, making plausible arguments that take into account the context from which the data arose. Mathematically proficient students are also able to compare the effectiveness of two plausible arguments, distinguish correct logic or reasoning from that which is flawed, and—if there is a flaw in an argument—explain what it is. Elementary students can construct arguments using concrete referents such as objects, drawings, diagrams, and actions. Such arguments can make sense and be correct, even though they are not generalized or made formal until later grades. Later, students learn to determine domains to which an argument applies. Students at all grades can listen or read the arguments of others, decide whether they make sense, and ask useful questions to clarify or improve the arguments.",NA,"The paragraph describes learning objectives and general practices, without presenting a specific error, student work, or warning about common mistakes.",high,,B_boundary
452,"USE APPROPRIATE TOOLS STRATEGICALLY

Mathematically proficient students consider the available tools when solving a mathematical problem. These tools might include pencil and paper, concrete models, a ruler, a protractor, a calculator, a spreadsheet, a computer algebra system, a statistical package, or dynamic geometry software. Proficient students are sufficiently familiar with tools appropriate for their grade or course to make sound decisions about when each of these tools might be helpful, recognizing both the insight to be gained and their limitations. For example, mathematically proficient high school students analyze graphs of functions and solutions generated using a graphing calculator. They detect possible errors by strategically using estimation and other mathematical knowledge. When making mathematical models, they know that technology can enable them to visualize the results of varying assumptions, explore consequences, and compare predictions with data. Mathematically proficient students at various grade levels are able to identify relevant external mathematical resources, such as digital content located on a website, and use them to pose or solve problems. They are able to use technological tools to explore and deepen their understanding of concepts.",NA,"The paragraph describes general instructional content about tool use and does not present a specific error, student work, or warning about common mistakes.",high,,B_boundary
466,"CL 3-129. Check your answers using the table at the end of this section.
• Which problems do you feel confident about?
• Which problems do you find challenging?
• How do the problems in this section relate to problems you worked on previously?
• Use the table to identify any topics you need help with and topics you need to practice more.",NA,"The paragraph asks students to reflect on confidence, challenge, and topic connections, without presenting any errors or asking to locate/correct mistakes.",high,,B_boundary
467,"GOAL JOURNAL 3: STUDY HABITS AND STRATEGIES, PART 1

How and when do you study for a test or work on an assignment? Have you ever waited until the last minute to do either of these things? If you have, this can lead to added stress and anxiety, which may interfere with learning. This is especially true if you have more than one test or assignment due on the same day.

If you have a test in a week, studying a little each day might help you to identify concepts you think are challenging or need to practice more before the test. In this Goal Journal, think and then write a goal about how to improve your study techniques. Give attention to the following questions as you write.
• What is the specific goal of your study time?
• What is a reasonable amount of time you can devote to reviewing and how often can you review (e.g., 10 minutes daily, 30 minutes every other day, or 20 minutes once a week)?
• What study habits work for you? For example, is it helpful to have conversations with peers, annotate notes, have your notes read to you, make study videos, make study cards, read journals and math notes, rework problems from the chapter, etc.?
• If you are unsure about concepts, what supports are available (e.g., peer tutoring, teacher tutoring, videos, etc.)?",NA,"The paragraph asks students to reflect on study habits and set goals; it does not present errors, compare student work, or warn about common mistakes.",high,,B_boundary
470,"4-1. PLANTING TREES

Charles and Amy are summer interns at a state park. They are helping to plant trees in an area where there was a forest fire. Charles’s uncle owns a tree nursery and is willing to donate a 3-foot tall tree that will grow 1.5 feet per year.

Amy goes to another nursery, but is only able to get tree seeds donated. According to the seed package, the trees are expected to grow 1.75 feet per year.

Charles plants the tree and Amy plants a seed on the same day. Amy thinks that even though her tree will be shorter than Charles’s tree for the first several years, it will eventually be taller because it grows more each year.

Will the trees ever be the same size? If so, how many years will it take? Use three representations (table, graph, equation) to justify your answer.",NA,"The paragraph presents a word problem asking students to determine when two growing trees will be the same height, with no mention of errors, mistakes, or correction of a student's work.",high,,B_boundary
471,"4-2. Explore the meaning of solutions to the “Planting Trees” problem by answering these questions.
a. How many solutions does the equation for Charles’s tree have? That is, how many coordinate pairs make the equation true? How many solutions does the equation for Amy’s tree have?
b. In the context of the “Planting Trees” situation, what is the meaning of a solution to Charles’s equation?
c. How many (x, y) coordinate pairs are solutions to both Charles’s and Amy’s equations? How can you tell by looking at a graph?",NA,"The paragraph asks conceptual questions about solutions to equations, with no focus on errors, error detection, or comparing student approaches.",high,,B_boundary
472,"4-3. Two park rangers also want to help restore the forest after the fire. They plant trees that have been bred to grow as follows. Assume both trees grow at a constant rate.

RANGER ZHU:
Time (years) | Height of Tree (ft)
2 | 8
4 | 11
6 | 14

RANGER TORRES:
Time (years) | Height of Tree (ft)
2 | 6
4 | 9
6 | 12

a. Write an equation for Ranger Zhu’s tree and for Ranger Torres’s tree. Graph both lines on the same set of axes from problem 4-1.
b. When will Ranger Zhu’s tree be the same height as Charles’s tree? When will Ranger Torres’s tree be the same height as Charles’s tree?
c. You could have answered part (b) by looking at the equations for Ranger Zhu’s and Ranger Torres’s trees. Explain how you could answer the questions using only the equations.",NA,"The paragraph presents a standard problem asking students to write equations, graph, and apply them; it does not involve identifying or correcting errors, comparing conflicting answers, or warning about common mistakes.",high,,B_boundary
475,"METHODS & MEANINGS: TREND LINE

A trend line is a straight line that generally represents data on a scatter plot. An example is shown. This line does not need to touch any of the actual data points, nor does it need to go through the origin. The trend line is a model of numerical two-variable data that helps describe the data in order to make predictions for other data.

To write the equation of a trend line, choose the coordinates of any two convenient points on the line (they could be lattice points where the gridlines intersect, data points, or a combination). Then write the equation of the line that goes through these two points.

In the diagram shown, the point (2, 3) is a lattice point and (6, 6) is a data point. The equation of the line that goes through these two points is y = 3/4 x + 3/2.",NA,"The paragraph only explains how to write the equation of a trend line and gives an example; it does not present errors, compare students, or warn about common mistakes.",high,,B_boundary
477,"4-6. Solve for x. Check your solutions, if possible.
a. −2(4 − 3x) − 6x = 10
b. (x − 5) / (−2) = (x − 1) / (−3)",NA,"The paragraph simply asks students to solve equations and check their solutions, with no mention of errors, named students, or common mistakes.",high,,B_boundary
481,"4-10. A prime number is defined as a number with exactly two integer factors: itself and 1. Jeannie thinks that all prime numbers are odd. Is she correct? If so, state how you know. If not, provide a counterexample.",EXPLICIT_ERROR_DETECTION,"The paragraph presents a named student's claim that may be false and asks the reader to identify the error and provide a counterexample, matching explicit error detection.",high,INCORRECT_TO_CORRECT,B_boundary
484,"4-12. ONE EQUATION OR TWO?
Morgan earns extra money by taking cans and bottles to the recycling center. She turned in a bag of recycling from their camping trip. In the bag, the number of cans was one more than four times the number of bottles. She earned 12¢ for each bottle and 10¢ for each can, and ended up earning $2.18 in all. How many cans and bottles did she recycle?
a. Morgan's brother Solomon wants to solve the problem using just one variable. Define a variable using a ""let"" statement, then write an equation that Solomon could use to solve the problem.
b. Solve Solomon's equation and answer the question in the problem using a complete sentence.
c. Morgan wants to solve the problem using two variables. Define two variables using ""let"" statements, then write the two equations that Morgan could use to solve the problem.
d. Do Solomon's equation and Morgan's equations represent the same problem? Why or why not?
e. Show that your solution from part (b) makes both equations in part (c) true.",NA,"The paragraph asks students to set up and solve equations, compare approaches, and verify solutions, without presenting any errors or warnings about mistakes.",high,,B_boundary
485,"4-13. Solomon and Morgan are excited to do some more recycling.
With the support of their parents, Solomon will recycle the household electronics and Morgan will recycle the household small appliances. They looked online and discovered that the local recycling center offers $0.60 per pound for appliances and $1.50 per pound for electronics. There is an additional $27 hazardous waste fee to recycle electronics, no matter the amount recycled.
Solomon and Morgan wonder whether they could earn the same amount of money by recycling the same weight of appliances and electronics. How many pounds of electronics and household appliances would they each need to recycle so that they earn the same amount of money?
a. Define the variables using ""let"" statements.
b. Write an equation that represents how much Solomon would earn by recycling electronics.
c. Write another equation that represents the amount Morgan would earn from recycling appliances.
d. How many pounds of electronics and household appliances would they each need to recycle so that they earn the same amount of money?",NA,"The paragraph presents a word problem and asks students to define variables, write equations, and solve; it does not involve identifying or correcting errors, comparing conflicting answers, or warning about common mistakes.",high,,B_boundary
486,"4-14. Solomon and Morgan would like to spend some time on the river during a family trip. Solomon wants to rent a two-person kayak. Kayaks can be rented for $8 per hour with a $5 setup fee for kayak rentals.
Morgan notices the sign shown and says, ""Look, a canoe is actually cheaper if we rent one for a long enough period of time!""
Canoe Rentals
Setup Fee: $9
Rental Fees:
1 hour: $6
2 hours: $12
3 hours: $18
4 hours: $24
Write two equations to model this situation. Use the equations to determine the number of hours it would take for canoe rentals and kayak rentals to cost the same amount. Be sure to write ""let"" statements and check your answer.",NA,"The paragraph asks students to model a rental cost situation and solve for equality, without presenting errors, mistakes, or conflicting student answers.",high,,B_boundary
488,"4-15. Solve this problem by writing and solving an equation. Be sure to define your variable. Does your answer make sense in this context?
A rectangle has a perimeter of 30 inches. Its length is one less than three times its width. What are the length and the width of the rectangle?",NA,"The paragraph asks the student to solve a word problem; it does not present an error, compare approaches, or warn about common mistakes.",high,,B_boundary
491,"4-18. Determine whether the statement shown is always, sometimes, or never true. Justify your conclusion.
2(3 + 5x) = 6 + 5x",NA,"The paragraph asks the student to evaluate a given algebraic statement, with no mention of a student's error, comparison, or warning about common mistakes.",high,,B_boundary
495,"Launch
Mathematicians construct viable arguments and critique the reasoning of others. Your teacher will display an image for a Which One Is Unique? activity. Be prepared to construct an argument for which one you believe is unique.",NA,"The paragraph asks students to construct an argument about a unique item, with no mention of errors, mistakes, or comparing student work.",high,,B_boundary
497,"4-21. Herman and Jacquita are each saving money for games at the local arcade. Herman currently has $4.25 and is saving $0.50 per week. Jacquita has $1 and is saving $2 per week.
a. Define your variables using let statements, and write two equations to represent the situation. Is the relationship between time and money saved linear in this context? Why or why not?
b. Solve your system of equations from part (a). Check your solution. What does your solution mean in context?
c. What was your first step for solving the system of equations you wrote in part (a)? If you set two expressions that represent the same quantity equal to each other, then you used the Equal Values Method of solving a system of equations. Why does this method work?",NA,"The paragraph asks students to set up and solve a system of equations and explain the method, without presenting any errors, conflicts, or warnings about common mistakes.",high,,B_boundary
498,"4-22. Ernesto bought some video games. He paid $59.99 for each game. Justice bought the same number of games from an online store. She paid $56.99 for each game, plus a flat shipping rate of $12. In the end, both Ernesto and Justice spent the exact same amount of money buying the same number of games! How many games did they each buy? Define your variables using let statements. Then write and solve a system of equations to represent the situation.",NA,"The paragraph presents a standard word problem requiring setting up and solving a system of equations, with no mention of errors, mistakes, or student work to critique.",high,,B_boundary
509,"4.2.1 How can I use substitution to solve the system?
SOLVING SYSTEMS OF EQUATIONS USING SUBSTITUTION
Lesson Focus
LANGUAGE OBJECTIVE
Speak: I can compare two different methods for solving systems of equations with a partner.
STANDARDS FOR MATHEMATICAL PRACTICE
1: Make sense of problems and persevere in solving them.
2: Reason abstractly and quantitatively.
6: Attend to precision.
7: Look for and make use of structure.
MAJOR CONCEPTUAL IDEAS
• Structures, Proof, and Reasoning
• Modeling, Application, and Problem Solving",NA,"The paragraph describes lesson objectives and mentions comparing two methods, but does not present student errors, named conflicting answers, or warnings about common mistakes.",high,,B_boundary
513,"4-32. Ernesto noticed something about the system in problem 4-31. He asked, ""If y equals −x − 7, can I substitute −x − 7 in place of y in the second equation?"" He showed his thinking as follows.
y = −x − 7
↓
5y + 3x = −13
a. Does his idea make sense mathematically?
b. What will the second equation be after Ernesto's substitution? Is the new equation true?
c. Use Ernesto's idea to solve the system of equations. Remember to check the solution in both original equations.
d. The process you used in this problem to solve the system is called the Substitution Method. How does this solution process compare to your process in problem 4-31? Which method do you prefer? Be prepared to share your ideas with the class.",NA,"The paragraph asks the student to evaluate a proposed substitution and solve the system, but does not present a specific error to find or correct, nor warn about common mistakes.",high,,B_boundary
515,"4-34. When Mei solved the following system of equations, she got the solution x = 1, y = 6. Without solving the system yourself, can you tell her whether this solution is correct? How do you know?
4x + 3y = 22
x − 2y = 0",INCORRECT_TO_CORRECT,"The paragraph presents a named student's solution and asks the reader to determine if it is correct, implying detection and correction of a possible error.",medium,EXPLICIT_ERROR_DETECTION,B_boundary
517,"Closure
In the previous lesson, you used the Equal Values Method to solve systems of equations. In today's lesson, you used the Substitution Method to solve systems of equations. How are these methods similar, and how are they different? Use examples from your work.",COMPARE_AND_CONTRAST,"The paragraph asks students to compare two methods (Equal Values and Substitution) and discuss similarities and differences, fitting the compare-and-contrast pattern.",high,,B_boundary
521,"4-38. The Fabulous Footballers scored an incredible 55 points at last night's game. Interestingly, the number of field goals was one more than twice the number of touchdowns. The Fabulous Footballers earned 7 points for each touchdown and 3 points for each field goal.
a. Which of the following systems of equations best represents this situation? Explain your reasoning. Assume that t represents the number of touchdowns and f represents the number of field goals.
A. t = 2f + 1
7t + 3f = 55
B. f = 2t + 1
7t + 3f = 55
C. t = 2f + 1
3t + 7f = 55
D. f = 2t + 1
3t + 7f = 55
b. Solve the system you selected in part (a) to determine how many touchdowns and field goals the Fabulous Footballers made last night.",NA,The paragraph asks students to model a word problem with a system of equations and solve it; it does not present or ask about errors.,high,,B_boundary
522,"4-39. Yesterday, Mica was given some information and was asked to write a linear equation. But last night, her cat walked all over the information! Shown is all she has left.
a. Complete the table and graph the line that represents Mica's equation.
b. Mica thinks the equation for this line could be 2x + y = −3. Is she correct? Explain why or why not. If not, write your own equation to match the graph and table.",INCORRECT_TO_CORRECT,"The paragraph presents a named student's proposed equation and asks the reader to determine if it is correct and, if not, to correct it, fitting the INCORRECT_TO_CORRECT pattern.",medium,EXPLICIT_ERROR_DETECTION,B_boundary
525,"4.2.2 How can a solution be represented?
MAKING CONNECTIONS: SYSTEMS AND MULTIPLE REPRESENTATIONS
Lesson Focus
LANGUAGE OBJECTIVE
Write: I can compare and contrast solutions for two-variable equations with solutions to systems of equations in my journal.
STANDARDS FOR MATHEMATICAL PRACTICE
1: Make sense of problems and persevere in solving them.
2: Reason abstractly and quantitatively.
4: Model with mathematics.
MAJOR CONCEPTUAL IDEAS
• Structures, Proof, and Reasoning
• Modeling, Application, and Problem Solving",NA,"The paragraph lists objectives, standards, and conceptual ideas without mentioning any errors, mistakes, or comparing student work.",high,,B_boundary
529,"Further Guidance
4-43. Start by focusing on one aspect of the problem: the cost to ride the gondola. The conductor charges $2 for each yodeler and $1 for each xylophone. It costs $40 for the entire club, with xylophones, to ride the gondola.
a. Write an equation with two variables that represents this information. Be sure to define your variables.
b. Identify a combination of xylophones and yodelers that will make your equation from part (a) true. Is this the only possible combination?
c. List five additional combinations of xylophones and yodelers that could ride the gondola if it costs $40 for the trip. With your team, agree on a way to organize and share your list.
d. Jon says, ""I think there could be 6 xylophones and 12 yodelers on the gondola."" Is he correct? Use the equation you have written to explain why or why not.
e. Helga says, ""Each correct combination we listed is a solution to our equation."" Is this true? Explain what it means for something to be a solution to a two-variable equation.",NA,"The paragraph asks students to evaluate a named student's claim (Jon's) but does not present a specific erroneous solution to locate or correct, nor does it compare multiple approaches or warn about common mistakes. This is more a verification task than explicit error detection.",medium,EXPLICIT_ERROR_DETECTION,B_boundary
530,"4-44. Now consider the other piece of information: The number of yodelers is twice the number of xylophones.
a. Write an equation that expresses this piece of information. Use your ""let"" statement from part (a) of problem 4-43.
b. List four different combinations of xylophones and yodelers that will make this equation true.
c. Write the equation from part (a) and the equation from problem 4-43 as a system of equations, and use the Substitution Method to solve the system.
d. How can you confirm that the answer you determined in part (c) is a solution to the system of equations?",NA,"The paragraph presents a standard problem set with no mention of errors, mistakes, or comparing student work.",high,,B_boundary
532,"4-46. Look at your equations and graphs for ""The Hills Are Alive.""
a. Write the coordinates of the x- and y-intercepts for the line representing the cost. What does each point represent in terms of the situation?
b. Write the coordinates of the x- and y-intercepts for the line representing the possible numbers of yodelers and xylophones. What does each point represent in terms of the situation?
c. Where do the graphs intersect each other?
d. The words ""intersect"" and ""intercept"" look and sound a lot alike, but what do they mean? How are they alike? How are they different?",NA,"The paragraph asks students to identify intercepts, interpret points, and discuss terminology, without presenting or asking about errors.",high,,B_boundary
535,"4-47. Camila is trying to write the equation of a line that passes through the points (−1, 16) and (5, 88). Does the equation y = 12x + 28 work? Justify your answer.",NA,"The paragraph asks the reader to evaluate Camila's proposed equation, but does not explicitly ask to find or correct an error, so it fits NA more than the error-focused categories.",medium,INCORRECT_TO_CORRECT,B_boundary
539,"4-51. Rianna thinks that if a = b and if c = d, then a + c = b + d. Is she correct?",NA,"The paragraph asks whether a single student's claim is correct, without showing any work or error to locate, so it does not fit any error-focused categories.",high,,B_boundary
544,"4-53. Jeanette is trying to calculate the intersection point of the lines described by the equations shown.
2x − 3y = 8
7x + 3y = 1
She has decided to use the Substitution Method to calculate the point of intersection. Her plan is to solve the first equation for x, and then to substitute the result into the second equation. Use Jeanette's idea to solve the system.",NA,"The paragraph presents a named student’s plan to solve a system but does not ask the reader to find or correct an error, compare approaches, or warn about common mistakes.",high,,B_boundary
545,"4-54. AVOIDING THE MESS: THE ELIMINATION METHOD
Now your team will explore a new method, called the Elimination Method, to figure out the solution to Jeanette's system more efficiently. The system is shown.
2x − 3y = 8
7x + 3y = 1
a. Build Jeanette's first equation on an Equation Mat as shown.
b. Jeanette makes the move shown. Is her move mathematically valid?
c. Jeanette says, ""Aha! Now I can use substitution!""
What move did Jeanette make? Is this move mathematically valid? Why did Jeanette call it substitution? Refer to the original system of equations as you discuss these questions.
d. Build Jeanette's move on your equation mat and remove zero pairs. Then write the new equation that results from Jeanette's move. Notice that you now have only one equation with one variable. What happened to the y-terms?
e. Combine like terms and then solve the new equation for x.
f. Use your solution for x to determine y. Check that your solution makes both original equations true.
g. Why do you think this method is called the Elimination Method?",EXPLICIT_ERROR_DETECTION,"The paragraph asks the reader to evaluate whether Jeanette's move is mathematically valid, prompting identification of a possible error, which matches explicit error detection.",high,,B_boundary
548,"4-57. Jeanette’s classmate was going to use the Elimination Method for the following system of equations. 2x + 7y = 13; 2x + 3y = 5. They tried to add equivalent expressions to both sides of the equation to eliminate the x-terms when they noticed an issue: Both x-terms are positive! With your team, brainstorm ways that you can combine the equations so that the x-terms are eliminated. If possible, solve the system using your method and check your solution. Be ready to share your method with the class.",NA,"The paragraph asks students to brainstorm a method to eliminate x-terms, not to locate or correct a specific student's mistake, nor does it warn about a common error.",high,,B_boundary
552,"4-59. What is the point of intersection, if one exists, of each pair of lines? If you use an Equation Mat, be sure to record your process on paper. Check each solution, if possible. a. x = −2y − 3, 4y − x = 9 b. x + 5y = 8, −x + 2y = −1 c. 4x − 2y = 5, y = 2x + 10",NA,"The paragraph simply asks students to find intersection points of line pairs and to check solutions; it does not present errors, compare student work, or warn about common mistakes.",high,,B_boundary
553,4-60. Jai was solving the system of equations shown when something strange happened. y = −2x + 5; 2y + 4x = 10. a. Solve the system. What do you notice? b. Graph the two lines on the same set of axes. What happened? c. How does your graph in part (b) explain your result in part (a)?,NA,"The paragraph asks the student to solve and graph the system and reflect, without presenting a specific error to find or correct, so it is standard content.",high,,B_boundary
560,"4-65. Which of the two systems of equations would be easier to solve using the Elimination Method? Once you have explained your decision, use the Elimination Method to solve this system of equations. (You do not need to solve the other system!) Record your steps and check your solution. a. 5x − 4y = 37, −8x + 4y = −52 b. 4 − 2x = y, 3y + x = 11",NA,"The paragraph asks the student to choose and solve a system; it does not present or ask about errors, mistakes, or compare student work.",high,,B_boundary
561,"4-66. Consider the following system. 2x + y = 10; 3x − 2y = 1. a. Combine the equations. What happened? b. Rhia said to her team, “I want to eliminate the y-terms. I have an idea!” She wrote the following step: 2 · (2x + y) = (10) · 2. Explain Rhia’s work. Will it help eliminate the y-terms? c. Is Rhia’s step mathematically valid? Is the equation 2x + y = 10 equivalent to 4x + 2y = 20? Justify your conclusion. Be ready to share your reasoning with the class. d. Can 2x + y = 10 be replaced by 4x + 2y = 20 to help solve this system? If so, solve the system for x and y. If not, brainstorm another way to eliminate a variable. Be sure to check your solution. e. How did Rhia decide to multiply the first equation by 2? Will the Elimination Method work if you multiply the second equation by 2 on both sides? Test this idea.",EXPLICIT_ERROR_DETECTION,"The paragraph presents a named student's (Rhia) step that is likely wrong and asks the reader to judge its validity and whether it eliminates the variable, i.e., to identify the error.",high,INCORRECT_TO_CORRECT,B_boundary
562,"4-67. For each system, determine: • Is the system a good candidate for the Elimination Method? Why or why not? • What is the best way to get one equation with one variable? Carry out your plan and solve the system for both variables. • Is your solution correct? Verify by substituting your solution into both original equations. a. 5m + 2n = −10, 3m + 2n = −2 b. 6a − b = 3, b + 4a = 17 c. 7x + 4y = 17, 3x − 2y = −15",NA,"The paragraph asks students to solve systems and verify their solutions, without presenting errors, student work, or warnings about common mistakes.",high,,B_boundary
568,4-71. Candice is solving this system: 2x − 1 = 3y; 5(2x − 1) + y = 32. a. She notices that each equation contains the expression 2x – 1. Can she substitute 3y for 2x − 1? Why or why not? b. Substitute 3y for 2x − 1 in the second equation to create one equation with one variable. Then solve for both variables.,NA,"The paragraph presents a problem scenario with a named student but does not show any error to be detected or corrected, nor does it compare approaches or warn about common mistakes.",high,,B_boundary
573,"4-74. Consider this system. 4x + 3y = 10; 9x − 4y = 1. With your team, propose a way to combine these equations so that you eventually have one equation with one variable. Be prepared to share your proposal with the class.",NA,"The paragraph asks students to propose a method for solving a system; it does not present a student's error, compare approaches, or warn about common mistakes.",high,,B_boundary
576,"4-77. The equations of two lines are given. A table of solutions for the first equation has been started for you. (2y − 5x = 8: x = -6, y = -11; x = -4, y = -6; x = -2, y = -1; x = 0; x = 2; x = 4; and y = 5/2 x − 2: x = -6, -4, -2, 0, 2, 4). a. Complete the tables for the given equations. Using the tables, can you readily identify the point of intersection of these two lines? b. Graph both lines. Without algebraically solving the system of equations, predict what the solution to this system will be. Explain. c. Solve the system algebraically. How does this compare to your work in parts (b) and (c)?",NA,"The paragraph asks students to complete tables, graph, predict and solve a system; it does not involve identifying or correcting errors, comparing student work, or warning about common mistakes.",high,,B_boundary
585,"4-84. This problem is a checkpoint for solving linear equations with fractional coefficients. It will be referred to as Checkpoint 4. Solve each equation. a. 1/6 m − 3 = −5 b. 2/3 x − 3 = 1/2 x − 7 c. x + x/2 − 4 = x/4. Check your answers. Which aspects of solving linear equations with fractional coefficients do you feel most comfortable with? Which aspects do you notice giving you trouble? For extra support, refer to the review materials and practice problems that are available in the Checkpoint Materials.",NA,"The paragraph asks students to solve equations and reflect on their comfort, without presenting errors, named students, or warnings about common mistakes.",high,,B_boundary
587,"4.3.1 Explore: When you have a system of equations to solve, how do you know which method to use? Today, you will focus on how to choose a method that is the most efficient for solving a system of equations.",NA,"The paragraph asks students to consider method selection for solving systems; it does not present errors, mistakes, or compare student work.",high,,B_boundary
588,4-85. Erica is playing a puzzle game on her phone to train her brain to look for patterns. She gets one attempt at each puzzle. The game awards 4 points for a correct solution and deducts 2 points for an incorrect solution. Erica has attempted 15 puzzles so far and has earned 6 points. a. Write a system of equations representing this situation. b. Solve the system of equations using two different methods: Substitution and Elimination. Demonstrate that each method results in the same solution.,NA,"The paragraph asks the student to create and solve a system using two methods, with no mention of errors, mistakes, or comparing student work.",high,,B_boundary
589,"4-86. Obtain a set of cards from the Lesson 4.3.1 Resource Page. With your team, sort each system-of-equations card by the solving method that would be the most efficient: the Substitution Method, the Elimination Method, or the Equal Values Method. Do not solve the systems yet. Be prepared to justify your reasons for choosing one method over the others.",NA,The paragraph asks students to sort problems by method and justify choices; it does not involve identifying or correcting errors.,high,,B_boundary
594,"4-89. Consider the equation −6x = 4 – 2y. a. What shape would the graph of this equation have? How can you tell? b. Without changing the form of the equation, determine the coordinates of three points that must be on the graph of this equation. Then graph the equation. c. Solve the equation for y. Does your answer agree with your graph? If so, how do they agree? If not, check your work to identify the error.",NA,"The paragraph asks the student to solve for y, compare with their graph, and if there is a mismatch, to check their own work. This is a self‑check task, not presenting a named student's error or an explicit error to locate, so it fits the NA category.",high,,B_boundary
598,4-93. Decide whether the given statement is true or false. Justify your response. The expression (x + 3)(x − 1) is equivalent to (x − 1)(3 + x).,NA,"The paragraph asks the student to decide true/false and justify; it does not present a student's error, compare approaches, or warn about common mistakes.",high,,B_boundary
601,4-94. Mateo is starting a party rental business and is considering three different pricing options for renting a bouncy house. His notes and cost comparison graph are shown. Opción 1: $11.50/h + $12 instalación; Opción 2: $3/h + $31 instalación; Opción 3: $1/h + $52.55 instalación. Help Mateo understand these options from a customer’s perspective. Explain under what circumstances a customer would choose each option. Include approximate values from the graph in your response.,NA,"The paragraph asks the student to analyze pricing options and explain choices; it does not involve identifying or correcting errors, comparing student work, or warning about common mistakes.",high,,B_boundary
602,"4-95. Sumeya has the equations of three lines: A, B, and C. When she solves a system with equations A and B, she gets no solution. When she solves a system with equations B and C, she gets an infinite number of solutions. What solution will she get when she solves a system with equations A and C? Justify your conclusion.",NA,"The paragraph poses a conceptual question about systems of equations without presenting a student's error, comparison, or warning about common mistakes.",high,,B_boundary
603,"4-96. Barry is helping his friend understand how to solve systems of equations. He wants to give them a practice problem that has two lines that intersect at the point (−3, 7). Help Barry by writing a system of equations that will have (−3, 7) as a solution and demonstrate how to solve it.",NA,"The paragraph asks the reader to create and solve a system, with no mention of errors, mistakes, or comparing students' work.",high,,B_boundary
604,4-97. The Math Club sold roses and tulips this year for Valentine’s Day. The number of roses sold was eight more than four times the number of tulips sold. Tulips were sold for $2 each and roses for $5 each. The club made $414. How many roses were sold? Solve this problem using two different methods.,NA,"The paragraph asks the reader to solve a word problem using two methods, without presenting errors, student work, or warnings about common mistakes.",high,,B_boundary
619,"Checking Understanding: The problems in this section combine what has been introduced in this chapter with what you have previously learned and practiced. Even if your teacher does not assign this section, you can use these problems to check your understanding. Solve each problem as completely as you can. The table at the end of the Closure section has answers to these problems. It also tells you where you can locate additional help and practice with problems like these.",NA,"The paragraph only instructs students to solve problems and check understanding, with no mention of errors, mistakes, or comparing student work.",high,,B_boundary
620,CL 4-106. Solve the system of equations shown. y = 3x + 2; 6x − 2y = 8. a. Describe what happened when you tried to solve the system. b. Graph the system of equations. How does the graph of the system explain what happened with the equations?,NA,"The paragraph asks the student to solve a system and reflect on the process, with no mention of errors, named students, or error detection.",high,,B_boundary
623,"CL 4-109. Bob climbed down a ladder from his roof, while Roy climbed up another ladder next to him. Their friend, Jill, recorded the following information about Bob and Roy.
• Bob started on the 30th rung and went down 2 rungs every second.
• Roy went up 1 rung every second.
At some point, Bob and Roy were at the same height. Which rung were they on?",NA,"The paragraph presents a word problem and asks the reader to solve it; it does not involve identifying or correcting errors, comparing student work, or warning about common mistakes.",high,,B_boundary
626,"CL 4-112. Leo solved a system of equations by graphing. His graph is shown.
a. Estimate the solution from the graph.
b. What is the equation of each line in the system?
c. Solve the system algebraically. How accurate was your estimate?",NA,"The paragraph asks the student to estimate, find equations, and solve; it does not present a student's error, compare conflicting answers, or warn about common mistakes.",high,,B_boundary
630,CL 4-116. Check your answers using the table at the end of the Closure section. Which problems do you feel confident about? Which problems were hard? Use the table to make a list of topics you need help on and a list of topics you need to practice more.,NA,"The paragraph asks students to reflect on confidence and difficulty, not to detect or correct errors, nor compares students or warns about common mistakes.",high,,B_boundary
631,"GOAL JOURNAL 4: MULTITASKING
Many people claim to be able to multitask. However, according to researchers such as Medina (2008), Kishner and De Bruyckere (2017), and Madore and Wagner (2019), the brain cannot multitask. Medina also states, ""Studies show that a person who is interrupted takes 50 percent longer to accomplish a task … and makes up to 50 percent more errors"" (p. 130).
• What steps can you take to limit distractions in class and at home?
• What methods or tools can help you concentrate in class and at home?
Write one goal for each of these bullet points that you can do to focus on your study skills and habits. Include how you plan to implement that specific goal.",NA,"The paragraph asks students to reflect on multitasking and write goals; it does not present student errors, compare approaches, or warn about common mistakes.",high,,B_boundary
642,5-6. Bennet is taking Algebra 1 and is stuck on rewriting (3a^(−2)b)^3 without negative exponents or parentheses. He knows that (3a^(−2)b)^3 = (3a^(−2)b)(3a^(−2)b)(3a^(−2)b). What could he do next?,NA,"The paragraph presents a student stuck on a problem and asks what to do next, without indicating an error to find or correct.",high,,B_boundary
647,"5-9. Consider some other cases for how a population of goats could grow. Henry wondered what would happen if he started with a larger number of goats, or if he raised a breed of goats that reproduced in larger numbers.

Case 2: Start with 10 goats; each pair has 2 babies per year.
Case 3: Start with 2 goats; each pair has 4 babies per year.
Case 4: Start with 2 goats; each pair has 6 babies per year.

How do you think each of these cases would change the growth you observed in the previous lesson? Model each case with a table for at least the first 5 years to help answer this question.",NA,"The paragraph asks students to model hypothetical scenarios; it does not present errors, compare student work, or warn about common mistakes.",high,,B_boundary
648,"5-10. Using the tables from problem 5-9, which case would appear to give Henry the most goats after 12 years? How many goats would he have in that case?",NA,"The paragraph asks the student to choose the best case from tables, with no mention of errors, mistakes, or named students.",high,,B_boundary
659,"5-18. The bounciness standards for the balls used in tennis, soccer, basketball, and squash are listed. Which ball is the bounciest? Justify your answer.
• Tennis ball: Must rebound approximately 111 cm when dropped from 200 cm onto a concrete surface.
• Soccer ball: Must rebound approximately 120 cm when dropped from 200 cm onto a steel plate.
• Basketball: Must rebound approximately 53.5 inches when dropped from 72 inches onto a wooden floor.
• Squash ball: Must rebound approximately 29.5 inches when dropped from 100 inches onto a steel plate.",NA,"The paragraph asks a factual comparison and justification, without presenting errors, mistakes, or conflicting student work.",high,,B_boundary
676,"5-31. Compare your graph for the height of successive bounces in problem 5-29 to the graph for drop height versus bounce height that you investigated in Lesson 5.1.3.

Can you use the same kind of equation to model the two situations? That is, what family of functions do you think would make the best fit for each data set? Discuss this with your team and be ready to report and justify your choice.",NA,"The paragraph asks students to compare two graphs and discuss modeling choices, with no focus on errors, mistakes, or conflicting student answers.",high,,B_boundary
677,5-32. Describe how the growth for successive bounces is the same as or different from other models that you have looked at previously.,NA,"The paragraph asks the student to describe similarities/differences between models, with no mention of errors, mistakes, or named students, so it is standard content.",high,,B_boundary
679,"Closure
Notice that your investigations of rebound patterns in Lessons 5.1.3 and 5.1.4 involved both a linear and an exponential model. Look back over your work and discuss with your team why each model was appropriate for its specific purpose. Be prepared to share your ideas with the class.",NA,"The paragraph asks students to discuss model appropriateness; it does not present an error, compare student answers, or warn about common mistakes.",high,,B_boundary
689,"5-41. SEQUENCE FAMILIES Samantha and her teacher have been busy creating new sequence generators and the sequences they produce. Shown are the sequences Samantha and her teacher created. i. −4, −1, 2, 5, … ii. 1.5, 3, 6, 12, … iii. 0, 1, 4, 9, … iv. 2, 3.5, 5, 6.5, … v. 1, 1, 2, 3, 5, 8, … vi. 9, 7, 5, 3, … vii. 48, 24, 12, … viii. 27, 9, 3, 1, … ix. 8, 2, 0, 2, 8, 18, … x. 5/4, 5/2, 5, 10, … Your teacher will give your team these sequences on strips so that everyone in your team can see and work with them in the middle of your workspace. a. As a team, initially sort the sequence strips into groups based on your first glance at the sequences. Remember that you can sort the sequences into more than two groups. You will have a chance to revise your groups of sequences throughout this activity, so start by sorting them in a way that makes sense to you. Which sequences seem to behave similarly? Record your groupings and what they have in common before proceeding. b. If one exists, identify a pattern for each sequence and write it on the strip. You can express the sequence generator either in symbols or in words. Also, record the next three terms in each sequence on the strips. c. Do your sequence families still make sense? If so, what new information do you have about your sequence families? If not, reorganize the strips and explain how you decided to group them.",NA,"The paragraph describes a collaborative activity to sort and analyze sequences, with no mention of errors, mistakes, or comparing incorrect work.",high,,B_boundary
696,5-46. Refer to sequences (iii) and (ix) in problem 5-41. a. How are these two sequences similar? b. The numbers in the sequence in part (v) from problem 5-41 are called Fibonacci numbers. They are named after an Italian mathematician who discovered the sequence while studying how fast rabbits could breed. What is different about this sequence than the other three you discovered?,NA,"The paragraph asks about similarities and differences between sequences, with no mention of errors, mistakes, or correction of student work.",high,,B_boundary
708,"5-55. This problem is a checkpoint for the properties of exponents and scientific notation. It will be referred to as Checkpoint 5A. Rewrite each expression. In parts (e) through (f), write the final answer in scientific notation. a. 4^2 · 4^5 b. (5^0)^3 c. x^(−5) · x^3 d. (x^(−1) · y^2)^3 e. (8 × 10^5) · (1.6 × 10^(−2)) f. (4 × 10^3) / (5 × 10^5) Check your answers. Which aspects of properties of exponents and scientific notation do you feel most comfortable with? Which aspects do you notice giving you trouble? For extra support, refer to the review materials and practice problems that are available in the Checkpoint Materials.",NA,The paragraph presents standard practice problems and reflection prompts without showing or asking about errors.,high,,B_boundary
712,"5-57. Consider the sequence f(n) = −4, −1, 2, 5, … a. If the first term is f(1), what is f(0) for this sequence? What is the common difference? b. Write an equation for f(n). Verify that your equation works for each of the first four terms of the sequence. c. Is it possible for f(n) to equal 42? Justify your answer. d. For the function f(x) = 3x − 7, is it possible for f(x) to equal 42? Explain. e. Explain the difference between f(n) and f(x) that makes your answers to parts (c) and (d) different.",NA,"The paragraph presents standard problem prompts without showing student errors, comparisons, or warnings about common mistakes.",high,,B_boundary
713,"5-58. Trixie wants to create an especially tricky arithmetic sequence. She wants the 5th term of the sequence to equal 11 and the 50th term to equal 371. That is, she wants f(5) = 11 and f(50) = 371. Is it possible to create an arithmetic sequence to fit her information? If it is possible, identify the sequence generator, the initial value f(0), and then write the equation for the arithmetic sequence. If it is not possible, explain why not.",NA,"The paragraph asks the student to determine feasibility and construct a sequence, with no mention of errors, mistakes, or comparing student work.",high,,B_boundary
717,"5-62. Trixie is at it again. This time, she wants an arithmetic sequence that has a graph with a slope of 22. She also wants f(8) = 164 and the 13th term to have a value of 300. Is it possible to create an arithmetic sequence to fit her requirements? If it is possible, write the equation. If it is not possible, explain why not.",NA,"The paragraph presents a problem scenario with a named student but does not show any erroneous work to be identified or corrected, nor does it compare approaches or warn about common mistakes.",high,,B_boundary
719,"5-64. Trixie exclaimed, “Hey! Arithmetic sequences are just another name for linear functions.” What do you think? Justify your idea based on multiple representations.",NA,"The paragraph presents a single student's claim and asks the reader to evaluate it, but does not explicitly ask to find or correct an error, nor does it compare multiple students, so it does not fit the defined error-focused categories.",medium,EXPLICIT_ERROR_DETECTION,B_boundary
722,5-66. Choose one of the sequences in problem 5-65 for which you determined that 447 is not a term. Write a clear explanation describing how you can be sure that 447 is not a term of the sequence.,NA,"The paragraph asks the student to explain why 447 is not a term of a sequence, without presenting a student's error, comparing approaches, or warning about common mistakes.",high,,B_boundary
728,"Explore: In this chapter, you have been writing equations for arithmetic sequences so that you could determine the value of any term in the sequence, such as the 100th term, directly. Today, you will investigate recursive sequences. A term in a recursive sequence depends on the term(s) before it.",NA,"The paragraph only introduces a new topic (recursive sequences) and does not mention any errors, mistakes, or compare student work.",high,,B_boundary
729,"5-71. Study the following sequence: –8, –2, 4, 10, … a. What are two ways that you could determine the 10th term of the sequence? What is the 10th term? b. If you have not done so already, write an equation that can be used to determine the value of any term f(n). This kind of equation is called an explicit equation. c. The next term after f(n) is called f(n + 1). Write an equation to determine f(n + 1) if you know what f(n) is. An equation that depends on knowing other terms is called a recursive equation.",NA,"The paragraph asks students to determine terms and write equations, with no mention of errors, mistakes, or comparing student work.",high,,B_boundary
731,"5-73. Avery and Collin were trying to challenge each other with equations for sequences. Avery wrote: f(n + 1) = (f(n))^2 – 1, f(1) = 3. a. What might be the first 4 terms of this sequence? b. Is Avery's sequence arithmetic, geometric, or some other kind of sequence? How do you know? c. How could Collin determine the 10th term of this sequence? You do not need to actually determine the 10th term.",NA,"The paragraph asks students to generate terms and analyze a sequence; it does not present errors, corrections, or conflicting answers.",high,,B_boundary
732,"5-74. Avery and Collin were still at it. a. Collin wrote: f(2) = 19, f(n + 1) = f(n) – 2. Help Avery write an explicit equation. Is the sequence arithmetic, geometric, or neither? b. Then Avery wrote f(n) = 6n + 8. Help Collin write a recursive equation. c. Discuss with your team the meaning of f(n), f(n + 1), and f(n − 1). Be sure to use the terms “arithmetic sequence,” “geometric sequence,” “explicit equation,” and “recursive equation” in your discussion.",NA,"The paragraph asks students to create explicit and recursive equations and discuss concepts; it does not present or ask to find errors, compare conflicting answers, or warn about common mistakes.",high,,B_boundary
734,"Closure: REFLECTION JOURNAL. For this journal entry, provide a response to the following prompt. Include more detail than you think you need. LESSON 5.2.4: WRITING SEQUENCES. • Explain in your own words what the difference is between an explicit equation and a recursive equation. • How would you say an arithmetic sequence differs from a geometric sequence?",NA,"The paragraph asks students to explain concepts in their own words, with no mention of errors, mistakes, or comparing student work.",high,,B_boundary
735,5-76. Avery and Collin were trying to challenge each other with equations for sequences. Avery was looking at an explicit equation that Collin wrote: f(n) = 4.5n – 8. a. Write the first 4 terms for the sequence. b. What would Avery do to write the 15th term of this sequence?,NA,"The paragraph asks students to generate terms from a given explicit formula; there is no error shown, correction required, or conflicting answers, so it is standard content.",high,,B_boundary
741,Launch: Mathematicians construct viable arguments and critique the reasoning of others. Your teacher will display an image for a Which One Is Unique? activity. Be prepared to construct an argument for which one you believe is unique.,NA,"The paragraph asks students to construct an argument about a unique item, with no mention of errors, mistakes, or comparing incorrect work.",high,,B_boundary
742,"Explore: So far in this chapter, you have looked at several types of sequences and compared linear and exponential growth patterns in situations, tables, and graphs. In this lesson, you will compare patterns of growth rates to each other. This work will also help you write equations for exponential sequences in the next lesson.",NA,"The paragraph only describes upcoming activities and does not involve error detection, correction, or warnings about common mistakes.",high,,B_boundary
743,"5-82. Send the Organizer to collect the Lesson 5.3.1A Resource Page. Analyze the following sequences by completing parts (a) through (d). Be prepared to share your results with the class. SEQUENCE A: n: 1, 2, 3, 4; f(n): 27, 54, 81, 108. SEQUENCE B: n: 1, 2, 3, 4; f(n): 9, 36, 81, 144. SEQUENCE C: n: 1, 2, 3, 4; f(n): 6, 12, 24, 48. a. On the resource page, create a graph that represents each of the sequences. Use a different color for each sequence. Although the graph is discrete, connect the points so you can see the patterns more easily. b. How does each sequence grow? Is the rate of change constant or changing? How? (Make slope triangles to help answer this question.) c. If you knew a specific term, how would you determine the next term? For example, if you knew the 10th term, how could you determine the 11th term? d. Which family of functions best models the sequence?",NA,"The paragraph asks students to analyze sequences, graph them, and discuss growth without mentioning any errors, mistakes, or comparing student work.",high,,B_boundary
744,"5-83. Suppose the three sequences from problem 5-82 represent three different options for savings accounts, where n represents the number of years, and f(n) represents the amount of money in the account. a. Which account would you want, Sequence A, B, or C? b. Would your answer change if you kept the account for many years? c. Obtain the Lesson 5.3.1B Resource Page. Extend the tables and the graph to n = 7. The table for Sequence B has been completed for you. d. Based on your new graph, do you want to change your answer to part (b)? Why or why not? e. How does the growth of a quadratic sequence like Sequence B compare to exponential growth? f. What is the average rate of change of the amount of money in the account for Sequence B over specific intervals? What about Sequence C? Indicate how and why you chose the intervals you chose.",NA,"The paragraph asks students to analyze sequences, extend tables, and compare growth, without referencing any errors or mistakes.",high,,B_boundary
745,"Closure: Consider the following statement and decide whether you agree or disagree with it and why. Think about it by yourself first, and then prepare to share your thoughts with teammates. An exponentially growing bank account will eventually contain more money than a linearly growing bank account for the same initial savings, regardless of how fast (steep) the rate of growth of the linear account is.",NA,"The paragraph asks students to evaluate a statement and discuss, without presenting any error, mistake, or comparison of incorrect work.",high,,B_boundary
751,"5-89. This problem is a checkpoint for writing the equation of a line. It will be referred to as Checkpoint 5B. Use the given information to write an equation of the line. a. Slope of 2 and passing through (10, 17). b. Passing through (1, −4) and (−2, 5). c. Table with x: −6, −3, 0, 3, 6 and f(x): −6, −4, −2, 0, 2. d. Graph of a line passing through (0, 9) and (4, 21). Check your answers. Which aspects of writing the equation of a line do you feel most comfortable with? Which aspects do you notice giving you trouble? For extra support, refer to the review materials and practice problems that are available in the Checkpoint Materials.",NA,"The paragraph asks students to write equations of lines from given information and reflect on their comfort, without presenting any student work, error, or warning about common mistakes.",high,,B_boundary
767,"Explore
Throughout this chapter, you have been learning about sequences. In Chapter 1, you started to learn about functions. But what is the difference between them? In this lesson, you will compare and contrast sequences with functions. By the end of the lesson, you will be able to answer these questions.
• Is a sequence different from a function?
• What is the difference between a sequence f(n) and the function f(x) with the same equation?",NA,"The paragraph asks students to compare and contrast concepts (sequences vs functions) without presenting any student work or errors, so it does not fit any error-focused categories.",high,,B_boundary
768,"5-100. Consider the sequence f(n) shown.
–5, –1, 3, 7, …
a. Create a table, a graph, and an equation (recursive or explicit), for the sequence f(n).
b. Is it possible for the f(n) to equal 400? Justify your answer.
c. Create a table and graph for the function f(x) = 4x − 9. How are f(n) from part (a) and f(x) different? How can you see their differences in each of the representations?
d. For the function f(x) = 4x − 9, is it possible for f(x) to equal 400? Explain why or why not.",NA,"The paragraph asks students to construct tables, graphs, equations, and justify possibilities; it does not present any error, named student work, or warning about common mistakes.",high,,B_boundary
769,"5-101. Consider the difference between f(n) = 2 · 3^n and f(x) = 2 · 3^x.
a. Is f(x) = 2 · 3^x a function? Why or why not? Is f(n) = 2 · 3^n a function?
b. Is it possible for f(n) to equal 1,400? If so, determine the value of n that makes f(n) = 1,400. If not, justify why not.
c. Is it possible for f(x) to equal 1,400?
d. How are the functions similar? How are they different?",NA,"The paragraph asks conceptual questions about functions and solving for values, without referencing any student errors, comparisons, or warnings about common mistakes.",high,,B_boundary
800,"Closure
In working with real-world data from an experiment, you will encounter variability in the data as well as in the models that represent the data. Compare your team’s work to another team’s work. Consider your scatter plots, your linear models, and your predictions for problems 6-2 and 6-3.
• What similarities did you notice between your team’s work and other teams’ work?
• What differences did you notice?
• Do you have any advice for Robbie?
Prepare to share one or two similarities or differences with the class.",COMPARE_AND_CONTRAST,"The paragraph asks students to compare their team's work with another team's work, prompting analysis of similarities and differences, which matches the COMPARE_AND_CONTRAST pattern.",high,,B_boundary
807,"Launch
Mathematicians construct viable arguments and critique the reasoning of others. Your teacher will display an image for a Which One Is Unique? activity. Be prepared to construct an argument for which one you believe is unique.
Explore
Today, you will continue to model data to describe the relationship between two quantities. You will use your model to make predictions, and you will consider the limitations of the model. You will also learn a way to measure the difference between a prediction made by a model and the actual data.",NA,"The paragraph describes activities about constructing arguments and modeling data, with no mention of errors, mistakes, or correction of student work.",high,,B_boundary
812,"6-14. A warehouse store wants to offer a super-sized 600 in2 box of Crispy Puffs.
a. The residual for this box is 1,005 grams. What is the actual weight of a 600 in2 box?
b. Why do you suppose the residual is so large?",NA,"The paragraph presents a straightforward problem about calculating weight and asks for reasoning, without any mention of errors, mistakes, or comparing student work.",high,,B_boundary
814,"Methods & Meanings

INTERPRETING SLOPE AND y-INTERCEPT OF A LINEAR MODEL

A trend line and its equation provide a linear model that summarizes the association between two variables and enables you to make predictions. The slope of a linear model is the predicted change in the dependent variable (Δy) when the change in the independent variable (Δx) is 1 unit. When describing the slope of a linear model, always acknowledge that you are making a prediction, as opposed to knowing the actual value, by using words like ""predict,"" ""expect,"" or ""estimate.""

The y-intercept of a linear model is the predicted value of the dependent variable when the independent variable is zero. In statistical scatter plots, the vertical axis is not always drawn at the origin, so you may need to use the equation of the linear model to determine the y-intercept rather than looking at where the line crosses the vertical axis on the graph.

Also be careful about extrapolating the model too far—that is, making predictions that are far smaller or larger than the data values. Models can be valid within the range of the data, but the farther you go outside this range, the less reliable the predictions become.

When describing a linear association, you can use the slope, whether it is positive or negative, and its interpretation in context, to describe the direction of the association. For example, refer to the scatter plot of data about the weight of a car in thousands of pounds (x) and the fuel efficiency of the car in miles per gallon (y). The linear association is negative. The linear model shown has the equation y = 76 − 7.7x. The slope of −7.7 means that for every change in the weight by 1,000 pounds, the fuel efficiency is predicted to change by −7.7 miles per gallon.",COMMON_ERROR_ALERT,"The paragraph includes a warning phrase 'be careful about extrapolating the model too far', which matches the pattern of alerting readers to a common mistake.",high,,B_boundary
815,"6-15. The price of a home (in thousands of dollars) is associated with the number of square feet in the home. Home prices in Seaview Village can be modeled with the equation p = 150 + 0.041a, where p is the price of the home in thousands of dollars and a is the area of the house in square feet. Home prices in Forestville can be modeled with the equation p = 250 + 0.198a. Ngoc saw a real estate advertisement for a 2,800 square foot home that was selling for $280,000. Which city should she predict the home is in?",NA,"The paragraph presents a standard application problem with no mention of errors, mistakes, or student work to correct or compare.",high,,B_boundary
823,"6-22. Because the height you determined for the early human is a prediction, the actual height was probably a little shorter or a little taller. In this problem, you will investigate how you can report a range of values for your prediction of the early human's height.
a. Look at the data you collected and the line that models the data. Identify the point that is farthest from the line you drew. Calculate the residual for this point.
b. In a different color, draw a dashed line that goes through this maximum residual point and is parallel to the line of your model. An example is shown. Then draw another dashed line that is on the other side of your model and is the same distance away as the first dashed line. The dashed lines represent the upper and lower bounds for the variability of the data.
c. Using the upper and lower bounds that you just drew, create a range of values for the possible height of a human with a forearm length of 26.4 cm.
d. With your team, discuss the bounds of the data. Was your model useful for predicting the height of the early human?",NA,"The paragraph describes a standard investigative activity without mentioning any student errors, mistakes, or comparisons; it does not fit any error-focused categories.",high,,B_boundary
824,"Closure
Discuss the following questions with a partner. Then be prepared to share your ideas with the class.
• In the graph for problem 6-21, why did your team's data not lie exactly on a line?
• What information does the linear model give about the data?
• What information do the upper and lower boundary lines give?",NA,"The paragraph asks students to discuss conceptual questions; it does not present or warn about errors, nor ask to find or correct mistakes.",high,,B_boundary
825,"6-23. A study was done for a vitamin supplement that claims to shorten the duration of the common cold. The data the scientists collected from ten patients in an early study is shown in the following table.

Time Taking Supplement (months): 0.5, 2.5, 1, 2, 0.5, 1, 2, 1, 1.5, 2.5
Length of Cold (days): 4.5, 1.6, 3, 1.8, 5, 4.2, 2.4, 3.6, 3.3, 1.4

a. Graph the data and describe the association.
b. Create a linear model. According to your model, how many days do you expect a cold to last for a patient taking the supplement for 1.5 months?
c. Calculate the residual for 1.5 months. Interpret the residual in the context of the problem.
d. Interpret the y-intercept in context.",NA,"The paragraph presents a data analysis task with multiple parts (graphing, modeling, residual calculation) and does not reference any errors, mistakes, or compare student work.",high,,B_boundary
831,"6.1.4 Which model is the best?
COMPARING LINEAR MODELS

Launch
Your teacher will display two students' work. How did each student interpret the instructions? Analyze the work and be prepared to share a few thoughts.

Explore
In previous lessons, when drawing a trend line, each team drew a slightly different line. Today, you will learn a method for comparing how well different trend lines fit a data set.",COMPARE_AND_CONTRAST,"The paragraph asks students to analyze and discuss two students' work, indicating a comparison of different approaches or interpretations.",high,,B_boundary
833,"6-30. Different people will come up with different models for the relationship between total points scored and minutes played in the previous problem. They will also have different estimates for the number of points scored by Antonio Kusoc.

Discuss how you can decide which team's equation models the data the best. Compare your team's model to that of another team. Which of the two models is better?

Discussion Points
What do you think about when deciding where to place a trend line?
What makes one line a better model than another line?
How can you numerically describe how close the prediction made by the model is to a player's actual total points?
How could you measure how close the predictions are overall, for all players' total points?",COMPARE_AND_CONTRAST,"The paragraph asks students to compare two different models (their team's vs another team's) and decide which is better, which matches the compare-and-contrast pattern.",medium,,B_boundary
834,"6-31. Sometimes there are several different lines that can be drawn with the same sum of the absolute values of the residuals. To create a unique linear model, statisticians sum the squares of the residuals, instead of summing the absolute values.
a. Calculate and record the squares of the residuals on the Lesson 6.1.4 Resource Page. What is the sum of the squares of the residuals for your trend line?
b. Compare your result to the results of other teams in your class. Did any team have a better model than yours because they had a smaller sum of the squares of the residuals?",NA,"The paragraph asks students to compute a value and compare it with other teams' results, without presenting named students' conflicting answers or explicit errors.",high,,B_boundary
844,"6-38. Follow the steps to investigate a linear model and minimize the squares of the residuals using the eTool.
a. Adjust the line so that it models the trend of the data. Then show the residuals and observe how the sum of the absolute values of the residuals changes as you adjust the line. What is the lowest sum you can produce?
b. Sometimes there is more than one line that has the least sum of the absolute values of the residuals. However, there is only one line that minimizes the sum of the squares of the residuals. Show the squares of the residuals, and observe how the sum of the squares changes as you adjust the trend line. What is the lowest sum of squares you can produce for the given data set?
c. Show the least-squares regression line. This is a unique line of fit that minimizes the sum of the squares of the residuals. What is the sum of the squares for the LSRL?
d. Hide the trend line and drag the data points to see how changing the data affects the LSRL. What happens if there is an outlier?",NA,"The paragraph describes exploratory activities with a tool and asks the reader to adjust lines and observe residuals; it does not present a student's error, compare approaches, or warn about common mistakes.",high,,B_boundary
845,"6-39. In the previous lesson, you used the sum of the squares of the residuals to determine which team had the trend line that was closest to all of the data points. Now you will use graphing technology to create the least-squares regression line for the basketball data.

Player Name | Time Played (minutes) | Total Points Scored in a Season
Sordan, Scottie | 3,090 | 2,491
Lippen, Mike | 2,825 | 1,496
Karper, Don | 1,886 | 594
Shortley, Luc | 1,641 | 564
Gerr, Bill | 1,919 | 688
Jodman, Dennis | 2,088 | 351
Kennington, Steve | 1,065 | 376
Bailey, John | 7 | 5
Bookler, Jack | 740 | 278
Dimkins, Rickie | 685 | 216
Edwards, Jason | 274 | 98
Gaffey, James | 545 | 182
Black, Sandy | 671 | 185
Talley, Dan | 191 | 36
Checksum: 17,627 | 7,560

a. Enter the data from the table to make a scatter plot of the basketball data. The table shows a ""checksum"" at the bottom of each column. To verify that you have entered the data correctly, calculate the sum of the x-values and the sum of the y-values. Check your results against the checksum values. Choose a scale for the axes that shows all the data points.
b. Use graphing technology to determine the LSRL and graph it. What is the equation of the LSRL? What does each variable represent?
c. Determine the residuals for the LSRL. What is the sum of the squares of the residuals of the LSRL? Is it less than the sum of squares for your team's linear model from the previous lesson?
d. Antonio Kusoc played for 2,103 minutes. How many points does the LSRL predict for Antonio Kusoc?
e. Interpret the slope and y-intercept of the LSRL in context.
f. The LSRL is sometimes called a line of best fit. Does the LSRL for the basketball data appear to be a good fit for all of the data? Be prepared to share your responses with the class.",NA,"The paragraph asks students to enter data, verify sums against a checksum, and perform standard tasks; it does not present a named student's error, compare approaches, or warn about common mistakes.",high,,B_boundary
849,"6-42. Solve each of the following equations. Check each solution.
a. 10 − 2(2x + 1) = 4(x − 2)
b. 5 − (2x − 3) = −8 + 2x",NA,"The paragraph simply asks students to solve equations and check their solutions, with no mention of errors, named students, or error detection.",high,,B_boundary
865,"6-55. Solve each equation. Check each solution.
a. 6 − (3 + x) = 10
b. 100(x + 3) = 200
c. (1/3)x + 4 = x − 2
d. 4/5 = (x + 2)/45",NA,"The paragraph simply asks students to solve equations and check their solutions, with no mention of errors, mistakes, or comparison of student work.",high,,B_boundary
866,"Launch

Mathematicians construct viable arguments and critique the reasoning of others. Your teacher will show you two scatter plots and ask you a question. Be prepared to create an argument and share your reasoning with the class.",NA,"The paragraph asks students to construct arguments about two scatter plots, with no mention of errors, mistakes, or comparing conflicting student answers.",high,,B_boundary
867,"Explore

You may recall that, to determine the equation of the LSRL, the sum of the squares of the residuals must be minimized. The smaller the sum of the squares, the closer the data points were to the trend line. However, the magnitude (size) of the sum of squares depends on the units of the variables being plotted. Therefore, the sum of squares cannot be used to compare the strength of various associations.

Today, you will investigate a better way to describe the strength of an association using the correlation coefficient.",NA,"The paragraph only explains concepts and introduces a new topic; it does not present a student's error, compare approaches, ask to find an error, or warn about common mistakes.",high,,B_boundary
872,"Methods & Meanings

RESIDUAL PLOTS

A residual plot is created in order to analyze the appropriateness of a linear model. A residual plot has an x-axis that is the same as the independent variable for the data. The y-axis of a residual plot is the residual for each point. Recall that residuals have the same units as the dependent variable of the data.

The residuals are calculated by subtracting the predicted values from the actual values. The form of the residual plot is then created using these differences, plotted using the same domain as the original scatter plot.

When a linear model is a poor fit, this is often evident in the residual plot. For example, if the actual association is curved, the data points will lie above the regression line for one section, below the line for another section, and then above again, or vice versa. This same curved pattern will appear in the residual plot. The residual plot reveals that the linear model is not the best model for the data.

Instead, the residual plot should show no clear pattern; the residual points should be randomly scattered around zero. This random scatter indicates that a linear model appropriately describes the form of the association.",NA,"The paragraph explains residual plots and their interpretation without presenting student work, errors, or warnings about common mistakes.",high,,B_boundary
880,"Explore

The infographic from the Launch might have raised an important question: when there is a strong correlation between two variables, does that mean one is causing the other?

Today’s lesson will help you explore the difference between correlation and causation, when one variable actually causes the other.",NA,"The paragraph asks students to explore a concept and does not present a student's error, compare approaches, or warn about common mistakes.",high,,B_boundary
881,"6-65. A dietitian studying the benefits of eating spinach surveyed a large sample of individuals. A strong, positive linear association between the amount of spinach eaten and the physical strength of those who consumed it was identified, with r = 0.89. The next day, a newspaper headline read, “Popeye was right! Eating spinach makes you stronger!”

a. Do you agree with the newspaper that if you eat more spinach, you will grow stronger muscles and increase your strength? Why or why not?
b. Assume the dietician’s conclusions are correct, and there is an association between the two variables. What might explain this association other than the idea that spinach makes you stronger?",NA,"The paragraph asks students to evaluate a claim and consider alternative explanations, without presenting a specific error to find, compare, or warn about common mistakes.",high,,B_boundary
882,"6-66. A lurking variable is a hidden variable that was not part of the study. For example, in the previous problem, the amount of time spent exercising is a lurking variable.

There might be a strong correlation (r > −0.7) between the number of hours high school students wear a helmet and the number of concussions (head injuries) they experience. How might you complete the sentence frame shown?

Instead of wearing a helmet causing more concussions, it could be that _____ is the real cause. This is because _____.",NA,"The paragraph asks students to fill in a sentence about alternative causes, without presenting a student's error, comparison, or warning about common mistakes.",high,,B_boundary
883,"6-67. Webs of variables can help organize and communicate correlations and causations between variables. Consider the web shown. In this example, three variables have a high correlation with a person’s level of hearing loss, while only one might imply an actual cause.

Consider the actual headlines provided. Each of them implies a high correlation coefficient and might even imply causation. Determine at least one plausible lurking variable that could explain the actual cause, assuming the associations are true.
a. “New study links fluoride to lower IQ levels in children”
b. “SCIENTISTS are also surprised! Eating CHOCOLATE makes you SMARTER”
c. “Owning a dog tied to lowering your risk of dying early by 24%, says science”
d. “Study reveals how playing team sports can boost kids’ performance in school nationwide”",NA,"The paragraph asks students to propose plausible lurking variables for given headlines, with no focus on errors, mistakes, or comparing student work.",high,,B_boundary
884,"6-68. Come up with your own news headlines. The first sentence should contain a reasonable link between the two variables. The second statement should be a clear misinterpretation of that link. Two examples are shown.
• Facial tissue usage is linked to colds and flu. The Surgeon General calls for a shift to paper towels!
• Bathing suits are tied to sunburns. Dermatologists recommend swimming in streetwear.",NA,"The paragraph asks students to create their own headlines with a misinterpretation, not to identify or correct a specific error, nor does it warn about common mistakes.",high,,B_boundary
885,"Closure

Participate in an Exhibit Visit to read the headlines created by other teams. As you read each team’s headline, consider the following questions.
• What lurking variables could explain the actual cause of the association?
• What other misinterpretations could be created for the association?
• What questions could you ask to verify the claims made by the headlines?",NA,"The paragraph prompts students to consider potential errors and misinterpretations in headlines, but does not present a specific error, compare student work, or warn about a common mistake; it is a reflective activity.",high,,B_boundary
888,"6-70. Marissa went with her friends to the amusement park on a beautiful spring day. The park was crowded. Marissa wondered if there was an association between the weather and attendance. From the data she received at the theme park office, Marissa randomly picked 10 Saturdays and analyzed the data.

a. Marissa determined that the equation of the LSRL was a = −14 + 0.41t, where a is the expected attendance (in thousands) and t is the day’s high temperature (°F). Interpret the slope in this context.
b. The residual plot Marissa created is shown. On days when temperatures were in the 80s, would you expect the predictions made by Marissa’s model to be too high, too low, or pretty accurate?
c. Would you rely on this model to make predictions? Why or why not?",NA,"The paragraph asks the student to interpret a slope, analyze a residual plot, and evaluate a model, without presenting any student error, comparison, or warning about common mistakes.",high,,B_boundary
889,"6-71. Consider the work shown to solve the system of equations.

y = (2/3)x − 4
2x − 3y = 10

y = (2/3)x − 4
↓
2x − 3y = 10
2x − 3((2/3)x − 4) = 10
2x − 2x + 12 = 10
12 = 10

a. What does the solution suggest about the relationship between the lines?
b. Solve the second equation for y.
c. How does the equation of each line support your statement in part (a)?",NA,"The paragraph presents a worked example and asks conceptual questions, without asking the reader to locate or correct an error, nor warning about common mistakes.",high,,B_boundary
898,"6-77. Here are some more news headlines. Just as you did in problem 6-67, determine at least one plausible lurking variable that could explain the cause and effect. Remember, accept the association or link as true. Given that premise, what other variable(s) could be the actual cause(s)?
a. “Older Vehicles Put Teen Drivers at Risk”
b. “Screen-heavy households linked to poor language development in kids”",NA,"The paragraph asks students to identify plausible lurking variables for given headlines; it does not involve error detection, correction, or warning about common mistakes.",high,,B_boundary
901,"6-80. Shraddha was working on writing a recursive sequence. Their work is shown.

f(1) = 5
f(2) = f(1) + 6 = 5 + 6 = 11
f(3) = f(2) + 6 = 11 + 6 = 17

a. Continue Shraddha’s sequence by filling in the blanks:
f(4) = f_____ + _____ = _____
f(5) = f_____ + _____ = _____
b. What would Shraddha need to know to calculate f(100)?
c. Help Shraddha generalize their sequence by filling in the blanks:
f(n) = f_____ + _____ = _____",NA,"The paragraph presents a student's correct work and asks the reader to continue and generalize it, without mentioning any error or mistake.",high,,B_boundary
902,"6-81. This problem is a checkpoint for multiplying polynomials and solving equations with parentheses. It will be referred to as Checkpoint 6B.

In parts (a) and (b), rewrite the expression without parentheses, and in parts (c) and (d), solve each equation.
a. 2x(x + 3)
b. (3x + 2)(x − 3)
c. 4y − 2(6 − y) = 6
d. x(2x − 4) = (2x + 1)(x − 2)

Check your answers. Which aspects of multiplying polynomials and solving equations with parentheses do you feel most comfortable with? Which aspects do you notice giving you trouble? For extra support, refer to the review materials and practice problems that are available in the Checkpoint Materials.",NA,"The paragraph simply asks students to rewrite expressions and solve equations, then reflect on their understanding. It does not present a student's error, compare approaches, explicitly ask to find an error, or warn about common mistakes.",high,,B_boundary
903,"Launch

Mathematicians construct viable arguments and critique the reasoning of others. Your teacher will display an image for a Which One Is Unique? activity. Be prepared to construct an argument for which one you believe is unique.",NA,"The paragraph asks students to construct an argument about a unique item, with no mention of errors, mistakes, or comparing student solutions.",high,,B_boundary
905,"6-82. Top-It-Off Incorporated makes lids for a wide variety of containers. Some of the most popular lids they produce are circular lids for cylindrical containers. Although the lids are ordered based on the lid’s diameter, the price is set based on the amount of metal used. Top-It-Off needs to set up a price structure that relates the lid’s weight to its diameter. A list of weights for the standard-size lids currently produced is shown.

Diameter of Lid (in): 10, 12, 16, 20, 24, 30, 36, 40
Weight of Metal (lb): 3.9, 5.7, 10.1, 15.7, 22.6, 35.3, 50.9, 62.8

a. The scatter plot of the data and a residual plot for a linear model are shown. What do the plots tell you about the linear model?
b. What other measurement might influence the weight of the metal? How is this measurement related to the diameter of the lid?",NA,"The paragraph presents a data analysis problem and asks conceptual questions; it does not involve student errors, error detection, or warnings about common mistakes.",high,,B_boundary
907,"Closure

Compare the linear model in problem 6-82 to your model from problem 6-83. Which model is a better fit for the data? How do you know? Be prepared to share your reasoning with a partner.",COMPARE_AND_CONTRAST,"The paragraph asks students to compare two different models (methods) and decide which fits better, matching the compare/contrast pattern.",medium,,B_boundary
908,"6-84. User Reports magazine collected data on car fuel efficiency (miles per gallon) relative to weight (thousands of pounds). The model shown was calculated.

y = 49 − 8.4x
r = −0.903

a. What assumption about the model are the writers of the magazine making? How could they check this assumption?
b. What does the value of r tell you about the relationship between fuel efficiency and the weight of cars?
c. Interpret the slope in context.",NA,"The paragraph asks about model assumptions, interpretation of correlation and slope, with no mention of errors, student work, or common mistakes.",high,,B_boundary
909,"6-85. Here are some more news headlines. Determine at least one plausible variable that could explain the cause and effect. Remember, do not argue about the link expressed in the headline. Assume the association is true. Your task is to determine what other variable(s) could be the actual cause(s).
a. “The graveyard shift may be aptly named. Working nights will soon be listed as a likely cancer cause.”
b. “Daily meat diet tied to higher chance of early death.”",NA,"The paragraph asks students to propose alternative causal variables for given headlines, with no focus on identifying or correcting errors.",high,,B_boundary
912,"6-88. Solve the given system of equations. Be sure to check your solution.
5u + 6v = 2
2v = u − 10",NA,"The paragraph simply asks the student to solve a system and check the answer, with no error-focused prompt or warning.",high,,B_boundary
916,"6-90. Recall from Lesson 6.2.1 that Giulia’s father uses dry ice to keep the gelato in his food cart very cold. The dry ice sublimates in the cooler, as shown in the table.

Time (hours) | Weight of Dry Ice (oz)
0 | 15.3
1 | 14.7
2 | 14.3
3 | 13.6
4 | 13.1
5 | 12.5
6 | 11.9
7 | 11.5
8 | 11.0
9 | 10.6
10 | 10.2
Checksum 55 | 138.7

a. Giulia graphed the scatter plot and the least squares regression-line of this data, and then sketched the residual plot. What does the residual plot tell you about the original data Giulia collected?
b. Giulia tried another equation that models this data. What does the residual plot indicate about the appropriateness of the exponential model?
c. Which model do you think fits the data better? Explain your reasoning.",NA,"The paragraph asks students to interpret a residual plot and compare models, without presenting a specific error, mistake warning, or correction task.",high,,B_boundary
917,"6-91. Oil production experienced a period of rapid growth between 1900 and 1970. Consider the data shown.

Years Since 1900 | Oil Production (terawatt-hours) | Years Since 1900 | Oil Production (terawatt-hours)
0 | 235 | 40 | 3,419
5 | 337 | 45 | 4,093
10 | 513 | 50 | 6,056
15 | 673 | 55 | 8,955
20 | 1,155 | 60 | 12,241
25 | 1,727 | 65 | 18,231
30 | 2,271 | 70 | 27,434
35 | 2,628
Checksum: 525 | 89,968

a. Create a scatter plot of the data. What type of model might fit the data? Explain your reasoning.
b. What is the equation of a function that models the growth of oil production based on the year since 1900?
c. Make a residual plot for your model and comment on its appropriateness.
d. No model is perfect, but some models are more useful than others. Which model (linear, quadratic, or exponential) is most useful for predicting oil production? Justify your choice.",NA,"The paragraph asks students to create plots, choose models, and justify choices; it does not involve identifying or correcting errors, comparing student work, or warning about common mistakes.",high,,B_boundary
920,"6-93. Dorinae needs your support to make a table for the function f(x) = |x + 1|. She is trying to determine the value of f(−3), but she is unsure whether to first calculate the absolute value or add 1. Explain to Dorinae what she should do first. Justify your reasoning.",NA,"The paragraph asks the student to explain the correct procedure for evaluating a function, without presenting a student's error, comparison, or warning about common mistakes.",high,,B_boundary
922,"6-95. Coryn and Leah are working on homework problems that involve arithmetic sequences. Coryn wrote down (2, 4) and (3, 5) from one sequence, and Leah had (3, 2) and (0, 3) for a different sequence. Write an equation for each sequence.",NA,"The paragraph simply asks students to write equations for given sequences; it does not present errors, corrections, comparisons, or warnings.",high,,B_boundary
924,"6-97. Zachary has $718 in his bank account and automatically withdraws (subtracts) $14 every month to pay for an online subscription. Noel has $212 in her bank account and deposits (adds) $32 each month from her tips working as a barista. Assuming they make no other deposits or withdrawals, when will Zachary and Noel have the same amount of money in their bank accounts?",NA,"The paragraph presents a straightforward word problem without showing any student error, asking for a solution rather than error detection or comparison of incorrect work.",high,,B_boundary
928,"Closure
Participate in an Exhibit Visit with your team and discuss the different models your class created for the new data. Refine your model based on your observations.
Use your new model to estimate how much oil was produced in 2024. How do your predictions using this new model compare with your initial estimate in part (a)?",NA,"The paragraph asks students to refine a model and compare predictions, without mentioning errors, mistakes, or named students' work.",high,,B_boundary
929,"NONLINEAR MODELS
For some data sets, a nonlinear model fits the data better and makes better predictions than a linear model. This can often be determined by comparing the residual plots of various models.
Sometimes the physical situation can provide clues about the type of model to use. When dealing with dry-ice sublimation, an exponential model makes physical sense because the quantity being measured decays over time.
A quadratic model would not have been very effective because of its U-shape, which implies that the process will reverse at some point. On the other hand, if predictions were being made about the path of a projectile, such as a ball being thrown, a quadratic model of the data would make sense because the object will return to the ground after it reaches its peak height.
The models used for this course are:
Linear: y = b + ax
Exponential: y = abˣ
Quadratic: y = ax² + bx + c
Recall that the correlation coefficient, r, can only measure the strength of linear models.",NA,"The paragraph only explains concepts about nonlinear models and does not ask the reader to find or correct errors, compare student work, or warn about common mistakes.",high,,B_boundary
936,"Launch
Your teacher will display some work. Analyze the work and be prepared to share your thoughts.",NA,"The paragraph asks students to analyze displayed work but does not mention errors, mistakes, or compare approaches, so it fits standard instruction (NA).",high,,B_boundary
946,"CL 6-110. If researchers determine that there is a high, positive correlation coefficient between the number of cups of coffee consumed and blood pressure, does that mean that reducing the amount of coffee you drink will reduce your chances of having high blood pressure? Explain.",NA,"The paragraph asks a conceptual question about correlation and causation, not about identifying or correcting errors.",high,,B_boundary
951,"CL 6-115. Check your answers using the table at the end of this section.
• Which problems do you feel confident about?
• Which problems do you find challenging?
• How do the problems in this section relate to problems you worked on previously?
• Use the table to identify any topics you need help with and topics you need to practice more.",NA,"The paragraph asks students to reflect on confidence and challenges and to use a table for self‑assessment; it does not present a student error, compare approaches, or warn about common mistakes.",high,,B_boundary
962,"7-5. If two expressions are equivalent, they can form an equation that is considered to be always true. For example, since 3(x − 5) is equivalent to 3x − 15, then the equation 3(x − 5) = 3x − 15 is always true for any value of x.

If two expressions are equal only for certain values of the variable, they can form an equation that is considered to be sometimes true. For example, x + 2 is equal to 3x − 8 only when x = 5, so the equation x + 2 = 3x − 8 is said to be sometimes true.

If two expressions are not equal for any value of the variable, they can form an equation that is considered to be never true. For example, x − 5 is not equal to x + 1 for any value of x, so the equation x − 5 = x + 1 is said to be never true.

Is the equation (x + 3)^2 = x^2 + 9 always, sometimes, or never true? Justify your reasoning completely.",NA,"The paragraph explains concepts and asks the student to determine truth of an equation, without presenting or detecting errors.",high,,B_boundary
968,"Launch (Lesson 7.1.2)
Your teacher will share responses from the Lesson 7.1.1 Exit Ticket. Consider each response independently and indicate whether you had similar takeaways.",NA,"The paragraph asks students to reflect on teacher-shared responses, with no focus on errors, mistakes, or conflicting answers.",high,,B_boundary
981,"7-19. Consider some of the connections between the multiple representations of exponential functions in the scenarios provided.

a. Arnold dropped a ball during the bouncing ball activity and recorded its height in a table. Part of his table is shown. What was the rebound ratio of his ball? At what height did he drop the ball? Write an equation that represents his data. Explain your equation.
[Table: Number of Bounces: 0, 1, 2, 3, 4; Height(cm): -, -, 84.5, 67.6, 54.1]

b. A major technology company, ExpoGrow, is growing incredibly fast. The latest report on the company said that so far, the number of employees, f(x), could be determined with the equation f(x) = 3(4)^x, where x represents the number of years since the company was founded. How many people founded the company? How can the growth of this company be described?

c. A computer virus is affecting the technology center in such a way that each day, a certain portion of virus-free computers is infected. The number of virus-free computers is recorded in the table. How many computers are in the technology center? What portion of virus-free computers is infected each day? How many computers will remain virus-free at the end of the third day? Justify your answer.
[Table: Day: 0, 1, 2; Number of Uninfected Computers: 27, 18, 12]

d. As part of a major scandal, it was discovered that several statements in the prospectus for ExpoGrow in part (b) were false. If the company actually had five founders and doubles in size each year, what equation should it have printed in its report?",NA,"The paragraph presents standard problem prompts without showing a student's error, comparing answers, or warning about common mistakes.",high,,B_boundary
986,"7-23. Brianna is working on her homework. Her assignment is to come up with four representations for an exponential function of her choosing. She decides it is easiest to start by writing an equation, so she chooses f(x) = 1,200(1/2)^x. Finish Brianna’s work by creating the other three components of the web.",NA,"The paragraph asks the student to complete a task (create other representations) without mentioning any error, correction, or comparison.",high,,B_boundary
987,"7-24. Consider the functions f(x) = x^2, g(x) = 2x^2, and h(x) = 1/2 x^2. Graph y = f(x), y = g(x), and y = h(x) on the same set of axes. Describe the similarities and differences among the graphs.",NA,"The paragraph asks students to graph functions and describe their similarities and differences; it does not involve error detection, correction, or warning about common mistakes.",high,,B_boundary
993,"7-28. WHAT’S INTEREST GOT TO DO WITH IT

Harley has $728 from their first paycheck and is deciding between two savings options.
• Option A: Harley can invest in savings bonds, which pay 8% simple interest.
• Option B: Harley can invest in a savings account, which pays 5% compound interest.

OPTION A: SAVINGS BONDS
Time (years) | Account Balance ($)
0 | 728.00
1 | 786.24
2 | 844.48
3 | 902.72
4 |
5 |

OPTION B: SAVINGS ACCOUNT
Time (years) | Account Balance ($)
0 | 728.00
1 | 764.40
2 | 802.62
3 | 842.75
4 |
5 |

Which option would you choose if you were Harley? Why?

Discussion Points:
Can I make the graph clearer with color?
When will the functions have the same output?
When might you prefer each savings option?",NA,The paragraph presents a decision problem comparing two savings options without focusing on errors or mistakes.,high,,B_boundary
994,"7-29. In the previous chapter, you used models as an estimate of real behavior. Creating a linear model for scattered data gave you a mathematical way to describe the data and to make predictions.
a. Think about the growth and the starting point for the simple and compound interest situations from this lesson. Model each of the functions from problem 7-28 with an equation. Let f(x) represent the amount of money in Option A after x years and g(x) represent the amount of money in Option B after x years.
b. Graph both savings options on the same coordinate grid. How does the account balance in each savings option change over time?
c. Use your model to predict how much Harley’s original $728 investment would be worth at the end of 18 years with each savings option. How much would it be worth at the end of 19 years with each option?
d. When will Option A earn Harley more money?
e. Why are the equations considered a model, instead of a representation of the real behavior? Is there an advantage to using the model to make predictions?",NA,"The paragraph asks students to create models, graph, and make predictions; it contains no error identification, correction, or warning about common mistakes.",high,,B_boundary
995,"7-30. A third option for investing money is a money market account, which offers 5% annual interest compounded quarterly (four times per year). This means that the 5% is divided into four parts over the year, so the bank pays 1.25% every 3 months.
a. Model the value (every 3 months) of the $728 investment in this money market account with an equation. Let h(x) represent the money in the account after x quarters.
b. Use the model to calculate the value of Harley’s $728 investment at 20 years. How does this compare with Harley’s other investment options from problem 7-28?",NA,"The paragraph asks students to model and calculate investment values, with no mention of errors, mistakes, or comparing student work.",high,,B_boundary
1004,"7-37. Solve the following systems of equations.
a. 3x − 2y = 14
−2x + 2y = −10
b. y = 5x + 3
−2x − 4y = 10
c. Which of the two systems is most efficiently solved by using the Substitution Method? Explain.
d. Which of the two systems is most efficiently solved by using the Elimination Method? Explain.",NA,"The paragraph presents standard problem instructions without referencing any student errors, error detection, or warnings about common mistakes.",high,,B_boundary
1017,"Launch
Mathematicians construct viable arguments and critique the reasoning of others. Your teacher will display an image for a Which One Is Unique? activity. Be prepared to construct an argument for which one you believe is unique.",NA,"The paragraph asks students to construct an argument about a unique item, with no mention of errors, mistakes, or comparing student work.",high,,B_boundary
1021,"7-49. Use graphing technology to compare the graphs of f(x) = (1/2)^x and f(x) = 2^(−x).
a. What do you notice? How does a negative exponent affect the base number?
b. Use this idea to rewrite each of the following functions without negative exponents.
i. f(x) = (1/5)^(−x)
ii. g(x) = 3(5/8)^(−x)
iii. h(x) = (2/3)^(−5x)",NA,"The paragraph asks students to compare graphs and rewrite expressions, without showing a student's error, warning about common mistakes, or asking to locate an error.",high,,B_boundary
1028,"7-55. Determine which of the following equations are true for all values (always true). For those that are not, decide whether they are true for certain values (sometimes true) or not true for any values (never true). Justify your decisions clearly.
a. (x − 5)² = x² + 25
b. (2x − 1)(x + 4) = 2x² + 7x − 4
c. (2x²y³)/y² = 2x²y
d. (3x − 2)(2x + 1) = 6x² − x − 5",NA,"The paragraph asks students to evaluate statements and justify, without presenting a student's error, comparing approaches, or warning about common mistakes.",high,,B_boundary
1032,"7-57. Errol and Sandy were working on writing an exponential equation in f(x) = ab^x form using this graph.
a. While trying to write the equation, Errol stated, “I think ‘a’ must be 10 because the y-intercept is at (0, 10).” Do you agree? Justify your answer.
b. “But we still don’t know what ‘b’ is,” Errol noticed. His teammate, Sandy, had an idea. “I think that 0.0032 = 10(b)⁵.” How did she get this equation? Is it valid? Explain.
c. If you have not done so already, use your calculator to help you solve 0.0032 = 10(b)⁵ for b. Explain how you solved this equation.
d. Use the values of a and b to write an equation for this graph. Verify that your equation is correct, and explain how you did so.",NA,"The paragraph features two named students discussing different aspects of the problem, but it does not present a direct conflict to resolve nor explicitly ask the reader to locate an error; it mainly asks for justification and explanation.",medium,COMPARE_AND_CONTRAST,B_boundary
1033,"7-58. Use Errol and Sandy’s method from problem 7-57 to write the equation of an exponential function with an asymptote at f(x) = 0 that passes through the points (0, 5) and (4, 1,280).",NA,"The paragraph asks the reader to apply a named method to solve a problem; it does not present errors, compare answers, or warn about common mistakes.",high,,B_boundary
1038,7-62. Graph f(x) = x² + 3 and f(x) = (x + 3)². What are the similarities and differences between the graphs? How do these graphs compare to the graph of f(x) = x²?,NA,"The paragraph asks students to graph functions and compare their shapes, with no mention of errors, mistakes, or named students.",high,,B_boundary
1045,"7-67. GRAPH → EQUATION
Suppose the annual fees for attending a public university were $10,500 in 2020 and the annual cost can be seen in the graph shown. Note that x represents the number of years after 2020.
a. Write an equation to describe this situation. What does each term in your equation represent?
b. Use this model to predict the cost of attending this public university in the first year you would be eligible to enroll.
c. What was the cost in 2000, assuming the rate of increase was the same during the time period from 2000 to 2020?
d. Are you confident with your prediction in part (c)? Explain.
e. In 2025, the annual cost was actually $11,610. How accurate was the model? What actually happened?",NA,"The paragraph asks students to write an equation, make predictions, and reflect on model accuracy, without presenting any error or asking to find/correct mistakes.",high,,B_boundary
1049,"Methods & Meanings
EXPONENTIAL FUNCTIONS
An exponential function is a function of the form f(x) = ab^x where b > 0, b ≠ 1, and a ≠ 0. Note that the variable x is the exponent. All exponential functions of this form have the x-axis as an asymptote because f(x) ≠ 0.
The coefficient a is the y-intercept. For example, a = 3 for the function f(x) = 3 · 2^x. Therefore, in the table and graph of f(x) = 3 · 2^x shown, (0, 3) is the y-intercept.
The base b is the constant percent rate of change. For each additional unit of the x-value, the previous value of f(x) is multiplied by b. For example, in the table shown, the constant percent rate of change is 2.
For values of b > 1, the value of the function increases as x increases, and this is “exponential growth.” When 0 < b < 1, the value of the function decreases as x increases, and this is “exponential decay.”
A common application of exponential decay is half-life. Half-life is the amount of time it takes for half the original amount to remain. In problem 7-47, you saw that the half-life of uranium-235 is 704 million years. That is, it takes 704 million years until half the original amount of uranium-235 remains (no matter how much you started with).
Geometric sequences are a special case of exponential functions in which the domain is restricted to the positive integers.",NA,"The paragraph provides definitions and explanations of exponential functions without mentioning errors, mistakes, or asking the reader to find or correct errors.",high,,B_boundary
1052,"7-72. Mahir and Ali were working on writing the expression (3x²y⁻³)/(x⁻¹y²) with the fewest terms possible, but they were having some trouble. Then Mahir had an idea.
“Can’t we separate the parts?” he said. “That way, it might be easier to tell what we can rewrite.” He rewrote the expression as shown.
3 · x² · 1/x⁻¹ · y⁻³ · 1/y²
“Okay,” said Ali. “Now we can rewrite each of the parts with negative exponents.”
a. How might Mahir and Ali finish rewriting their expression?
b. Use their idea to rewrite (m²pq⁻¹)/(4m⁻²pq³) with the fewest terms possible.",NA,"The paragraph presents a collaborative problem-solving scenario without showing an error, comparison, or warning about common mistakes; it simply asks students to complete the rewriting.",high,,B_boundary
1053,"7-73. A particular sequence can be represented by f(n) = 2(3)ⁿ.
a. What are f(0), f(1), f(2), and f(3)?
b. Graph this sequence. What is the domain?
c. On the same set of axes, graph y = f(n) and y = f(x), where f(x) = 2(3)ˣ.
d. How are the two graphs similar? How are they different?",NA,"The paragraph asks students to compute values, graph, and compare graphs without mentioning errors, mistakes, or named students.",high,,B_boundary
1059,"7-77. Errol partnered with Sandy again to write an equation for the exponential function that goes through the points (1, 14) and (4, 112) in f(x) = ab^x form.
a. Sandy stated, “I think that 14 = a(b)¹.” How did she get this equation, and do you agree? Why or why not?
b. “This gives me an idea for another equation we can write using the point (4, 112),” Errol stated. What equation might Errol be thinking of?
c. How might Errol and Sandy use their equations to determine the values of a and b? What are the values of a and b? Show your work or explain your reasoning.",NA,"The paragraph asks students to discuss and solve for parameters of an exponential function, without presenting a specific error to locate or compare conflicting answers.",high,,B_boundary
1060,"7-78. NEW NOTATION FOR ROOTS
a. Addison’s teacher challenged her team to write ∛17 using exponents. Addison started by writing the equation 17^x = ∛17. Her team needed to determine what x makes that equation true. Do you have any guesses about what the exponent might be? Discuss this with your team.
b. Addison said, “But we also know that (∛17)³ = 17, and we want to write ∛17 with an exponent instead, like 17^x. So why don’t we combine this information and write (17^x)³ = 17?” What do you think?
c. Addison continued, “Oh, so (17^x)³ = 17^(3x)?” Is she correct? Is it true that (17^x)³ = 17^(3x)?
d. Addison wrote: 17^(3x) = 17¹. Complete Addison’s work to determine the value of x in this equation. What does this tell you about another way to write ∛17? Check your result by calculating decimal approximations with your calculator.
e. Use similar logic to determine exponential expressions for √5 and ⁵√11. Show your reasoning. Then use technology to estimate their decimal equivalents, rounded to the nearest 0.001.
f. Is the decimal equivalent [ always / sometimes / never ] exactly equal to the root? Explain your reasoning.",NA,"The paragraph asks students to explore and verify exponent rules and solve for x, without presenting a student's incorrect work to be corrected or warning about common mistakes.",high,,B_boundary
1061,"7-79. REWRITING EXPRESSIONS
The property (k^m)^n = k^(mn) can help you rewrite expressions with roots and fractional exponents, as it helped you in part (e) of problem 7-78.
For example, since 16^(3/2) = (16³)^(1/2), 16^(3/2) can be rewritten as √(16³). However, since 16^(3/2) = (16^(1/2))³, 16^(3/2) can also be rewritten as (√16)³ or 4³.
With your team, rewrite each expression two different ways. Be ready to justify your answers.
a. 10^(2/3)
b. (∛9)⁴
c. ⁵√(x³)
d. (√2)⁵
e. 5^(7/2)
f. y^(3/3)",NA,"The paragraph asks students to rewrite expressions using a property; it does not present errors, compare students, or warn about common mistakes.",high,,B_boundary
1068,"Launch
Mathematicians look for and make use of structure. Your teacher will display a system of equations and two solution strategies. Think about how you might use the structure of the equations to justify your selection of which strategy is “best.” As with any Math Chat, think silently and then extend one finger close to your chest when you have a response and justification.",NA,"The paragraph asks students to consider strategy selection based on structure, without presenting errors, named students, or warnings about common mistakes.",high,,B_boundary
1071,"7-86. Consider the functions, labeled mild, medium, and spicy. Teams worked to rewrite each function in two other forms. Pick one function.
MILD:
f(x) = 2 · 4^x
f(x) = 2 · 2^(2x)
f(x) = √2² · 16^(x/2)
MEDIUM:
g(x) = 7(0.5)^x
g(x) = 7/(2^x)
g(x) = 7(1/4)^(x/2)
SPICY:
h(x) = −6 · 3^x
h(x) = −2 · 3 · 3^x
h(x) = (−216)^(1/3) · 9^(x/2)
a. Are all three forms of the function equivalent? Show your work or explain your reasoning.
b. Work with your team to co-craft at least one more equivalent function.",NA,"The paragraph asks students to verify equivalence of function forms and create new equivalents, without presenting or asking to find errors.",high,,B_boundary
1072,"7-87. Fractional exponents can give surprising results when used with negative bases. Answer the following questions using what you now know about how to rewrite fractional exponents and your mental math skills. Avoid using your calculator.
a. Show or explain why (−27)^(1/2) has no real solution but (−27)^(1/3) = −3.
b. Given that (−27)^(1/3) = −3, is (−27)^(2/3) positive or negative, or does it have no real solution? What about (−27)^(1/4)? And (−27)^(1/5)? Justify your answers.
c. Mischa was working with her team on the idea of negative bases and posed a few questions during their time together. Consider how you would respond to each.
i. “Wait, isn’t it true that (−100)^(1/2) has no real solution?”
ii. “But, can we confirm that (−100)^(2/4) = 10?”
iii. “That doesn’t make any sense, since 2/4 can be rewritten as 1/2! What do you think is happening?”",NA,"The paragraph presents student questions about misconceptions but does not explicitly ask the reader to locate or correct a shown error; it is more a discussion prompt, not a warning or error detection task.",medium,EXPLICIT_ERROR_DETECTION,B_boundary
1073,"7-88. Recall that when you investigated f(x) = b^x in problem 7-2, the graphing tool might have produced graphs like the one shown for negative values of b. Use what you have learned about the meaning of fractional exponents to explain why f(x) = (−2)^x is impossible to graph accurately.",NA,"The paragraph asks the student to explain a concept about negative bases and fractional exponents, without presenting a student's error, comparison, or explicit error detection.",high,,B_boundary
1081,"Launch
Mathematicians construct viable arguments and critique the reasoning of others. Your teacher will display an image for a Which One Is Unique? activity. Be prepared to construct an argument for which one you believe is unique.",NA,"The paragraph asks students to construct an argument about a unique item, with no mention of errors, mistakes, or comparing student work.",high,,B_boundary
1083,"7-95. FAST CARS
The moment you drive a new car off the dealer’s lot, the car is worth less than what you paid for it. This phenomenon is called “depreciation,” which means you will sell the car for less than the price that you paid for it. Some cars depreciate more than others (that is, they depreciate at different rates), but most cars depreciate over time. On the other hand, some older cars actually increase in value. This is called “appreciation.” Suppose that in 2025, Jeralyn had a choice between buying a 2023 Beep Jeroke for $27,000, which depreciates at 6% per year; a 2023 Kyah for $39,000, which depreciates at 22.5% per year; or a 5th Generation 1967 Fyord Pickup Truck for $15,000 that is appreciating at 10% per year.
Investigate the value of each of the three cars over time.
• Generate multiple representations of the value of each car over time.
• For each of the new cars, determine how much value they lost (in dollars) from the time they were new in 2023 until 2025.
• Decide which car Jeralyn should buy and defend your choice in as many ways as you can.",NA,"The paragraph presents a scenario and asks students to investigate and decide, without showing errors, warnings, or comparisons of student work.",high,,B_boundary
1085,"7-96. Investigate the changing values of each of the cars by addressing the following questions.
a. What is the percent rate of change for the Beep Jeroke? For the Kyah? For the Fyord?
b. Consider the table shown. Calculate the value for each car for each year shown.
c. On your own graph paper, graph the data for all three cars on the same set of axes. Are the graphs linear? How are they similar? How are they different? You may want to use a different color for each car.
d. Write a function to represent the value of each car.
e. What were the values of the Beep Jeroke and the Kyah when they were new? How much value (in dollars) did each car lose from 2023 to 2025?
f. Using the graph, which of the three cars is worth the most after 1 year? After 3 years? After 10 years? In how many years will the values of the Beep Jeroke and Kyah be the same?
g. Pick one of the three cars and explain why Jeralyn should buy it. Has this problem changed your view of buying cars?",NA,"The paragraph lists standard investigative and calculation tasks without mentioning errors, student mistakes, or comparing student work.",high,,B_boundary
1088,"Closure
Your teacher will give you instructions for a Closure activity.
Consider the following sentence frames.
• Discussing the problem before solving it helped because _____.
• At first I thought _____, but then _____ pointed out _____. Now I think _____.
• When thinking about _____, it is important to _____.",NA,The paragraph provides reflective sentence frames for a closure activity and does not involve identifying or correcting errors.,high,,B_boundary
1104,"CL 7-106. Sam wants to create an arithmetic sequence and a geometric sequence, both of which have f(1) = 8 and f(7) = 512. Is this possible? If it is, help Sam create their sequences. If not, justify why not.",NA,"The paragraph asks the student to determine feasibility and construct sequences, with no mention of errors, student work, or comparisons.",high,,B_boundary
1114,"CL 7-116. In problem 6-70, Marissa looked at the relationship between weather and attendance at the amusement park. She studied a linear model of the attendance at the amusement park and the temperature. Marissa made the residual plot shown.
a. Was a linear model appropriate? Why or why not?
b. Marissa’s data follows. She rounded attendance to the nearest hundred. Make a scatter plot of the data. What kind of model might better represent Marissa’s data? Why?
c. Fit a quadratic model to the data. What attendance does your model predict for a 95 °F day? Use appropriate precision.",NA,"The paragraph presents a data analysis task for the student without asking to find or correct an error, compare students, or warn about common mistakes.",high,,B_boundary
1115,"CL 7-117. Check your answers using the table at the end of this section.
• Which problems do you feel confident about?
• Which problems do you find challenging?
• How do the problems in this section relate to problems you worked on previously?",NA,"The paragraph asks students to reflect on confidence and challenge, not to detect or correct errors, nor compare students, nor warn about common mistakes.",high,,B_boundary
1116,"GOAL JOURNAL
For this journal entry, provide a response to the following prompt. Include meaningful details and be as specific as you can.
GOAL JOURNAL 7: GROWTH MINDSET AND PERSEVERANCE
Working on challenging problems has benefits. When your brain sees something difficult or challenging, you may struggle to understand the material or concept. Making mistakes and getting incorrect answers is actually part of the learning and growing process.
Write and reflect on a time when you faced a challenge in school and how it made you feel. Then, set a goal for how you will persevere and overcome the challenges you might face. The sentence frames shown might help you.
• A challenge I faced was _____, which made me feel _____.
• A strategy I could use to persevere is _____, which will help me because _____.
• One academic goal I have for the remainder of the year is _____.",NA,"The paragraph is a reflective journal prompt about personal challenges and goal setting, not presenting student work, errors, or comparisons.",high,,B_boundary
1119,"Launch
List as many similarities and differences as you can for the following expressions:
8.23 × 10^3    8.23 · 10^3    8,230    82.3 × 10^2",NA,"The paragraph asks students to compare expressions, not to detect or correct errors, nor does it involve named students or warnings about common mistakes.",high,,B_boundary
1124,"8-4. While working on problem 8-3, Casey noticed a pattern with the diagonals of each generic rectangle. However, just before she shares her pattern with the rest of her team, she is called out of class! The drawing on her paper looks like the diagram shown. Can you figure out what the two diagonals have in common?",NA,"The paragraph asks the reader to discover a pattern about rectangle diagonals, without presenting a student's error, comparison, or warning about common mistakes.",high,,B_boundary
1127,8-5. Use the expression to answer the following questions. (x + 5)(x − 5) a. What is the product of this expression? b. Does this still verify Casey's pattern from problem 8-3? Explain your reasoning.,NA,"The paragraph asks the student to compute a product and discuss a pattern; it does not present an error, compare student work, or warn about common mistakes.",high,,B_boundary
1129,"8-7. Verify Casey's pattern by multiplying each of the following expressions using a generic rectangle. Then, write the product as a sum. a. (4x − 1)(3x + 5) b. (2x − 7)^2",NA,"The paragraph asks the student to verify a pattern presented by Casey, without mentioning an error, correction, or comparison of multiple approaches.",high,,B_boundary
1137,8-13. Examine the generic rectangle shown. a. Review what you learned by writing the area of the rectangle as a sum and as a product. b. Does this generic rectangle fit Casey's pattern for diagonals? Explain your reasoning.,NA,"The paragraph asks students to review concepts and apply a pattern, without presenting or asking about any errors or mistakes.",high,,B_boundary
1138,"8-14. FACTORING QUADRATIC EXPRESSIONS. You have been working to factor polynomial expressions. A polynomial in the form ax^2 + bx + c, with a ≠ 0, is called a quadratic expression in standard form. To help you develop a method for factoring quadratic expressions without using algebra tiles, you will first model how to factor with algebra tiles, and then look for connections within a generic rectangle. a. Use algebra tiles to build the expression 2x^2 + 5x + 3. How would you write this area as a product? b. Miguel wants to use a generic rectangle to factor 3x^2 + 10x + 8. He knows that 3x^2 and 8 go into the rectangle in the locations shown. How should he fill in the rest of the generic rectangle? Write the area as a product. c. Kelly wants to determine a method for factoring 2x^2 + 7x + 6. She also remembers Casey's pattern for diagonals. Without actually factoring yet, what do you know about the missing two parts of the generic rectangle? d. Using your knowledge and answer from part (c), fill in the Diamond Problem that represents this situation. e. Use your results from the Diamond Problem to complete the generic rectangle for 2x^2 + 7x + 6, and then write the area as a product of factors.",NA,"The paragraph assigns tasks to named students but does not present errors, compare conflicting approaches, or warn about common mistakes; it is standard instructional content.",high,,B_boundary
1153,"8-26. Using both a generic rectangle and Diamond Problem, factor the expression shown. Compare your answer with your teammates' answers. Is there more than one possible answer? 4x^2 − 10x − 6",NA,"The paragraph asks students to compare their factorization with teammates, but does not present named conflicting solutions or explicitly focus on detecting errors.",medium,COMPARE_AND_CONTRAST,B_boundary
1154,8-27. Emily Rae designed a generic rectangle puzzle for her team to solve. a. What are the missing portions of the generic rectangle? b. Write an equation that shows the area of the entire rectangle as a product equal to its area as a sum.,NA,"The paragraph presents a problem for students to solve, with no mention of errors, mistakes, or comparing student work.",high,,B_boundary
1163,"8-34. Delenn heard that freshmen have the largest backpacks and wondered whether this is true. She was able to weigh a random sample of student backpacks throughout the school year. She also recorded the number of quarters of high school completed by the student who owned the bag. Using technology, Delenn created the following: [table and scatterplot/residual plot] a. Interpret the slope of the least-squares regression line in the context of this study. b. Interpret the r-value in context. c. What is the residual with the greatest magnitude, and what point does it belong to? d. Using the LSRL model, estimate the weight of a backpack for a student who has completed 10 quarters of high school. Use appropriate precision in your answer. e. Is a linear model the best choice for predicting backpack weight in this study? Support your answer.",NA,"The paragraph presents a standard statistical problem asking for interpretation and estimation, with no mention of errors, mistakes, or comparison of student work.",high,,B_boundary
1167,"8-36. Compare your solutions for problem 8-35 with the rest of your class. a. Is there more than one factored form of 3n^2 + 9n + 6? How would you justify your answer? b. Why does 3n^2 + 9n + 6 have more than one factored form while the other quadratic expressions in problem 8-35 only have one possible answer? Look for clues in the original expression (3n^2 + 9n + 6) and in the different factored forms. c. Without factoring, predict which of the following quadratic expressions may have more than one factored form. Be prepared to defend your choice to the rest of the class. i. 12t^2 − 10t + 2 ii. 5p^2 − 23p − 10 iii. 10x^2 + 25x − 15 iv. 3k^2 + 7k − 6",NA,"The paragraph prompts students to compare solutions and discuss factored forms, without presenting a specific error, named student conflict, or common mistake warning.",high,,B_boundary
1168,"8-37. FACTORING COMPLETELY. In part (c) of problem 8-36, you should have noticed that each term in 12t^2 − 10t + 2 is divisible by 2. That is, it has a common factor of 2. a. An expression is considered completely factored if none of the factors can be factored any more. Often it is easiest to remove common factors first, before factoring with a generic rectangle. Rewrite the expression 10x^2 + 25x − 15 with the common factor factored out. b. Your result in part (a) is not completely factored if either factor can be factored. Factor 10x^2 + 25x − 15 completely.",NA,"The paragraph provides standard instructional content on factoring and does not present a student's error, compare approaches, explicit error detection, or a common mistake warning.",high,,B_boundary
1174,"8-41. As Shriya and Bijan play a new game, they learn strategies to improve. Shriya's current score is 850 and it rises 10 points with each new round. Bijan's current score is 570 and improves by 50 points per round. a. When will Bijan's score catch up to Shriya's? b. If they each play 12 rounds, who will score higher?",NA,"The paragraph presents a word problem with two characters and asks for calculations; it does not involve identifying or correcting errors, comparing conflicting solutions, or warning about common mistakes.",high,,B_boundary
1180,"8-45. SPECIAL QUADRATICS. Factor each of the following expressions, if possible. Look for similarities and differences among the expressions and their corresponding factored forms. Be prepared to share your results with the class. Then work as a class to sort them into groups based on patterns. What makes these quadratics ""special""? a. x^2 − 49 b. x^2 + 2x − 24 c. x^2 − 10x + 25 d. 9x^2 + 12x + 4 e. 5x^2 − 4x − 1 f. 4x^2 − 25 g. x^2 − 6x + 9 h. x^2 − 36 i. 7x^2 − 20x − 3 j. 4x^2 + 20x + 25 k. x^2 + 4 l. 9x^2 − 1",NA,"The paragraph asks students to factor expressions and discuss patterns; it does not involve error detection, correction, comparison of student work, or warnings about common mistakes.",high,,B_boundary
1193,"8-55. WATER BALLOON CONTEST. Every year, Newtown High School holds a water balloon competition during halftime of their homecoming game. Each contestant uses a catapult to launch a water balloon from the ground on the football field. This year, you are the judge! You must decide which contestants win the prizes for Longest Distance and Highest Launch. Fortunately, you have a computer that will collect data for each throw. The computer uses x to represent horizontal distance in yards from the goal line and y to represent the height in yards. The announcer shouts, ""Maggie Nanimos, you're up first!"" She places her catapult at the 3-yard line. After Maggie's launch, the computer reports that the balloon traveled along the parabola represented by the quadratic equation M(x) = −x^2 + 17x − 42. Then you hear, ""Jen Erus, you're next!"" Jen runs down to the field, places her catapult at the goal line, and releases the balloon. The tracking computer reports the path of the balloon with the following graph of y = J(x).",NA,The paragraph presents a story context for a problem and does not ask the reader to find or correct an error.,high,,B_boundary
1194,"8-55. (Continued from previous page.) The third contestant, Im Pecable, accidentally launches the balloon before you are ready. The balloon launches, you hear a roar from the crowd, turn around, and… Splat! The balloon soaks you and your computer! You only have time to write down the following partial information about the balloon’s path before your computer fizzles: x: 2, 3, 4, 5, 6, 7, 8, 9, 10; I(x): 0, 9, 16, 21, 24, 25, 24, 21, 16. Finally, the announcer calls for the last contestant, Al Truistic. With your computer broken, you decide to record the balloon’s height and distance by hand. Al releases the balloon from the 10 yard line. The balloon reaches a height of 27 yards and lands at the 16 yard line. a. Obtain the Lesson 8.2.1A Resource Page from your teacher. For each contestant, create a table and graph using the information provided for their toss. Determine which of these contestants should win the Longest Distance and Highest Throw contests. b. What are the x-intercepts of each parabola? What information do the x-intercepts tell you about each balloon toss? c. What is the vertex of each parabola? What information does the vertex tell you about each balloon throw? d. What is the domain and range of Maggie’s parabola? e. Where is the line of symmetry for Maggie’s parabola?",NA,"The paragraph asks students to create tables/graphs and answer questions about parabolas, with no mention of errors, mistakes, or comparing incorrect work.",high,,B_boundary
1197,8-57. Tony wrote the expression 4s^2 − 36 to represent the area of a rectangle. a. What might be the dimensions of this rectangle? How can you rewrite Tony's expression to make the side lengths visible? b. What are the reasonable values of s? Explain your reasoning.,NA,"The paragraph asks the student to determine dimensions and rewrite an expression, without presenting an error, conflict, or warning about common mistakes.",high,,B_boundary
1201,"8-61. In speed golfing, an athlete’s score is determined by adding the number of swings to complete a course to the minutes required to finish. For example, 90 swings in 51 minutes would be a score of 141. The lower the score, the better. Diego wants to see if there is a relationship between the time it takes for him to complete a speed golfing match and the number of swings he takes in the same match. If so, perhaps focusing on running faster will also reduce the number of swings. Time (minutes): 56, 92, 56, 58, 45, 50. Number of Swings: 86, 90, 80, 91, 77, 86. a. Create a scatter plot. What was Diego’s best score? Circle the point representing Diego’s best total score on your scatter plot. b. How might someone describe the association shown in the scatter plot? c. Diego recalls that he was suffering from seasonal allergies that slowed his running on a particular course. Cross out that point. Then use your intuition and draw a trend line from the remaining points. d. Estimate the slope of your trend line and interpret it in the context of the problem. e. Should Diego train to reduce his time so that he sees a decrease in his golf score?",NA,"The paragraph presents a standard data analysis activity without showing or asking about any errors, comparisons, or common mistakes.",high,,B_boundary
1202,"8-62. Solve the following systems of equations using any method. Check your solutions if possible. a. 6x − 2y = 10, 3x − y = 2. b. x − 3y = 1, y = 16 − 2x.",NA,"The paragraph simply asks students to solve systems of equations and optionally check their solutions, with no mention of errors, named students, or common mistakes.",high,,B_boundary
1207,"8-66. ZERO PRODUCT PROPERTY. The equation you wrote in part (c) of problem 8-65 is called a quadratic equation. To solve it, you need to examine what you know about zero. Study the special properties of zero by completing the following. Nathan, Sonia, and Gaston are playing a game where Nathan and Sonia each think of a number and then each give Gaston a clue about their number. Using the clues, Gaston must tell them everything that he knows about their numbers. a. Nathan and Sonia’s first clue for Gaston is that when you multiply their numbers together, the result is zero. What conclusion can Gaston make? b. Disappointed that Gaston came so close to figuring out their numbers, Nathan and Sonia invite Nadia over to make things harder. Nathan, Sonia, and Nadia all think of secret numbers. This time, Gaston is told that when their three secret numbers are multiplied together, the answer is zero. What can Gaston conclude this time? c. Does it matter how many numbers are multiplied? If the product is zero, what do you know about one of the numbers? This property is called the Zero Product Property.",NA,"The paragraph presents a standard problem about the zero product property with characters, but does not show a student's error, compare approaches, ask to locate an error, or warn about common mistakes.",high,,B_boundary
1213,"8-70. Compare the two equations shown: (x + 2)(x − 1) = 0, (x + 2) + (x − 1) = 0. a. How are the equations different? b. Solve both equations.",NA,"The paragraph asks students to compare two equations and solve them, without presenting any error, mistake, or named student work to correct.",high,,B_boundary
1215,"8-72. Examine the system of equations: 5x − 2y = 4, x = 0. a. Before solving this system, Danielle noticed that the point of intersection is also the y-intercept of 5x − 2y = 4. Explain how she knows this. b. What is the point of intersection of the two equations?",NA,"The paragraph asks a student to explain reasoning and find the intersection point; no error is presented or compared, nor a warning about common mistakes.",high,,B_boundary
1219,"8.2.3 How else can I determine the roots? MORE WAYS TO DETERMINE THE x-INTERCEPTS. Launch: Mathematicians construct viable arguments and critique the reasoning of others. Your teacher will display an image for a Which One Is Unique? activity. Be prepared to construct an argument for which one you believe is unique. Explore: In Lesson 8.2.2, you developed a method for determining the x-intercepts of a parabola in the form y = ax^2 + bx + c by evaluating for y = 0. Today, you will use your graphing calculator and a different form of quadratic equations to determine the x-intercepts.",NA,"The paragraph describes an activity to construct arguments and explore alternative methods, without mentioning errors, mistakes, or comparing students' work.",high,,B_boundary
1221,8-77. Use the Zero Product Property to determine the roots of y = x^2 − 3x − 7. a. What happened? What does this result tell you about the roots? b. Use graphing technology to display the graph of y = x^2 − 3x − 7. Did the graph confirm your answer to part (a)? Estimate the roots using the graph. c. How could you estimate the roots by looking at the table?,NA,"The paragraph asks students to apply a method, reflect on results, and use technology; it does not present a student's error, compare approaches, or warn about common mistakes.",high,,B_boundary
1223,"8-79. The following are also quadratic functions: I. f(x) = 3(x − 2)^2 − 5 II. f(x) = −2(x + 4)^2 + 3. a. Verify that both equations are quadratic by rewriting them in standard quadratic form. How could you verify that you rewrote the functions correctly? b. Use the graph and table to determine the vertex of each function. Compare the vertex to its equation. What do you notice? c. Without graphing, can you predict the vertex of f(x) = 1/2(x + 3)^2 + 2? Check your conjecture by making a graph.",NA,"The paragraph asks students to verify rewrites, determine vertices, and make predictions, without referencing any student errors or common mistakes.",high,,B_boundary
1224,"8-80. The function f(x) = (x + 1)^2 − 16 is quadratic. Use the following to explore how to draw a sketch of the parabola without making a table first. a. Rewrite the equation in standard form, and use the Zero Product Property to determine the x-intercepts and the vertex. Make a sketch of the parabola. b. Determine the x-intercepts of y = (x + 1)^2 − 16 by evaluating for y = 0. Where is the vertex? c. Sometimes a quadratic function in y = a(x − h)^2 + k form is called graphing form. Other times, this form is called vertex form. Which name do you like better? Why? d. What are the advantages of the graphing form of the equation in part (b), compared to the Zero Product Property in part (a), when determining the x-intercepts and vertex?",NA,"The paragraph asks students to perform tasks (rewrite, find intercepts, sketch) and discuss terminology, without presenting or asking to find errors.",high,,B_boundary
1226,"Closure - REFLECTION JOURNAL. For this journal entry, provide a response to the following prompt. Include more detail than you think you need. LESSON 8.2.3: FORMS OF A QUADRATIC FUNCTION. Describe the different strategies for determining the x-intercepts in a quadratic function. When might you want each different form of a quadratic function?",NA,"The prompt asks students to describe strategies for finding x-intercepts and when to use each form; it does not involve identifying or correcting errors, nor does it warn about common mistakes.",high,,B_boundary
1229,"8-84. Jamie was given the problem, “Determine the result when the factors of 65x^2 + 212x − 133 are multiplied together.” Before she could answer, her sister, Lauren, said, “I know the answer without factoring or multiplying!” What was Lauren’s answer, and how did she know?",NA,"The paragraph presents a problem scenario with named characters but does not involve identifying or correcting an error, nor does it compare conflicting answers.",high,,B_boundary
1232,8-87. Decide whether the statements are true or false. a. 5 < 7 b. −2 ≥ 9 c. 0 ≤ 0 d. −5 > −10 e. 16 ≤ −16 f. 1 > 1,NA,"The paragraph simply asks the reader to decide true/false for statements, with no named student errors, comparisons, or warnings about common mistakes.",high,,B_boundary
1236,"8-90. A journalist from the school newspaper wants to publish the results from the water-balloon contest. She wants a rule for each toss so that she can program her computer to create a graph for her article. You already have a rule for the toss made by Maggie from problem 8-55. a. Her editor suggests that she model the path of the balloon as a quadratic function. Why is that a good idea? Explain your reasoning. b. Examine the graph shown that represents the height of Jen’s toss. What is the equation for her toss? Use your graphing technology to check your equation with the graph. c. Al releases his balloon from the 10-yard line, and it lands at the 16-yard line. If the balloon reaches a height of 27 yards, what equation represents the path of his launch? d. The journalist thinks that the height of the water balloon can be described by a quadratic function in factored form, h(x) = a(x − d)(x − f). What would you suggest to the journalist to explain how she can determine the values of a, d, and f to write the quadratic function in factored form? Give examples.",NA,"The paragraph presents standard problem prompts without showing student errors, comparisons, or warnings about common mistakes.",high,,B_boundary
1244,"8-96. Calculate the value of the expressions in parts (a) through (d). Then complete part (e). a. (−6 + √(6^2 − (4)(1)(−40))) / ((2)(1)) b. (−6 − √(6^2 − (4)(1)(−40))) / ((2)(1)) c. (−13 − √(13^2 − (4)(2)(−24))) / ((2)(2)) d. (−13 + √(13^2 − (4)(2)(−24))) / ((2)(2)) e. Compare your answers from parts (a) and (b) to those in part (a) of problem 8-95, and parts (c) and (d) to part (b) in problem 8-95. What do you notice?",NA,"The paragraph asks students to compute expressions and compare results, without presenting errors, mistakes, or named students' work.",high,,B_boundary
1247,8-98. Use the Zero Product Property to determine the exact minimum of f(x) = x^2 + 8x + 10. What went wrong? How could you work around this problem?,EXPLICIT_ERROR_DETECTION,"The paragraph asks the reader to identify what went wrong with using the Zero Product Property, which is an explicit request to locate an error, fitting EXPLICIT_ERROR_DETECTION.",high,,B_boundary
1249,"8-100. COMPLETING THE SQUARE. Jessica was at home struggling with her Algebra homework. She had missed class and did not understand the new method called completing the square. She was supposed to use it to change y = x^2 + 8x + 10 to graphing form. Then her younger sister, who was playing with algebra tiles, said, “Hey, I bet I know what they mean.” Anita’s Algebra class had been using tiles to multiply and factor binomials. Anita explained, “x^2 + 8x + 10 would look like this:” “Yes,” said Jessica, “I’m taking Algebra too, remember?” Anita continued, “And you need to make it into a square!” “Okay,” said Jessica, and she arranged her tiles on an equation mat as shown. “Oh,” said Jessica. “I need 16 small unit tiles to fill in the corner!” “But you only have 10,” Anita reminded her. “Right, I only have 10,” Jessica replied. She drew the outline of the whole square and said, “Oh, I get it! To complete the square, I need to add six tiles to each side of the equation:” “Oh, I see,” said Anita. “You started with y = x^2 + 8x + 10, but now you can rewrite it as y + 6 = (x + 4)^2.” “Thank you so much, Anita! Now I can easily write the function in graphing form, y = (x + 4)^2 − 6.” How can you use graphing technology to verify that y = x^2 + 8x + 10 and y = (x + 4)^2 − 6 are equivalent functions?",NA,"The paragraph narrates a correct completion of the square and asks the reader to verify equivalence using graphing technology, without asking to find or correct an error.",high,,B_boundary
1251,8-102. Help Jessica with a new problem. She needs to complete the square to write y = x^2 + 4x + 9 in graphing form. a. Draw tiles to help her figure out how to make this expression into a square. Does she have too few or too many unit squares this time? Write her function in graphing form. b. What is the maximum or minimum value? Where does it occur? What are the x-intercepts? What happened? What does that mean? c. Algebraically determine the y-intercept. Sketch the graph.,NA,"The paragraph asks the student to assist Jessica with completing the square and answering related questions, without presenting any erroneous work, comparison, or warning about common mistakes.",high,,B_boundary
1252,"8-103. How could you complete the square to change f(x) = x^2 + 5x + 2 into graphing form? How would you split the five x-tiles into two equal parts? Jessica decided to use force! She cut one tile in half, as shown. Then she added her two small unit tiles. a. How many small unit tiles are missing from Jessica’s square? b. Write the graphing form of the function. Where is the maximum or minimum located? Where is the y-intercept? Sketch the graph.",NA,"The paragraph describes a student scenario but asks to compute missing tiles and write the graphing form, without explicitly asking to find or correct an error.",high,,B_boundary
1254,8-105. Work with your team to write the graphing form for f(x) = x^2 + bx + c. Be prepared to share your strategies with the class.,NA,"The paragraph asks students to work together to write the graphing form and share strategies, with no mention of errors or error detection.",high,,B_boundary
1269,"Checking Understanding: The problems in this section combine what has been introduced in this chapter with what you have previously learned and practiced. Even if your teacher does not assign this section, you can use these problems to check your understanding. Solve each problem as completely as you can. The table at the end of the Closure section has answers to these problems. It also tells you where you can locate additional help and practice with problems like these.",NA,"The paragraph only instructs students to solve problems and check understanding, with no mention of errors, mistakes, or comparing student work.",high,,B_boundary
1272,"CL 8-114. Use the graph shown to answer the following questions. a. One of these lines represents Feng's data, and one represents Wei's data. Write an equation for each girl's line. b. The two girls are riding bikes. How fast does each girl ride? c. When do Feng and Wei meet? At that point, how far are they from school?",NA,"The paragraph asks students to solve problems using a graph, with no mention of errors, mistakes, or conflicting student answers.",high,,B_boundary
1281,CL 8-123. Check your answers using the table at the end of this section. • Which problems do you feel confident about? • Which problems do you find challenging? • How do the problems in this section relate to problems you worked on previously? • Use the table to identify any topics you need help with and topics you need to practice more.,NA,"The paragraph asks students to reflect on their confidence and challenges and to use a table to identify topics, without presenting any error-focused tasks or warnings.",high,,B_boundary
1288,9-2. Complete the following steps to verify your solutions to the original equations in problem 9-1 using graphing technology. a. Graph y = 3x^2 + 4x − 6 with technology. Where on the graph would you look to verify your solution to part (a) of problem 9-1? b. Create a table for y = 3x^2 + 4x − 6 with technology. Where in the table would you look to verify your solution to part (a) of problem 9-1? c. Use graphing technology to verify your solutions to the other equations in problem 9-1. Explain your process.,NA,"The paragraph instructs students to verify solutions using graphing technology and does not involve identifying or correcting errors, comparing student work, or warning about common mistakes.",high,,B_boundary
1289,"9-3. Janelle's team was trying to solve x^2 − 6x − 1 = 0. Janelle suggested using the Zero Product Property. Kira said, 'This quadratic cannot be factored, so it does not have a solution!' a. Is Kira correct? How do you know? b. 'I have an idea! Let's use a graph to determine the solutions,' Luis said. What did Luis mean? If you have not already done so, estimate the solutions using graphing technology. c. Janelle said, 'The teacher said to get an exact solution. We can complete the square to help us solve. Here is what the equation would look like.' She set up tiles on the equation mat as shown. What do you think the team's next tile move should be? d. Complete the square and solve. Does your solution match your estimate from part (b)? e. To compare your solutions for parts (b) and (d), you probably wrote your solutions as decimals. Square roots of numbers that are not perfect squares are irrational numbers: they are numbers that cannot be written as a fraction of integers. When you write an irrational square root as a decimal, you have to round, so it is called a decimal approximation. When you use the square root symbol, you are using exact form or radical form. Build the equation x^2 + 4x − 5 = −2 with algebra tiles. Then complete the square and solve. Write your answer in both exact form and as a decimal approximation. f. Check your answer to part (e) by graphing.",COMPARE_AND_CONTRAST,"The paragraph presents multiple named students (Janelle, Kira, Luis) offering differing approaches or claims about solving the quadratic, and asks the reader to evaluate who is correct, which matches the compare-and-contrast pattern.",high,,B_boundary
1295,9-7. Which equations are equivalent to (1/2)(6x − 14) + 5x = 2 − 3x + 8? A. 3x − 7 + 5x = 10 − 3x B. 3x − 14 + 5x = 2 − 3x + 8 C. 8x − 14 = 10 − 3x D. 6x − 14 + 10x = 4 − 6x + 16,NA,"The paragraph presents a multiple‑choice question asking which equations are equivalent; it does not involve error detection, correction, comparison of student work, or warnings about common mistakes.",high,,B_boundary
1299,Launch: Mathematicians construct viable arguments and critique the reasoning of others. Your teacher will display an image for a Which One Is Unique? activity. Be prepared to construct an argument for which one you believe is unique.,NA,"The paragraph asks students to construct an argument about a unique item, with no mention of errors, mistakes, or comparing incorrect work.",high,,B_boundary
1303,"9-13. Use the Quadratic Formula to solve the following equations for x, if possible. Verify your solutions with graphing technology. a. 3x^2 + 7x + 2 = 0 b. 2x^2 − 9x − 35 = 0 c. 8x^2 + 10x + 3 = 0 d. x^2 − 5x + 9 = 0",NA,"The paragraph asks students to solve equations and verify with technology, with no mention of errors, mistakes, or comparison of student work.",high,,B_boundary
1306,"Methods & Meanings: THE QUADRATIC FORMULA. Why does x = (-b ± √(b^2 − 4ac)) / (2a) give the solutions of ax^2 + bx + c = 0? One way to derive this formula is to rewrite the standard form of a quadratic equation in a factorable form and solve for x. This process is shown. Begin with the quadratic equation in standard form, then multiply each side by 4a: ax^2 + bx + c = 0; 4a(ax^2 + bx + c) = (0)4a; 4a^2 x^2 + 4abx + 4ac = 0. Add b^2 − 4ac to each side to get a perfect square trinomial: 4a^2 x^2 + 4abx + b^2 = b^2 − 4ac. Factor the left side of the equation: (2ax + b)^2 = b^2 − 4ac. Take the square root of each side. Use absolute value to calculate the positive and negative values for 2ax + b, then solve for x: √( (2ax + b)^2 ) = √(b^2 − 4ac); |2ax + b| = √(b^2 − 4ac). 2ax + b = √(b^2 − 4ac) gives 2ax = −b + √(b^2 − 4ac), so x = (−b + √(b^2 − 4ac)) / (2a). −(2ax + b) = √(b^2 − 4ac) or 2ax + b = −√(b^2 − 4ac) gives 2ax = −b − √(b^2 − 4ac), so x = (−b − √(b^2 − 4ac)) / (2a). Finally, use the ± sign to write the formula as a single equation: x = (-b ± √(b^2 − 4ac)) / (2a). Notice that a cannot equal zero because you cannot divide by 0! However, if a = 0, then this equation would not be quadratic and you would not use this formula.",NA,"The paragraph only explains the derivation of the quadratic formula and does not ask the reader to find or correct an error, compare approaches, or warn about common mistakes.",high,,B_boundary
1308,9-16. Use the Quadratic Formula to solve x^2 − 13x + 42 = 0. Did your solution match the solution from part (a) of problem 9-15?,NA,"The paragraph asks the student to solve a problem and compare their answer to a previous part, without presenting an error, named students, or a warning about common mistakes.",high,,B_boundary
1313,"9-21. Decide whether the following statements are true or false. If necessary, review the descriptions for the inequality symbols < , ≤ , > , and ≥ in the Lesson 9.2.1 Methods & Meanings box. a. 11 < −13 b. 5(2) ≥ 10 c. 13 > −3(2 − 6) d. 4 ≤ 4 e. 9 ≥ −9 f. −2 > −2 g. −16 < −15 h. 0 > 6",NA,"The paragraph asks students to decide true/false statements about inequalities, with no mention of errors, mistakes, or named students.",high,,B_boundary
1316,"9-22. Consider the quadratic equation 6x^2 + 11x − 10 = 0.
a. Solve it using the Zero Product Property.
b. Solve it using the Quadratic Formula.
c. Did the solutions from parts (a) and (b) match? If not, why not?",NA,"The paragraph asks the student to solve a problem using two methods and compare the results, without presenting a student's error, named conflict, or warning about common mistakes.",high,,B_boundary
1317,"9-23. As the Methods & Meanings box from Lesson 9.1.2 demonstrated, the Quadratic Formula can solve any quadratic equation in the form ax^2 + bx + c = 0 if a ≠ 0. But what if the equation is not in standard form? What if terms are missing? Consider these questions as you solve the following quadratic equations. Share your ideas with your teammates and be prepared to demonstrate your process for the class.
a. 4x^2 − 121 = 0
b. 2x^2 − 2 − 3x = 0
c. 15x^2 − 165x = −630
d. 36x^2 + 25 = 60x",NA,"The paragraph simply asks students to solve quadratic equations and discuss with teammates, without mentioning errors, mistakes, or comparing student work.",high,,B_boundary
1324,9-26. Use the Quadratic Formula to solve part (b) of problem 9-25. Did your solution match the solution you got by factoring and using the Zero Product Property?,NA,"The paragraph asks the student to solve a problem and compare their answer with another method, without presenting a named error, warning, or explicit error detection.",high,,B_boundary
1330,Launch: Your teacher will display a student’s work. Analyze the work and be prepared to share a few thoughts.,NA,"The paragraph only asks students to analyze displayed work and share thoughts, without explicitly requesting error identification, correction, comparison, or warning about common mistakes.",high,,B_boundary
1331,"Explore: You now have more than one algebraic method to solve quadratic equations: using the Zero Product Property, using the Quadratic Formula, and completing the square. How can you decide which method is best to try first? By the end of this lesson, you should have some strategies to help you determine which method to try first when solving a quadratic equation.",NA,"The paragraph asks students to consider strategies for choosing a method, without presenting errors, named students, or error alerts.",high,,B_boundary
1332,"9-32. Examine the following quadratic equations with your team.
For each equation:
• Decide which solution method is best to try first.
• Solve the equation. If your first strategy does not work, switch to another strategy.
• Check your solution(s).
Be prepared to share your process with the class.
a. (x − 5)(x + 2) = −6
b. 0.5x^2 + 9x − 2.8 = 6
c. (3x + 4)(2x − 1) = 0
d. x^2 + 12 = 8x − 4
e. x^2 + 5 − 2x = 0
f. 20x^2 − 30x = 2x + 45",NA,"The paragraph asks students to solve problems and check their work, without presenting any errors, named student work, or warnings about common mistakes.",high,,B_boundary
1334,"Closure: REFLECTION JOURNAL
For this journal entry, provide a response to the following prompt. Include more detail than you think you need.
LESSON 9.1.4: CHOOSING A METHOD TO SOLVE A QUADRATIC EQUATION
You have used several different methods to solve quadratic equations: the Zero Product Property, completing the square, and the Quadratic Formula. When you are asked to solve a particular quadratic equation, how do you decide which method to use? Provide examples as part of your response.",NA,"The paragraph asks students to reflect on method choice and give examples, with no mention of errors, mistakes, or comparing student work.",high,,B_boundary
1349,"Methods & Meanings: INEQUALITY SYMBOLS
Just as the symbol “=” is used in mathematics to represent that two quantities are equal, the inequality symbols are used to describe the relationships between quantities that are not necessarily equal.

Symbol | Meaning in Words
< | Less than
≤ | Less than or equal to
> | Greater than
≥ | Greater than or equal to

When graphing an inequality on a number line, such as x ≥ −1, a filled circle (point) indicates that the value is part of the solution of the inequality, as shown.
An open circle indicates that the value is not part of the solution, as shown in the following graph of x < −3.",NA,"The paragraph only provides definitions and explanations of inequality symbols and graphing conventions, without presenting any errors, mistakes, or comparisons.",high,,B_boundary
1352,"9-46. Solve the following quadratic equations. Check your solutions, if possible.
a. 2k^2 + k − 6 = 0
b. m^2 = 9
c. w(2w + 8) = 24
d. 3n^2 − 4n = 5",NA,"The paragraph simply asks students to solve equations and check their solutions, with no mention of errors, mistakes, or comparison of student work.",high,,B_boundary
1369,"9-58. EXAMINING THE SOLUTIONS OF A LINEAR EQUATION
Take out your graph of y = −2x + 3 from problem 9-54. Compare your graph with the poster graph provided by your teacher.
a. Is the point (−1, 5) a solution to the equation y = −2x + 3? How can you tell by looking at the graph? How can you tell by using the equation?
b. Is the point (2, −1) a solution? What about the point (0, 0)? Justify each conclusion using both the graph and the equation.
c. What is the difference between the points on the line and the points not on the line?",NA,"The paragraph asks students to determine whether given points satisfy the equation using graph and algebra, without presenting any error, named student work, or warning about common mistakes.",high,,B_boundary
1371,"9-60. Examine the solutions shown on the class graph. With your team, discuss the following questions. Be ready to share your conclusions with the class.
a. Are there any points on the graph that you suspect are solutions but do not have a sticky dot?
b. Are there any sticky dots that you think may be misplaced? If so, verify these points so that you can have a complete graph of the solutions.
c. Are all the points on the line solutions to the inequality y ≥ −2x + 3? Why or why not?
d. How many solutions are there?
e. Where are all of the solutions located relative to the line? Why?",NA,"The paragraph asks students to examine a graph and discuss possible misplacements, but does not present a specific student's error, compare approaches, or explicitly state an error to locate; it is a discussion prompt rather than a textbook error alert.",medium,EXPLICIT_ERROR_DETECTION,B_boundary
1372,"9-61. What else can you learn about solutions of linear inequalities? Think about this as you answer the following questions with your team.
a. Rather than placing individual sticky dots, what if an entire region of the graph were shaded like the one shown? What inequality would correspond with this graph?
b. Heidi asks, “What if I changed the inequality to be y < −2x + 3? Now what would the graph look like?” Discuss this with your team and decide on a good way to represent the solution to the inequality y < −2x + 3. Be prepared to share your graph with the class.",NA,"The paragraph prompts discussion and graphing of inequalities without presenting a student's error, contrasting approaches, or warning about common mistakes.",high,,B_boundary
1385,"9-70. Review what you learned about graphing inequalities in Lesson 9.3.1 as you consider each part.
a. Graph y ≥ −5/3 x − 3.
b. What is the minimum number of points you need to test in order to know which region contains the solutions?
c. Orville thinks that using the point (0, 0) to test this inequality is a great idea. Why is using this point convenient?
d. Anita decided to use the point (−3, 2) to test the inequality. Test the inequality with her point. Does this point help her decide which side to shade? Why or why not?",NA,"The paragraph asks students to perform tasks and discuss points, without presenting or asking to find an error.",high,,B_boundary
1391,"Closure: With a partner, do a Dyad to explain how constraints are related to inequalities. Choose two of the following sentence frames to start your explanation. • Constraints are _____ and inequalities are _____. • Constraints can be represented with inequalities by _____. • Inequalities represent constraints by _____. • Inequalities and constraints are the same because _____. • Constraints and inequalities are different because _____.",NA,"The paragraph asks students to discuss concepts with a partner using sentence frames; it does not involve identifying or correcting errors, comparing student work, or warning about common mistakes.",high,,B_boundary
1392,"METHODS & MEANINGS: SOLVING ONE-VARIABLE LINEAR INEQUALITIES. To solve a one-variable linear inequality, change the inequality to an equation and solve for x. The solution to the equation is the boundary point of the inequality. For example, x = 12 is the boundary point for the inequality 10 − 2(x − 3) ≥ −8, as shown: 10 − 2(x − 3) ≥ −8; 10 − 2(x − 3) = −8; 10 − 2x + 6 = −8; −2x + 16 = −8; −2x = −24; x = 12. Since the original inequality is true when x = 12, place your boundary point on the number line as a solid point. (When the inequality is < or >, the boundary point is not included in the answer and is indicated with an open circle at the boundary point.) Then test one value on either side of the boundary point in the original inequality to determine which set of numbers makes the inequality true. Testing x = 8: 10 − 2(8 − 3) ≥ −8 => 0 ≥ −8 (true). Testing x = 15: 10 − 2(15 − 3) ≥ −8 => −14 ≥ −8 (false). Since x = 8 produces a true statement, the region on the number line containing x = 8 is the solution, or x ≤ 12.",NA,"The paragraph explains a method and works through an example without asking the reader to find or correct an error, compare approaches, or warn about common mistakes.",high,,B_boundary
1397,"9-80. During a race, Bernie ran 9 meters every 4 seconds, while Wendel ran 2 meters every second and got a 9-meter head start. If the race was 70 meters long, did Bernie ever catch up with Wendel? If so, when? Justify your answer.",NA,"The paragraph presents a word problem and asks the reader to determine if Bernie catches up, without referencing any student work, errors, or common mistakes.",high,,B_boundary
1398,9-81. Determine the number of times the graph of y = 5x^2 + 7x − 6 intersects the x-axis using two different methods. The answers from each method should match.,NA,"The paragraph asks the student to apply two methods and check that they give the same answer; it does not present student errors, named conflicts, or warnings about common mistakes.",high,,B_boundary
1399,9.4.1 Launch: Your teacher will display two graphs. Compare and contrast the solutions for the two inequalities shown.,COMPARE_AND_CONTRAST,"The prompt explicitly asks students to compare and contrast two solutions (graphs) for inequalities, matching the COMPARE_AND_CONTRAST signal.",high,,B_boundary
1401,"9-82. Refer to your graphs from problem 9-77. a. Compare your solution graphs for y ≤ −x + 5 and y > 2/3 x − 1 with those of your teammates. For which inequality was the boundary line included? How did you know to include it? b. Consider the system of inequalities shown, which includes both inequalities from part (a): y ≤ −x + 5, y > 2/3 x − 1. What does the solution to a system of inequalities look like? On the Lesson 9.4.1A Resource Page, add the boundary line and solution for y > 2/3 x − 1. c. Which points are solutions to this system, that is, which points make both inequalities true? Verify your solution region by substituting the coordinates of a point from your solution region into each inequality. d. How can you be sure that this region contains the only set of points that makes both inequalities true?",NA,"The paragraph provides standard instructional prompts to compare graphs, verify solutions, and reflect, without presenting a specific error, named student work, or warning about common mistakes.",high,,B_boundary
1402,"9-83. When graphing the system of inequalities shown, Reyna started by drawing the boundary graph of each constraint: y ≤ 0.5x − 5, y > −2x. a. Reyna’s graph is shown. Why is the line dashed for y > −2x while the other inequality is not? b. Pick a point in each possible solution region and test it in the system of inequalities. Shade any regions that contain solutions to both inequalities. How many regions make up the solution to this system? c. Why is (0, 0) not a good point to use to test for this solution?",NA,"The paragraph asks conceptual questions and tasks (why a line is dashed, testing points, why a specific point is not good) without presenting a student's error, comparing approaches, or warning about common mistakes.",high,,B_boundary
1403,"9-84. How does changing the inequality symbol affect the solution region? Each of the following systems of inequalities uses the same boundary lines as Reyna’s graph with slightly altered constraints. With your teammates, decide on a method to determine which region(s) are solutions for each system. Shade the solution region(s) on the Lesson 9.4.1B Resource Page. a. y ≥ 0.5x − 5, y > −2x b. y ≥ 0.5x − 5, y < −2x c. y ≤ 0.5x − 5, y < −2x",NA,"The paragraph asks students to explore how changing inequality symbols affects solution regions and to shade them; it does not present or ask about errors, mistakes, or compare student work.",high,,B_boundary
1421,9-97. Determine whether the following statements are true or false. a. |−6| < 4 b. |−3 + 5| > 2.5 c. 4 ≥ |0| d. |−4 + 3| > 1,NA,"The paragraph simply asks students to evaluate truth of statements; it does not involve identifying or correcting errors, comparing student work, or warning about common mistakes.",high,,B_boundary
1433,"9-106. Solve the quadratic equation twice, once using the Quadratic Formula and once by completing the square. Which was easier? x^2 − 10x + 21 = −4",NA,"The paragraph asks the student to solve a quadratic using two methods and compare difficulty, with no mention of errors, mistakes, or named students.",high,,B_boundary
1434,"9-107. Consider the given situation, then decide which system of equations can represent the situation. The length of a rectangle is 4 units longer than twice its width. If the area is 126 square units, determine the length (l) and width (w). A. w = 2l + 4, wl = 126 B. l = 2w + 4, l + w = 126 C. w = 2l + 4, l + w = 126 D. l = 2w + 4, wl = 126",NA,"The paragraph asks the reader to choose the correct system of equations for a word problem; it does not involve error detection, correction, comparison of student work, or warnings about common mistakes.",high,,B_boundary
1435,"9-108. This problem is a checkpoint for writing exponential equations from situations. It will be referred to as Checkpoint 9. Write an exponential equation to represent the situation and answer the question. a. If the cost of a loaf of bread is now $2.75 and is increasing at 5% per year, what will it cost 10 years from now? b. The population of Flood River City is now 42,000. Experts predict the population will decrease 25% each year for the next five years. What will be the population in five years? c. A share of Durian stock that was worth $25 in 2000 was worth $60 in 2010. What is the multiplier and percent increase each year? Check your answers. Which aspects of writing exponential equations from situations do you feel most comfortable with? Which aspects do you notice giving you trouble? For extra support, refer to the review materials and practice problems that are available in the Checkpoint Materials.",NA,"The paragraph asks students to write exponential equations and reflect, without presenting errors, mistakes, or contrasting student work.",high,,B_boundary
1436,Chapter 9 Closure Launch: Your teacher will display some work. Analyze the work and be prepared to share your thoughts. What does this student know? What feedback would you give them?,NA,"The paragraph asks students to analyze displayed work and give feedback, without mentioning a specific error, mistake, or comparing students' answers.",high,,B_boundary
1453,CL 9-121. Check your answers using the table at the end of this section. • Which problems do you feel confident about? • Which problems do you find challenging? • How do the problems in this section relate to problems you worked on previously? • Use the table to identify any topics you need help with and topics you need to practice more.,NA,"The paragraph asks students to reflect on confidence, challenges, and topics needing practice, without presenting any error or asking to find/correct mistakes.",high,,B_boundary
1458,"10-1. Pham is conducting a survey for the school newspaper. He surveyed 175 students at his school and found that 28 students had the new πPhone, 44 students had a laptop computer, and 110 students had neither. Given this data, what claims might someone make?
a. How might you represent that information in a Venn diagram? How can you use the given information to determine the number of students represented in each region?
b. How might you determine the number of students who have both πPhones and laptops?
c. How many students have πPhones or laptops? How did you figure this out?
d. Recall that 28 students had the new πPhone and 44 students had a laptop. Why can you not simply add 28 + 44 to get the answer to part (c)? Explain.",COMMON_ERROR_ALERT,"The paragraph warns against a typical mistake (adding counts without accounting for overlap) and asks the reader to explain why that is incorrect, fitting the COMMON_ERROR_ALERT category.",high,,B_boundary
1459,"10-2. Raul said he could not figure out how to put the data from problem 10-1 into a Venn diagram because he could not determine the number of students with both πPhones and laptops. So, he put the information into a table as shown.
a. Complete Raul’s table to figure out the number of students for each empty cell.
b. This type of table is called a two-way table and is often used to organize information and calculate probabilities. Why do you think it is called a two-way table?
c. How is the two-way table similar to and different from a Venn diagram? What are its advantages or disadvantages?
d. Assume that Pham’s survey is from a representative sample of students in his school. Is the probability that a student at his school has a πPhone or a laptop the same as the probability that a student has a πPhone and a laptop? Explain.",NA,"The paragraph asks the student to complete a table and discuss concepts; it does not present a student's error to correct, compare approaches, or warn about common mistakes.",high,,B_boundary
1463,"10-6. Elena was solving the equation 100x + 300 = 500.
a. She wondered if she could change the equation to x + 3 = 5. What do you think?
b. Solve both equations and verify that they have the same solution.
c. What could you do to the equation 100x + 300 = 500 to change it into x + 3 = 5?",NA,"The paragraph asks the student to evaluate Elena's idea and solve equations, without presenting a specific error to locate or correct, nor warning about a common mistake.",high,,B_boundary
1469,"Explore

A lot of information exists in a two-way table, and not all of it might be important or necessary for the work that you are doing. As you answer questions about two-way tables, consider whether all of the information is relevant or if you should focus only on key elements. Keep the following questions in mind.
• Is this question about an entire group?
• Is this question about a portion of a group?",NA,"The paragraph provides general guidance on analyzing two-way tables and does not mention errors, mistakes, or compare student work.",high,,B_boundary
1481,"Launch

Cassie wants to use the Zero Product Property to determine the zeroes of the quadratic function f(x) = x^2 + 1.5x − 2.5. She started factoring but quickly felt stuck. She asked, “How can we factor when there are decimals everywhere? Do we have to use the quadratic formula?”

Claudia thought for a second, then replied, “No, Cassie! I think there is another way. Can’t you first rewrite this equation so it has no decimals? Then it will be faster and easier to factor. And we won’t have to use the Quadratic Formula!”

a. What is Claudia talking about? Explain what she means. Then write an equivalent equation that Claudia might suggest. How might you write an equation with no decimals that will not change the solution?
b. Now solve the new equation (the one without decimals) by factoring. Check your solution(s).",NA,"The paragraph presents a scenario where a student is stuck and is prompted to rewrite the equation, but it does not show a student's error to be identified or corrected, nor does it warn about a common mistake.",high,,B_boundary
1482,"Explore

How is solving equations like navigating your neighborhood using different routes?

So far in this course, you have developed several different methods for solving equations, such as adding numbers and variables to both sides of the equation or multiplying each term by a number to eliminate fractions. But how would you solve a complicated equation such as the one shown?

(√|x + 5| − 6)^2 + 4 = 20

By looking at equations in different ways, you will be able to solve complicated equations efficiently. These new approaches will also help you solve new kinds of equations you have not studied before. As you solve equations in this lesson, ask your teammates these questions:
• How can you see it?
• Is there another way?",NA,"The paragraph asks students to explore different solution methods and reflect, without presenting a student's error, a comparison, or a warning about common mistakes.",high,,B_boundary
1490,"10-28. Solve four of the equations generated by your class in problem 10-27. Try to solve a mix of linear, quadratic, and exponential problems. Be sure to check each solution and show all work. Write yourself a note about what to watch out for when solving complicated equations.",NA,"The paragraph only instructs students to solve problems and reflect on pitfalls, without presenting errors, comparisons, or explicit warnings about common mistakes.",high,,B_boundary
1497,"10-34. Examine the following equation.
x/6 - 5/8 = 4
a. Multiply each term of the original equation by 6. What happened? Do any fractions remain?
b. Multiply each term in the original equation by 8. What happened? Do any fractions remain?
c. Is there a single number you can multiply everything by in the original equation to eliminate both fractions at the same time?
d. Is it necessary to multiply by a single number, as you did in part (c), or could you multiply everything by 6 first and then multiply everything by 8?
e. Solve the equation and explain each step you use to solve it.",NA,"The paragraph asks the student to perform operations and solve the equation, without presenting a student's error, comparing approaches, or warning about common mistakes.",high,,B_boundary
1499,"10-36. Examine the equations in parts (c), (e), and (f) of problem 10-35.
a. Before solving, could you already tell what values of x were definitely not allowed?
b. Which values of x might not make sense? That is, if the equations were all functions of x, would there be any equations where the domain is not all real numbers? Explain your reasoning.
c. If a value of x is not in the domain, it is also not allowed as a solution. Why not? Explain your reasoning.",NA,"The paragraph asks students to analyze domain restrictions and explain reasoning; it does not present a student's error, compare approaches, or warn about common mistakes.",high,,B_boundary
1503,"10-38. For the function y = f(x) = 2x^2 - 7x + 3:
a. What are the coordinates of the y-intercept?
b. What are the coordinates of the two x-intercepts? Explain how you found them.
c. Jay knows that the vertex of a quadratic function f(x) = ax^2 + bx + c is always at x = -b/(2a). Using Jay's formula, what is the x-coordinate of the vertex of the given function?
d. Is the vertex of the function a maximum or a minimum? How do you know?",NA,"The paragraph asks students to compute intercepts and vertex properties; it does not present a student's error, compare approaches, or warn about common mistakes.",high,,B_boundary
1508,"10-43. Consider the following inequalities.
A. (x - 4)/3 > x/14
B. (x - 2)^2 < 0
C. |3x - 8| >= -1
D. sqrt(x + 2) > 16
a. For which of the inequalities shown is x = 2 a valid solution?
b. What are some other valid solutions to the inequality you chose in part (a)?
c. Choose any of the other inequalities from part (b) and make the most minor change you can to make x = 2 a valid solution. Explain your choice.",NA,"The paragraph presents a set of problems asking students to evaluate solutions and modify inequalities, without referencing student errors or comparing work.",high,,B_boundary
1510,"10-44. To be prepared for strange and unfamiliar equations, you will first examine all of the solving tools you currently have by solving a comparatively easier equation in several ways, then level up to more complicated equations.
4(x + 3) = 20
With your team, solve 4(x + 3) = 20 for x in at least two different ways. Explain how you solved for x in each case and be prepared to share your explanations with the class.",NA,"The paragraph asks students to solve an equation in multiple ways and explain their methods, without mentioning errors, mistakes, or comparing student work.",high,,B_boundary
1511,"Further Guidance
10-45. SOLVING BY REWRITING
David wants to solve for x in the equation 4(x + 3) = 20. He said, ""I can rewrite this equation by distributing the 4 on the left-hand side."" After distributing, what should his new equation be? Solve this equation using David's method.",NA,"The paragraph presents a named student describing a correct method and asks the reader to apply it; no error is identified, compared, or warned about.",high,,B_boundary
1512,"10-46. SOLVING BY UNDOING
Juan says, ""I see the whole thing a different way."" Here is how he explains his approach to solving 4(x + 3) = 20, which he calls ""Undoing."" ""Instead of distributing first, I want to eliminate the 4 from the left side by undoing the multiplication.""
a. What can Juan do to both sides of the equation to remove the 4? Why does this work?
b. Solve the equation using Juan's method. Did you get the same result as David?
c. Why is ""Undoing"" an appropriate name for this strategy?",NA,"The paragraph presents a student's method and asks the reader to apply it and compare results, without showing an error or warning about common mistakes.",high,,B_boundary
1513,"10-47. SOLVING BY LOOKING INSIDE
Kenya said, ""I solved David's equation in a much quicker way!"" She solved the equation 4(x + 3) = 20 with an approach that she calls ""Looking Inside."" Here is how she described her thinking: ""I think about everything inside the parentheses as a group. After all, the parentheses group all that stuff together. I think the contents of the parentheses must be 5.""
a. Why must the expression inside the parentheses equal 5?
b. Write an equation that states that the contents of the parentheses must equal 5. Then solve this equation. Did you get the same result as with David's method?",NA,"The paragraph presents a student's method and asks for reasoning, not to locate or correct an error, nor to compare conflicting answers.",high,,B_boundary
1514,"10-48. THE THREE METHODS
Read the Methods & Meanings box for this lesson with your team. Then, match the names of approaches with the examples.
A. Rewriting
B. Looking Inside
C. Undoing
I. ""If 3 + (4n − 4) = 12, then (4n − 4) must equal 9…""
II. ""Subtracting is the opposite of adding, so for the equation 3(x − 7) + 4 = 23, I can start by subtracting 4 from both sides…""
III. ""This problem might be easier if I turned 4(2x − 3) into 8x − 12…""",NA,"The paragraph asks students to match method names with example statements; it does not involve identifying or correcting errors, comparing student answers, or warning about common mistakes.",high,,B_boundary
1515,"10-49. For each equation, decide whether it would be best to Rewrite, Look Inside, or Undo. Then solve the equation, showing your work, explaining each step and how it follows from the previous one, and record the name of the approach you used. Check your solutions, if possible.
a. (2x - 8)/10 = 6
b. 4 + (x ÷ 3) = 9
c. sqrt(3x + 3) = 6
d. 7^(x + 3) = 7^(3x)
e. sqrt(x) + 4 = 9
f. x/3 - x/9 = 6",NA,"The paragraph simply instructs students to solve equations using specified strategies and check their solutions, with no mention of errors, mistakes, or comparing student work.",high,,B_boundary
1516,10-50. Create your own equation where one method is clearly more effective than another.,NA,"The paragraph asks students to create an equation and compare methods, without presenting named students or explicit errors, so it does not fit any error-focused categories.",high,,B_boundary
1517,"Closure
Consider the equation (x − 7)^2 = 9.
a. Solve this equation using all three approaches studied in this lesson. Make sure each team member solves the equation using all three approaches.
b. Did you get the same solution using all three approaches? If not, why not?
c. Of the three methods, which do you think was the most efficient method for this problem? Why?",NA,"The paragraph asks students to solve using multiple methods and reflect on efficiency, without presenting errors, mistakes, or named student work to correct.",medium,COMPARE_AND_CONTRAST,B_boundary
1518,"Methods & Meanings: METHODS TO SOLVE SINGLE-VARIABLE EQUATIONS
Here are three different methods you can use to solve single-variable equations.

REWRITING
Use algebraic techniques to rewrite the equation. This often involves using the Distributive Property to eliminate parentheses. Then solve the equation using the solution methods you know.
Example:
  5(x - 1) = 15
  5x - 5 = 15
  5x = 20
  x = 4

LOOKING INSIDE
Choose a part of the equation that includes the variable and is grouped together by parentheses or another symbol. Make sure it includes all occurrences of the variable. Ask yourself, ""What must this part of the equation equal to make the equation true?"" Use that information to write and solve a new, equivalent equation that you can solve in fewer steps.
Example:
  5(x - 1) = 15
  5(?) = 15
  ? = 3
  (x - 1) = 3
  x = 4

UNDOING
Start by undoing the last operation performed on the variable. This will give you an equivalent equation that can be solved in fewer steps, which you can solve either by undoing the process again or with another approach.
Example:
  5(x - 1) = 15
  5(x - 1)/5 = 15/5
  x - 1 = 3
  x = 4",NA,"The paragraph only explains solution methods with examples and does not involve identifying or correcting errors, comparing student work, or warning about common mistakes.",high,,B_boundary
1531,10-62. Use graphing technology to graph the equations in problem 10-60. How does the graph confirm or challenge your conclusions for each part of problem 10-60?,NA,"The paragraph asks students to use graphing technology to confirm or challenge conclusions, with no mention of errors, mistakes, or comparing student work.",high,,B_boundary
1536,"10-65. Omar likes to rewrite quadratic equations so that the leading coefficient (the coefficient of x^2) is 1. For example, to solve 5x^2 − 20x = 55, Omar first rewrites it as x^2 − 4x = 11. In each of the following equations, how can Omar make the leading coefficient 1? What equivalent expression might he write?
a. 12x^2 − 24x = 60
b. 1/3 x^2 + x = 7 1/3
c. 20x^2 − bx = 100
d. ax^2 − bx = c",NA,"The paragraph asks students to rewrite equations to make the leading coefficient 1, without presenting a student's error, comparison, or warning about common mistakes.",high,,B_boundary
1542,"10-71. Solve the quadratic equation twice, once using the Zero Product Property and once using the Quadratic Formula. Are the solutions from both methods the same?
2x^2 − 19x + 9 = 0",COMPARE_AND_CONTRAST,"The paragraph asks students to solve using two different methods and compare the results, fitting the compare-and-contrast pattern for methods.",high,,B_boundary
1544,"10.2.5 What kinds of numbers are there?
DERIVING THE QUADRATIC FORMULA AND EXPANDING THE NUMBER SYSTEM

Launch
Your teacher will present a problem for you to solve. Wrong answers only!

Explore
In the previous lesson, you determined solutions for quadratic equations in various forms. One way to determine the solutions was using the Quadratic Formula. In this lesson, you will learn how mathematicians derived the formula using the method of completing the square.
As you use the Quadratic Formula, you will also learn about a new kind of number, called an imaginary number, and you will categorize numbers into sets. Finally, you will look at how many solutions absolute value equations can have.",NA,"The paragraph describes lesson activities and a prompt to give wrong answers, but does not present a specific student error, compare approaches, or warn about common mistakes.",high,,B_boundary
1561,"10.2.6 Which method is best?
MORE SOLVING EQUATIONS AND APPLICATIONS TO CONTEXTS

Launch
Part of developing a growth mindset is being willing to take a risk and try something, even if you are unsure of what to do. Your teacher will have a prompt for you and your team to discuss related to the journey towards a growth mindset.

Explore
Recently, you investigated three different approaches to solving single-variable equations: Rewriting, Looking Inside, and Undoing. In this lesson, you will use these approaches to solve new kinds of equations you have not solved before. You will also use your equation-writing skills to write an inequality for an application. As you work, consider these questions.
• How can you represent it?
• What is the best approach for this equation?
• Have you found all of the solutions?",NA,"The paragraph asks students to consider which method is best and does not present errors, error detection, or compare named students' work, so it is standard instructional content.",high,,B_boundary
1562,"10-87. How might you solve each of the following equations? Can you calculate all possible solutions? Be sure to check that your solutions are valid by substituting them back into the original equation!
a. |4x + 20| = 8
b. (x − 13)^3 = 8
c. 2*sqrt(x − 4) = 14
d. 6|x − 8| − 4 = 14
e. 3(x + 12)^2 = 27
f. 6^(x + 9) = 36^x",NA,"The paragraph asks students to solve equations and verify their answers, which is standard problem solving, not error-focused pedagogy.",high,,B_boundary
1564,"METHODS & MEANINGS: SOLVING ABSOLUTE VALUE EQUATIONS. To algebraically solve an equation with an absolute value, first isolate the absolute value on one side of the equation. 5|2x − 3| − 6 = 29, 5|2x − 3| = 35, |2x − 3| = 7. Note that you cannot distribute over an absolute value. For example, 5|2x − 3| ≠ 5(2x) − 5(3). Determine the possible values of the quantity inside the absolute value. Since |2x − 3| = 7, then the quantity (2x − 3) must be 7 away from 0, or located at either 7 or −7. With these two values, set up new equations and solve as shown: (2x − 3) = 7 gives 2x = 10, x = 5; -(2x − 3) = 7 gives 2x − 3 = −7, 2x = −4, x = −2. To check your solutions, substitute each value back into the original equation and evaluate.",COMMON_ERROR_ALERT,"The paragraph includes a warning that distributing over an absolute value is incorrect, which alerts the reader to a common mistake.",medium,,B_boundary
1566,"10-90. Jessie looked at the rule y = (x − 11)^2 + 4 and stated, ""The graph of this rule has no x-intercepts!"" a. How could she know without graphing? b. What might be the roots (real or imaginary)?",NA,"The paragraph presents a student's claim and asks the reader to explain it and find possible roots, not to locate or correct an error.",high,,B_boundary
1573,"10-96. Examine the graphs of the parabola y = x^2 − 3x − 10 and the line y = −2x + 2 shown. a. Where are all the x- and y-intercepts for the parabola? b. Where are all x- and y-intercepts for the line? c. Where do the graphs intersect each other? d. The words ""intersect"" and ""intercept"" look and sound a lot alike, but what do they mean? How are they alike? How are they different?",NA,"The paragraph asks students to find intercepts and intersections and discuss terminology, without mentioning errors, mistakes, or comparing student work.",high,,B_boundary
1574,"10-97. Intercepts and intersections are similar, but they are not exactly the same. How can you tell which one you are looking for? For each situation described, would the graphical solution best be represented as an intercept or an intersection? Be prepared to defend your decision. Note: You do not need to solve the problem! a. A 5-gram candle on a birthday cake is lit on fire. After 2 minutes, the candle weighs 4.2 grams. How long will the candle burn? b. Aliya and Claudia met while doing volunteer work at their community center. After 2 months, Aliya had volunteered a total of 450 hours, while Claudia had 630 hours. After 5 months, Aliya had 800 hours while Claudia had 920 hours. How many hours did each person have when they met? c. A local bowling alley charges $4 to rent shoes and $3.50 for each game. Another bowling alley charges $7 to rent shoes and $2 for each game. How many games would you need to play for both bowling alleys to charge the same amount?",NA,"The paragraph asks students to decide between intercept or intersection representations for word problems, with no mention of errors, mistakes, or correcting work.",high,,B_boundary
1579,10-101. Clifford thinks that x = 7 is a solution to 3(x − 2) ≤ 4. Is he correct? Show why or why not.,INCORRECT_TO_CORRECT,"A named student (Clifford) proposes a solution and the text asks the reader to determine if it is correct and explain, which fits the INCORRECT_TO_CORRECT pattern of evaluating and correcting a student's work.",high,,B_boundary
1580,"10-102. Examine the two lines graphed. a. Will these two lines intersect? Record the equation of each line and test your prediction. b. For each line, what are the coordinates of the x- and y-intercepts? c. Visually subtract f(x) − g(x). Graph the result on the same set of axes. Label the result as h(x). What are the coordinates of the x-intercept of h(x)? d. What value of x makes the equation f(x) − g(x) = 0 true? Does this result confirm or undermine your solution from part (c)? Explain your reasoning.",NA,"The paragraph presents a series of standard tasks (record equations, find intercepts, graph, solve) without referencing any student errors, comparisons, or warnings about common mistakes.",high,,B_boundary
1582,10-104. Which of the following equations is equivalent to 4(3x − 1) + 3x = 9x + 5? More than one may be equivalent. Justify your answer. A. 12x − 4 + 3x = 9x + 5 B. 12x − 1 + 3x = 9x + 5 C. 11x = 14x D. 15x − 4 = 9x + 5,NA,"The paragraph asks the student to select equivalent equations and justify, without referencing any error, named student, or common mistake.",high,,B_boundary
1585,"10-107. The owner of Taco Shack saw reviews online complaining that there was not enough cheese on his tacos. Without identifying himself, he randomly purchased 251 tacos from his own stores and from his competitor. He weighed the amount of cheese on each taco. His results are shown. Is there an association between the amount of cheese and where a taco was purchased? Should the owner of Taco Shack adjust the amount of cheese based on what his competitor is doing?",NA,"The paragraph asks a statistical investigation question about cheese amounts, with no mention of student errors, error detection, or comparison of erroneous work.",high,,B_boundary
1598,"Explore (Lesson 10.3.3): In Lessons 10.3.1 and 10.3.2, you developed a method for determining the points of intersection of a line and a parabola. In this lesson, you will study different possibilities for lines and parabolas intersecting or not intersecting. As you work through this lesson, keep the following questions in mind: • What does it mean for a solution method to be reliable? • When might graphs be misleading? • How can algebra come to the rescue when graphs fail?",NA,"The paragraph is an introductory lesson prompt with no named student work, error detection, or warning about common mistakes; it simply poses reflective questions.",high,,B_boundary
1600,"10-120. As you have seen, sometimes a parabola and a line never intersect. However, if a parabola and a line do intersect, how many different intersection points can they have? How many intersections can two parabolas have? Do two parabolas always intersect? Sketch a graph that fits each given description. Not every graph is possible. As you graph, consider the following questions. a. A line and a parabola that intersect twice. b. A line and a parabola that intersect once. c. A line and a parabola that intersect more than twice. d. Two parabolas that intersect twice. e. Two parabolas that have an infinite number of intersections. f. Two parabolas that never intersect. g. Two parabolas that only intersect once.",NA,"The paragraph asks students to consider and sketch various intersection scenarios; it does not present errors, compare student work, or warn about common mistakes.",high,,B_boundary
1601,"10-121. HOW MANY INTERSECTIONS? When given a graph of two parabolas or a line and a parabola, it is usually easy to determine how many points of intersection they have. But how can you tell algebraically? Each team will be assigned one of the following systems. With your team: • Use any algebraic solving method to calculate the point(s) of intersection for your team's system, if any exist. Examine your algebraic solution and decide what it indicates about the graph of the system. (That is, do the parabolas intersect once? Do they never intersect?) • Once you have solved your team's system, have your teacher come to your team and listen to you explain your results. Use graphing technology (or sketch a graph using your graphing shortcuts) to verify your conclusion. a. y = x^2, y = 2x − 1 b. y = x^2 − 5x + 6, y = −x^2 c. y = x^2 − 4x + 5, y = −x^2 + 4x − 1 d. y = x^2 − x − 2, y = x^2 + 2x + 1 e. y = x^2 − x − 2, y = x − 6 f. y = 2x^2 + 3x − 9, y = x − 5",NA,"The paragraph describes a collaborative activity to solve systems and verify results, without presenting a student's error, comparing approaches, or warning about common mistakes.",high,,B_boundary
1603,LESSON 10.3.3 REFLECTION JOURNAL: SUCCESS. Reflect upon your sticky note statement from the Launch. Do you feel like you accomplished your success in this class? Explain. What were some behaviors that helped you feel successful or that hindered your progress?,NA,"The paragraph is a reflective prompt asking students to consider their success and behaviors, with no mention of errors, mistakes, or comparing student work.",high,,B_boundary
1604,10-123. Solve each of the following quadratic equations using any method you choose. Check your solutions. a. (5x − 1)(x + 3) = 0 b. 4x^2 + 10x − 6 = 0 c. x^2 + 2x + 5 = 0 d. x^2 + 5x = 14,NA,"The paragraph simply asks students to solve quadratic equations and check their solutions, without presenting any error, named student work, or warning about common mistakes.",high,,B_boundary
1605,"10-124. Joaquin needed to know the maximum value of y = −x^2 + 4x − 1, but was stuck. ""No problem,"" said Thao. ""The parabola opens downward, so just complete the square to calculate the vertex. The y-value of the vertex will be the maximum."" ""I know that,"" said Joaquin. ""The problem is that it is −x^2."" ""Mmm…what if we multiply everything by −1? Can we now complete the square?"" a. Multiply the equation by −1 so you have −y = _____. b. Complete the square on the right side. c. Multiply the equation by −1 so you are back to y = _____. d. Identify the vertex and the maximum value.",NA,"The paragraph presents a problem-solving dialogue and asks the reader to perform steps, without showing a student's incorrect work or asking to locate an error.",high,,B_boundary
1613,10-131. Now consider the inequality |x − 2| > 3. a. Can you use the process from problem 10-130 to solve this inequality? b. How is it different from solving |x − 2| = 3? c. Solve the inequality and represent your solution algebraically and on a number line. d. How was solving |x − 2| > 3 different from solving 2x + 7 < 12?,NA,"The paragraph asks the student to solve an inequality and compare methods, without presenting a student's error or warning about common mistakes.",high,,B_boundary
1617,"LESSON 10.3.4 REFLECTION JOURNAL: SOLVING INEQUALITIES WITH ABSOLUTE VALUE. • To solve an inequality that has an absolute value, first you _____ because _____. Then you _____ because _____. Finally you _____ because _____. • When solving equations and inequalities, it is important to ask yourself _____ because _____. • Make up your own example problem in the form |x − a| ≥ b, describe a scenario that can be modeled with this inequality, and show how that problem is solved algebraically and graphically.",NA,"The paragraph asks students to fill in steps, reflect, and create their own problem; it does not present or warn about errors.",high,,B_boundary
1637,CL 10-151. Check your answers using the table at the end of this section. • Which problems do you feel confident about? • Which problems do you find challenging? • How do the problems in this section relate to problems you worked on previously? • Use the table to identify any topics you need help with and topics you need to practice more.,NA,"The paragraph asks students to reflect on confidence and challenges and to use a table for self‑assessment, not to locate or correct errors.",high,,B_boundary
1641,Launch: Mathematicians construct viable arguments and critique the reasoning of others. Your teacher will display an image for a How Many? activity. Be prepared to construct an argument for your counting strategy.,NA,"The paragraph asks students to construct an argument and critique reasoning, but does not present a specific error, common mistake, or compare named students' work.",high,,B_boundary
1656,11-10. The equation that models the path of the water balloon Maggie launched is M(x) = −x^2 + 17x − 42. Jen’s water balloon reached a height of 32 yards while Maggie’s only reached 30.25 yards. a. How tall a platform should Maggie build to set her catapult on? Explain your reasoning. b. What is the equation of the graph that will represent the path of the water balloon if launched from the platform? Justify your answer.,NA,"The paragraph asks students to solve a problem and justify reasoning, with no mention of errors, mistakes, or comparing students' work.",high,,B_boundary
1657,"11-11. Im Pecable came in fourth in the earlier competition, and like Maggie, he sees this as a chance to take home the win. Im’s water balloon only reached a height of 25 yards. Rather than building a platform, however, he is thinking he will dig a hole where Jen and Maggie will be placing their catapults. a. How deep must the hole be to ensure Im’s water balloon reaches a height above Maggie’s water balloon? Keep in mind that Im does not know that Maggie is plotting to build a platform! b. How deep must the hole be to ensure Im’s balloon reaches a height above the height Jen’s balloon reaches? c. What would be the equation representing the path of Maggie’s water balloon if Im is able to dig the right-sized hole? Explain. d. What advice might you give to Im?",NA,"The paragraph presents a scenario and asks the student to solve new problems; it does not present or ask about errors, mistakes, or compare student work.",high,,B_boundary
1658,"11-12. The last competitor, Al Truistic, launched his water balloon after the computer fizzled out. His catapult was placed on the 10-yard line, the water balloon reached a height of 27 yards, and landed on the 16-yard line. The function that represents the graph of the path of Al’s water balloon is A(x) = −3x^2 + 78x − 480. Al thinks, “Hey, I know why I didn’t win! It was because I started on the 10-yard line! I’ll just shift my catapult back 10 yards, and I’ll be fine!” a. Algebraically, what happens to the function A(x) to shift it “back 10 yards”? Explain. b. If Al does what he plans, what will the height of the water balloon be with the new launch?",NA,"The paragraph asks the student to describe how shifting the function horizontally affects its equation and to compute the new height, without presenting or asking to find an error.",high,,B_boundary
1669,"11-20. Kimberly was interviewed for the position in the Recycling Department. During the interview, she was given the function machine g(x) and told that its steps were: 1. Multiply by 5. 2. Subtract 8. 3. Divide by 2. a. At her job interview, Kimberly was asked to write the equation representing g(x). What equation should Kimberly have written? What is the output if 3 is put in? b. Kimberly was also asked for the steps of the inverse machine, named g^-1(x), and its equation. What should she have written down?",NA,"The paragraph asks the student to write the correct equation and compute outputs, with no mention of errors, mistakes, or comparing different solutions.",high,,B_boundary
1671,"Closure - REFLECTION JOURNAL: For this journal entry, provide a response to the following questions. Include more detail than you think you need. LESSON 11.1.3: WRITING AND CHECKING INVERSES: Think about the game you played at the start of class, the Guess My Number game. How does that game connect to the inverse of a function? Use the following questions to support your response. • What strategies did you use to guess the number? • What strategies did you use to write the inverse of a function? • How can you check if the inverse function you came up with is correct?",NA,"The paragraph asks for reflective responses about strategies and checking inverses, without presenting errors, comparisons, or warnings.",high,,B_boundary
1678,"11-27. A local fast-food franchise owner is holding a meeting with community members to discuss salaries. The owner says, “We can’t afford to be any more generous because our average salary across all positions is almost $50,000 a year.” A citizen spoke up, saying, “That’s nonsense. Your average employee only makes $35,000 a year—you can easily afford to give a raise.” If the owner and the citizen are using the same set of data, how can their averages be different? How could such a large difference have occurred?",COMPARE_AND_CONTRAST,"The paragraph presents two characters (owner and citizen) who give conflicting statements about the same data and asks the reader to explain the discrepancy, matching the compare-and-contrast pattern.",high,,B_boundary
1681,"11-28. PENNY TOSS: The Tossenhit Corporation is having its annual fundraising event. To encourage donors to attend, Tossenhit organizes a fun game called “Penny Toss” and gives away prizes. Each team tosses forty pennies at a target. There is a prize for the team that is consistently closest to the target. How consistent might your team be at this game? Your teacher will explain where to find your target. Follow the instructions provided to collect, analyze, and display your team’s data. Your teacher will give you ten pennies. Each teammate will take one turn tossing their pennies, one at a time. On your turn: • Stand 200 cm from the target. • Toss each coin at the target. (No “do-overs” or practice tosses.) • Work together to measure each penny’s distance to the target. Measure from the center of the penny to the target, even if the penny rolls far away. • Record each measurement to the nearest centimeter. • Repeat the process until a total of 40 pennies have been tossed. Analyze and discuss your team’s results. Send the Organizer to collect one poster and markers for the team. • Determine two ways you want to represent your data. For example, would you like to create a dot plot, box plot, pie chart, scatter plot, histogram, or bar graph? • Each pair will create one of the two representations on the poster. • Identify five statistics to add to the poster that will make classmates believe your team was the most consistently close to the target. Compare your team’s results with the other teams’ results. Which team was most consistently close to the target?",NA,"The paragraph describes a data collection activity with no mention of errors, mistakes, or error-focused prompts.",high,,B_boundary
1682,"Closure - REFLECTION JOURNAL: For this journal entry, provide a response to the following prompt. Include more detail than you think you need. LESSON 11.2.1: MOST APPROPRIATE GRAPHICAL REPRESENTATION: Think about these graphical ways to display data: dot plot, box plot, pie chart, scatter plot, histogram, and bar graph. Discuss with your teammates how to determine when it is appropriate to use each display. Consider the following questions: • What is the difference between single-variable data and two-variable data? Does the type affect the choice of graphical representations? • What is the difference between numerical and categorical data? Does this affect the choice of representation? • Do a lot of data values repeat? Why would this matter? • What are the advantages of the graphical representation you chose for your poster?",NA,"The paragraph asks for reflective discussion about choosing graphical representations, with no mention of errors, mistakes, or comparing student work.",high,,B_boundary
1691,"Explore: Today, you will examine classmates' posters, which represent their data. Remember that everyone's goal is to convince everyone else that they were closest to the target. Will you be convinced?",NA,"The paragraph asks students to examine classmates' posters and consider persuasion, without mentioning errors, mistakes, or correction of work.",high,,B_boundary
1692,"11-35. You will analyze classmates' posters with a partner. Each pair will move in opposite directions around the room. Determine which direction you will move with your partner. At each poster, discuss the following.
a. What did this team highlight with their chosen representation of the data?
b. Does the representation convince you that they were closest to the target? Why?
c. If different from yours, how does this representation do a better or insufficient job of convincing you they are closest to the target?",NA,"The paragraph asks students to discuss and evaluate classmates' posters, without mentioning errors, mistakes, or conflicting answers, so it does not fit any error-focused category.",high,COMPARE_AND_CONTRAST,B_boundary
1693,11-36. Which team was most consistently close to the target? How did they convince you?,NA,"The paragraph asks a reflective question about team performance, with no mention of errors, error detection, or comparison of erroneous work.",high,,B_boundary
1701,Launch: Mathematicians construct viable arguments and critique the reasoning of others. Your teacher will display an image for a Which One Is Unique? activity. Be prepared to construct an argument for which one you believe is unique.,NA,"The paragraph asks students to construct an argument about a unique item, with no mention of errors, mistakes, or comparing incorrect work.",high,,B_boundary
1702,"Explore: In a previous lesson, you tried to decide which team was most consistently close to a target. Comparing sets of data is an essential piece of studying statistics. Data can be very useful when it is compared to other data. How meaningful is tracking your monthly grocery bills without comparing it to the previous year's amounts? How interesting is your score on a video game if there are no other scores to compare to?",NA,"The paragraph discusses the importance of comparing data and asks reflective questions; it does not present an error, warning, or compare student work.",high,,B_boundary
1703,"11-43. As the Managing Grower at All-Organic Orchards, you know the farmer's market only accepts above-average-sized fruit from your orchard. However, they do not specify whether to calculate ""average"" with a mean or with a median. You want to sell as much fruit as possible for premium prices at the farmer's market.
a. Your apple crop is represented by the histogram and box plot showing the weight of apples (in grams) and the number of apples. To get the maximum amount of fruit to the market, should you use the mean or the median to represent your ""typical"" fruit?
b. Your lemon crop is represented by the histogram shown. Why do you suppose the right ""whisker"" is missing? Which statistic should you calculate to describe your ""typical"" lemon?
c. Why might the farmers at other orchards feel like you are being deceptive in reporting the mean?
d. To best represent the center, or the ""typical"" value, of a large quantity of data numerically, when would you use the mean, and when would you use the median?",NA,"The paragraph asks conceptual questions about choosing mean vs median and interpreting plots, without presenting a student's error, warning about common mistakes, or asking to locate an error.",high,,B_boundary
1704,"11-44. Home sales in Metropolis and Smallville are shown. Calculate the mean and median sales price in each town. Compare Metropolis to Smallville. In which town does the ""typical"" home cost less?
METROPOLIS (thousands of dollars ($))
230, 270, 150, 305, 240, 280, 1,100, 340, 160, 320, 440, 2,800, 250, 210
SMALLVILLE (thousands of dollars ($))
255, 289, 275, 247, 299, 281, 272",NA,"The paragraph asks students to compute statistics and compare towns, with no mention of errors, student work, or warnings.",high,,B_boundary
1705,"11-45. CREATING HISTOGRAMS AND BOX PLOTS ON THE CALCULATOR
When someone is injured and bleeding, the difference between life and death is often just minutes. Two emergency procedures are being compared for their speed in stopping bleeding at the scene of accidents. The time from when 911 was called to when paramedics reported that the bleeding stopped was recorded for each procedure, where each accident occurred approximately the same distance from the hospital. The data is shown in minutes.
PROCEDURE C-2
7, 6, 7, 4, 24, 8, 10, 3, 3, 5, 4, 17, 6, 5, 19, 29, 5, 6, 10, 4
Checksum: 182
PROCEDURE C-7
11, 13, 8, 9, 12, 10, 10, 9, 12, 7, 10, 6, 14, 11, 11
Checksum: 153
Make a combination histogram and modified box plot on your graphing calculator. A modified box plot displays outliers as points separate from the box plot. Choose an appropriate interval for each of the bins (""bars"") on your histogram. This interval is called the bin width.
To roughly approximate the number of bins your histogram should have, take the square root of the number of values in the largest data set. This number can be adjusted to best fit the situation or data.
Send the Organizer to collect the Lesson 11.2.3 Resource Page. Make a sketch of the combination histogram and box plot for each emergency procedure. Compare and contrast the two procedures. Which one would you recommend? Why?",NA,"The paragraph asks students to create histograms and box plots and then compare the two procedures, without any focus on detecting or correcting errors.",high,,B_boundary
1716,"11-53. CENTER, SHAPE, SPREAD, AND OUTLIERS
Statisticians like to report the center, shape, spread, and outliers of single-variable data.
Recall the Penny Toss problem from Lessons 11.2.1 and 11.2.2. Send the Organizer to collect the Lesson 11.2.4 Resource Page. This resource page shows the data of a fictional team who also completed the Penny Toss problem. How does this team's performance compare to your team's performance? Compare the center, shape, spread, and outliers of both data sets.",NA,"The paragraph asks students to compare two data sets, not to detect or correct errors, nor does it involve named students with conflicting answers.",high,,B_boundary
1718,"11-54. The Dallas University Health Center is running a clinical trial comparing two medicines to treat fibromyalgia. They need to compare the ages of the two groups receiving the medicines. The ages follow.
GROUP 7A
72, 71, 59, 62, 48, 70, 57, 48, 68, 68, 57, 49, 53, 72, 60
Checksum: 914
GROUP 7B
64, 29, 75, 55, 85, 51, 74, 34, 80, 28, 49, 79, 68, 45, 94, 32
Checksum: 942
a. Use your calculator to make a sketch of the combination histogram and box plot for each treatment group. Sketch the graphs in your notebook. Compare and contrast the distributions of ages between the two groups using the center, shape, spread, and outliers of the two groups.
b. When reporting the typical age in each group, which is a more appropriate measure of center, the mean or the median? Explain.",NA,"The paragraph asks students to compare and contrast two data sets, not to detect or correct errors, nor warns about common mistakes.",high,,B_boundary
1719,"11-55. For the function f(x) = 7x − 2:
a. Write the inverse function.
b. Show that your inverse function is correct. Choose an input number for the function and put the output number into the inverse. How does your final output compare to your original input?",NA,"The paragraph asks the student to construct and verify an inverse function by testing it, without presenting any erroneous work to detect or compare.",high,,B_boundary
1726,"11-61. A biologist is attempting to determine which sugar is more effective in supporting the growth of a particular eukaryotic cell. She collected the following data (diameter in micrometers, abbreviated μm).
SUGAR W
10, 32, 32, 34, 34, 36, 37, 39, 39, 40, 41, 43, 43, 44, 45, 46, 46, 49, 70
Checksum: 760
SUGAR P
10, 10, 15, 20, 25, 28, 30, 32, 35, 40, 45, 48, 50, 52, 55, 60, 65, 70, 70
Checksum: 760
a. Make a combination histogram and box plot for each sugar. Use an interval of 0 to 80 with a bin width of 10.
b. Calculate the mean and median of both collections of data.
c. The two sets of data are not the same. Which statistic(s) should be used to highlight the differences between these two data sets? You do not need to calculate the statistic(s). If the biologist wants to consistently grow large cells, which sugar should she use?",NA,"The paragraph presents a data analysis task without mentioning errors, mistakes, or comparing student work; it is a standard problem prompt.",high,,B_boundary
1727,"11-62. MEASURING SPREAD
In problem 11-61, you saw that, in addition to knowing the ""typical"" value, it is also sometimes important to know something about the spread of a set of data.
a. One way to measure the spread of data is to calculate the range (maximum minus minimum). What range of cell sizes did each sugar grow? Why is the range often not a useful measure of spread?
b. Another method for measuring the spread is the average distance to the mean, called the mean absolute deviation. Determine the distance of each value from the mean (remember to use absolute values because distances are positive), and calculate the mean distance. Compare the mean absolute deviation of Sugar W to Sugar P.
c. A mean absolute deviation should not be calculated if the data has outliers or is not symmetric. Why?
d. When the data is not symmetric or has outliers, the interquartile range (IQR) can be used to measure spread. Compare the IQR of the two sugars. If you need a reminder, read the Methods & Meanings box about calculating IQR in Lesson 11.2.1.",NA,"The paragraph asks students to perform calculations and answer conceptual questions about data spread, with no mention of errors, mistakes, or comparing student work.",high,,B_boundary
1728,"11-63. STANDARD DEVIATION
In Chapter 6, you learned about residuals—the distance that points are from the LSRL. In the process of determining the LSRL, you had to ensure that all the residuals were positive because distances are positive. You learned that statisticians prefer to make numbers positive by squaring them, rather than using the absolute value.
Standard deviation is another measure of the variability in a data set. Standard deviation is the average of all the distances to the mean, after the distances have been made positive by squaring. To calculate the standard deviation of a data set, complete the following steps.
1. Calculate the mean.
2. Determine the distance of each data point from the mean, and square each distance.
3. Calculate the average squared distance.
4. Take the square root of the average squared distance.
Without using statistics tools on your graphing calculator, calculate the standard deviation of each sugar in problem 11-61. Compare the variability (the spread) of the two sugars.",NA,"The paragraph instructs students to calculate standard deviation and compare variability, without mentioning errors, mistakes, or named students.",high,,B_boundary
1729,11-64. What is the standard deviation for your team's tosses from the Penny Toss event? Compare your result with your classmates'. Which team was most consistently close to the target?,NA,"The paragraph asks students to compute a statistic and compare results, without mentioning errors, mistakes, or named students' work.",high,,B_boundary
1730,11-65. The standard deviation was probably not an appropriate way to report the spread of your team's penny toss data. Why not? What would have been better?,NA,"The paragraph asks why a statistical measure may be inappropriate and what would be better, without referencing a specific student error, comparison, or explicit warning about a common mistake.",high,COMMON_ERROR_ALERT,B_boundary
1738,"11-71. Solve the following equations and inequalities. Check your solutions, if possible.
a. |5x + 8| ≥ −4
b. x^2 + x − 20 < 0
c. 2x^2 − 6x = −5
d. 5/9 − x/3 = 4/9",NA,"The paragraph simply asks students to solve a set of equations and inequalities and to check their solutions, with no mention of errors, named students, or common mistakes.",high,,B_boundary
1741,Launch: Mathematicians construct viable arguments and critique the reasoning of others. Your teacher will display an image for a Which One Is Unique? activity. Be prepared to construct an argument for which one you believe is unique.,NA,"The paragraph asks students to construct an argument about a unique item, with no mention of errors, mistakes, or comparing incorrect work.",high,,B_boundary
1744,"11-75. Consider the system of equations shown. Is the solution (−2, 4), (2, −2), or something else? Justify your answer.
3x + 2y = 2
5x − 12 = y",NA,"The paragraph asks the student to determine the correct solution to a system of equations, without referencing any error, mistake, or comparison of student work.",high,,B_boundary
1747,"11-78. If f(x) = −5/(x + 2) and g(x) = (x − 2)^3, calculate each output value (if possible). If it is not possible, explain why not.
a. f(−2)
b. g(−1)
c. g(4)
d. f(−7) + g(1)
e. f(3) − g(2)",NA,"The paragraph simply asks students to compute function values, with no mention of errors, mistakes, or comparing student work.",high,,B_boundary
1763,11-92. A manufacturing process calls for the width of a part to be 10 cm. Any part manufactured with an error of greater than 0.13 cm is rejected. What are the widths of parts that are rejected?,NA,"The paragraph presents a standard word problem about tolerances, with no mention of student errors, error detection, or comparison of student work.",high,,B_boundary
1764,"11.3.3 What do I know about the function?
INVESTIGATING A COMPLEX FUNCTION

Launch
Mathematicians construct viable arguments and critique the reasoning of others. Your teacher will display an image for a Which One Is Unique? activity. Be prepared to construct an argument for which one you believe is unique.

Explore
So far in this course, you have studied many families of functions and inequalities, including linear, quadratic, absolute value, and square root. In this lesson, you will use the tools and understanding you developed to analyze a new and interesting inequality.",NA,"The paragraph describes an investigative activity and argument construction without mentioning errors, mistakes, or comparing student solutions.",high,,B_boundary
1769,"11-97. The graphs of several relations are shown. Decide whether each is a function. If the relation is not a function, explain why not.

a. 
b. 
c.",NA,"The paragraph asks students to decide if each graph is a function and to explain why not, without referencing any student work, errors, or common mistakes.",high,,B_boundary
1773,"11-101. Duncan is testing two types of memory chips, W and Z, for performance and reliability. One test involves a measurement of the maximum electrical current in milliamperes required by the chip when storing and retrieving 14 different data sets. A lower required current means greater energy efficiency.

CHIP W
130, 130, 132, 132, 133, 133, 133, 134, 135, 135, 135, 137, 137, 137
Checksum: 1,873

CHIP Z
129, 131, 131, 132, 132, 132, 133, 133, 133, 133, 134, 137, 138, 140
Checksum: 1,868

a. When Duncan is trying to summarize the data, he determines that the IQR for chip W is larger, but the standard deviation for chip Z is larger. Both are measures of spread. How can they be conflicting? Use combination histogram and box plots in your explanation.
b. Which chip should Duncan recommend to the manufacturer? Justify your choice.",NA,"The paragraph presents a data analysis problem without focusing on errors, student mistakes, or contrasting student solutions.",high,,B_boundary
1777,"11-104. MAKING A GRAPH

A graph can help you analyze the data.

a. Graph the data from problem 11-103. Be careful about how you scale your axes, so that all the possible pens will fit on your graph.
b. Should the x-intercepts be included on your graph? Why or why not?",NA,"The paragraph gives instructions to graph data and asks a conceptual question; it does not present a student's error, compare approaches, or warn about a common mistake.",high,,B_boundary
1794,"11-120. Solve the following quadratic equation three times: once by completing the square, once by factoring and using the Zero Product Property, and once by using the Quadratic Formula. Make sure you get the same answer using each method!

x^2 + 14x + 40 = −5",NA,"The paragraph asks the student to solve a quadratic using three methods and verify consistency, with no mention of errors, mistakes, or student work to correct.",high,,B_boundary
1798,"11.3.6 What else will I need?
MODELING WITH LINEAR INEQUALITIES

Launch
Mathematicians construct viable arguments and critique the reasoning of others. Your teacher will display an image for a Which One Is Unique? activity. Be prepared to construct an argument for which one you believe is unique.

Explore
In this final activity, you will use your knowledge of exponential growth and decay, and of linear inequalities, to help solve some problems in planning a big parade.",NA,"The paragraph describes an activity to construct arguments and solve problems, without mentioning errors, mistakes, or comparing conflicting student work.",high,,B_boundary
1802,11-127. James used the Distributive Property and got 6m − 12. Write an expression that he could have started with.,NA,"The paragraph asks the student to construct a possible original expression, not to identify or correct an error, nor to compare approaches or warn about common mistakes.",high,,B_boundary
1805,"11-130. Solve the following quadratic equation twice: once by factoring and using the Zero Product Property, and once by completing the square. Verify that the solutions match.

x^2 + 14x + 33 = 0",NA,"The paragraph asks the student to solve a quadratic equation using two methods and verify the solutions, with no mention of errors, named students, or common mistakes.",high,,B_boundary
1812,"CL 11-134. Jet Set claims they are more ""on time"" than National Airways because National was delayed over an hour a couple of times. Arin did not believe Jet Set was more ""on time,"" so he looked up the data for both airlines during the last 2 weeks. The data he found for departure delays is shown. Negative numbers indicate that a flight departed earlier than scheduled.

NATIONAL AIRWAYS
69, 22, −3, −7, 2, 25, 7, 0, −3, 14, −4, 0, −1, −9, −2, 4, 12, 25, 65, −10
Checksum: 206

JET SET
6, −5, 33, 4, 37, 10, 23, 5, 21, 31, 2, −5, 35, 42, 19, −8, 25, 15
Checksum: 290

a. Compare the centers, shapes, spreads, and outliers of the data sets. Use the values you calculate to make an argument as to which airline is on time more often. Use a bin width of 10 minutes on your histograms.
b. Arin wants to summarize his findings with just two numbers: the center and spread. Should he use mean and standard deviation, or should he use median and IQR? Justify your choice, then summarize the data for Arin.",NA,"The paragraph asks students to analyze data and compare airlines, with no focus on identifying or correcting errors, nor does it present conflicting student answers or warn about common mistakes.",high,,B_boundary
1818,"CL 11-140. Check your answers using the table at the end of this section.
• Which problems do you feel confident about?
• Which problems do you find challenging?
• How do the problems in this section relate to problems you worked on previously?
• Use the table to identify any topics you need help with and topics you need to practice more.",NA,"The paragraph asks students to reflect on confidence, challenge, and topic needs, without presenting any student work, error, or warning about common mistakes.",high,,B_boundary
1873,"counterexample An example showing that a statement has at least one exception; that is, a situation in which the statement is false. For example, the number 4 is a counterexample to the hypothesis that all even numbers are greater than 7.",NA,"The paragraph provides a definition and example of a counterexample; it does not involve student errors, error detection, or warnings about common mistakes.",high,,B_boundary
1905,"inequality symbols <, ≤, >, and ≥. The symbol ≤ read from left to right means “less than or equal to.” The symbol ≥ read from left to right means “greater than or equal to.” The symbols < and > mean “less than” and “greater than” respectively. For example, “7 < 13” means that 7 is less than 13.",NA,"The paragraph only defines inequality symbols and gives an example, with no mention of errors, mistakes, or comparing student work.",high,,B_boundary
1923,"“let” statement Written at the beginning of a solution to identify the variable that will represent a certain quantity. For example, in solving a problem about sandwiches, begin by writing “Let s = the number of sandwiches eaten.” It is particularly important to use “let” statements when writing mathematical sentences so that the readers will know what the variables in the sentences represent.",NA,"The paragraph explains the purpose of 'let' statements and gives an example; it does not involve errors, mistakes, or comparison of student work.",high,,B_boundary
1941,"margin of error Half of the spread between the upper and lower bounds of a statistical prediction. For example, if the predicted weight is likely to be between a lower bound of 12 kg and an upper bound of 18 kg, the margin of error is 3 kg, and the prediction of the weight can be written as 15 ± 3 kg.",NA,"The paragraph provides a definition and example of margin of error without mentioning student errors, corrections, or comparisons.",high,,B_boundary
1949,"model A mathematical summary (often an equation) of a trend in data, after making assumptions and approximations to represent a complicated situation. Models make it possible to describe data to others, compare data more easily with other data, and make predictions. For example, mathematical models of weather patterns predict the weather. No model is perfect, but some models are better at describing trends than others. Regression is a type of model. Also see regression.",NA,"The paragraph provides a definition and explanation of mathematical models and regression without presenting errors, student work, or comparisons.",high,,B_boundary
1958,"multiplier In a geometric sequence, the number multiplied by each term to get the next term. Also called the common ratio or the generator. The multiplier is also the number you can multiply by in order to increase or decrease an amount by a given percentage in one step. For example, to increase a number by 4%, the multiplier is 1.04. The multiplier for a decrease of 4% is 0.96.",NA,"The paragraph provides a definition and examples of a multiplier; it does not present errors, compare student work, or warn about common mistakes.",high,,B_boundary
1961,negative exponents Raising a number to a negative exponent is the same as taking the reciprocal of the number. x^−a = 1/x^a for x ≠ 0.,NA,"The paragraph simply defines negative exponents and provides a formula; it does not involve error detection, correction, comparison, or warnings about common mistakes.",high,,B_boundary
1967,"observed value An actual measurement, as opposed to a prediction made from a model.",NA,"The paragraph provides a definition of 'observed value' and contains no mention of errors, mistakes, or comparison of student work.",high,,B_boundary
1978,parallel box plots Two box plots drawn on the same x-axis. Parallel box plots are used to compare the center and spread of two sets of data.,NA,"The paragraph only defines parallel box plots and describes their purpose; it contains no mention of errors, mistakes, or student work to correct or compare.",high,,B_boundary
1991,positive number A number greater than zero. Positive numbers are graphed on the positive side of a number line. Zero is neither positive nor negative.,NA,"The paragraph provides a definition of positive numbers with no mention of errors, mistakes, or comparisons.",high,,B_boundary
1998,"problem-solving strategies This course incorporates several problem-solving strategies, specifically, making a guess and checking it, using manipulatives (such as algebra tiles), making systematic lists, collecting data, graphing, drawing a diagram, breaking a large problem into smaller subproblems, working backward, and writing and solving equations. For example, a person who wishes to purchase a salad at a salad bar, knowing the cost per ounce, wants to figure out how many ounces they could buy with $10.00. They might approach the problem by writing an equation and solving it, making a table of ounces and prices, graphing the relationship, or guessing and checking various ounce amounts.",NA,"The paragraph only describes problem‑solving strategies and gives a neutral example; it does not present any student error, error detection task, or warning about common mistakes.",high,,B_boundary
2013,"range
(a) The range of a set of data is a statistic that represents the spread of the data. The range is the difference between the highest and lowest values.
(b) The set of all output values for a function or relation. For example, the range of the function graphed is y > −2. Also see domain.",NA,The paragraph provides definitions of range and does not involve any error-focused activity.,high,,B_boundary
2023,"regression A method for calculating a best-fit line or curve from a set of points on a scatter plot. The most common type of regression is the least-squares regression line. In this course, there are also curved regressions: exponential regressions (fitting y = a · bx) and quadratic regressions (fitting y = ax2 + bx + c).",NA,"The paragraph provides definitions and descriptions of regression methods without presenting any errors, mistakes, or comparisons.",high,,B_boundary
2032,"scatter The variability in data. If data forms a pattern, then it can be described and modeled. Random scatter has no discernible pattern. (Note that “random scatter” does not mean “evenly scattered”—randomly scattered data often forms clusters and gaps.) Also see variability and spread.",NA,"The paragraph only defines scatter and discusses variability; it does not present a student's error, compare approaches, ask to find a mistake, or warn about common errors.",high,,B_boundary
2036,"sequence generator Tells what you do to each term to get the next term. Note that this is different from the function for the nth term of the sequence. In an arithmetic sequence, the generator is the common difference; in a geometric sequence, it is the multiplier or common ratio. Also see arithmetic sequence and geometric sequence.",NA,"The paragraph provides a definition of a sequence generator and does not involve any error detection, correction, comparison, or warning about common mistakes.",high,,B_boundary
2040,"simple radical form A number, r√s, when there are no perfect square factors of s and no radicals in the denominator. For example, 5√12 is not in simple radical form since 4 (the square of 2) is a factor of 12. But 10√3 is in simple radical form and is equivalent to 5√12.",NA,"The paragraph only defines a concept and gives examples; it does not present errors, compare student work, or warn about common mistakes.",high,,B_boundary
2050,"standard form of a linear equation A linear equation written in the form ax + by = c, where a, b, and c are real numbers and a and b are not both zero. For example, the equation 2.5x − 3y = 12 is in standard form. When given the equation of a line in standard form, it can be useful to write an equivalent equation in y = mx + b form to determine the line’s slope and y-intercept.",NA,"The paragraph only provides a definition and explanation without mentioning any errors, mistakes, or comparing student work.",high,,B_boundary
2053,"statistic A numerical fact or calculation that is formed from data. For example, a mean or a correlation coefficient is a statistic. With a capital “S,” Statistics is the field of study that is concerned with summarizing data and using probability to make predictions from data with natural variability.",NA,"The paragraph provides a definition of a statistic and the field of statistics; it contains no mention of errors, mistakes, or comparison of student work.",high,,B_boundary
2055,stoplight icon The icon shown will appear periodically throughout the text. Problems that display this icon contain an error.,COMMON_ERROR_ALERT,"The paragraph warns readers that problems marked with the stoplight icon contain an error, which matches a common error alert.",high,,B_boundary
2078,"variability The inconsistency in measured data. Variability comes from two sources. Measurement error is the inconsistency in measurements of the same element repeated times and/or by different people. Element variability is the natural variation of the elements themselves. For example, even though in general, people with larger shoe sizes are taller, not all people with the same shoe size have the same height. That is element variability. Measurement error, on the other hand, might occur when the same person’s height is measured multiple times, yielding slightly different results due to posture or the way the measuring tape is positioned. See spread.",NA,"The paragraph defines variability and measurement error without presenting student work, errors to find, or warnings about common mistakes.",high,,B_boundary
2100,"Note: When the process of solving an equation ends with different numbers on each side of the equal sign (for example, 2 = 4), this means that there is no solution to the problem because no value of the variable can make the expressions equal. When the result is the same expression or number on each side of the equation (for example, x + 3 = x + 3), this means that all real numbers are solutions because any value substituted for the variable would make the equation true.",NA,"The paragraph provides standard instructional content about interpreting equation outcomes, without referencing a student's error, comparing approaches, or warning about common mistakes.",high,,B_boundary
2115,"Checkpoint 4
SOLVING LINEAR EQUATIONS WITH FRACTIONAL COEFFICIENTS

Review
One variable linear equations with fractional coefficients can be solved in a variety of ways. A common first step is to rewrite the equation without fractions by multiplying all the terms by a common denominator. Then, solve by combining like terms and isolating the variable on one side and the constants on the other. Finally, perform the needed operations to solve for the value of the variable.",NA,The paragraph only reviews standard procedures for solving linear equations with fractional coefficients and does not involve any error-focused pedagogy.,high,,B_boundary
2132,"Checkpoint 6A
REWRITING EQUATIONS WITH MORE THAN ONE VARIABLE

Review
Rewriting equations with more than one variable may be done in a variety of ways, but often you follow the same steps as you would for solving an equation with a single variable. Commonly, a useful first step is to rewrite the equation without fractions by multiplying all the terms by a common denominator. Then solve for the specified variable the usual way.
• Collect like terms.
• Isolate the specified variable terms on one side and everything else on the other.
• Divide or undo any exponent so that the variable is alone.
The final answer will be an equation that involves variables and possibly numbers.",NA,"The paragraph only provides a review of steps for rewriting equations and does not present any error detection, correction, comparison, or warning about common mistakes.",high,,B_boundary
2143,"Review

It is common to represent situations using a single equation or a system of equations. When solving a problem involving a proportional relationship, the most common method is to use equal ratios. In any case, it is important that you define the variables.",NA,"The paragraph only provides general advice and does not mention any errors, mistakes, or conflicting student work.",high,,B_boundary
2144,"Examples

1. A bag of coins contains only nickels and dimes. If there are 33 coins and the total value is $2.40, how many of each kind of coin are in the bag?

SOLUTION
This problem can be solved using a single variable. Let d = the number of dimes. The number of nickels can be represented by the expression 33 – d. The value of dimes and nickels is then 10d and 5(33 – d), respectively. The total value of the dimes and nickels is 240 cents, so:

10d + 5(33 – d) = 240

Solving yields d = 15 dimes and 33 – 15 = 18 nickels.

A system of equations can also be written to solve this problem. Let d = the number of dimes and n = the number of nickels. Write an equation that relates to the number of coins, and a second equation that relates to the value of the coins.

d + n = 33
10d + 5n = 240

Solving this system yields d = 15 dimes and n = 18 nickels.",NA,"The paragraph presents a problem and its solution without any mention of errors, mistakes, or comparing student work.",high,,B_boundary
2183,"3. Interpret the meaning of the correlation coefficient in the following situations.

a. A local newspaper reports that the correlation coefficient between the number of pedestrians on the sidewalk and sales tax generated by nearby stores is r = −1.07.

b. The correlation coefficient between the number of hot dogs sold at a baseball game and the number of runs the Houston Homerunners baseball team scored in that game is r = −0.94.

c. The correlation coefficient between the amount of sugar consumed per month and the amount of red meat consumed per month is r = 0.10.",NA,"The paragraph asks students to interpret correlation coefficients; it does not present errors, warnings, or compare student work.",high,,B_boundary
2186,"6. The manager of a technical support call center was concerned that service was getting worse when the call center got busy. For the last 20 days, she recorded the number of calls per day and the average length of each call in minutes. Her data is shown.

Number of Calls | Average Time per Call (minutes) | Number of Calls | Average Time per Call (minutes)
20 | 24 | 273 | 11
220 | 13 | 152 | 12
142 | 19 | 320 | 3
86 | 15 | 262 | 5
281 | 1 | 115 | 28
53 | 18 | 218 | 3
306 | 10 | 223 | 17
193 | 6 | 92 | 23
145 | 24 | 315 | 27
287 | 5 | 223 | 9
Checksum: 3,926 | 273

a. Describe the association between the number of calls and the average time per call.

b. As the number of calls increases, what happens to the average time per call? What does that indicate about the quality of customer service during busier times?

c. Predict the average length of a phone call on days that have 100 calls, 200 calls, and 300 calls. Use the same precision in your answers as that of the measurements made by the manager.

d. How do the slope of the LSRL and the value of the correlation coefficient change if you exclude point (315, 27) from the data set? Does it make sense to exclude this point? Explain.",NA,"The paragraph presents a data analysis scenario and asks standard questions; it does not involve identifying or correcting errors, nor does it warn about common mistakes.",high,,B_boundary
36,1-21. Solve each linear equation. Check your solutions. a. −2x − 3 = 3 b. 7 + 2x = 4x − 3 c. 6x − 10 = −8 + 3x,NA,"The paragraph only asks students to solve linear equations and check their solutions, with no mention of errors, mistakes, or comparing student work.",high,,C_control
2125,"5-55. Calculate each sum or difference.

a. 4^2 · 4^5
SOLUTION
4^2 · 4^5 = 4^(2 + 5) = 4^7

b. (5^0)^3
SOLUTION
(5^0)^3 = 5^(0 × 3) = 5^0 = 1

c. x^(−5) · x^3
SOLUTION
x^(−5) · x^3 = x^(−5 + 3) = x^(−2) = 1/x^2

d. (x^(−1) · y^2)^3
SOLUTION
(x^(−1) · y^2)^3 = (1/x · y^2)^3 = (y^2 / x)^3 = y^6 / x^3

e. (8 × 10^5) · (1.6 × 10^(−2))
SOLUTION
(8 × 10^5) · (1.6 × 10^(−2)) = 12.8 × 10^3 = (1.28 × 10^1) × 10^3 = 1.28 × 10^4

f. 4 × 10^3 / (5 × 10^5)
SOLUTION
4 × 10^3 / (5 × 10^5) = 4/5 × 10^(3 − 5) = 0.8 × 10^(−2) = (8 × 10^(−1)) × 10^(−2) = 8 × 10^(−3)",NA,"The paragraph presents problems and their solutions without any mention of errors, student work, or warnings about common mistakes.",high,,C_control
1770,"11-98. Solve the following quadratic equations by completing the square. Leave your solutions in exact form.

a. x^2 − 6x − 12 = 0
b. x^2 − 3 = 4x",NA,"The paragraph simply asks students to solve quadratic equations; it contains no error-focused prompts, named students, or warnings about common mistakes.",high,,C_control
1455,"Throughout this course, you studied different types of equations and inequalities, including linear equations and inequalities, quadratic equations, and systems of equations and inequalities. You also experimented with a variety of methods to solve those equations and inequalities.

In Chapter 10, you will extend your solving skills to include other types of equations, including equations with square roots, absolute values, variables in exponents, and messy fractions. Then you will learn how to determine the number of possible solutions for an equation without actually solving it. You will also consider “imaginary” solutions to quadratic equations.

This chapter also focuses on intersections of functions. You will learn how to use the intersection of the graphs of two functions to determine the solution to an equation. Then you will solve quadratic and absolute value inequalities.

Although much of this chapter focuses on solving equations, you will also determine whether there is an association between two categorical variables that are represented on a two-way table.

In Chapter 10, you will build on all of the major conceptual ideas of this math course.
• Structures, Proof, and Reasoning
• Modeling, Application, and Problem Solving
• Analysis, Inference, and Variability
• Transformation, Representation, and Equivalence",NA,"The paragraph only outlines upcoming topics and learning goals; it does not present student work, errors, or warnings about common mistakes.",high,,C_control
1686,"11-31. Solve the following equations and inequalities, if possible. a. √(x − 1) + 13 = 13 b. 6|x| > 18 c. |3x − 2| ≤ 2 d. 4/5 − 2x/3 = 3/10 e. (4x − 2)^2 ≤ 100 f. (x − 1)^3 = 8",NA,"The paragraph simply lists problems for the student to solve, with no mention of errors, mistakes, or comparison of student work.",high,,C_control
1861,conditional relative frequency table A two-way table that shows proportions or percentages with respect to a particular variable.,NA,The paragraph provides a definition of a conditional relative frequency table and contains no request to find or correct errors.,high,,C_control
364,"3-59. A calculator manufacturer offers two models for students: scientific and graphing. The company has sold 10,000 scientific calculators so far and continues to sell 1,500 per month. It has also sold 18,000 graphing calculators and continues to sell 1,300 each month. When will the sales of scientific calculators equal the sales of graphing calculators?",NA,"The paragraph presents a straightforward word problem with no mention of errors, mistakes, or comparison of student work.",high,,C_control
1488,"10-27. Now, you will reverse the process of solving equations by rewriting them. Your teacher will give you one of the following equations to “complicate.” How many equivalent “complicated” instructions can you make?
a. 4x − 2 = 6x
b. 3x = 7 (make an exponential equation)
c. 5 − 3x = −7
d. 2x + 1 = 5
e. x − 6 = 3 + 2x
f. 4 − x = −1
• Change the equation to make it appear more challenging (although you know it is still equivalent to the easy equation).
• Verify that your new equation is equivalent to the one assigned by your teacher.
• Share your new equation with the class.
• Copy down the equations generated by your class. You will need these equations for Review & Preview problem 10-28.",NA,"The paragraph asks students to rewrite equations to make them look more challenging and verify equivalence, without mentioning errors, mistakes, or comparing student work.",high,,C_control
1524,"10-56. The price for a standard group-stage ticket for a World Cup match rose from $95 in 2014 to $378 in 2026.
a. What were the annual multiplier and annual percent increase?
b. Write the equation of the function that describes this situation.",NA,"The paragraph simply asks the student to calculate a multiplier, percent increase, and write an equation; it contains no error-focused prompts, named students, or warnings about common mistakes.",high,,C_control
2051,"standard form of a quadratic A quadratic expression in the form ax2 + bx + c, a ≠ 0. For example, the following are all expressions in standard form: 3m2 + m − 1, x2 − 9, and 3x2 + 5x.",NA,"The paragraph only provides a definition and examples of standard form; it does not involve error detection, correction, comparison, or warnings about common mistakes.",high,,C_control
1917,"inverse proportion (or inverse variation) Two quantities, such as x and y, that have the relationship y = k/x, where k ≠ 0 is the constant of proportionality. Also see direct proportion.",NA,"The paragraph provides a definition of inverse proportion with no mention of errors, mistakes, or comparison of student work.",high,,C_control
2116,"1. Solve for x: 1/2 x + x − 2 = 4/5 x + 12

SOLUTION
1/2 x + x − 2 = 4/5 x + 12
10(1/2 x + x − 2) = (4/5 x + 12)10   Multiply by a common denominator.
5x + 10x − 20 = 8x + 120   Use the Distributive Property.
15x − 20 = 8x + 120   Combine like terms.
7x = 140   Add 20, subtract 8x from each side.
x = 20   Divide each side by 7.",NA,The paragraph presents a problem and a complete solution without asking the reader to find or correct an error.,high,,C_control
134,"Explore
Throughout this chapter, you will explore the multiple representations of a linear relationship. You will use the growth and starting value of linear relationships to make connections between situations, tables, graphs, and equations.

The specific situation you will work with today is tile patterns.
As you work today, keep these questions in mind:
• How might you see the change from figure to figure in the tile pattern?
• How many tiles are in Figure 0?
• What connections are there between the pattern and the equation?
• What connections are there between the pattern and the table?",NA,"The paragraph only introduces an exploration activity and asks guiding questions; it does not present student errors, compare approaches, or warn about common mistakes.",high,,C_control
2187,"6. Continued from previous page.
d. The slope changes from −0.05 to −0.07, indicating that an increase of 1 phone call per day is expected to decrease the length of phone calls by 0.07 minutes (4.2 seconds). The correlation coefficient changes from r = −0.574 to r = −0.7756, indicating a stronger negative linear association. It might make sense to exclude this point because there may have been a particular circumstance that impacted the average length of calls on that day (such as an outage of the system). It is far outside the range of the rest of the data, and it has a large impact on the model, so excluding it may improve the predictions made using the linear model.",NA,"The paragraph discusses interpreting data and suggests possibly excluding an outlier, but does not ask the reader to find or correct an error, compare students, or warn about a common student mistake.",high,,C_control
1139,"Further Guidance: 8-15. Factoring with a generic rectangle is especially convenient when algebra tiles are not available or when the number of necessary tiles becomes too large to manage. Using a Diamond Problem helps avoid guessing and checking, which can at times be challenging. Use the process from problem 8-14 to factor 6x^2 + 17x + 12. The following questions will guide your process. a. When given a trinomial, such as 6x^2 + 17x + 12, what two parts of a generic rectangle can you quickly complete? b. How can you set up a Diamond Problem to help factor a trinomial such as 6x^2 + 17x + 12? What goes on the top? What goes on the bottom? c. Solve the Diamond Problem for 6x^2 + 17x + 12 and complete its generic rectangle. d. Write the area of the rectangle as a product.",NA,"The paragraph provides instructional guidance and asks the reader to perform steps, without presenting errors, mistakes, or contrasting student work.",high,,C_control
736,"5-77. Write both an explicit equation and a recursive equation for the sequence: 5, 8, 11, 14, 17, …",NA,"The paragraph simply asks the student to write explicit and recursive equations for a given sequence, with no mention of errors, mistakes, or comparison of student work.",high,,C_control
978,"7-18. Complete each of the Diamond Problems. The pattern used in the Diamond Problems is shown.
[Top: xy, Bottom: x + y, Left: x, Right: y]
a. Left: 3 1/2, Right: 1/2
b. Top: -28, Bottom: 3
c. Left: -7, Bottom: -15
d. Top: 10, Bottom: 7",NA,"The paragraph presents a set of practice problems (Diamond Problems) without any mention of errors, mistakes, or comparison of student work.",high,,C_control
1997,probability table Another name for two-way table.,NA,"The paragraph only provides a definition and contains no mention of errors, mistakes, or comparison of student work.",high,,C_control
1746,11-77. Graph the function h(x) = −√(3 − x). Use inequalities to describe its domain and range.,NA,"The paragraph simply asks the student to graph a function and describe its domain and range, with no mention of errors, mistakes, or comparing student work.",high,,C_control
1181,"8-46. Which of the following quadratic expressions fit the patterns you discovered in problem 8-45? Factor each of the following expressions using the patterns you noticed, if possible. a. 25x^2 − 49 b. x^2 − 5x − 36 c. x^2 + 8x + 16 d. 9x^2 − 12x + 4 e. 9x^2 + 4 f. 9x^2 − 100",NA,"The paragraph asks students to apply a pattern to factor expressions; it contains no error-focused prompts, named students, or warnings about common mistakes.",high,,C_control
1972,"origin The point on a coordinate plane where the x- and y-axes intersect. This point has coordinates (0, 0). The point on a number line assigned to zero is also called the origin.",NA,"The paragraph provides a definition of the origin with no mention of errors, mistakes, or comparison of student work.",high,,C_control
1438,"Team Brainstorm: What have you studied in this chapter? What were the most important ideas? With your team, brainstorm a list. Include as much detail as you can about these ideas. To start, you might refer back to your Reflection Journal entries and Methods & Meanings boxes. What topics, ideas, and words that you learned before this chapter are connected to the new ideas in this chapter? Again, write down as many details as you can. Be prepared to share your team’s ideas with the class.",NA,The paragraph asks students to brainstorm and reflect on chapter ideas; it does not involve identifying or correcting errors.,high,,C_control
878,"6-64. Rewrite each expression using positive exponents only. Assume the value of the variables is not zero.
a. ((3x)/(y²))²
b. (6x³)(3xy)⁻¹
c. (2x)⁻² / (2x³)⁻¹",NA,"The paragraph presents a standard exercise asking students to rewrite expressions with positive exponents; it does not involve student errors, comparisons, or warnings about common mistakes.",high,,C_control
923,6-96. Make a table and graph of the function f(x) = (0.5x − 3)³ . Completely describe the graph.,NA,"The paragraph asks the student to create a table and graph and describe it, with no mention of errors, mistakes, or comparison of student work.",high,,C_control
1177,8-44. Match each rule with its corresponding graph. Can you do this without making any tables? Explain your selections. A. y = −x^2 − 2 B. y = x^2 − 2 C. y = −x^2 + 2 I. II. III.,NA,"The paragraph asks students to match equations to graphs, with no mention of errors, mistakes, or comparing student work.",high,,C_control
1441,CL 9-109. Write an inequality that represents the graph shown.,NA,"The paragraph asks the student to write an inequality based on a graph, with no mention of errors, mistakes, or comparing student work.",high,,C_control
645,"Launch
Your teacher will share some of your questions from your exit tickets from Lesson 5.1.1 for discussion.",NA,"The paragraph only describes a teacher activity of sharing student questions for discussion, with no mention of errors, mistakes, or comparing student work.",high,,C_control
1900,"horizontal lines Lines that are parallel to the x-axis. Horizontal lines have equations of the form y = b, where b can be any number. For example, the graph shows the horizontal line y = 3. The slope of any horizontal line is 0. The x-axis has the equation y = 0 because y = 0 everywhere on the x-axis.",NA,"The paragraph only defines horizontal lines and gives examples; it does not present errors, compare student work, or warn about common mistakes.",high,,C_control
136,"2-2. Complete the following for Pattern B, also shown on the Lesson 2.1.1B Resource Page.
a. What do you notice about the pattern? How might you describe the change from figure to figure?
b. How many tiles would be in Figure 0?
c. How many tiles would be in Figure 100? How do you know?
d. As you learned in Chapter 1, mathematicians commonly use “f(x)” to indicate the value of a function f when the input of that function is a number x. In other words:
• f is the function;
• x is the input; and
• f(x) is the output of the function f at the number x.
How might you use function notation to write an equation relating the figure number to the number of tiles for any figure number in Pattern B?",NA,"The paragraph asks students to observe a pattern, compute values, and write a function; it does not present errors, compare student work, or warn about common mistakes.",high,,C_control
693,"5-43. For the line passing through the points (−2, 1) and (2, −11): a. Calculate the slope of the line. b. What is the equation of the line?",NA,"The paragraph simply asks the student to calculate the slope and write the equation of a line; it contains no error-focused prompts, named students, or warnings about common mistakes.",high,,C_control
536,"4-48. The graph shows the lines y = x + 2 and y = 2x − 1.
a. Using the graph, what is the solution to this system?
b. Solve the system algebraically to confirm your answer to part (a).",NA,"The paragraph asks students to find the solution using the graph and then solve algebraically; it does not involve error detection, correction, or warning about common mistakes.",high,,C_control
698,Launch: Review your journal entry from the previous lesson and review with your team how you worked together in the previous lesson and how you can work together best during today's lesson.,NA,"The paragraph asks students to reflect on teamwork and plan future collaboration, with no mention of errors, mistakes, or comparing solutions.",high,,C_control
2170,"Examples

1. What is the solution to the system of equations provided?
4x + y = 8
x = 5 − y

SOLUTION
Since x is alone in the second equation, substitute 5 − y in the first equation, then solve.
4x + y = 8
4(5 – y) + y = 8
20 – 4y + y = 8
20 – 3y = 8
–3y = –12
y = 4

Then substitute y = 4 into either original equation to solve for x. Using the second equation, x = 1 so the solution is (1, 4).
x = 5 – y
x = 5 – 4
x = 1",NA,"The paragraph presents a worked example of solving a system of equations without asking the reader to find or correct errors, compare approaches, or warn about common mistakes.",high,,C_control
81,"1-56. What is the relationship between x and f(x) in the table? Complete the table and represent the relationship as an equation. Input (x): 9, 1, 100, 4, 49, [ ], 0, 25, 20; Output (f(x)): [ ], 1, [ ], [ ], 7, 4, [ ], 5, [ ]. f(x) = _______________",NA,"The paragraph asks the student to determine a relationship and fill in missing values, without referencing any errors, mistakes, or comparisons.",high,,C_control
212,"2-57. The president of the Line Factory is so impressed with your work that you have been given a special assignment: to analyze the graph shown, which was created based on a customer walking in front of a wall.
Obtain the Lesson 2.2.3B Resource Page from your teacher. This is a piecewise graph, which is a graph that has a different equation for different intervals along the x-axis.
a. Study the piecewise graph. What do you notice?
b. Working with your team, explain the motion that the graph describes.
c. What equation represents each piece of the graph?
d. What domain (the interval along the x-axis) is valid for each of your equations in part (c)?",NA,"The paragraph asks students to analyze a graph, describe motion, and write equations; it does not involve identifying or correcting errors.",high,,C_control
1589,"10-110. Look back at problem 10-109. Without doing any more algebra, what is the solution to x^2 + 2.6x + 0.45 = 2x + 1? Verify your solution by evaluating the equation.",NA,"The paragraph asks the student to solve a problem and verify the solution, without referencing any error, mistake, or comparison.",high,,C_control
982,"7-20. Most of the exponential equations you have used in this chapter have been in the form f(x) = ab^x.
a. What does a represent? What does b represent?
b. How can you identify a by looking at a table? How can you identify a in a situation? How can you identify a in a graph? Give an example for each representation.
c. How can you determine b in each representation? Use arrows or colors to add your ideas about b to the examples you created in part (b).",NA,"The paragraph asks conceptual questions about exponential functions and how to identify parameters; it does not present errors, compare student work, or warn about common mistakes.",high,,C_control
2043,"slope triangle A right triangle drawn on a graph of a line so that the hypotenuse of the triangle is part of the line. The vertical leg length is the change in the y-value (Δy); the horizontal leg length is the change in the x-value (Δx). The lengths of the legs in the triangle are used to calculate the slope ratio Δy/Δx. For example, the diagram shows a slope triangle with Δy = 2, Δx = 4. The slope of the line in the example is 2/4, or 1/2.",NA,"The paragraph explains the concept of a slope triangle and gives an example; it does not involve error detection, correction, comparison, or warnings about common mistakes.",high,,C_control
1259,"8-110. For the line with equation 4(y − 2) = 3(x + 7): a. State the slope and y-intercept. b. Is (−7, 2) a point on the line? Explain your reason.",NA,"The paragraph asks the student to compute slope, y-intercept, and verify a point, with no mention of errors, mistakes, or named students.",high,,C_control
1983,"perfect square trinomials Trinomials of the form a2x2 + 2abx + b2, where a and b are nonzero real numbers, and that factor as (ax + b)2. For example, the perfect square trinomial 9x2 − 24x + 16 can be factored as (3x − 4)2.",NA,"The paragraph provides a definition and example of perfect square trinomials without mentioning any errors, mistakes, or contrasting student work.",high,,C_control
855,"6-47. Giulia's father would like to open a restaurant, and he is deciding how much to charge for extra toppings on pizza, not including cheese. He sent Giulia to eight different restaurants around town to find out how much they each charge. Giulia returned with the following information.

Restaurant | Number of Extra Toppings | Price ($)
Paolo's Pizza | 1 | 10.50
Nick's Cafe | 3 | 9.00
The Red Door | 4 | 14.00
Roman Oven | 6 | 15.00
JohnBoy's Pizza Delivery | 3 | 12.50
Lily's | 5 | 16.50
Rosa's Restaurant | 0 | 8.00
Charles F. Cheese | 2 | 9.00

a. Giulia needs to write a report for her father about what he should charge for a two-topping pizza. With your team, discuss what elements a statistical analysis report should contain.
b. Write the report you described in part (a), and predict what Giulia's father should charge for a two-topping pizza.
c. Draw vertical line segments that represent the residuals on the scatter plot. If you want to purchase an inexpensive pizza, should you go to a store with a positive or negative residual?
d. Make a residual plot by plotting the length of each of the vertical line segments. Let the x-axis represent the number of pizza toppings, and the y-axis represent the residuals. Interpret the scatter of the points on the residual plot. Is a linear model a good fit for the data? Justify your reasoning.",NA,"The paragraph asks students to perform data analysis, write a report, and interpret residuals, without presenting errors, mistakes, or comparing student work.",high,,C_control
182,"Closure: REFLECTION JOURNAL. In your journal, provide a response to the following prompt. Include more detail than you think you need. LESSON 2.1.4: f(x) = mx + b. Consider the equation for a linear function in slope–intercept form: f(x) = mx + b. • What does the m represent? • What does the b represent? Now consider the other three representations of a linear function: situation, table, and graph. Answer the following questions for each representation. • Where would you look if you wanted to determine the growth? • Where would you look if you wanted to determine the starting value?",NA,"The paragraph asks students to reflect on concepts and answer questions; it does not present errors, compare student work, or warn about common mistakes.",high,,C_control
671,"Launch
Mathematicians model with mathematics to understand situations in everyday life, society, and the workplace. Your teacher will display an infographic for you to discuss with your team. What do you notice? What do you wonder?

Use these sentence frames as needed.
• I notice _____, so I think _____.
• I wonder _____ because _____.
• I would like to add _____.
• A question we can share with the class is _____.",NA,"The paragraph asks students to discuss an infographic using sentence frames, with no mention of errors, mistakes, or comparing student work.",high,,C_control
1239,"Methods & Meanings - FORMS OF A QUADRATIC FUNCTION. There are three main forms of a quadratic function: standard form, factored form, and graphing form. Study the examples shown. Assume that a ≠ 0 and that the meanings of a, b, and c are different for each form. Standard form: y = f(x) = ax^2 + bx + c. The y-intercept is (0, c). Factored form: y = f(x) = a(x − d)(x − f). The x-intercepts are (d, 0) and (f, 0). Graphing form (vertex form): y = f(x) = a(x − h)^2 + k. The vertex is (h, k).",NA,"The paragraph only provides definitions and descriptions of quadratic function forms without mentioning errors, mistakes, or comparing student work.",high,,C_control
575,"4-76. Tracy’s team was given the following system by their teacher. 10x + 4y = −8; 5x + 2y = 10. a. Use the Elimination Method to solve the system. What happened? b. Do these two equations represent the same line? How can you tell? c. If you have not done so already, write both equations in y = mx + b form. How can you explain the solution you got in part (a)?",NA,"The paragraph asks students to solve a system and reflect on the result, without presenting a student's error, comparing approaches, or warning about common mistakes.",high,,C_control
1342,"Launch: As a class, you will participate in a “human number line” activity.
• Each person on the number line will be assigned a number.
• Your teacher will show different equations or inequalities, such as x = 0.
• If your number makes the equation or inequality true, raise your number.
• If your number does not make the equation or inequality true, hold the number to your chest.
• Write the equation or inequality, the solutions, and a sketch of each number line with your team.",NA,"The paragraph describes a classroom activity with no mention of errors, mistakes, or comparing student work. It is standard instructional content.",high,,C_control
1606,"10-125. Mr. Ripley's fruit stand sells watermelons for $5 and apples for $2. Last weekend, he sold 40 pieces of fruit (all apples and watermelons) for $107. How many watermelons did he sell? Write your solution as a sentence.",NA,"The paragraph presents a straightforward word problem asking the student to solve for the number of watermelons; it does not involve error detection, correction, comparison, or warnings about common mistakes.",high,,C_control
1320,"Methods & Meanings: SOLVING A QUADRATIC EQUATION
So far in this course, you have learned three algebraic methods to solve a quadratic equation of the form ax^2 + bx + c = 0. Each of the following examples demonstrates one of the methods.

EXAMPLE 1: Solve 3x^2 + x − 14 = 0 for x using factoring and the Zero Product Property.
First, make sure the quadratic expression is equal to 0. Then, factor the quadratic so it is written as a product: (3x + 7)(x − 2) = 0.
The Zero Product Property states that if the product of two terms is 0, then at least one of the factors must be 0. Thus, 3x + 7 = 0 or x − 2 = 0. Solving each equation for x reveals that x = -7/3 or x = 2. This method only works when the quadratic can be factored.",NA,"The paragraph explains a method and provides a worked example without mentioning any errors, mistakes, or comparing student work.",high,,C_control
2192,"9-108. Write an exponential equation to represent the situation and answer the question.

a. If the cost of a loaf of bread is now $2.75 and is increasing at 5% per year, what will it cost 10 years from now?
SOLUTION
a = 2.75, b = 1 + 0.05 = 1.05, x = 10
y = abx
y = (2.75)(1.05)10
y ≈ 4.48
A loaf of bread would cost about $4.48 in 10 years.",NA,"The paragraph presents a problem and its solution without any mention of errors, mistakes, or comparison of student work.",high,,C_control
1227,8-82. Indicate whether the following equations would have a minimum or a maximum. Explain how you can know without graphing. a. y = −x^2 + 3x + 6 b. y = 2x^2 − 4x + 16,NA,"The paragraph asks students to determine minima or maxima for given equations, without referencing any student errors or comparisons.",high,,C_control
1206,"8-65. In problem 8-64, you learned that if you can determine the intercepts of a parabola from a rule, then you can sketch the graph without a table. a. What is true about the value of y for all x-intercepts? What is true about the value of x for all y-intercepts? Review your knowledge of intercepts and describe it here. b. If x = 0 at the y-intercept, locate the y-intercept of the graph of y = 2x^2 + 5x − 12. c. Since the x-intercept occurs when y = 0, write the equation that you would need to solve to locate the x-intercepts for the graph of y = 2x^2 + 5x − 12. d. The roots or zeros of a quadratic expression are the values of x that make the expression equal to zero. An x-intercept of a quadratic function is a root. At this point, can you solve 2x^2 + 5x − 12 = 0 for x? Explain why or why not.",NA,"The paragraph asks the reader to answer conceptual and procedural questions about intercepts; it does not present a student's error, compare approaches, or warn about common mistakes.",high,,C_control
1152,8-25. You have been working with quadratic expressions written in the form ax^2 + bx + c. But what if a term is missing? Or what if the terms are in a different order? Consider these questions while you factor the following expressions. Share your ideas with your teammates and be prepared to demonstrate your process for the class. a. 9x^2 − 4 b. 12x^2 c. 3 + 8k^2 − 10k d. 40 − 100m,NA,"The paragraph simply asks students to factor expressions and discuss with peers; it does not present or ask about errors, mistakes, or compare student work.",high,,C_control
1187,8-51. Solve each of the following systems of equations algebraically. Then confirm your solutions by graphing. a. y = 4x + 5; y = −2x − 13 b. 2x + y = 9; y = −x + 4,NA,"The paragraph simply asks the reader to solve systems of equations and confirm by graphing, with no mention of errors, named students, or common mistakes.",high,,C_control
727,Launch: Your teacher will have a pattern for you to investigate.,NA,"The paragraph simply instructs the student to investigate a pattern; it contains no mention of errors, mistakes, or comparison of student work.",high,,C_control
87,1-61. Create a table and graph the function f(x) = ∛x − 2. Then fully describe the graph.,NA,"The paragraph asks the student to create a table, graph, and describe the function, with no mention of errors, mistakes, or comparing student work.",high,,C_control
2119,"4-84. Solve each equation.

a. 1/6 m − 3 = −5
SOLUTION
1/6 m − 3 = −5
6(1/6 m − 3) = (−5)6
m − 18 = −30
m = −12

b. 2/3 x − 3 = 1/2 x − 7
SOLUTION
2/3 x − 3 = 1/2 x − 7
6(2/3 x − 3) = (1/2 x − 7)6
4x − 18 = 3x − 42
x = −24

c. x + x/2 − 4 = x/4
SOLUTION
x + x/2 − 4 = x/4
4(x + x/2 − 4) = (x/4)4
4x + 2x − 16 = x
5x = 16
x = 16/5",NA,"The paragraph presents solved example equations without asking the reader to find or correct errors, compare approaches, or warn about common mistakes.",high,,C_control
2191,"3. If a gallon of milk costs $4.50 now and the price is increasing 10% per year, in how many years will milk cost $8 a gallon?

SOLUTION
Use the equation y = abx. The initial price of a gallon of milk is $4.50. The multiplier b is 1 + 0.10 = 1.1, representing a 10% increase per year. The new price of milk is $8 per gallon. Substitute these values into the equation and solve for x (time in years). At this point in the course, guess-and-check will be required to solve the equation after it is written.

y = abx
8 = (4.50)(1.1)x

A table of values can be used to test values of x (guess-and-check). A sample table is shown.
x: 1, y: 4.95
x: 4, y: 6.59
x: 6, y: 7.97
x: 7, y: 8.77

Based on the table, x ≈ 6 years. This means that a gallon of milk will cost $8 after about 6 years.",NA,"The paragraph presents a problem and a solution using guess-and-check, without asking the reader to find or correct errors, compare approaches, or warn about common mistakes.",high,,C_control
1487,"10-26. What value(s) of x make each of the following equations true?
a. 2^(x + 3) = 2^(2x)
b. 3^(2x + 1) = 3^3
c. 9^x = 3^40
d. 8^70 = 2^x",NA,"The paragraph simply asks students to solve equations; it does not present errors, compare student work, or warn about common mistakes.",high,,C_control
418,"3-100. What is the equation of each line described? a. A line with slope of 0 that passes through the point (6, −11). b. A line that passes through the points (12, 12) and (20, 6).",NA,"The paragraph simply asks the student to find equations of lines; it does not present errors, compare student work, or warn about common mistakes.",high,,C_control
1462,"10-5. A researcher suspected that some blood types might be more likely to carry a particular variant of the CYP2C19 gene. The researcher collected data to investigate and created the following two-way table displaying the number of people, in millions.

Has CYP2C19 Variant 1 | Has CYP2C19 Variant 2
Type O: 0.3 | 137
Type A: 0.28 | 131
Type B: 0.07 | 31
Type AB: 0.03 | 12

Make a conditional relative frequency table to determine whether there is an association between blood type and the presence of variant 1.

All the two-way tables in this lesson are displayed, for convenience, with the variable across the top as the independent variable. That means you calculate percentages for each column. The percentages in a column should total 100%.",NA,The paragraph provides a data scenario and asks the reader to create a conditional relative frequency table; it does not involve error-focused pedagogy.,high,,C_control
1041,"Launch
Mathematicians look for and make use of structure. Your teacher will display clues for a “Guess My Function” game. Think about how you might use the structure of the clues in your strategies. As with any Math Chat, think independently and then extend one finger close to your chest when you have a response and justification after each clue.",NA,"The paragraph gives instructions for a game and does not involve error detection, correction, or warnings about common mistakes.",high,,C_control
1756,"11-85. TREASURE HUNT
Your teacher will give you several descriptive clues about different relationships. For each clue, work with your team to locate all possible matches among the relationships posted around the classroom or provided on the resource page. Remember that more than one relationship may match each clue. Once you have decided which relationship(s) match a given clue, defend your decision to your teacher and receive the next clue. Be sure to record your matches on paper.
Your goal is to locate the match (or more than one match) for each of the eight clues. Once you and your team have finished, only one relationship will be left unmatched. That relationship is the treasure!",NA,"The paragraph describes a collaborative activity with clues and matching relationships, without any mention of errors, mistakes, or correction of student work.",high,,C_control
1919,"irrational numbers The set of numbers that cannot be expressed in the form a/b, where a and b are integers and b ≠ 0. For example, π and √2 are irrational numbers. The decimal representation of irrational numbers never repeats and never ends. The square root of a number that is not a perfect square is irrational. It can be written in exact form as a radical, or it can be written as a decimal approximation: √2 ≈ 1.414.",NA,"The paragraph provides a definition and examples of irrational numbers without mentioning errors, mistakes, or comparing student work.",high,,C_control
1621,"10-138. On the same set of axes, graph y = 2^x and y = 5 − x. Use your graph to estimate the solution to the equation 2^x = 5 − x.",NA,"The paragraph asks students to graph functions and estimate a solution, with no mention of errors, mistakes, or comparing student work.",high,,C_control
1100,"Make a concept map showing all of the connections you can make among the terms and ideas listed. To show a connection between two terms, draw a line between them and explain the connection, as shown in the model. A term can be connected to any other term as long as you can justify the connection. For each term or idea, provide an example or sketch that shows the idea.
Your teacher may provide you with vocabulary cards. If you use the cards to plan your concept map, be sure to either redraw your concept map or glue the vocabulary cards to a poster with all of the connections explained for others to see and understand.
While you are making your map, your team may think of related words or ideas that are not listed. Be sure to include these ideas on your concept map.",NA,"The paragraph only gives instructions for creating a concept map and does not mention any errors, mistakes, or compare student work.",high,,C_control
290,"Explore
In this lesson, you will rewrite expressions with exponents into equivalent forms. As you work, look for structure and patterns in the equivalent forms that will help you rewrite expressions more efficiently.",NA,"The paragraph only gives a general instruction to explore rewriting expressions and mentions looking for patterns; it does not reference any errors, mistakes, or compare student work.",high,,C_control
1345,"9-41. Consider the inequality 2x − 5 ≥ 3.
a. With your team, determine at least five x-values that make the inequality true.
b. How many different x-values are solutions to the inequality?
c. What is the smallest x-value that makes the inequality true? This point is called a boundary point.
d. What is the relationship of the boundary point with the equation 2x − 5 = 3? What is its relationship with the inequality 2x − 5 ≥ 3?
e. The set of all x-values that make the inequality true is called the solution of the inequality. Write an inequality that represents the solution to the original inequality. On a number line, highlight the region that shows the solution. Be ready to share your number line with the class.",NA,The paragraph asks students to find solutions and discuss concepts; it does not present or ask about errors.,high,,C_control
718,"5-63. What is the equation for each arithmetic sequence represented by the tables? a. n: 7, 3, 19, 16, 40; f(n): 54, 10, 186, 153, 417. b. n: 100, 70; f(n): 10, 100.",NA,"The paragraph simply asks the reader to find equations for given arithmetic sequences; there is no mention of errors, student work, or error detection.",high,,C_control
433,3-113. Your teacher will share instructions for an activity that will involve solving the following equations. Be prepared to solve each equation for the indicated variable. Record all of your steps and check numerical solutions. a. E = mc^2 for c  b. a = F/m for m  c. −6 = −6(3x − 8) for x  d. 3x + 6y = 24 for y  e. 2 − 3(2x − 1) = 17 for x  f. |3 − 5y| = 3 for y  g. y = −3x + 4 for x  h. x(2x − 1) = 2x^2 + 5x − 12 for x  i. 2(v − 3) = 1 − (w + 4) for w  j. 4x(x + 1) = (2x − 3)(2x + 5) for x  k. 1/3 a(x + 15/a) = −12 for x  l. 1/2 n(y − 28/n) = −50 for y  m. |−4t + 12| = −16 for t  n. 4 − (s − 6) = 2(t − 8) for s,NA,"The paragraph simply lists equations to solve and instructs students to record steps and check solutions, with no mention of errors, mistakes, or comparing student work.",high,,C_control
1214,"8-71. For each equation, solve for x. a. (x − 2)(x + 8) = 0 b. (3x − 9)(x − 1) = 0 c. (x + 10)(2x − 5) = 0 d. (x − 7)^2 = 0",NA,"The paragraph simply asks students to solve equations; there is no mention of errors, mistakes, or comparison of student work.",high,,C_control
2096,zero power To raise any base (except 0) to an exponent of zero. The result of raising any number (except zero) to the zero power is 1. x0 = 1 for any number x ≠ 0.,NA,"The paragraph simply defines the zero exponent rule and does not involve any error-focused instruction, warnings, or student work.",high,,C_control
1376,"9-63. Represent the solutions to the following inequalities on a number line.
a. 3x − 2 < 10
b. 5x − 1 − 3x ≥ 4x + 5
c. 2(x + 2) > 10 − x
d. 4(x − 3) + 5 ≥ −7",NA,"The paragraph simply asks students to solve inequalities and represent solutions; it does not involve error detection, correction, or comparison.",high,,C_control
1543,"10-72. Consider the following situation. Adult tickets to the game cost $7, and student tickets cost $5. The ticket sales combined are at least $5,000.
a. What is one possible combination of tickets that might have been sold?
b. How might someone represent this situation with an inequality?",NA,The paragraph asks students to find a possible ticket combination and write an inequality; it does not involve identifying or correcting errors.,high,,C_control
1122,"8-2. The process of writing a sum as a product is called factoring. Can every expression be factored? That is, does every sum have a product that can be represented with tiles?
Investigate this question by building rectangles with algebra tiles for the following expressions. For each one, write the area as a sum and as a product. If you cannot build a rectangle, be prepared to convince the class that no rectangle exists (and thus the expression cannot be factored).
a. 2x^2 + 7x + 6
b. 6x^2 + 7x + 2
c. x^2 + 4x + 1
d. 2xy + 6x + y^2 + 3y",NA,"The paragraph asks students to investigate factoring with tiles and to argue about existence of rectangles; it does not present a student's error, compare approaches, ask to find an error, or warn about common mistakes.",high,,C_control
1355,"9-49. For each parabola graphed, visually estimate the x-intercepts. Then use the Quadratic Formula to confirm your estimates.
a. y = x^2 − 5x + 3
b. y = x^2 + 2x − 6",NA,"The paragraph asks students to estimate and then confirm x-intercepts using the Quadratic Formula, with no mention of errors, mistakes, or comparing student work.",high,,C_control
635,"Explore
So far in this course, you have been investigating the family of linear functions using multiple representations (especially tables, graphs, and equations). In this chapter, you will learn about a new family of functions and the type of growth it models.",NA,"The paragraph is introductory and does not mention any errors, mistakes, or compare student work; it simply describes the upcoming content.",high,,C_control
2180,"Checkpoint 8 Solutions

8-111. Researchers measured the oxygen use and power output of a random sample of competitive cyclists. Specifically, they measured the cyclists’ “aerobic capacity,” or VO2max, which is how much oxygen the body uses when exercising at maximal effort for an extended period of time. The data is shown in the table.

VO2max (ml/kg/min) | Power (watts)
54 | 292
51 | 362
49 | 280
43 | 293
53 | 280
59 | 413
64 | 358
58 | 293
56 | 342
55 | 335
Checksum: 542 | 3,248

a. Create a model by determining the LSRL. Sketch the graph and the LSRL.

SOLUTION
In the graph shown, p is the predicted power (watts) and v is VO2max (ml/kg/min).
p = 109.62 + 3.97v

b. What power does the model predict for the cyclist who has a VO2max of 43 ml/kg/min? Consider the precision of the measurements in the table and use an appropriate precision in your result.

SOLUTION
p = 109.62 + 3.97v = 109.62 + 3.97(43) = 280 watts; The prediction is rounded to the nearest whole number because the original measurements were rounded to the nearest whole numbers.

c. Calculate the residual for the cyclist in part (b).

SOLUTION
From the table given in the problem, the cyclist who had VO2max of 43 ml/kg/min had a power of 293 watts. The prediction from part (b) was 280 watts.
residual = actual – predicted = 293 – 280 = 13 watts

d. What is the correlation coefficient? What does it mean in the context of this problem?

SOLUTION
The correlation coefficient is r = 0.52. Since it is positive, the linear association is positive. Since the minimum non-negative value for r is 0, and the maximum is 1, a correlation of 0.52 is moderate. There is a lot of scatter in the data.

e. Describe the association. Provide numerical values for direction and strength and interpret them in context.

SOLUTION
There is a moderate positive linear association between power and VO2max, with no apparent outliers. The slope is 3.97, which means that an increase of 1 ml/kg/min in VO2max is predicted to increase power by 3.97 watts.",NA,"The paragraph presents solved problems and explanations without asking the reader to find or correct errors, compare approaches, or warn about common mistakes.",high,,C_control
1933,linear model A linear function that summarizes the trend of bivariate data and can be used to make predictions. Trend lines and least-squares regression lines are examples of linear models.,NA,"The paragraph provides a definition of a linear model and gives examples; it does not involve error detection, correction, comparison, or warnings about common mistakes.",high,,C_control
52,"Closure: Participate in an Exhibit Visit to see your classmates’ displays from this lesson. As you meet with other teams, consider the following questions. Be prepared to share your conclusions with the class. • What are features of all quadratic functions? • What do you notice about your classmates’ conclusions? • What connections can you make between the table and the graph for the same function? Use these sentence frames as needed: • Features of all quadratic functions are _____. • I noticed that my classmates’ conclusions _____. • A connection I made between the table and the graph is _____.",NA,"The paragraph describes a collaborative activity and reflection prompts without mentioning errors, mistakes, or error detection.",high,,C_control
1301,"9-11. A quadratic equation can be rewritten in perfect square form, (ax + b)^2 = c, by completing the square. Write the following equations in perfect square form. Then determine the number of solutions for each quadratic equation. You do not need to actually solve the equations. a. x^2 − 6x + 10 = 3 b. m^2 + 12m + 37 = 0 c. 4p^2 + 36p = −81 d. k^2 − 3k + 9 = 0 e. Explain how you can quickly determine how many solutions a quadratic equation has once it is written in perfect square form.",NA,"The paragraph asks students to rewrite equations and determine number of solutions, with no mention of errors, mistakes, or comparing student work.",high,,C_control
583,4-82. Evaluate g(−5) for each function. a. g(x) = x^3 − 2 b. g(x) = 7 + √(4 − x) c. g(x) = 3√(x + (−59)) d. g(x) = −4|x − 1|,NA,The paragraph simply asks students to evaluate a function at a given input; it contains no error-focused prompts or warnings.,high,,C_control
2049,"standard deviation A way to measure the spread, or the amount of variability, in a set of data. The standard deviation is the square root of the average of the distances to the mean, after the distances have been made positive by squaring. The standard deviation accurately reflects the spread of a set of data when the distribution is symmetric and has no outliers.",NA,The paragraph only defines standard deviation and its properties; it does not involve any error-focused instruction or mention mistakes.,high,,C_control
1584,"10-106. For the function f(x) = −(x + 2)^2 + 3: a. Use your graphing shortcuts to graph the function. b. Where is the maximum value of this function? c. What is this maximum value? d. List three other points on the graph, one of which must be an x-intercept.",NA,"The paragraph only asks the student to perform tasks (graph, find maximum, list points) with no mention of errors, mistakes, or comparing student work.",high,,C_control
773,"5-104. For each sequence defined recursively, write the first 5 terms and then define it explicitly.
a. f(1) = 12
f(n + 1) = f(n) − 5
b. f(1) = 32
f(n + 1) = 1/2 f(n)",NA,"The paragraph asks students to compute terms of recursively defined sequences and write an explicit formula, with no mention of errors, mistakes, or comparisons.",high,,C_control
1106,"CL 7-108. Write each given expression in radical form and compute the value without using a calculator.
a. 8^(1/3)
b. 16^(3/4)
c. 125^(4/3)",NA,The paragraph simply asks students to rewrite expressions and compute values; it contains no error-focused prompts or warnings.,high,,C_control
259,"2-89. SAVE THE EARTH
The Earth Protection Service (EPS) has asked your team to defend the planet against dangerous meteors. Luckily, the EPS has developed a very advanced protection system called the Linear Laser Cannon. This cannon must be programmed with an equation that dictates the path of a laser beam and destroys any meteors in its path. Unfortunately, the cannon uses a huge amount of energy, making it very expensive to fire.
Using technology (or the Lesson 2.3.3A Resource Page), create linear functions that will eliminate the meteors as efficiently as possible.",NA,"The paragraph asks students to create linear functions for a scenario, with no mention of errors, mistakes, or comparing student work.",high,,C_control
316,"3-21. Write equivalent statements to solve each equation for x.
a. 3x − 7 = 2
b. 1 + 2x − x = x − 5 + x
c. 3 − 2x = 2x − 5
d. 3 + 2x − (x + 1) = 3x − 6",NA,"The paragraph simply asks students to solve equations by writing equivalent statements; it contains no error-focused prompts, named students, or warnings about common mistakes.",high,,C_control
344,"3-44. Rewrite each expression by combining like terms and using exponential notation, if possible.
a. 5x^(3/4) (3x^(5/4))
b. 5x + 3x
c. 6x(x)
d. 6x + x",NA,"The paragraph presents a standard exercise asking students to rewrite expressions; it contains no error-focused prompts, named students, or warnings about common mistakes.",high,,C_control
55,"1-35. Are there any lines of symmetry in the graph shown? If so, write equations for any lines of symmetry. Review the Methods & Meanings box in this lesson to see the definition for “symmetry.”",NA,"The paragraph asks the student to identify lines of symmetry; it does not involve error detection, correction, comparison of student work, or warning about common mistakes.",high,,C_control
31,"1-19. Analyze the data from all three labs to answer the following questions.
a. Which data appears to be linear? That is, when graphed, which data can be modeled best using a line? Why does it make sense for this situation to be linear?
b. Which of the situations could have graphs with a point on the vertical axis? Explain.",NA,The paragraph asks students to analyze data and answer questions; it does not involve error-focused pedagogy such as identifying or correcting mistakes.,high,,C_control
817,6-17. Write an explicit equation for the sequence based on the graph.,NA,"The paragraph simply asks the student to write an explicit equation based on a graph, with no mention of errors, mistakes, or comparison of student work.",high,,C_control
1089,"Methods & Meanings
EQUATIONS FOR SEQUENCES
ARITHMETIC SEQUENCES
The equation for an arithmetic sequence is f(n) = mn + b, where n is the term number, m is the sequence generator (the common difference), and b is the zeroth term. Compare these equations to a continuous linear function f(x) = mx + b, where m is the growth (slope) and b is the starting value (y-intercept).
For example, the arithmetic sequence 4, 7, 10, 13, … could be represented by f(n) = 3n + 1. (Note that “4” is the first term of this sequence, so “1” is the zeroth term.)
Another way to write the equation of an arithmetic sequence is to use the first term in the equation, as in f(n) = m(n − 1) + f(1), where f(1) is the first term. The sequence in the example could be represented by f(n) = 3(n − 1) + 4.
You could even write an equation using any other term in the sequence. The equation using the fourth term in the example would be f(n) = 3(n − 4) + 13.
GEOMETRIC SEQUENCES
The equation for a geometric sequence is f(n) = ab^n, where n is the term number, b is the sequence generator (the multiplier or common ratio), and a is the zeroth term. Compare these equations to a continuous exponential function f(x) = ab^x, where b is the growth (multiplier) and a is the starting value (y-intercept).
For example, the geometric sequence 6, 18, 54, … could be represented by f(n) = 2 · 3^n.
You can write a first-term form of the equation for a geometric sequence as well: f(n) = f(1) · b^(n − 1). For example, the first-term form would be f(n) = 6 · 3^(n − 1).",NA,"The paragraph only explains concepts and provides examples; it does not present errors, compare student work, or warn about common mistakes.",high,,C_control
480,"4-9. For each of the following generic rectangles, what might be the dimensions (length and width) of the sides? Write the area as the product of the dimensions and as a sum.
a. Generic rectangle with top row 3y^2, -12y
b. Generic rectangle with top row 3y^2, -12y and bottom row 5y, -20",NA,"The paragraph asks students to determine dimensions and express area; it contains no error detection, correction, or warning about common mistakes.",high,,C_control
1005,"7-38. If you flip a fair coin, what is the probability that it will come up “heads”? “Tails”?",NA,"The paragraph simply asks for a probability calculation with no mention of errors, mistakes, or comparison of student work.",high,,C_control
1477,10-18. Mathematicians look for and make use of structure. The number in each box of this puzzle is the product of the numbers in the two boxes immediately beneath it. Fill in the missing numbers.,NA,The paragraph only describes a puzzle and asks the reader to fill in missing numbers; it does not involve identifying or correcting errors.,high,,C_control
1688,11-33. Write the inequality represented by the graph shown.,NA,"The prompt simply asks the student to write an inequality from a graph, with no mention of errors, mistakes, or comparison of student work.",high,,C_control
1636,"CL 10-150. If apples cost $0.75 each and oranges cost $0.50 each, what combinations of the fruits can be bought for under $10? Write an inequality to represent the scenario.",NA,The paragraph asks students to formulate an inequality for a word problem; it does not involve identifying or correcting errors.,high,,C_control
937,"Explore
These activities offer you a chance to reflect on your learning during this chapter. As you work, look for concepts that you feel very comfortable with, ideas that you would like to learn more about, and topics that you need more help with. Make connections between ideas from this chapter and topics you learned previously.",NA,The paragraph asks students to reflect on their learning and make connections; it contains no error-focused prompts or warnings.,high,,C_control
1548,"10-76. By the 1500s, people attempting to solve equations like those in problem 10-75 had created a whole new set of numbers. This new set of numbers came to be called imaginary numbers, and despite their name, they eventually proved very useful. The basic imaginary unit is sqrt(-1), now denoted by i.
a. Verify algebraically that x = ± sqrt(-1) are both solutions to the equation 0 = x^2 + 1.
b. Solve the equation x^2 + 81 = 0.",NA,"The paragraph asks students to verify and solve equations without referencing any errors, mistakes, or conflicting student work.",high,,C_control
1294,9-6. Is the graph of each of the following equations a line or a parabola? a. 5x + 2y = 7 b. y = 3x^2 c. y = 3 d. 4x^2 + 3x = 7 + y,NA,"The paragraph simply asks students to classify equations as lines or parabolas, with no mention of errors, mistakes, or comparing student work.",high,,C_control
571,"4.2.5 Launch: Mathematicians model with mathematics to understand situations in everyday life, society, and the workplace. Your teacher will display an infographic for you to discuss with your team. What do you notice? What do you wonder? Use these sentence frames as needed. • I notice _____, so I think _____. • I wonder _____ because _____. • I would like to add _____. • A question we can share with the class is _____.",NA,"The paragraph asks students to observe and discuss an infographic using sentence frames, with no mention of errors, mistakes, or correction of work.",high,,C_control
2150,"Additional Practice

Here are some more to try.

Write one or two equations to represent each of the following situations and then solve. Be sure to define your variable(s) and clearly answer the question.",NA,"The paragraph simply asks students to write equations and solve them, with no mention of errors, mistakes, or comparing student work.",high,,C_control
1311,"9-19. For each quadratic function, use the method of completing the square to write it in graphing form. What is the vertex of each parabola? a. f(x) = x^2 + 4x + 5 b. f(x) = x^2 − 6x c. In each graph, does the vertex represent the maximum or minimum value of the parabola?",NA,"The paragraph asks students to apply a method and answer questions; it does not involve error detection, correction, or warnings about common mistakes.",high,,C_control
2092,"y = mx + b The form of an equation used to represent two quantities, x and y, that have a linear relationship. The constant m is the slope, and b is the y-intercept of the graph. For example, the graph shows the line y = 2x + 3, which has a slope of 2 and a y-intercept of 3. This form of a linear equation is also called the slope−intercept form.",NA,"The paragraph only defines the slope‑intercept form and gives an example; it does not present any error, compare approaches, or warn about common mistakes.",high,,C_control
574,4-75. The art club at school is painting a small mural using their school colors. Blue paint comes in a 5-ounce container that costs $2. The containers of silver paint hold 2 ounces and cost $3 per container. The art club spent $56 and bought a total of 74 ounces of paint. How many containers of blue paint and how many containers of silver paint did they buy?,NA,"The paragraph presents a standard word problem with no mention of errors, mistakes, or comparing student work.",high,,C_control
992,"Explore (Lesson 7.1.4)
You may have heard the expression “money does not grow on trees.” However, money does, in a sense, grow in a savings account. In today’s lesson, you will apply your understanding of exponential functions to solve problems involving money and interest. As you work with your team, keep the following questions in mind.
• How does it start?
• How does it grow? What is the multiplier?
• How is the rate written as a percent? As a decimal?",NA,"The paragraph is an introductory lesson prompt about exponential functions and money, with no mention of errors, mistakes, or comparing student work.",high,,C_control
142,"2-7. Evaluate each expression if r = –3, s = 4, and t = −7. a. ∑s + |r|  b. (s − r)/t  c. 2s³ − r − t  d. ∛[2(t − r)]",NA,"The paragraph simply asks students to evaluate expressions with given variable values; it does not involve error detection, correction, comparison, or warning about common mistakes.",high,,C_control
1722,"11-58. Solve each of the following equations or systems of equations.
a. x^2 − 1 = 15
b. y = 3x − 2
y = 4x + 3
c. x^2 − 2x − 8 = 0
d. 2x^2 = −x + 7",NA,"The paragraph simply lists problems for the student to solve, with no mention of errors, mistakes, or comparing student work.",high,,C_control
1968,"one-dimensional Not having any width or depth. In this course, lines and curves are one-dimensional.",NA,"The paragraph provides a definition of 'one-dimensional' and does not involve any error detection, correction, or comparison.",high,,C_control
1415,"9-92. SEARCH AND RESCUE: “I’m completely lost… water everywhere I can see… both burners have failed… Wait! I see land. I’m going to try to land. I think it’s…” Those were the last words heard from your neighbor Harold, who was traveling in a hot air balloon. The last time the balloon showed up on radar, it was near the Solomon Islands in the Pacific Ocean. Your team must determine where to send the search-and-rescue teams. Use the following reports along with the map on the Lesson 9.4.2A Resource Page to give the search constraints as a system of inequalities. Analyze the information to determine constraints on where the balloon might be found. Be sure to identify the likely landing site on the map. PACIFIC SEARCH AND RESCUE ALERT! HOT AIR BALLOON MISSING: A hot air balloon which departed from the airport at the northern tip of the Philippines has disappeared. The flight plan was to take a straight path directly to an airport in French Polynesia. The balloon’s last known location was at (–1, 1) near the Solomon Islands. Please report any sightings. JetSetter98: I was a passenger on a flight that flew directly from French Polynesia to Indonesia. I was looking out of my window when I saw the balloon going down to the north of where we were flying! Ace_1980: I’m a pilot and I was flying our plane from Australia, when we saw a hot-air balloon sinking rapidly. I am certain that it crashed south of our flight path. When we left Australia, we traveled 2,000 km north for every 3,000 km east that we flew.",NA,"The paragraph presents a word problem requiring students to formulate inequalities; it does not involve identifying or correcting errors, comparing student answers, or warning about common mistakes.",high,,C_control
806,"6-9. Determine the missing term in each sequence.
a. Hint: This is an arithmetic sequence.
n: 1, 5, 10, 23
f(n): 1, -7, -17, __
b.
n: 1, 2, 3, 4
f(n): 10, 18, 32.4, __",NA,"The paragraph presents a standard problem asking students to find missing terms; it contains no error identification, correction, or warning about common mistakes.",high,,C_control
1002,"7-35. Dusty won $125,000 on the Who Wants to be a Zillionaire? game show. He decides to place the money into an account that earns 6.25% interest compounded annually and plans not to use any of it until he retires.
a. Write an expression that represents how much money Dusty will have in t years.
b. How much money will be in the account when he retires in 23 years?",NA,The paragraph asks students to write an expression and compute a value; it does not involve identifying or correcting errors.,high,,C_control
1539,"10-68. How might you rewrite these expressions to make it easier to look inside?
a. 4x^2 − 12x
b. 3y^2 + 6y + 3
c. 2m^3 + 7m^2 + 3m
d. 3x^2 + 4x − 4",NA,"The paragraph asks students to rewrite expressions for easier inspection, with no mention of errors, mistakes, or comparing student work.",high,,C_control
48,"1-31. Chari performed a series of jumps on a trampoline. Her coach measured the height of each jump and organized the results in the following table (Jump Number 1: 0.5 ft, 2: 0.9 ft, 3: 1.6 ft, 4: 2.9 ft, 5: 5.2 ft). a. Graph the data. b. Describe the shape of the graph, the intercepts, values of the variables that are not possible, and any other characteristics you think are helpful. c. If you use a function to model this data, why would it make sense to limit the maximum and minimum values for jump heights? What are reasonable limits (maximum and minimum) for the jump heights? d. Which family of functions could model this data? Review the Lesson 1.1.3 Methods & Meanings box if you need help.",NA,"The paragraph asks students to graph data, describe characteristics, and discuss modeling choices; it does not present or ask about errors.",high,,C_control
270,"Making Connections
The following is a list of the vocabulary words used in this chapter. Make sure that you are familiar with all of these terms and know what they mean. Refer to the glossary or index for any words that you do not yet understand.
Make a concept map showing all of the connections you can make among the terms and ideas listed. To show a connection between two terms, draw a line between them and explain the connection, as shown in the model. A term can be connected to any other term as long as you can justify the connection. For each term or idea, provide an example or sketch that shows the idea.
Your teacher may provide you with vocabulary cards. If you use the cards to plan your concept map, be sure to either redraw your concept map or glue the vocabulary cards to a poster with all of the connections explained for others to see and understand.
While you are making your map, your team may think of related words or ideas that are not listed. Be sure to include these ideas on your concept map.",NA,"The paragraph instructs students to create a concept map of vocabulary terms and does not involve identifying or correcting errors, comparing student work, or warning about common mistakes.",high,,C_control
2077,"“valid” moves When working with an Equation Mat or Expression Comparison Mat, there are certain “valid” moves that can be made with the algebra tiles that keep the relationship between the two sides of the mat intact. For example, removing an x tile from the positive region of each side of an Equation Mat is a valid move; it keeps the expressions on each side of the mat equal. The valid moves are those justified by the properties of the real numbers.",NA,"The paragraph explains valid algebraic moves and does not involve identifying or correcting errors, comparing student work, or warning about common mistakes.",high,,C_control
1629,"CL 10-143. Consider the exponential function y = 20(1.06)^x. a. What are the starting point (y-intercept) and multiplier? Sketch a graph. b. This function describes the yearly growth of a bank account, where x represents the number of years. What percent interest does the account earn per year?",NA,"The paragraph asks students to identify components of a function and interpret its meaning; it does not involve identifying or correcting errors, comparing student work, or warning about common mistakes.",high,,C_control
1881,depreciation A decrease in value.,NA,The paragraph provides a simple definition and contains no error-focused instruction or warning.,high,,C_control
656,"5-17. The dartboard shown is an equilateral triangle with four smaller equilateral triangles in the interior made by joining the midpoints of the three edges of the largest equilateral triangle. If a dart hits the board at random, what is the probability that:
a. The dart hits the shaded triangle?
b. The dart hits an unshaded triangle?",NA,"The paragraph presents a standard probability problem with no mention of errors, student work, or error detection.",high,,C_control
1302,"9-12. QUADRATIC FORMULA. One way to calculate the roots of a quadratic equation is by using the Quadratic Formula, shown. This formula uses values a, b, and c from a quadratic equation written in standard form, ax^2 + bx + c = 0: x = (-b ± √(b^2 − 4ac)) / (2a). When a quadratic equation is written in standard form, then a is the coefficient of x^2, b is the coefficient of x, and c is the constant term. a. If x^2 − 3x − 7 = 0, then what are a, b, and c? b. The Quadratic Formula calculates two possible answers by using the '±' symbol. This symbol (read as 'plus or minus') is shorthand notation that tells you to calculate the formula twice: once with addition and once with subtraction in the numerator. Therefore, every Quadratic Formula problem has two solutions unless the value of √(b^2 − 4ac) is 0. Carefully substitute a, b, and c from x^2 − 3x − 7 = 0 into the Quadratic Formula. Write two expressions for x, one using addition and one using subtraction, and rewrite each expression to solve for x. Write your solutions for x in both exact form and approximate form. c. Verify your solution using graphing technology.",NA,"The paragraph provides standard instructional content and asks the student to perform calculations and verify solutions, without presenting errors, error detection, or comparisons.",high,,C_control
829,"6-27. Graph f(x) = √(x + 2). Label its x- and y-intercepts, and describe its domain and range.",NA,"The paragraph asks the student to graph a function and describe its properties, with no mention of errors, mistakes, or comparing student work.",high,,C_control
1975,"output value The value of the dependent variable for a particular input value in a given relation. Substituting the input value into a rule (equation) produces the output value. For example, consider a rule that calculates the cost of a salad at a salad bar based on its weight in ounces. The cost would be the output value. The output value appears in the second column in an (x, y) table, and is often represented by the variable y. With functions, the output value is an element of the range, and is the value that results from applying the rule for the function to an input value.",NA,"The paragraph only provides a definition and explanation of 'output value' with no mention of errors, mistakes, or student work.",high,,C_control
1853,"common factor A factor that is the same for two or more terms. For example, x2 is a common factor of 3x2 and −5x2y.",NA,"The paragraph provides a definition and example of a common factor, with no mention of errors, mistakes, or comparison of student work.",high,,C_control
1925,"line Made up of an infinite number of points, is one-dimensional, straight, and extends without end. On the coordinate plane, a line is the graph of an equation of the form y = mx + b or ax + by = c. A line can be named with a letter (such as l), but also can be labeled using two points on the line, such as ⟷AB shown. A line is a mathematically undefined term in geometry. Also see ray and line segment.",NA,"The paragraph provides a definition of a line with no mention of errors, student work, or comparison; it is standard textbook content.",high,,C_control
1835,"asymptote A line that a graph of a curve infinitely approaches. An asymptote is often represented by a dashed line on a graph. For example, the graph has an asymptote at y = −3.",NA,"The paragraph provides a definition and example of an asymptote without mentioning errors, mistakes, or comparing student work.",high,,C_control
1064,"7-81. Solve the following systems of equations. In other words, determine values of a and b that make each system true. Show or explain your thinking clearly.
a. 3 = a · b⁰
75 = a · b²
b. 18 = a · b²
54 = a · b³",NA,"The paragraph presents a standard problem asking students to solve systems of equations, with no mention of errors, student work, or warnings.",high,,C_control
988,"7-25. Write an equation or system of equations. Then solve this problem.
Morgan started the year with $615 in the bank and is saving $25 per week. Kendall started with $975 and is spending $15 per week. When will they both have the same amount of money in the bank?",NA,"The paragraph asks the student to write and solve an equation; it does not present a student's error, compare student answers, or warn about common mistakes.",high,,C_control
1353,"9-47. Classify each of the following mathematical sentences as always, sometimes, or never true.
a. −4 ≤ 9
b. x < 1
c. −5 > −2
d. 3x + 5 = 2
e. 61 = 61
f. −6 < −6",NA,"The paragraph presents a standard classification exercise with no mention of errors, mistakes, or conflicting student work.",high,,C_control
1,"Welcome to math class! In this course, you will work with classmates and use mathematical practices to make sense of and solve problems. This chapter will introduce you to some of the mathematical concepts that you will learn throughout the course. In previous courses, you may have learned about relationships between two quantities that could be graphed with a straight line. In this chapter, you will first make sense of different representations of functions and the relationship between input and output values. Then, you will explore nonlinear functions and investigate the graphs of various functions to identify key characteristics of the functions. You will also learn a new notation for writing functions and explore the attributes of functional relationships. While you are learning these mathematical ideas, you will develop ways to share your mathematical knowledge with a team as you work together to solve problems. In Chapter 1, you will be introduced to all of the major conceptual ideas of this math course, which include Structures, Proof, and Reasoning; Modeling, Application, and Problem Solving; Transformations, Representation, and Equivalence; and Analysis, Inference, and Variability.",NA,"The paragraph is a general introduction to the course content and does not present any error detection, correction, comparison, or warning about common mistakes.",high,,C_control
378,3-68. Mailboxes Plus sends packages overnight for $5 plus $0.25 per ounce. United Packages charges $2 plus $0.35 per ounce. Mr. Molinari noticed that his package would cost the same to mail using either service. How much does his package weigh?,NA,"The paragraph presents a straightforward word problem asking the student to set up and solve an equation; it does not involve identifying or correcting errors, comparing student work, or warning about common mistakes.",high,,C_control
783,"CL 5-109. Determine if the following sequences are arithmetic, geometric, or neither.
a. −7, −3, 1, 5, 9, ...
b. −64, −16, −4, −1, ...
c. 1, 0, 1, 4, 9, ...
d. 0, 2, 4, ...",NA,"The paragraph simply asks students to classify sequences; it contains no error-focused prompts, named students, or warnings about common mistakes.",high,,C_control
50,"1-32. FUNCTIONS OF AMERICA. Congratulations! You have just been hired to work at a national corporation called Functions of America. Recently, your company has had some growing pains, and your new boss has turned to your class for help. Her memo is shown: ""To: Algebra I class, From: Freda Function, Chief Executive Officer. Re: New product line. I have heard that while lines are very popular, there is a new craze around the world to have nonlinear designs. I recently traveled to Dubai and Lagos and discovered that we are behind the times! Please investigate a new function called a quadratic function. I’d like a full report at the end of today with any information your class can give me about its graph and equation. Spare no detail! I’d like to know everything you can tell me about the features of these graphs. I’d also like to know about any special points on a parabola or any patterns that exist in its table. Your research is essential for the success of our new product line."" Your team will be assigned the equation of a quadratic function to study. Investigate your team’s function and be ready to describe everything you can about it by using its graph and table. Begin your investigation by answering the following questions. You may answer them in any order; however, do not limit yourselves to these questions! • What patterns do you notice in the table? • Is the graph increasing or decreasing? • Does the parabola have any lines of symmetry? • Are there intercepts? What are they? • Is there a highest (maximum) or lowest (minimum) point on the graph of your parabola? If so, where is it? This point is called a vertex. i. y = x^2 − 2x − 8 ii. y = −x^2 + 4 iii. y = x^2 − 4x + 5 iv. y = x^2 − 2x + 1 v. y = x^2 − 6x + 5 vi. y = −x^2 + 3x + 4 vii. y = −x^2 + 2x − 1 viii. y = x^2 + 5x + 1",NA,"The paragraph asks students to investigate quadratic functions and answer questions about their graphs and tables, without mentioning errors, mistakes, or comparing student work.",high,,C_control
236,"Discussion Points
What are you looking for?
What information are you given?
What are the independent and dependent variables?
Will a graph or a table give more accurate results? Why?
How might you use an equation?",NA,"The paragraph asks guiding questions for analysis, with no mention of errors, mistakes, or conflicting student work.",high,,C_control
1827,annual Occurring once every year.,NA,"The paragraph is a simple definition with no mention of errors, mistakes, or comparison of student work.",high,,C_control
772,"5-103. Is it possible for the sequence f(n) = 5 · 2^n to have a term with the value of 200? If so, which term is it? If not, justify why not.",NA,"The paragraph asks the student to determine whether a term equals 200 and to justify, without referencing any error, mistake, or comparison.",high,,C_control
1624,"Chapter 10 Closure Team Brainstorm: What have you studied in this chapter? What were the most important ideas? With your team, brainstorm a list. Include as much detail as you can about these ideas. To start, you might refer back to your Reflection Journal entries and Methods & Meanings boxes. What topics, ideas, and words that you learned before this chapter are connected to the new ideas in this chapter? Again, write down as many details as you can. Be prepared to share your team's ideas with the class.",NA,The paragraph asks students to brainstorm and reflect on chapter ideas; it contains no error-focused prompts or mentions of mistakes.,high,,C_control
549,"4-58. Solve each system of equations using the Elimination Method. Show your steps algebraically. Check each solution. a. 2y − x = 5, −3y + x = −9 b. 2x − 4y = 14, 4y − x = −3 c. 3x + 4y = 1, 2x + 4y = 2 d. For each system of equations in parts (a) through (c), where do the graphs of each pair of lines intersect?",NA,"The paragraph asks students to solve systems and check solutions, with no mention of errors, mistakes, or comparing student work.",high,,C_control
1880,"dependent variable A variable whose value is affected by one or more other variables. For example, the speed of a car is dependent on the amount of force you apply to the gas pedal. The dependent variable appears as the output value in an (x, y) table and is plotted on the vertical axis of a graph. The letter y and the vertical y-axis are often used for the dependent variable. In Statistics, the dependent variable is often called the response variable. Also see independent variable.",NA,"The paragraph provides a definition of a dependent variable with examples and no mention of errors, mistakes, or student work to correct or compare.",high,,C_control
274,"Checking Understanding
The problems in this section combine what has been introduced in this chapter with what you have previously learned and practiced. Even if your teacher does not assign this section, you can use these problems to check your understanding.
Solve each problem as completely as you can. The table at the end of the Closure section has answers to these problems. It also tells you where you can locate additional help and practice with problems like these.",NA,"The paragraph only instructs students to solve problems and check understanding; it does not present errors, error detection, or compare student work.",high,,C_control
1370,"9-59. GRAPHING A LINEAR, TWO-VARIABLE INEQUALITY
In problem 9-58, you determined that the points on the line are the only points that make the equation y = −2x + 3 true. What if you want to graph the solutions for the inequality y ≥ −2x + 3? How will that graph differ from the graph of y = −2x + 3?
To explore those questions, your team will be given a list of points to test in the inequality y ≥ −2x + 3. For each point that makes the inequality true, place a sticky dot on that point on the class graph.",NA,"The paragraph describes a standard activity of testing points for an inequality, with no mention of errors, mistakes, or comparing student work.",high,,C_control
1935,"Looking Inside A method of solving one-variable equations that involves grouping, such as parentheses or absolute value. To use “Looking Inside,” determine what the value of the entire expression inside the parentheses (or absolute value symbol) must be. Then use that fact to solve for the value of the variable. For example, to use “Looking Inside” to solve the equation 4(x + 2) = 36, we first determine that x + 2 must equal 9. Then solve the equation x + 2 = 9, giving x = 7.",NA,"The paragraph explains a problem‑solving method and gives an example, without presenting errors, student work, or warnings about common mistakes.",high,,C_control
332,"3-35. For each of the shapes formed by algebra tiles:
• sketch and label the dimensions of the shape; and
• write an expression that represents the perimeter using the fewest terms possible.
a. [Shape with tiles: x, 1, y, 1, x]
b. [Shape with tiles: x, 1]
c. [Shape with tiles: 1, 1, 1, xy, y^2]
d. [Shape with tiles: x^2, x, y, y, y]",NA,"The paragraph is a standard instruction to sketch shapes and write expressions, with no mention of errors, mistakes, or comparing student work.",high,,C_control
1628,"CL 10-142. Lately, the school's news video stream has been unsuitable for broadcast due to poor sound quality. One potential source of the sound problem is that one or two microphones are not working properly. Brendan collected the following data from this broadcast season, showing the amount of time (in minutes) with acceptable and unacceptable sound quality: Microphone A: 27 acceptable, 6 unacceptable, 33 total; Microphone B: 49 acceptable, 10 unacceptable, 59 total; Microphone C: 33 acceptable, 7 unacceptable, 40 total. a. What is the probability that a randomly selected show will have an unacceptable sound quality? b. Is there an association between the sound quality and the microphone used? Should Brendan keep searching for the source of the sound problem or has the source been found?",NA,"The paragraph presents a data analysis problem without showing student errors, comparisons, or warnings about common mistakes.",high,,C_control
1466,"10-9. Graph the system of inequalities.
y ≥ 3x − 4
y < x
a. Shade the solution region.
b. Is (0, 0) a solution to this system? How can you tell?",NA,"The paragraph asks students to graph inequalities and determine if a point satisfies them, with no mention of errors, mistakes, or comparing student work.",high,,C_control
1680,"Explore: The field of Statistics is the application of probability theory to make sense of large quantities of data. The study of statistics allows us to make decisions and predictions from the natural variability in data. A statistic is a numerical fact or calculation that is made from a large quantity of data. A mean or a correlation coefficient is a statistic. In this section, you will continue your study of statistics by modeling a coin-tossing tournament.",NA,"The paragraph is an introductory description of statistics with no mention of errors, mistakes, or conflicting student work.",high,,C_control
60,"1-39. SQUARE ROOT, CUBE ROOT, AND ABSOLUTE VALUE. Consider what you know about square roots, cube roots, and absolute value. In each part, is the value of the expression positive, negative, or undefined? a. √8 b. −√8 c. √(−8) d. −∛8 e. −|8| f. ∛(−8) g. |–8|",NA,"The paragraph simply asks students to evaluate expressions, with no mention of errors, mistakes, or comparisons.",high,,C_control
796,"Launch
Your teacher will show you a slideshow. What do you notice? What do you wonder? Be prepared to share with your team.
Explore
The championship game between Tinker Tech and City College is next week, and it has already sold out! Robbie plans to attend Tinker Tech next fall and desperately wants to see the game.
Luckily, Robbie has discovered a small drainage pipe in the exterior wall of the stadium that gives a direct view of the field. However, there is a maintenance van temporarily blocking part of the view, so he cannot tell how much of the field he will be able to see.",NA,"The paragraph presents a scenario for exploration without mentioning any student error, mistake warning, or comparison of solutions. It is introductory activity text, not error-focused.",high,,C_control
1776,"11-103. MAKING A TABLE

Start by trying differently sized pens to see which yields the largest area. Your teacher will show you how to use string to make models of possible pens.

a. Start an (x, y) table for this situation. Let x represent the length of the sides of the pen that are attached to the barn, and let y represent the enclosed area. Use your string model to try out at least four other sets of pen dimensions. Calculate the area for each pen you try, and enter your data into your table.
b. Of all the pens you have tried so far, which dimensions have created the largest possible roaming area for the cows?",NA,"The paragraph asks students to create a table and explore dimensions; it does not present errors, compare student work, or warn about common mistakes.",high,,C_control
930,"6-99. What is the slope (m) and y-intercept (b) for each line?
a. 2x + 7y = 14
b. y = 6 − x/3
c. y = (10x − 2)/2
d. y = 3x",NA,"The paragraph simply asks students to compute slope and y-intercept for given equations, with no mention of errors, mistakes, or comparison of student work.",high,,C_control
2072,"two-way table A way to display categorical two-variable data. The category of one variable is the row header, and the other variable is the column header. The entries in the table can be counts (frequencies) or percents (relative frequencies). Also see conditional relative frequency table.",NA,"The paragraph only defines a two-way table and gives descriptive information; it does not involve any error detection, correction, comparison, or warning about common mistakes.",high,,C_control
173,2-32. What number is not part of the domain of f(x) = 3 / (x + 5)? Explain your reasoning.,NA,"The paragraph simply asks the student to identify a domain restriction and explain, without presenting an error, comparing work, or warning about common mistakes.",high,,C_control
1799,"11-124. PARKING LOT SHUTTLES

Now that the planning committee has analyzed the traffic, hotel, and food truck situation, they must decide how many buses and trams to lease in order to shuttle people from the parking lot to the parade route. They are working under the following constraints.
• There are at most 8 trams available.
• There are at most 30 buses available.
• Four staff members are required to safely load and operate a tram, whereas only one operator is required for a bus. At most 50 staff members are available for this duty.
• Basic insurance costs $10,000. Each tram costs an additional $1,000 in insurance. However, each bus results in a $1,000 discount from the basic insurance. The organizers have a $15,000 budget for insurance.

a. Write an inequality for each of the four constraints. Obtain the Lesson 11.3.6 Resource Page. Graph the system of inequalities on the resource page, and show the solution region. What are three different combinations of trams and buses that will meet all four constraints?
b. You have many solutions to choose from in part (a). But which combination of trams and buses will allow the organizers to shuttle the greatest number of people? Each bus holds 30 people at a time, while each tram holds 100 people. Both vehicles take the same amount of time to load and shuttle people. How many buses and how many trams should the organizers lease in order to shuttle the most people?",NA,"The paragraph presents a word problem and asks students to formulate constraints, graph, and optimize; it does not involve identifying or correcting errors, comparing student work, or warning about common mistakes.",high,,C_control
90,"1.3.2 Can I predict the output? FUNCTION MACHINES. You have studied relationships between input and output values, but what happens when a relationship has unpredictable results? That is, what happens when you cannot predict the output for a given input? Today, you will study several relationships and describe how to determine whether a relationship is a function.",NA,The paragraph is introductory textbook content about function machines and does not involve any error-focused instruction.,high,,C_control
1341,"9-39. You just bought a new tablet computer for $500, including tax. There are no required payments for 6 months, but the company does charge 30% annual interest, compounded monthly, on any unpaid balance.
a. What is the monthly multiplier?
b. If you do not make any payments for 6 months, how much will you now owe for your new tablet?",NA,"The paragraph presents a standard word problem about interest calculation without any mention of errors, mistakes, or comparisons.",high,,C_control
219,"2-62. Use the idea of cube root from problem 1-37 to evaluate the following expressions.
a. ∛1
b. ∛0
c. ∛(2^3)
d. ∛(7^3)",NA,"The paragraph simply asks students to evaluate cube roots; it contains no error detection, correction, comparison, or warning about common mistakes.",high,,C_control
567,4-70. What are the possible values for x in each equation? a. −2|x| = −8 b. |x − 3.2| = 4.7 c. |9 + 6x| = 4 d. |−7x − 7| = 1,NA,"The paragraph simply asks for solving absolute value equations; it contains no error-focused prompts, named students, or warnings about common mistakes.",high,,C_control
1583,"10-105. What is the equation of the line passing through the points (4, −8) and (−3, 12)?",NA,"The paragraph simply asks for the equation of a line through two points, with no mention of errors, named students, or error detection.",high,,C_control
1788,"11.3.5 How much will I need?
MODELING WITH EXPONENTIAL FUNCTIONS

Launch
Your teacher will display an image. Be ready to work with your team to complete the problem when your teacher gives you more information.

Explore
In this activity, you will use your knowledge of exponential growth and decay to help solve problems related to planning a big parade.

Around the world, parades come in different sizes and for different reasons. Some of the largest parades around the world include India’s Holi Festival (Festival of Colors), São Paulo’s Pride Parade, Sri Lanka’s Esala Perahera, Mardi Gras in New Orleans, and Madrid’s Pride Parade. São Paulo’s Pride Parade brings over 5 million spectators together to celebrate Pride.",NA,"The paragraph describes a modeling activity and provides background information; it does not present student errors, compare approaches, or warn about common mistakes.",high,,C_control
683,"5-37. Lona received a stamp collection from her grandmother. The collection is in a leather book and currently has 120 stamps. Lona joined a stamp club, which sends her 12 new stamps each month. The stamp book holds a maximum of 500 stamps.
a. Complete the table shown.
Month: 0, 1, 2, 3, 4, 5
Number of Stamps: 120, 132, _, _, _, _
b. How many stamps will Lona have in one year from now?
c. Write an equation using function notation to represent the total number of stamps that Lona has in her collection after n months. Let the total be represented by f(n).
d. Solve your equation from part (c) for n when f(n) = 500. Will Lona be able to fill her book exactly with no stamps remaining? How do you know? When will the book be filled?",NA,"The paragraph presents a standard word problem with tasks to complete a table, write an equation, and solve it; it does not involve identifying or correcting errors, comparing student work, or warning about common mistakes.",high,,C_control
1494,10-32. What inequality is represented by the graph shown?,NA,"The paragraph asks the student to identify an inequality from a graph, with no mention of errors, mistakes, or comparisons.",high,,C_control
478,"4-7. On the same set of axes, use the slope and y-intercept to graph each line in the system shown.
y = −x + 2
y = 3x + 6
What is the point of intersection, if one exists?",NA,"The paragraph asks students to graph lines and find their intersection without mentioning any errors, mistakes, or comparing student work.",high,,C_control
254,"2-86. Explain what the slope of each line represents. Then determine the slope and give its units.
a. Height of unlit candle (cm) vs. Time (minutes)
b. Water in storage tank (thousands of gallons) vs. Time (months)",NA,"The paragraph asks students to explain and determine the slope of given relationships; it does not involve error detection, correction, comparison of student work, or warnings about common mistakes.",high,,C_control
191,"2-43. Congratulations! The president of the Line Factory has presented your class with a special challenge. She now wants a way to determine the equation of a line that shows a customer’s movement over time. That way, a customer can simply “walk a line” to order it from the factory. Your teacher will lead your class through a demonstration. How might you represent what you see on a graph?",NA,"The paragraph presents a scenario and asks how to represent a situation on a graph, with no mention of errors, mistakes, or comparing student work.",high,,C_control
1985,piecewise function A function composed of parts of two or more functions. Each part consists of a function with a restricted (limited) domain.,NA,"The paragraph provides a definition of a piecewise function and contains no request to find, correct, or compare errors.",high,,C_control
1409,9-88. Factor the following quadratics completely. a. 5x^3 + 13x^2 − 6x b. 6t^2 − 26t + 8 c. 6x^2 − 24,NA,"The paragraph only lists factoring problems without mentioning any errors, student work, or warnings about common mistakes.",high,,C_control
1586,"Explore (Lesson 10.3.2): You have solved systems of equations using algebraic methods. In this lesson, you will look at how those solutions may be seen on a graph. Begin by investigating how you can use intersections to solve equations.",NA,"The paragraph only introduces a lesson about graphing solutions and does not mention any errors, named students, or error detection tasks.",high,,C_control
133,"Launch
Mathematicians look for and make use of structure. Your teacher will display an image. Independently determine the number of tiles without counting each tile. Think about how you might use the structure of the tile arrangement to more efficiently count the tiles. Hold a hand close to your chest and extend one finger when you have a counting strategy. Be prepared to explain the reasoning for your response.",NA,"The paragraph asks students to devise a counting strategy, with no mention of errors, mistakes, or comparing student work.",high,,C_control
1344,"9-40. What inequality represents the solution shown on each of the number lines?
a. [number line showing x ≥ 3]
b. [number line showing x ≤ -2]
c. [number line showing x < -1 or x > 4]
d. [number line showing -3 ≤ x < 2]",NA,"The paragraph asks students to write inequalities from number lines, with no mention of errors, corrections, or comparisons.",high,,C_control
765,"5-99. Read the Methods & Meanings box in this lesson and write the first 5 terms of the sequence in each part.
a. f(n) = 2n − 5
b. f(1) = 3, f(n + 1) = −2 · f(n)",NA,"The paragraph asks students to generate terms of sequences; it does not involve error detection, correction, comparison, or warnings about common mistakes.",high,,C_control
25,"1-15. What value(s) of x will make each equation true?
a. x + 5 = 5
b. 2x − 6 = 3x + 1 − x − 7
c. 3x + 1 = 43
d. 4x − 1 = 4x + 7",NA,"The paragraph simply asks students to solve equations; it does not present errors, compare student work, or warn about common mistakes.",high,,C_control
938,"Team Brainstorm
What have you studied in this chapter? What were the most important ideas? With your team, brainstorm a list. Include as much detail as you can about these ideas. To start, you might refer back to your Reflection Journal entries and Methods & Meanings boxes.
What topics, ideas, and words that you learned before this chapter are connected to the new ideas in this chapter? Again, write down as many details as you can. Be prepared to share your team’s ideas with the class.",NA,The paragraph asks students to brainstorm and reflect on content; it does not involve identifying or correcting errors.,high,,C_control
1986,pie chart A way of displaying data that can be put into categories (like color preferences or the state you were born in). A pie chart shows the proportion of each category within the whole.,NA,"The paragraph simply defines what a pie chart is and does not involve any error detection, correction, or comparison.",high,,C_control
1304,"9-14. The Quadratic Formula is just one of several methods you can use to solve quadratic equations. a. What are the other methods that you can use? b. You may be wondering, 'Where did this formula come from and why does it work?' You can determine the formula by starting with the general quadratic equation written in standard form, ax^2 + bx + c = 0, and using your algebra skills to solve for x. Refer to the Methods & Meanings box for this lesson to learn about one way this formula can be derived. Later, in Chapter 10, you will learn another formal method to derive the Quadratic Formula.",NA,"The paragraph discusses methods for solving quadratics and derivations, without presenting any errors, mistakes, or comparisons of student work.",high,,C_control
1009,"7-40. Graph your data for “The Penny Lab” carefully on the sheet protector of the Lesson 7.1.5 Resource Page.
a. How can you describe the scatter plot representing all teams’ Penny Lab data? Consider:
• where the graph crosses the y-axis;
• whether the graph is linear or curved;
• whether there are any asymptotes;
• whether the graph is continuous or discrete;
• the end behavior;
• whether the graph is increasing or decreasing; and
• the percent rate of change.
b. Write an equation for a function that models the data. Make sure you also write a “let” statement for your variables.
c. What output does your function give for x = 0? What could this mean in relation to the situation?
d. Could there be an output value for x = −1? If so, what might it mean?
e. What could be the domain of the model that you wrote in part (b)? With this domain, what would a graph of your model look like?
f. What family of functions that you saw in previous chapters has graphs like the one you made in part (e)? What are the first few values of this function? What is the equation?",NA,"The paragraph asks students to perform data analysis and modeling tasks without referencing any errors, mistakes, or comparisons of student work.",high,,C_control
268,"Explore
These activities offer you a chance to reflect on your learning during this chapter. As you work, look for concepts that you feel very comfortable with, ideas that you would like to learn more about, and topics that you need more help with. Make connections between ideas from this chapter and topics you learned previously.",NA,The paragraph asks students to reflect on their learning and make connections; it contains no error-focused prompts or warnings.,high,,C_control
1204,"8.2.2 How are quadratic rules and graphs connected? ZERO PRODUCT PROPERTY. Launch: Mathematicians model with mathematics to understand situations in everyday life, society, and the workplace. Your teacher will display an infographic for you to discuss with your team. What do you notice? What do you wonder? Use these sentence frames as needed: • I notice _____, so I think _____. • I wonder _____ because _____. • I would like to add _____. • A question we can share with the class is _____. Explore: You already know a lot about quadratic functions and have made several connections between the different representations on the quadratic web. Today, you are going to develop a method for sketching a parabola from its equation without a table.",NA,"The paragraph describes a learning activity and discussion prompt without mentioning any errors, mistakes, or error correction.",high,,C_control
1940,"mapping Generally synonymous with “function.” In this course, “mapping” refers to functions that take points on a line or in the plane to other points on a line or in the plane.",NA,"The paragraph provides a definition of 'mapping' with no mention of errors, mistakes, or comparison of student work.",high,,C_control
1156,"Methods & Meanings: STANDARD FORM OF A QUADRATIC EXPRESSION. A quadratic expression in the form ax^2 + bx + c is said to be in standard form. Notice that the terms are in order from greatest exponent to least. Examples of quadratic expressions in standard form: 3m^2 + m − 1, x^2 − 9, and 3x^2 + 5x. Notice that in the second example, b = 0, while in the third example, c = 0.",NA,"The paragraph only defines standard form and gives examples, with no mention of errors, mistakes, or comparing student work.",high,,C_control
1151,"Explore: 8-24. Factor each quadratic expression, if possible. Use a Diamond Problem and generic rectangle for each one. a. x^2 + 6x + 9 b. 2x^2 + 5x + 3 c. x^2 + 5x − 7 d. 3m^2 + m − 14",NA,The paragraph simply asks students to factor quadratic expressions using specific methods; it does not involve identifying or correcting errors.,high,,C_control
1025,"7-52. Solve each system of equations.
a. 2x + y = −7y
y = x + 10
b. 3x = −5y
6x − 7y = 17",NA,"The paragraph presents standard algebra problems asking the student to solve systems of equations, with no mention of errors, mistakes, or comparison of student work.",high,,C_control
960,"Methods & Meanings: GRAPHS WITH ASYMPTOTES

A mathematically clear and complete definition of an asymptote requires some ideas from Calculus, but some examples of graphs with asymptotes might help you recognize them when they occur. In the examples provided, the dotted lines are the asymptotes. In the two lowest graphs, the vertical axis, x = 0, is also an asymptote.

Asymptotes can be diagonal lines or even curves. In this course, asymptotes will almost always be horizontal or vertical lines. The graph of a function has a horizontal asymptote if, as you trace along the graph out to the left or right (that is, as you choose x-coordinates farther and farther away from zero, either toward infinity or toward negative infinity), the distance between the graph of the function and the asymptote gets closer to zero.

A graph has a vertical asymptote if, as you choose values of x closer and closer to a certain value, from either the left or right (or both), f(x) gets farther away from zero, either toward infinity or toward negative infinity.",NA,"The paragraph only provides definitions and explanations of asymptotes without presenting any student work, errors, or warnings about common mistakes.",high,,C_control
1675,"11-24. If f(x) = (x − 3)^2, what function rule represents the following transformations? Describe each transformation. a. f(x) − 1 b. −1 · f(x) c. f(x − 1) d. f(−1x)",NA,"The paragraph asks students to describe transformations of a given function; it does not present errors, compare student work, or warn about common mistakes.",high,,C_control
1319,Closure: Review the information in the Methods & Meanings box. How can you explain how to use each method for solving quadratic equations?,NA,"The paragraph asks students to review and explain methods for solving quadratic equations, with no mention of errors, mistakes, or comparing incorrect work.",high,,C_control
413,3-96. Solve each of the following equations for the indicated variable. Record each step algebraically. a. Solve for y: 2(y − 3) = 4  b. Solve for x: 2x − 6y = 12  c. Solve for y: 6x + y = 2y + 8  d. Solve for x: 3(2x + 4) = 2 + 6x + 10,NA,"The paragraph simply asks students to solve equations; it does not involve error detection, correction, comparison, or warnings about common mistakes.",high,,C_control
1907,input A replacement value for a variable in a function or relation. The first number in an ordered pair. The set of all possible input values is the domain of a function.,NA,"The paragraph provides a definition of 'input' and mentions domain; it does not involve error detection, correction, comparison, or warning about common mistakes.",high,,C_control
1199,"8-59. What is special about the number zero? Think about this as you answer parts (a) through (e). a. Calculate each sum: i. 0 + 3 ii. −7 + 0 iii. 0 + 6 iv. 0 + (−2). b. Write a sentence that begins, “When you add zero to a number, …” c. Julia is thinking of two numbers, a and b. When she adds them together, she gets a sum of b. Does that tell you anything about either of Julia’s numbers? d. Calculate each product: i. 3 · 0 ii. (−7) · 0 iii. 0 · 6 iv. 0 · (−2). e. What is special about multiplying by zero? Write a sentence that begins, “When you multiply a number by zero, …”",NA,"The paragraph asks students to perform calculations and reflect on properties of zero, without presenting errors, mistakes, or comparisons.",high,,C_control
131,"Chapter 2 will focus on the starting value and growth of linear functions. You will look for connections between the multiple representations of linear functions: table, graph, equation, and situation. In this chapter, you will come to a deeper understanding of slope than you may have had in previous courses, and you will explore the idea of slope as a rate of change.

In Chapter 2, you will explore some of the major conceptual ideas of this math course, such as Structures, Proof, and Reasoning and Transformation, Representation, and Equivalence.",NA,"The paragraph only describes chapter topics and learning goals, with no mention of errors, mistakes, or error-focused activities.",high,,C_control
1024,"7-51. Jerry says, “I’ve got my money in a great account that compounds interest monthly. The equation f(m) = 388(1.008)^m represents how much money I have at the end of any month.” What is Jerry’s monthly interest rate? Write an equation to represent your total money if you invest $500 in an account with the same rate of return. Let m represent the number of months the money has been invested.",NA,"The paragraph asks the student to determine the interest rate and write a new equation; it does not involve identifying or correcting errors, comparing approaches, or warning about common mistakes.",high,,C_control
