para_id,paragraph,gpt_oss_or_label,gpt_oss_or_reasoning,gpt_oss_or_confidence,gpt_oss_or_considered,tier
3860,"problem solving Michelle's grandfather taught her this math method for converting kilometers to miles: ""Divide the kilometers by 8, and then multiply by 5."" Michelle's grandmother told her to, ""Just multiply the kilometers by 0.6."" Use both methods to convert 80 km to miles and compare the results. If one kilometer is closer to 0.62 miles, whose method produces the more accurate answer?",COMPARE_AND_CONTRAST,"The paragraph presents two named sources (grandfather and grandmother) offering different conversion methods and asks the reader to compare the results and decide which is more accurate, fitting the compare-and-contrast pattern.",high,,A_positive
3,"When we solve a problem, it helps to ask ourselves some questions along the way.

Step 1: Understand
What information am I given?
What am I asked to find or do?

Step 2: Plan
How can I use the given information to solve the problem?
What strategy can I use to solve the problem?

Step 3: Solve
Am I following the plan?
Is my math correct?

Step 4: Check (Look Back)
Does my solution answer the question that was asked?
Is my answer reasonable?",NA,"The paragraph provides general problem‑solving steps and self‑question prompts, without naming students, presenting errors, or warning about common mistakes.",high,,B_boundary
10,"Refer to the following problem to answer questions 3–8.
Mrs. Rojas is planning to take her daughter Lena and her friend Natalie to see a movie. The movie starts at 4:30 p.m. She wants to arrive at the theater 20 minutes before the movie starts. It will take 15 minutes to drive to Natalie’s house. It is 10 minutes from Natalie’s house to the theater. At what time should Mrs. Rojas leave her house?

3. Connect What information are we given?
4. Verify What are you asked to find?
5. Which step of the four-step problem-solving process did you complete when you answered questions 3 and 4?
6. Describe your plan for solving the problem.
7. Explain Solve the problem by following your plan. Show your work. Write your solution to the problem in a way someone else will understand.
8. Check your work and your answer. Look back to the problem. Be sure you use the information correctly. Be sure you found what you were asked to find. Is your answer reasonable?",NA,"The paragraph asks students to solve a word problem and follow problem‑solving steps; it does not present a student's error, compare approaches, or warn about common mistakes.",high,,B_boundary
11,"As we consider how to solve a problem we choose one or more strategies that seem to be helpful. Referring to the picture at the beginning of this lesson, we might choose to swim, to take the boat, or to cross the bridge to travel from the mainland to the island. Other strategies might not be as effective for the illustrated problem. For example, choosing to walk or bike across the water are strategies that are not reasonable for this situation.",NA,"The paragraph discusses choosing strategies for a problem and does not present a student's error, compare approaches, or warn about common mistakes.",high,,B_boundary
13,Act it out or make a model. Moving objects or people can help us visualize the problem and lead us to the solution.,NA,"The paragraph gives a general instructional suggestion about using models, with no mention of errors, mistakes, or comparing student work.",high,,B_boundary
20,"Guess and check. Guessing the answer and trying the guess in the problem might start a process that leads to the answer. If the guess is not correct, use the information from the guess to make a better guess. Continue to improve your guesses until you find the answer.",NA,"The paragraph simply explains the guess-and-check strategy without presenting errors, named students, or warnings about common mistakes.",high,,B_boundary
22,"Work backwards. Finding a route through a maze is often easier by beginning at the end and tracing a path back to the start. Likewise, some problems are easier to solve by working back from information that is given toward the end of the problem to information that is unknown near the beginning of the problem.",NA,"The paragraph describes a problem‑solving strategy and does not mention any errors, mistakes, or compare student work.",high,,B_boundary
27,"Other times, we will be asked to write a problem for a given equation. Be sure to include the correct numbers and operations to represent the equation.",NA,"The paragraph gives a standard instructional prompt without mentioning errors, mistakes, or comparing student work.",high,,B_boundary
33,Thinking Skill Connect: $5 means five dollars and no cents. Why does writing $5 as $5.00 help when adding money amounts?,NA,"The paragraph asks a conceptual question about notation, with no mention of errors, mistakes, or named students.",high,,B_boundary
37,Verify: Does the Commutative Property apply to subtraction? Give an example to support your answer.,NA,"The paragraph asks the student to verify a property and give an example, with no mention of errors, mistakes, or conflicting student work.",high,,B_boundary
40,Example 4: Jim spent $1.25 for a hamburger. He paid for it with a five-dollar bill. Find how much change he should get back by subtracting $1.25 from $5. Solution: Order matters when we subtract. The starting amount is put on top. We write $5 as $5.00. We line up the decimal points to align the place values. Then we subtract. Jim should get back $3.75.,NA,"The paragraph presents a straightforward example of subtraction with no student error shown, no warning about common mistakes, and no request to find or correct an error.",high,,B_boundary
41,"We can check the answer to a subtraction problem by adding. If we add the answer (difference) to the amount subtracted, the total should equal the starting amount. We do not need to rewrite the problem. We just add the two bottom numbers to see whether their sum equals the top number. Subtract Down to find the difference: $5.00 − $1.25 = $3.75. Add Up to check the answer: $3.75 + $1.25 = $5.00.",NA,"The paragraph provides a procedural tip for checking subtraction answers and does not involve a student's error, comparison, or explicit error detection.",high,,B_boundary
44,"Example 6: Rearrange the numbers in this subtraction fact to form another subtraction fact and two addition facts: 11 − 6 = 5. Solution: The Commutative Property does not apply to subtraction, so we may not reverse the first two numbers of a subtraction problem. However, we may reverse the last two numbers: 11 − 5 = 6. For the two addition facts, 11 is the sum: 5 + 6 = 11, 6 + 5 = 11.",COMMON_ERROR_ALERT,"The paragraph warns that the commutative property does not apply to subtraction and advises not to reverse the first two numbers, which matches a warning about a common mistake.",high,NA,B_boundary
57,25. Describe a way to check the correctness of a subtraction answer.,NA,"The prompt asks the student to describe a method for checking a subtraction answer, without presenting a specific error, student work, or warning about common mistakes.",high,,B_boundary
62,"Notice that in the form l · w the multiplication dot is elevated and is not in the position of a decimal point. The form lw can be used to show the multiplication of two or more letters or of a number and letters, as we show below: lwh, 4s, 4st",NA,"The paragraph only explains notation for multiplication and does not involve any error detection, correction, comparison, or warning about common mistakes.",high,,B_boundary
63,"The form lw can also be used to show the multiplication of two or more numbers. To prevent confusion, however, we use parentheses to separate the numbers in the multiplication. Each of the following is a correct use of parentheses to indicate “3 times 5,” although the first form is most commonly used. Without the parentheses, we would read each of these simply as the number 35: 3(5), (3)(5), (3)5",COMMON_ERROR_ALERT,"The paragraph warns readers about confusing notation (e.g., reading 3(5) as 35) and advises using parentheses to avoid that mistake, matching a common error alert.",medium,,B_boundary
66,"When multiplying dollars and cents by a whole number, the answer will have a dollar sign and a decimal point with two places after the decimal point: $1.35 × 6 = $8.10",NA,"The paragraph provides a rule and example for multiplying monetary amounts; it does not present an error, compare approaches, or warn about common mistakes.",high,,B_boundary
74,"The answer to a division problem is the quotient. The number that is divided is the dividend. The number by which the dividend is divided is the divisor: dividend ÷ divisor = quotient; quotient / (divisor)dividend; dividend / divisor = quotient. When the dividend is zero, the quotient is zero. The divisor may not be zero. When the dividend and divisor are equal (and not zero), the quotient is 1.",NA,"The paragraph only provides definitions and factual statements about division terms, without any mention of errors, mistakes, or student work to correct.",high,,B_boundary
75,"Example 3: Divide: 3456 ÷ 7. Solution: On the next page, we show both the long-division and short-division methods.",NA,"The paragraph only introduces an example and mentions showing methods; it does not involve error detection, correction, comparison of student work, or warning about common mistakes.",high,,B_boundary
78,"To check our work, we multiply the quotient by the divisor. Then we add the remainder to this answer. The result should be the dividend. For this example we multiply 493 by 7. Then we add 5: 493 × 7 = 3451; 3451 + 5 = 3456.",NA,"The paragraph explains a verification procedure without referencing any student error, named work, or common mistake.",high,,B_boundary
79,"When dividing dollars and cents, cents will be included in the answer. Notice that the decimal point in the quotient is directly above the decimal point in the division box, separating the dollars from the cents.",NA,"The paragraph gives a procedural tip about decimal placement in division of money, with no mention of errors, mistakes, or student work to correct.",high,,B_boundary
97,* 30. Explain How can you check the correctness of a division answer that has no remainder?,NA,"The paragraph asks the student to explain a checking method, not to identify or correct an error, compare approaches, or warn about common mistakes.",high,,B_boundary
104,Example 2: Find the value of n: 36 + 17 + 5 + n = 64. Solution: First we add all the known addends: 36 + 17 + 5 + n = 64; 58 + n = 64. Then we find n by subtracting 58 from 64: 64 − 58 = 6. So n is 6. We check our work by using 6 in place of n in the original problem: 36 + 17 + 5 + 6 = 64. The answer checks.,NA,"The paragraph presents a straightforward worked example without asking the reader to find or correct an error, nor does it warn about common mistakes.",high,,B_boundary
108,Thinking Skill Discuss: What is another way we can check the subtraction?,NA,"The paragraph asks students to discuss an alternative method for checking subtraction, without presenting a specific error, comparison, or warning about common mistakes.",high,,B_boundary
111,Practice Set Analyze: Find the unknown number in each problem. Check your work by using your answer in place of the letter in the original problem. a. A + 12 = 45 b. 32 + B = 60 c. C − 15 = 24 d. 38 − D = 29 e. e + 24 = 52 f. 29 + f = 70 g. g − 67 = 43 h. 80 − h = 36 i. 36 + 14 + n + 8 = 75,NA,"The paragraph asks students to solve for unknowns and check their work, with no mention of errors, mistakes, or comparing student work.",high,,B_boundary
112,Math Language: Remember that factors are multiplied together to get a product.,NA,"The paragraph simply states a definition about factors and products, with no mention of errors, mistakes, or comparison of student work.",high,,B_boundary
122,Math Language: Remember the divisor is divided into the dividend. The resulting answer is the quotient.,NA,"The paragraph simply defines terms (divisor, dividend, quotient) without presenting errors, student work, or warnings about common mistakes.",high,,B_boundary
125,* 30. Explain How can you check the correctness of a division answer that has no remainder?,NA,"The paragraph asks the student to explain a checking method, not to identify or correct an error, compare approaches, or warn about common mistakes.",high,,B_boundary
133,Reading Math: In this problem 6w means “6 times w.”,NA,"The paragraph only explains notation and does not involve any error detection, correction, comparison, or warning about common mistakes.",high,,B_boundary
136,"Example 3: Find the value of k: k/6 = 15. Solution: The letter k is in the position of the dividend. If we rewrite this problem with a division box, it looks like this: 6)k = 15. We find an unknown dividend by multiplying the divisor and quotient. We multiply 15 by 6 and find that the unknown number is 90. Then we check our work: 15 × 6 = 90; check: 90 ÷ 6 = 15.",NA,"The paragraph presents a straightforward worked example without any error focus, named students, or warnings about common mistakes.",high,,B_boundary
145,Analyze Find each unknown number. Check your work: 7. J × 5 = 60 8. 27 + K = 72 9. L + 36 = 37 10. 64 − M = 46 11. n − 48 = 84 12. 7p = 91 13. q ÷ 7 = 0 14. 144 ÷ r = 6 15. 6)$12.36 16. 5760 / 8 17. 526 ÷ 18 18. 563 + 563 + 563 + 563 19. $3.75 · 16 20. $3 + $2.86 + $0.98 21. $10 − $6.43,NA,"The paragraph presents a list of algebraic problems for the student to solve and asks them to check their work, without any mention of errors, named students, or warnings about common mistakes.",high,,B_boundary
153,"problem solving: Use the digits 5, 6, 7, and 8 to complete this addition problem. There are two possible arrangements: __ + 9 = __. Understand: We are shown an addition problem with several digits missing. We are asked to complete the problem using the digits 5, 6, 7, and 8. Because the bottom addend is 9, we know that the ones digit of the sum will be one less than the ones digit of the top addend. Plan: We will intelligently guess and check for the ones place in the top addend by trying the numbers in an orderly way. We will then use logical reasoning to fill in the remaining digits of the problem. Solve: We quickly eliminate 5 as a possibility for the ones digit of the top addend because we do not have a 4 to place in the sum. We try 6 for the ones digit of the top addend. Six plus 9 is 15, so we write a 5 as the ones digit of the sum. If we write 7 as the tens digit of the top addend, we get 76 + 9. We add the two numbers and get 85. Placing an 8 in the sum, we see that we have used all the digits 5, 6, 7, and 8. We have found the first of two possible arrangements. Next, we try 7 as the ones digit of the top addend. Seven plus 9 is 16, so we place a 6 in the sum. Now we must use the digits 5 and 8 in the tens column. We try 57 + 9 = 66. That does not work, because it does not use the 8. We try 87 + 9 = 96. That also does not work, because it omits the 5. Finally, we try 8 in the top addend and 7 in the sum. This leaves 5 and 6 for the tens column. We try 58 + 9 = 67, and find the second solution to the problem. Check: The digits 5, 6, 7, and 8 can be used to form two solutions for our missing digit problem: 76 + 9 = 85 and 58 + 9 = 67.",NA,"The paragraph describes a problem-solving activity with trial-and-error reasoning, not an error-focused task such as correcting a student's mistake or warning about common errors.",high,,B_boundary
154,"When there is more than one addition or subtraction step within a problem, we take the steps in order from left to right. In this problem we first subtract 4 from 9. Then we add 3: 9 − 4 + 3 = 8.",NA,"The paragraph provides a procedural explanation and example without referencing a student's error, comparison, or warning about common mistakes.",high,,B_boundary
157,Example 1: a. 18 − 6 − 3 b. 18 − (6 − 3). Solution: a. We subtract in order from left to right. 18 − 6 − 3; First subtract 6 from 18: 12 − 3; Then subtract 3 from 12: 9. The answer is 9. b. We subtract within the parentheses first. 18 − (6 − 3); First subtract 3 from 6: 18 − 3; Then subtract 3 from 18: 15. The answer is 15.,NA,"The paragraph simply presents two example calculations and explains the steps; it does not involve identifying or correcting errors, comparing student work, or warning about common mistakes.",high,,B_boundary
158,"When there is more than one multiplication or division step within a problem, we take the steps in order from left to right. In this problem we divide 24 by 6 and then multiply by 2: 24 ÷ 6 × 2 = 8. If there are parentheses, then we first do the work within the parentheses. In the problem below, we first multiply 6 by 2 and get 12. Then we divide 24 by 12: 24 ÷ (6 × 2) = 2.",NA,"The paragraph provides procedural instruction and examples without asking the reader to find or correct errors, compare students, or warn about common mistakes.",high,,B_boundary
161,"Only two numbers are involved in each step of a calculation. If three numbers are added (or multiplied), changing the two numbers selected for the first addition (or first multiplication) does not change the final sum (or product). (2 + 3) + 4 = 2 + (3 + 4) (2 × 3) × 4 = 2 × (3 × 4) This property applies to addition and multiplication and is called the Associative Property. As shown by examples 1 and 2, the Associative Property does not apply to subtraction or to division.",NA,"The paragraph explains the associative property with examples and does not ask the reader to find or correct errors, compare students, or warn about common mistakes.",high,,B_boundary
172,"Reading Math: Read expressions such as (4)(6) as ""four times six."" The parentheses indicate multiplication.",NA,"The paragraph provides a reading instruction about interpreting parentheses as multiplication, with no mention of errors or mistakes.",high,,B_boundary
173,* Analyze Find each unknown number. Check your work. 22. (3) n − 63 = 36; 23. (3) 63 − p = 36; 24. (3) 56 + m = 432; 25. (4) 8w = 480; 26. (3) 5 + 12 + 27 + y = 50; 27. (4) 36 ÷ a = 4; 28. (4) x ÷ 4 = 8,NA,"The paragraph presents a list of algebraic equations for students to solve and asks them to check their work, with no mention of errors, mistakes, or comparison of student work.",high,,B_boundary
202,"New Concepts Increasing Knowledge: lines, segments, and rays. In everyday language the following figure is often referred to as a line. However, using mathematical terminology, we say that the figure represents a segment, or line segment. A segment is part of a line and has two endpoints. A mathematical line has no endpoints. To represent a line, we use arrowheads to indicate a line’s unending quality. A ray has one endpoint. We represent a ray with one arrowhead. A ray is roughly represented by a beam of sunlight. The beam begins at the sun (which represents the endpoint of the ray) and continues across billions of light years of space.",NA,"The paragraph only provides definitions and explanations of lines, segments, and rays without mentioning errors, mistakes, or comparing student work.",high,,B_boundary
207,"Connect: A metric ruler is divided into centimeters. There are 100 centimeters in a meter. Each centimeter is divided into 10 millimeters. So 1 centimeter equals 10 millimeters, and 2 centimeters equals 20 millimeters. By comparing an inch ruler with a centimeter ruler, we see that an inch is about 2 1/2 centimeters. A cinnamon stick that is 3 inches long is about 7 1/2 cm long. A foot-long ruler is about 30 cm long.",NA,"The paragraph only provides factual information and conversion examples without mentioning any errors, mistakes, or contrasting student work.",high,,B_boundary
208,Example 1: How long is the line segment? Solution: Reading Math: The abbreviation for inches (in.) ends with a period so it is not confused with the word in. The line is one whole inch plus a fraction. The fraction is one fourth. So the length of the line is 1 1/4 in.,NA,"The paragraph provides a straightforward solution explanation without presenting an error, student conflict, or warning about common mistakes.",high,,B_boundary
210,Example 3: Select the appropriate unit for measuring the length of a soccer field. A centimeters B meters C kilometers. Solution: An appropriate unit can give us a good sense of the measure of an object. Describing a soccer field as thousands of centimeters or a small fraction of a kilometer can be accurate without being appropriate. The best choice is B meters for measuring the length of a soccer field.,NA,"The paragraph presents a single-choice question and provides the correct answer; it does not involve identifying or correcting errors, comparing student work, or warning about common mistakes.",high,,B_boundary
219,Find each unknown number. Check your work. 20. (4) W ÷ 6 = 7; 21. (4) 6n = 96; 22. (4) 58 + r = 213,NA,"The paragraph presents straightforward practice problems and asks students to check their own work, without showing errors, comparing students, or warning about common mistakes.",high,,B_boundary
232,Discuss: a. Did everyone count the same number of steps? b. Does the perimeter depend upon who is measuring it? c. Which of these is the best real-world example of perimeter? 1. The tile or carpet that covers the floor. 2. The molding along the base of the wall.,NA,"The paragraph asks discussion questions about counting steps and perimeter, without presenting any student work, errors, or warnings about common mistakes.",high,,B_boundary
250,Find each unknown number. Check your work. 21. (3) w − 63 = 36; 22. (3) 150 + 165 + a = 397; 23. (4) 12w = 120,NA,"The paragraph simply asks students to solve equations and check their work, without presenting errors, comparisons, or warnings about common mistakes.",high,,B_boundary
262,"Thinking Skill Discuss: When using place value to compare two numbers, what do you need to do first?",NA,"The paragraph asks a conceptual discussion question about place value, with no mention of errors, mistakes, or comparing student work.",high,,B_boundary
265,"Example 3: Compare: 16 ÷ 8 ÷ 2 O 16 ÷ (8 ÷ 2). Solution: Reading Math: Remember to follow the order of operations. Do the work within the parentheses first. Then divide in order from left to right. Before we compare the two expressions, we find the value of each expression. 16 ÷ 8 ÷ 2 = 1; 16 ÷ (8 ÷ 2) = 4. Since 1 is less than 4, the comparison symbol points to the left. 16 ÷ 8 ÷ 2 < 16 ÷ (8 ÷ 2)",NA,"The paragraph simply demonstrates how to compare two arithmetic expressions using order of operations, without presenting student errors, conflicts, or warnings.",high,,B_boundary
277,10. (9) Compare: 100 − 50 − 25 O 100 − (50 − 25),NA,"The paragraph asks to compare two mathematical expressions, with no named students, errors, or warnings; it is standard content.",high,,B_boundary
279,Find each unknown number. Check your work. 20. (3) 165 + a = 300; 21. (3) b − 68 = 86; 22. (4) 9c = 144; 23. (4) d/15 = 7,NA,"The paragraph asks students to solve equations and check their work, without presenting errors, comparisons, or warnings about common mistakes.",high,,B_boundary
284,28. (9) Compare: 25 + 0 O 25 × 0,NA,"The paragraph simply asks the reader to compare two mathematical expressions; it does not involve student work, error detection, or warnings about common mistakes.",high,,B_boundary
286,* 30. (9) Explain How did you choose the positions of the small and large ends of the greater than/less than symbols that you used in problem 8?,NA,"The paragraph asks the student to explain a choice they made; it does not present an error, compare work, or warn about common mistakes.",high,,B_boundary
288,problem solving: A parallax is an error that can result from an observer changing their position and not reading a measurement tool while directly in front of it. Hold a ruler near the width of your textbook on your desk. Then read the ruler from several angles as the diagram shows. How short can you make the width of the book appear? How tall can you make it appear? What is your best measure of the width of the book?,NA,"The paragraph describes a measurement activity and mentions parallax as an error type, but does not ask students to find or correct a specific error in work, compare approaches, or warn about a common mistake.",high,,B_boundary
297,Thinking Skill Explain: Why is the thermometer shown with a broken scale?,NA,"The prompt asks for an explanation about a broken scale on a thermometer and does not involve identifying or correcting errors, comparing student work, or warning about common mistakes.",high,,B_boundary
304,7. (9) Compare: 4 × 3 + 2 O 4 × (3 + 2),NA,"The paragraph asks to compare two mathematical expressions without mentioning any student work, errors, or common mistakes.",high,,B_boundary
308,Find each unknown number. Check your work. 22. (3) 56 + 28 + 37 + n = 200; 23. (3) a − 67 = 49; 24. (3) 67 − b = 49; 25. (4) 8c = 120; 26. (4) d/8 = 24,NA,"The paragraph asks students to solve for unknown numbers and check their work, without referencing any errors, mistakes, or comparisons.",high,,B_boundary
328,"c. Analyze The table below uses negative integers to express the estimated greatest depth of each of the Great Lakes.
U.S. Great Lakes Est. Greatest Depth (in meters):
Lake Erie: −65 m
Lake Huron: −230 m
Lake Michigan: −280 m
Lake Ontario: −245 m
Lake Superior: −400 m
• Write the depths of the lakes in order from the deepest to shallowest.
• Is a bar graph an appropriate way to represent the data in the table?
• Are the data in the table displayed correctly on the bar graph below? Explain why or why not.",NA,"The paragraph asks students to order data, evaluate graph suitability, and explain correctness, without presenting a specific student's error, comparison, or warning about common mistakes.",high,,B_boundary
336,Thinking Skill Connect: How is an odometer the same as a ruler? How is it different?,NA,"The paragraph asks a conceptual comparison between an odometer and a ruler, without involving student errors, error detection, or named conflicting approaches.",high,,B_boundary
337,"problems about separating Another common plot in word problems is separating. There is a beginning amount, then some goes away, and some remains. Problems about separating have a subtraction pattern.
Beginning amount − some went away = what remains
b − a = r
Here is an example:
Waverly took $37.00 to the music store. She bought headphones for $26.17. Then Waverly had $10.83. (Plot: Waverly had some money, but some of her money went away when she spent it.)
This is a problem about separating. Thus it has a subtraction pattern.
Pattern: Beginning amount − some went away = what remains
Equation: $37.00 − $26.17 = $10.83",NA,"The paragraph explains a subtraction pattern and provides an example calculation, without presenting any errors, student work to correct, or comparisons.",high,,B_boundary
345,"Analyze Find each unknown number. Check your work.
7. (3) 87 + w = 155
8. (3) 1000 − x = 386
9. (3) y − 1000 = 386
10. (3) 42 + 596 + m = 700",NA,"The paragraph simply presents algebraic equations for students to solve and asks them to check their work, without presenting errors, comparisons, or warnings about common mistakes.",high,,B_boundary
346,* 11. (9) Compare: 1000 − (100 − 10) O 1000 − 100 − 10,NA,"The paragraph simply asks the student to compare two mathematical expressions; it does not involve student work, error detection, or warnings about common mistakes.",high,,B_boundary
359,* 30. (11) Formulate In the second paragraph of this lesson there is a problem with an addition pattern. Rewrite the problem by removing one of the numbers from the problem and asking a question instead.,NA,"The paragraph asks the student to rewrite a problem by removing a number and asking a question, with no mention of errors, mistakes, or comparing student work.",high,,B_boundary
368,"Example 3
Use words to write the number 1024305.
Solution
First we insert commas.
1,024,305
We write one million, twenty-four thousand, three hundred five.
Note: We write commas after the words trillion, billion, million, and thousand. We hyphenate compound numbers from 21 through 99. We do not say or write “and” when naming whole numbers.",NA,"The paragraph provides a standard instructional example on writing a number in words, with no mention of errors, student work, or comparisons.",high,,B_boundary
369,"Example 4
Use digits to write the number one trillion, two hundred fifty billion.
Solution
When writing large numbers, it may help to sketch the pattern before writing the digits.
We write a 1 to the left of the trillions comma and 250 in the three places to the left of the billions comma. The remaining places are filled with zeros.
1,250,000,000,000",NA,"The paragraph simply explains how to write a large number in digits with no mention of errors, mistakes, or student work to correct.",high,,B_boundary
380,8. (9) Compare: 300 × 1 O 300 ÷ 1,NA,"The paragraph simply asks to compare two mathematical expressions and contains no named student work, error detection, or warning about common mistakes.",high,,B_boundary
396,"problems about comparing Some word problems are about comparing the size of two groups. They usually ask questions such as “How many more are in the first group” and “How many fewer are in the second group?” Comparison problems such as these have a subtraction pattern. We write the numbers in the equation in this order:
Greater − lesser = difference
In place of the words, we can use letters. We use the first letter of each word.
g − l = d",NA,"The paragraph only explains how to set up comparison word problems using subtraction; it contains no error-focused instruction, named students, or warnings about common mistakes.",high,,B_boundary
397,"Example 1
There were 324 girls and 289 boys in the school. How many fewer boys than girls were there in the school?
Solution
Again we use the four-step process to solve the problem.
Step 1: We are asked to compare the number of boys to the number of girls. The question asks “how many fewer?” This problem has a subtraction pattern.
Step 2: We use the pattern to write an equation. There are more girls than boys, so the number of girls replaces “greater” and the number of boys replaces “lesser.”
Pattern: Greater − lesser = difference
Equation: 324 − 289 = d
Step 3: We find the missing number by subtracting.
324 girls − 289 boys = 35 fewer boys
Step 4: We review the question and write the answer. There were 35 fewer boys than girls in the school. We can also state that there were 35 more girls than boys in the school.
Explain How can we check the answer?",NA,"The paragraph presents a standard problem solution and asks the reader to check the answer, without presenting errors, named students, or warnings about common mistakes.",high,,B_boundary
399,"Thinking Skill Verify: When you subtract your birth year from the current year, why don’t you always get your exact age?",NA,"The paragraph asks a conceptual question about age calculation, not presenting an error, comparison, or warning about common mistakes.",high,,B_boundary
414,17. (9) Compare: 3 + 2 + 1 + 0 O 3 × 2 × 1 × 0,NA,"The paragraph asks the reader to compare two mathematical expressions, with no named students, no error identification, and no warning about common mistakes.",high,,B_boundary
418,23. (8) Explain Write two ways to find the perimeter of a square: one way by adding and the other way by multiplying.,NA,"The paragraph simply asks the student to explain two methods for finding the perimeter of a square, with no mention of errors, mistakes, or comparison of student work.",high,,B_boundary
422,"Analyze Find each unknown number. Check your work.
27. (4) 8a = 816
28. (4) b / 4 = 12
29. (4) 12 / c = 4
30. (3) d − 16 = 61",NA,"The paragraph presents a list of algebraic problems for the student to solve and includes a generic instruction to 'Check your work.' It does not involve error-focused pedagogy such as identifying or correcting a student's mistake, comparing approaches, or warning about common errors.",high,,B_boundary
429,"If you subtract a larger number from a smaller number (for example, 2 − 3), the answer will be a negative number. One way to find the answer to such questions is to use the number line. We start at 2 and count back (to the left) three integers. Maybe you can figure out a faster way to find the answer.
2 − 3 = −1",NA,"The paragraph explains a concept and provides an example without presenting a student's error, comparing approaches, or warning about common mistakes.",high,,B_boundary
430,"Example 3
Subtract 5 from 2.
Solution
Order matters in subtraction. Start at 2 and count to the left 5 integers. You should end up at −3. Try this problem with a calculator by entering [2] [−] [5] [=]. What number is displayed after the [=] is pressed?
We see that the calculator displays −3 as the solution.",NA,"The paragraph simply explains how to subtract 5 from 2 and asks the reader to try it on a calculator; it does not present an error, compare approaches, or warn about common mistakes.",high,,B_boundary
432,"Example 5
What number is 7 less than 3?
Solution
The phrase “7 less than 3” means to start with 3 and subtract 7.
3 − 7
We count to the left 7 integers from 3. The answer is −4.",NA,"The paragraph simply explains a concept and provides a solution without presenting a student's mistake, comparing approaches, or warning about common errors.",high,,B_boundary
441,8. (9) Compare: 1 + 2 + 3 + 4 O 1 × 2 × 3 × 4,NA,"The paragraph asks the reader to compare two expressions, with no named students, no error detection, and no warning about common mistakes.",high,,B_boundary
450,25. (9) Compare: 12 ÷ 6 × 2 O 12 ÷ (6 × 2),NA,"The paragraph simply asks the reader to compare two mathematical expressions without referencing any student work, errors, or common mistakes.",high,,B_boundary
458,"problem solving Copy this subtraction problem and fill in the missing digits:
  4_7
− _9_
------
   21",NA,"The paragraph simply presents a subtraction problem to be solved, with no mention of errors, mistakes, or comparison of student work.",high,,B_boundary
461,Reading Math Sometimes it is helpful to write dollars and cents in cents-only form.,NA,"The paragraph only gives a tip about representing money; it does not present an error, compare approaches, or warn about common mistakes.",high,,B_boundary
473,"Analyze Find each unknown number. Check your work.
17. 1200 ÷ w = 300
18. 63w = 63
19. 76/m = 1
20. w + $65 = $1000
21. 3 + n + 12 + 27 = 50",NA,"The paragraph presents a list of algebraic problems and asks students to find unknowns and check their work, without showing errors, comparing students, or warning about common mistakes.",high,,B_boundary
487,Thinking Skill Verify Draw a number line to verify the answer is correct.,NA,"The paragraph asks the student to verify an answer by drawing a number line, which is a standard verification activity, not an error-focused prompt.",high,,B_boundary
488,"Example 2 Round 550 to the nearest hundred.
Solution The number we are to round is halfway between 500 and 600. When the number we are rounding is halfway between two round numbers, we round up. So 550 rounds to 600.",NA,"The paragraph simply explains how to round 550, with no mention of student errors, comparisons, or warnings about common mistakes.",high,,B_boundary
492,"Math Language Words such as about and approximately indicate that an estimate, not an exact answer, is needed.",NA,"The paragraph simply defines language usage for estimates and does not involve any error detection, correction, or comparison.",high,,B_boundary
506,19. Compare: 1 + (2 + 3) ◯ (1 + 2) + 3,NA,"The paragraph simply asks the reader to compare two expressions; it does not involve named students, error detection, or warnings about common mistakes.",high,,B_boundary
517,"Example 1 Point A represents what mixed number on this number line?
Solution We see that point A represents a number greater than 2 but less than 3. So point A represents a mixed number, which is a whole number plus a fraction. To find the fraction, we first notice that the segment from 2 to 3 has been divided into five smaller segments. The distance from 2 to point A crosses three of the five segments. Thus, point A represents the mixed number 2 3/5.
Analyze Why did we focus on the number of segments on the number line and not the number of vertical tick marks?",NA,"The paragraph presents a standard example and asks a conceptual analysis question, without showing a student's error, warning about common mistakes, or asking the reader to locate an error.",high,,B_boundary
527,"8. Represent The letters a, b, and c represent three different numbers. The sum of a and b is c.
a + b = c
Rearrange the letters to form another addition equation and two subtraction equations. Hint: To be sure you arranged the letters in the correct order, choose numbers for a, b, and c that make a + b = c true. Then try those numbers in place of the letters in your three equations.",NA,"The paragraph asks students to rearrange letters to create equations and gives a hint, without mentioning errors, mistakes, or comparing student work.",high,,B_boundary
532,16. Compare: 19 × 21 ◯ 20 × 20,NA,"The paragraph simply asks to compare two arithmetic expressions without involving student work, errors, or warnings.",high,,B_boundary
550,"line graphs Line graphs display numerical information as points connected by line segments. Whereas bar graphs often display comparisons, line graphs often show how a measurement changes over time.",NA,"The paragraph only describes line graphs and compares them to bar graphs without mentioning errors, mistakes, or student work.",high,,B_boundary
561,"Analyze Find each unknown number. Check your work.
15. w − 84 = 48
16. 234/n = 6
17. (1 + 2) × 3 = (1 × 2) + m",NA,"The paragraph simply asks students to solve for unknowns and check their own work, with no mention of errors, mistakes, or comparison of student work.",high,,B_boundary
582,"prime numbers Here we list the first ten counting numbers and their factors. Which of the numbers have exactly two factors?
Number Factors
1 1
2 1, 2
3 1, 3
4 1, 2, 4
5 1, 5
6 1, 2, 3, 6
7 1, 7
8 1, 2, 4, 8
9 1, 3, 9
10 1, 2, 5, 10
Counting numbers that have exactly two factors are prime numbers. The first four prime numbers are 2, 3, 5, and 7. The only factors of a prime number are the number itself and 1. The number 1 is not a prime number, because it has only one factor, itself.
Therefore, to determine whether a number is prime, we may ask ourselves the question, ""Is this number divisible by any number other than the number itself and 1?"" If the number is divisible by any other number, the number is not prime.",NA,"The paragraph asks the student to identify numbers with exactly two factors; it does not present errors, compare approaches, or warn about common mistakes.",high,,B_boundary
602,20. Compare: 123 ÷ 1 ◯ 123 − 1,NA,"The paragraph simply asks the reader to compare two mathematical expressions without referencing any student's work, error detection, or warning about common mistakes.",high,,B_boundary
612,"Early Finishers Real-World Application The school newspaper reported that middle school students own an average of 47 CDs. Yolanda asked seven of her friends how many CDs they owned and got these results.
32, 49, 21, 59, 37, 44, 52
a. What is the average number of CDs owned by Yolanda's seven friends?
b. How does this average compare to the average reported in the school newspaper?",NA,The paragraph asks students to compute an average and compare it to a reported value; it does not involve identifying or correcting errors.,high,,B_boundary
618,"Example 2
Find the GCF of 6, 9, and 15.
Solution
The factors of 6 are: 1, 2, 3, and 6.
The factors of 9 are: 1, 3, and 9.
The factors of 15 are: 1, 3, 5, and 15.
The GCF of 6, 9, and 15 is 3.
Note: The search for the greatest common factor of two or more numbers is a search for the largest number that evenly divides each of them. In this problem we can quickly determine that 3 is the largest number that evenly divides 6, 9, and 15. A complete listing of the factors might be helpful but is not required.",NA,"The paragraph provides a straightforward example and solution for finding the GCF, without presenting errors, comparisons, or warnings about common mistakes.",high,,B_boundary
623,"Analyze Find each unknown number. Check your work.
16. (3) w − 76 = 528
17. (3) 14,009 − w = 9670
18. (4) 6w = 90
19. (3) q − 365 = 365
20. (3) 365 − p = 365",NA,"The paragraph presents a list of algebraic equations to solve and asks students to check their work, without referencing errors, mistakes, or comparing student solutions.",high,,B_boundary
631,"Fraction manipulatives can help us compare fractions. Since 1/2 of a circle is larger than 1/3 of a circle, we can see that
1/2 > 1/3
Model For problems 19 and 20, use your fraction manipulatives to construct models of the fractions. Use the models to help you write the correct comparison for each problem.
19. Compare: 2/3 ◯ 3/4
20. Compare: 2/3 ◯ 3/8",NA,"The paragraph provides a standard instructional activity to compare fractions using manipulatives, without mentioning errors, mistakes, or conflicting student work.",high,,B_boundary
647,"Find each unknown number. Check your work.
18. (3) $10 – w = 87¢
19. (3) 463 + 27 + m = 500",NA,"The paragraph simply asks students to solve for unknown numbers and check their work, with no mention of errors, named students, or common mistakes.",high,,B_boundary
662,"Find each unknown number. Check your work.
8. (3) w − 15 = 8
9. (4) w/15 = 345
10. (1) 36¢ + $4.78 + $34.09
11. (2) $12.45 ÷ 3
12. (2) 35)1000
13. (5) (7 + 9 + 14)/3",NA,"The paragraph asks students to solve problems and check their own work, with no mention of errors, mistakes, or comparing student work.",high,,B_boundary
663,"* 14. (16) Estimate Shannon bought three dozen party favors for $1.24 each. To estimate the total cost she thought of 36 as 9 × 4, and she thought of $1.24 as $1.25. Then she multiplied the three numbers.
a. What was Shannon's estimate of the cost?
b. To find the cost quickly, which two numbers should she multiply first?
15. (12) Which digit in 375,426,198,000 is in the ten-millions place?
* 16. (20) Find the greatest common factor of 12 and 15.
* 17. (19) List the whole numbers that are factors of 30.
* 18. (21) The number 100 is divisible by which of these numbers: 2, 3, 5, 9, 10?
* 19. (22) Model Jeb answered 4/5 of the questions correctly. What percent of the questions did Jeb answer correctly? Draw a diagram to illustrate the problem.
20. (9) Compare: 1/3 ◯ 1/2
* 21. (19) Classify Which of these numbers is not a prime number?
A 19 B 29 C 39
22. (5, 14) (3 + 3) − (3 × 3)
23. (18) Generalize Find the number halfway between 27 and 43.",NA,"The paragraph lists a series of math problems without any error-focused prompts, named student work, or warnings about common mistakes.",high,,B_boundary
668,"Example 1
A team lost 3 games and won 7 games. What was the team's win-loss ratio?
Solution
The question asks for the ratio in the order of wins, then losses. The team's win-loss ratio was 7 to 3, which we write as the fraction 7/3.
(number of games won) / (number of games lost) = 7/3
We leave the ratio in fraction form.
Discuss Is the win-loss ratio the same as the loss-win ratio?",NA,"The paragraph presents a straightforward problem and solution, then asks a conceptual discussion question, with no focus on errors or mistakes.",high,,B_boundary
683,"Notice that we add the numerators when we add fractions that have the same denominator, and we subtract the numerators when we subtract fractions that have the same denominator. The denominators of the fractions do not change when we add or subtract fractions that have the same denominator.
Thinking Skill Justify Why does the denominator stay the same when we add fractions with the same denominator?",NA,"The paragraph explains a rule and asks for justification; it does not present a student's error, compare approaches, or warn about common mistakes.",high,,B_boundary
693,"* 12. Classify Which of these numbers is not a prime number?
A 21
B 31
C 41",NA,"The paragraph asks a factual multiple‑choice question about prime numbers, with no mention of errors, student work, or comparisons.",high,,B_boundary
702,"Find each unknown number. Check your work.
24. w/8 = 20
25. 7x = 84
26. 376 + w = 481
27. m − 286 = 592",NA,"The paragraph simply asks students to solve for unknowns and then check their own work, with no mention of errors, mistakes, or comparing student solutions.",high,,B_boundary
711,"Reading Math
25/6 is read “25 divided by 6”.",NA,"The paragraph only provides a reading of a fraction and contains no error detection, correction, comparison, or warning about common mistakes.",high,,B_boundary
722,* 7. Compare: 1/2 of 12 O 1/3 of 12,NA,"The paragraph simply asks to compare two quantities without naming students or presenting errors, so it is standard content.",high,,B_boundary
733,"Find each unknown number. Check your work.
21. 5/8 + m = 1
22. 144/n = 12",NA,"The paragraph asks students to solve equations and check their own work, without presenting an error, named student work, or warning about common mistakes.",high,,B_boundary
745,"Thinking Skill
Verify
Why doesn’t 2/3 reduce to 1/2?",COMMON_ERROR_ALERT,"The paragraph warns about a typical misconception (thinking 2/3 reduces to 1/2) and asks the reader to consider why that is incorrect, matching a common error alert.",high,,B_boundary
751,"Math Language
Recall that an improper fraction is a fraction with a numerator equal to or greater than the denominator.",NA,The paragraph provides a definition of an improper fraction and does not involve any error-focused instruction or warning.,high,,B_boundary
760,* 6. Compare: 1/2 plus 1/2 O 1/2 of 1/2,NA,"The paragraph simply asks the student to compare two mathematical expressions; there are no named students, no error identification, and no warning about common mistakes.",high,,B_boundary
767,"14. Find the unknown number. Remember to check your work.
2/3 + n = 1",NA,"The paragraph simply asks the student to solve an equation and reminds them to check their work, without presenting an error, comparing approaches, or warning about common mistakes.",high,,B_boundary
783,"Thinking Skill
Discuss
Why do we use the length of a radius instead of a diameter to draw a circle?",NA,"The paragraph asks a conceptual discussion question about circles, with no mention of errors, mistakes, or comparing student work.",high,,B_boundary
811,"Rays make up the sides of the angles. The rays of an angle originate at a point called the vertex of the angle.
Angles are named in a variety of ways. When there is no chance of confusion, an angle may be named with only one letter: the letter of its vertex. Here is angle B (abbreviated ∠B):
An angle may also be named with three letters, using a point from one side, the vertex, and a point from the other side. Here is angle ABC (∠ABC):
This angle may also be named angle CBA (∠CBA). However, it may not be named ∠BAC, ∠BCA, ∠CAB, or ∠ACB. The vertex must be in the middle.
Angles may also be named with a number or letter in the interior of the angle. In the figure below we see ∠1 and ∠2.",NA,"The paragraph only provides definitions and naming conventions for angles, with no mention of errors, mistakes, or student work to correct.",high,,B_boundary
814,"Example 1
a. Name the acute angle in this figure.
b. Name the obtuse angle in this figure.
Solution
To avoid confusion, we use three letters to name the angles.
a. The acute angle is ∠QMR (or ∠RMQ).
b. The obtuse angle is ∠RMS (or ∠SMR).",NA,"The paragraph simply asks the reader to name angles and provides the correct solution; it does not involve error detection, correction, or comparison.",high,,B_boundary
815,"Reading Math
When we use three letters to name an angle, the middle letter is the vertex of the angle.",NA,The paragraph provides a definition of angle notation and does not involve any error-focused instruction.,high,,B_boundary
828,"Find each missing number. Remember to check your work.
14. 1/4 + m = 1
15. 423 − w = 297",NA,"The paragraph asks students to solve for missing numbers and reminds them to check their work, with no error shown, no named students, and no warning about common mistakes.",high,,B_boundary
841,"30. Classify Which of the numbers below is not divisible by 9?
A 234
B 345
C 567",NA,"The paragraph presents a standard multiple‑choice question asking the reader to identify a number not divisible by 9, with no reference to student errors or common mistakes.",high,,B_boundary
845,"Reading Math
The “of” in “1/2 of 1/2” means to multiply.",NA,"The paragraph simply explains the meaning of “of” in a fraction expression; it does not present an error, compare approaches, or warn about common mistakes.",high,,B_boundary
850,"Example 4
Three pennies are placed side by side as shown below. The diameter of one penny is 3/4 inch. How long is the row of pennies?
Solution
We can find the answer by adding or by multiplying. We will show both ways.
Adding: 3/4 in. + 3/4 in. + 3/4 in. = 9/4 in. = 2 1/4 in.
Multiplying: 3/1 × 3/4 in. = 9/4 in. = 2 1/4 in.
We find that the row of pennies is 2 1/4 inches long.",NA,"The paragraph presents a standard example with a solution and does not involve error detection, correction, comparison of student work, or warnings about common mistakes.",high,,B_boundary
851,"reducing fractions by dividing by common factors
We can reduce fractions by dividing the numerator and the denominator by a factor of both numbers. To reduce 6/12, we will divide both the numerator and the denominator by 6.
(6 ÷ 6)/(12 ÷ 6) = 1/2
We divided both the numerator and the denominator by 6 because 6 is the largest factor (the GCF) of 6 and 12. If we had divided by 2 instead of by 6, we would not have completely reduced the fraction.
(6 ÷ 2)/(12 ÷ 2) = 3/6
The fraction 3/6 can be reduced by dividing the numerator and the denominator by 3.
(3 ÷ 3)/(6 ÷ 3) = 1/2
It takes two or more steps to reduce fractions if we do not divide by the greatest common factor in the first step.",NA,"The paragraph only explains the procedure for reducing fractions and provides examples; it does not present a student's error, compare approaches, ask to find an error, or warn about common mistakes.",high,,B_boundary
853,"Example 5
Reduce: 8/12
Solution
We will show two methods.
Method 1: Divide both numerator and denominator by 2.
(8 ÷ 2)/(12 ÷ 2) = 4/6
Again divide both numerator and denominator by 2.
(4 ÷ 2)/(6 ÷ 2) = 2/3
Method 2: Divide both numerator and denominator by 4.
(8 ÷ 4)/(12 ÷ 4) = 2/3
Either way, we find that 8/12 reduces to 2/3. Since the greatest common factor of 8 and 12 is 4, we reduced 8/12 in one step in Method 2 by dividing the numerator and denominator by 4.",NA,"The paragraph presents two correct methods for reducing a fraction without mentioning errors, mistakes, or comparing student work.",high,,B_boundary
864,* 14. Convert 18/4 to a mixed number. Remember to reduce the fraction part of the mixed number.,NA,"The paragraph simply asks the student to perform a conversion task and gives a reminder to reduce the fraction; it does not involve error detection, correction, or comparison.",high,,B_boundary
866,"Find each unknown number. Remember to check your work.
16. m + 496 + 2684 = 3217
17. 1000 − n = 857
18. 24x = 480",NA,"The paragraph simply asks students to solve for unknowns and reminds them to check their work, without presenting errors, comparisons, or warnings about common mistakes.",high,,B_boundary
897,* 18. Compare: 2/3 × 2/3 ○ 2/3 × 1,NA,"The paragraph asks the reader to compare two mathematical expressions without involving named students, errors, or warnings, so it is standard content.",high,,B_boundary
903,29. Convert 45/10 to a mixed number. Remember to reduce the fraction part of the mixed number.,NA,"The paragraph simply asks the student to perform a conversion task and gives a reminder to reduce the fraction; it does not involve error detection, correction, comparison, or warning about common mistakes.",high,,B_boundary
909,"The scale on a protractor has two sets of numbers. One set is for measuring angles starting from the right side, and the other set is for measuring angles starting from the left side. The easiest way to ensure that we are reading from the correct scale is to decide whether the angle we are measuring is acute or obtuse. Looking at ∠AOB, we read the numbers 45° and 135°. Since the angle is less than 90° (acute), it must measure 45°, not 135°. We say that ""the measure of angle AOB is 45°,"" which we may write as follows:
m∠AOB = 45°",NA,"The paragraph provides instructional content on reading a protractor and gives an example; it does not present an error, compare approaches, or warn about common mistakes.",high,,B_boundary
922,"New Concept: Areas of Rectangles
Mr. McGregor fenced in an area for a garden.
The perimeter of a shape is the distance around it.
The number of feet of fencing he used was the perimeter of the rectangle. But how do we measure the size of the garden?
To measure the size of the garden, we measure how much surface is enclosed by the sides of a shape. When we measure the ""inside"" of a flat shape, we are measuring its area.
The area of a shape is the amount of surface enclosed by its sides.
We use a different kind of unit to measure area than we use to measure perimeter. To measure perimeter, we use units of length such as centimeters. Units of area are called square units. One example is a square centimeter.",NA,"The paragraph only introduces the concept of area versus perimeter with no mention of errors, mistakes, or comparison of student work.",high,,B_boundary
924,"Other common units of area are square inches, square feet, square yards, and square meters. Very large areas may be measured in square miles. We can think of units of area as floor tiles. The area of a shape is the number of ""floor tiles"" of a certain size that completely cover the shape.",NA,"The paragraph only explains area units and uses an analogy; it does not involve error detection, correction, or comparison.",high,,B_boundary
927,"Example 3: The area of a square is 100 square inches.
a. How long is each side of the square?
b. What is the perimeter of the square?
Solution:
a. The length and width of a square are equal. So we think, ""What number multiplied by itself equals 100?"" Since 10 × 10 = 100, we find that each side is 10 inches long.
b. Since each of the four sides is 10 inches, the perimeter of the square is 40 inches.
Justify Why can't we divide 100 by 4 to find the length of each side?",COMMON_ERROR_ALERT,"The paragraph warns against a typical mistake (dividing area by 4) and asks the reader to explain why that approach is incorrect, matching a common error alert.",high,,B_boundary
937,"9. Find the unknown number. Remember to check your work.
24 + f = 42",NA,"The paragraph simply asks the student to solve for an unknown and reminds them to check their work, without presenting an error, named students, or warnings about common mistakes.",high,,B_boundary
954,"Example 1: Write 27,000 in expanded notation.
Solution: The 2 is in the ten-thousands place, and the 7 is in the thousands place. In expanded notation we write
(2 × 10,000) + (7 × 1000)
Since zero times any number equals zero, it is not necessary to include zeros when writing numbers in expanded notation.",NA,"The paragraph simply explains how to write a number in expanded notation with no mention of errors, mistakes, or student work to correct.",high,,B_boundary
955,"Example 2: Write (5 × 1000) + (2 × 100) + (8 × 10) in standard notation.
Solution: Standard notation is our usual way of writing numbers. One way to think about this number is 5000 + 200 + 80. Another way to think about this number is 5 in the thousands place, 2 in the hundreds place, and 8 in the tens place. We may assume a 0 in the ones place. Either way we think about the number, the standard form is 5280.
Verify How would the expanded notation change if we added 20 to 5280?",NA,"The paragraph presents a standard example and asks a verification question about expanding notation after adding 20, without referencing any error, mistake, or comparison.",high,,B_boundary
958,"Example 4: What time is two and a half hours after 10:43 a.m.?
Solution: This is an elapsed-time problem, and it has a subtraction pattern. The elapsed time, 2 1/2 hours, is the difference. We write the elapsed time as 2:30. The earlier time is 10:43 a.m.
Later
− Earlier: − 10:43 a.m.
Difference: 2:30
We need to find the later time, so we add 2 1/2 hours to 10:43 a.m. We will describe two methods to do this: a mental calculation and a pencil-and-paper calculation. For the mental calculation, we could first count two hours after 10:43 a.m. One hour later is 11:43 a.m. Another hour later is 12:43 p.m. (Note the switch from a.m. to p.m.) From 12:43 p.m., we count 30 minutes (one half hour). To do this, we can count 10 minutes at a time from 12:43 p.m.: 12:53 p.m., 1:03 p.m., 1:13 p.m. We find that 2 1/2 hours after 10:43 a.m. is 1:13 p.m.
To perform a pencil-and-paper calculation, we add 2 hours 30 minutes to 10:43 a.m.
10:43 a.m. + 2:30 = 12:73 p.m.
Notice that the time switches from a.m. to p.m. and that the sum, 12:73 p.m., is improper. Seventy-three minutes is more than an hour. We think of 73 minutes as ""one hour plus 13 minutes."" We add 1 to the number of hours and write 13 as the number of minutes. So 2 1/2 hours after 10:43 a.m. is 1:13 p.m.",NA,"The paragraph presents a worked example with explanation of a mistake and its correction, but does not ask the reader to locate or fix an error themselves.",high,,B_boundary
959,Thinking Skill Discuss: What is another way to solve this problem using mental math?,NA,"The paragraph asks for an alternative solution method using mental math and does not involve error detection, correction, or comparison of student work.",high,,B_boundary
975,"Find each unknown number. Remember to check your work.
21. w − 53 = 12
22. 8q = 240",NA,"The paragraph simply asks students to solve equations and reminds them to check their work, without presenting errors, comparisons, or warnings about common mistakes.",high,,B_boundary
981,* 28. Compare: (3 × 100) + (5 × 1) ○ 350,NA,"The paragraph simply asks the student to compare two numerical expressions; there are no named students, no error identification, and no warning about common mistakes.",high,,B_boundary
1005,"Find each unknown number. Remember to check your work.
20. q − 24 = 23
* 21. 1/2 w = 1",NA,"The paragraph simply asks students to solve for unknowns and reminds them to check their work, without presenting errors, mistakes, or comparisons.",high,,B_boundary
1028,* 5. (29) Compare: 100/100 ○ 10/10,NA,"The paragraph simply asks the student to compare two fractions; there is no mention of errors, named students, or warnings about common mistakes.",high,,B_boundary
1036,"Find each unknown number. Remember to check your work.
15. (4) 6d = 144",NA,"The paragraph simply asks the student to solve for an unknown and reminds them to check their work, with no error-focused prompt or warning.",high,,B_boundary
1037,* 17. (29) Compare: 5/2 + 5/2 ○ 2 × 5/2,NA,"The paragraph is a simple instruction to compare two expressions; it contains no named student work, error detection prompt, or warning about common mistakes.",high,,B_boundary
1046,"30. (2) Connect Instead of dividing 75 by 5, Sandy mentally doubled both numbers and divided 150 by 10. Find the quotient of 75 ÷ 5 and the quotient of 150 ÷ 10.",NA,"The paragraph mentions a student’s method but does not ask the reader to find or correct an error; it simply asks for the quotients, so it is standard content.",high,,B_boundary
1072,19. (25) Convert 20/6 to a mixed number. Remember to reduce the fraction part of the number.,NA,"The paragraph simply asks the student to perform a conversion task with a reminder, without presenting errors, named students, or warnings about common mistakes.",high,,B_boundary
1074,24. (9) Compare: 3 × 18 ÷ 6 ○ 3 × (18 ÷ 6),NA,"The paragraph asks the reader to compare two mathematical expressions, with no named students or error focus, so it is standard content.",high,,B_boundary
1079,"29. (2) Instead of solving the division problem 400 ÷ 50, Minh doubled both numbers to form the division 800 ÷ 100. Find both quotients.",INCORRECT_TO_CORRECT,"The paragraph names a student (Minh) who performed the division incorrectly and asks the reader to find both the correct and the student's quotients, which aligns with showing wrong work and correcting it.",high,,B_boundary
1101,"Find each unknown number. Remember to check your work.
21. (4) m/12 = 6",NA,"The paragraph simply asks the student to solve for an unknown and reminds them to check their work, without presenting an error, comparing approaches, or warning about common mistakes.",high,,B_boundary
1107,* 28. (35) Represent Write 81/1000 as a decimal number. (Hint: Write a zero in the tenths place.),NA,"The paragraph simply asks the student to convert a fraction to a decimal with a hint, without referencing any error, mistake, or comparison.",high,,B_boundary
1112,"adding and subtracting decimal numbers
When we add or subtract numbers using pencil and paper, it is important to align digits that have the same place value. For whole numbers this means lining up the ending digits. When we line up the ending digits (which are in the ones place) we automatically align other digits that have the same place value.
However, lining up the ending digits of decimal numbers might not properly align all the digits. We use another method for decimal numbers. We line up decimal numbers for addition or subtraction by lining up the decimal points. The decimal point in the answer is aligned with the other decimal points. Empty places are treated as zeros.",NA,"The paragraph provides standard instructional content on aligning decimal numbers for addition/subtraction without presenting errors, mistakes, or comparisons.",high,,B_boundary
1116,"Practice Set
Find each sum or difference. Remember to line up the decimal points.
a. 3.46 + 0.2
b. 8.28 − 6.1
c. 0.735 + 0.21
d. 0.543 − 0.21
e. 0.43 + 0.1 + 0.413
f. 0.30 − 0.27
g. 0.6 + 0.7
h. 1.00 − 0.24
i. 0.9 + 0.12
j. 1.23 − 0.4",NA,The paragraph simply asks students to perform arithmetic operations; it does not involve identifying or correcting errors.,high,,B_boundary
1123,"* 11. (35) Classify Three of the numbers shown below are equal. Which number is not equal to the others? How do you know?
A 1/10
B 0.1
C 10/100
D 0.01",NA,"The paragraph simply asks the student to identify which of the listed numbers is different, without referencing any student work, error detection, or warning about common mistakes.",high,,B_boundary
1126,* 20. (29) Analyze Compare: 1/4 + 3/4 ○ 1/4 × 3/4,NA,"The paragraph asks to analyze and compare two mathematical expressions without mentioning any errors, students, or warnings.",high,,B_boundary
1134,"28. (2) Justify Instead of dividing 6 by 1/2, Feodor doubled both numbers and divided 12 by 1. Do you think both quotients are the same? Write a one- or two-sentence reason for your answer.",COMPARE_AND_CONTRAST,"The paragraph presents Feodor's alternative method and asks the reader to compare its result with the standard division, i.e., to evaluate two different approaches.",medium,INCORRECT_TO_CORRECT,B_boundary
1144,"Example 3
a. What is twelve squared?
b. Simplify: 3² + 4²
Solution
a. “Twelve squared” is 12 × 12, which is 144.
b. We apply exponents before adding, subtracting, multiplying, or dividing.
3² + 4² = 9 + 16 = 25
Analyze What step is not shown in the solution for b?",EXPLICIT_ERROR_DETECTION,"The paragraph asks the reader to identify a missing step in the provided solution, which matches the explicit error detection pattern.",high,,B_boundary
1162,26. (9) Compare: 24 ÷ 8 ○ 240 ÷ 80,NA,"The paragraph simply asks the student to compare two arithmetic expressions; there are no named students, no error detection, and no warning about common mistakes.",high,,B_boundary
1163,* 27. (35) Write 0.7 and 0.21 as fractions. Then multiply the fractions. Change the product to a decimal number. Explain why your answer is reasonable. (Hint: Round the original problem.),NA,"The paragraph presents a standard math task without referencing student errors, comparisons, or warnings about common mistakes.",high,,B_boundary
1169,"Thinking Skill Discuss
Why can we count the decimal places to multiply 0.75 and 0.5?
Notice that the product 0.375 has three decimal places and that three is the total number of decimal places in the factors, 0.75 (two) and 0.5 (one). When we multiply decimal numbers, the product has the same number of decimal places as there are in all of the factors combined. This fact allows us to multiply decimal numbers as if they were whole numbers.
After multiplying, we count the total number of decimal places in the factors. Then we place a decimal point in the product to give it the same number of decimal places as there are in the factors.
  0.75 (two decimal places)
×  0.5 (one decimal place)
 0.375 (three decimal places)",NA,"The paragraph explains a concept and provides an example without referencing student errors, comparisons, or warnings about common mistakes.",high,,B_boundary
1170,"Example 1
Multiply: 0.25 × 0.7
Solution
We set up the problem as though we were multiplying whole numbers, initially ignoring the decimal points. Then we multiply.
  0.25
×  0.7
 0.175
Next we count the digits to the right of the decimal points in the two factors. There are three, so we place a decimal point in the product three places from the right-hand end. We write .175 as 0.175.
Predict How could we have predicted that the answer would be less than one?",NA,"The paragraph presents a standard example of multiplying decimals and asks a predictive question, with no error focus, named student, or common mistake warning.",high,,B_boundary
1173,"Practice Set
Simplify:
a. 15 × 0.3
b. 1.5 × 3
c. 1.5 × 0.3
d. 0.15 × 3
e. 1.5 × 1.5
f. 0.15 × 10
g. 0.25 × 0.5
h. 0.025 × 100
i. (0.8)²
j. (1.2)²
k. Conclude How are exercises a–d similar? How are they different?",NA,"The paragraph only asks students to perform calculations and reflect on similarities; it does not present errors, compare student work, or warn about common mistakes.",high,,B_boundary
1183,16. (25) Convert 20/8 to a mixed number. Simplify your answer. Remember to reduce the fraction part of the mixed number.,NA,"The paragraph simply asks the student to convert a fraction to a mixed number and simplify it, with no mention of errors, comparisons, or warnings about common mistakes.",high,,B_boundary
1188,24. (14) Compare: 365 − 364 ○ 364 − 365,NA,"The paragraph asks the student to compare two arithmetic expressions; it contains no named student work, error detection, or warning about common mistakes.",high,,B_boundary
1192,"28. (2) Connect Instead of solving the division problem 390 ÷ 15, Roosevelt divided both numbers by 3 to form the division 130 ÷ 5. Then he multiplied both of those numbers by 2 to get 260 ÷ 10. Find all three quotients.",NA,"The paragraph presents a problem where a student uses a method to compute quotients; it does not ask the reader to find or correct an error, compare approaches, or warn about common mistakes.",high,,B_boundary
1198,"When subtracting, multiplying, and dividing decimal numbers, we often encounter empty decimal places. When this occurs, we will fill each empty decimal place with a zero. In order to subtract, it is sometimes necessary to attach zeros to the top number.",NA,"The paragraph provides a procedural tip for handling decimal places and does not involve identifying, correcting, or warning about errors.",high,,B_boundary
1199,"Example 1 Subtract: 0.5 − 0.32 Solution We write the problem, making sure to line up the decimal points. We fill the empty place with zero and subtract. 0.50 − 0.32 = 0.18",NA,"The paragraph simply demonstrates a subtraction example with no error, named student, or warning about common mistakes.",high,,B_boundary
1200,Discuss How can you check subtraction?,NA,"The paragraph asks the student to discuss how to check subtraction, which is a general instructional prompt, not an error-focused activity.",high,,B_boundary
1202,"When multiplying decimal numbers, we may need to insert one or more zeros between the multiplication answer and the decimal point to hold the other digits in their proper places.",NA,"The paragraph provides a procedural tip for multiplying decimals without referencing errors, mistakes, or student work.",high,,B_boundary
1204,Verify Why must the product of 0.2 and 0.3 have two decimal places?,NA,"The paragraph asks a conceptual verification question, not presenting a student's error, comparison, or warning about common mistakes.",high,,B_boundary
1209,Example 6 A newspaper polled likely voters to survey support for a local bond measure on the November ballot. Display the data shown below with a circle graph. Then compare the two graphs.,NA,"The paragraph asks students to create a circle graph and then compare two graphs, with no mention of errors, mistakes, or named students' differing answers.",high,,B_boundary
1220,18. Compare: 1/2 × 2/2 O 1/2 × 3/3,NA,"The paragraph simply asks the reader to compare two mathematical expressions without referencing student work, errors, or common mistakes.",high,,B_boundary
1232,Math Language The term data is plural because it refers to a collection of individual figures and facts. Its singular form is datum.,NA,"The paragraph only provides a definition of the term 'data' and its singular form, with no mention of errors, mistakes, or comparison of student work.",high,,B_boundary
1238,Roger collected quantitative data when he asked about the number of visits to the park each week. Patricia collected qualitative data when she asked about the student's favorite sport.,NA,"The paragraph simply describes two students collecting different types of data without presenting an error, conflict, or instruction to detect or correct mistakes.",high,,B_boundary
1246,"Surveys can be designed to gather data about a certain group of people. This ""target group"" is called a population. For example, if a record company wants to know about teenagers' music preferences in the United States, it would not include senior citizens in the population it studies.",NA,"The paragraph defines a concept (population) and gives an example, with no mention of errors, mistakes, or named students.",high,,B_boundary
1248,"Validate In problems 7 and 8 below, explain why each sample is not representative. How would you expect the sample's responses to differ from those of the general population? 7. To determine public opinion in the city of Miami about a proposed leash law for dogs, Sally interviews shoppers in several Miami pet stores. 8. Tamika wants to know the movie preferences of students in her middle school. Since she is in the school orchestra, she chooses to survey orchestra members.",NA,"The paragraph asks students to explain why given samples are not representative, which is a standard conceptual question, not an error-focused prompt.",high,,B_boundary
1249,"Often the results of a survey depend on the way its questions are worded or who is asking the questions. These factors can introduce bias into a survey. When a survey is biased, the people surveyed might be influenced to give certain answers over other possible answers.",NA,"The paragraph only describes how survey wording can introduce bias; it does not present a student error, compare student work, ask to locate an error, or warn about a common student mistake.",high,,B_boundary
1250,"Verify For problems 9 and 10, identify the bias in the survey that is described. Is a ""yes"" answer more likely or less likely because of the bias? 9. The researcher asked the group of adults, ""If you were lost in an unfamiliar town, would you be sensible and ask for directions?"" 10. Mrs. Wong baked oatmeal bars for her daughter's fundraising sale. She asked the students who attended the sale, ""Would you have preferred fruit salad to my oatmeal bars?""",NA,"The paragraph asks students to identify bias in survey questions, not to find or correct a mathematical error, compare student work, or warn about a common mistake.",high,,B_boundary
1268,"Example 3 What number is 75% of 20? Solution We can translate this problem into an equation, changing the percent into either a fraction or a decimal. We use a letter for ""what number,"" an equal sign for ""is,"" and a multiplication sign for ""of."" Percent To Fraction: What number is 75% of 20? n = 3/4 × 20. Percent To Decimal: What number is 75% of 20? n = 0.75 × 20. We show both the fraction form and the decimal form. Often, one form is easier to calculate than the other form.",NA,"The paragraph simply explains how to solve a percent problem using equations, with no mention of errors, student mistakes, or comparison of approaches.",high,,B_boundary
1269,"3/4 × 20 = 15; 0.75 × 20 = 15.00. We find that 75% of 20 is 15. Discuss Which is easier to compute, 3/4 × 20 or 0.75 × 20? Why?",NA,"The paragraph asks students to discuss which computation is easier, with no mention of errors, mistakes, or comparing student work.",high,,B_boundary
1271,Example 4 Jamaal correctly answered 80% of the 25 questions. How many questions did he answer correctly? Solution We want to find 80% of 25. We can change 80% to a fraction (80/100 = 4/5) or to a decimal number (80% = 0.80). Percent To a Fraction: 80% of 25 -> 4/5 × 25 = 20. Percent To a Decimal: 80% of 25 -> 0.80 × 25 = 20.00. We find that Jamaal correctly answered 20 questions.,NA,"The paragraph presents a straightforward example calculation without mentioning any error, correction, or comparison.",high,,B_boundary
1272,Thinking Skill Verify How do you change 80% to a fraction? To a decimal?,NA,"The paragraph asks the student to perform conversions (percentage to fraction/decimal) without referencing any errors, mistakes, or comparing student work.",high,,B_boundary
1292,11. Classify By which of these numbers is 600 not divisible? A 2 B 3 C 5 D 9,NA,"The paragraph simply asks a factual multiple‑choice question about divisibility and does not involve showing a student's error, comparing approaches, detecting an error, or warning about common mistakes.",high,,B_boundary
1300,Find each unknown number. Remember to check your work. 21. 7m = 3500 22. $6.25 + w = $10.00 23. 2/3 n = 1 24. x − 37 = 76 25. 6.25 + (4 − 2.5) 26. 3 3/4 + 2 3/4 27. 4/4 − 3/3 28. 5/6 · 3/5,NA,"The paragraph asks students to solve equations and reminds them to check their work, without presenting errors, comparisons, or warnings about common mistakes.",high,,B_boundary
1301,30. Justify Fran estimated 9% of $21.90 by first rounding 9% to 10% and rounding $21.90 to $20. She then mentally calculated 10% of $20 and got the answer $2. Use Fran's method to estimate 9% of $32.17. Describe the steps.,NA,"The paragraph asks the student to apply a given estimation method, without presenting an error, comparison, or warning about common mistakes.",high,,B_boundary
1332,"28. Below we show the same division problem written three different ways. Identify which number is the divisor, which is the dividend, and which is the quotient. 20/4 = 5; 4)20 = 5; 20 ÷ 4 = 5",NA,"The paragraph asks the student to identify parts of a division expression, with no mention of errors, mistakes, or comparing student work.",high,,B_boundary
1338,The following two division problems have the same quotient. We call them equivalent division problems. Which problem seems easier to perform mentally? a. 700 ÷ 14 b. 350 ÷ 7 We can change problem a to problem b by dividing both 700 and 14 by 2: 700 ÷ 14 -> Divide both 700 and 14 by 2 -> 350 ÷ 7,NA,"The paragraph explains equivalent division problems and asks which is easier, without presenting a student's error, comparison of conflicting answers, or warning about common mistakes.",high,,B_boundary
1343,"Since Lessons 3 and 4 we have practiced finding unknowns in whole-number arithmetic problems. Beginning with this lesson we will find unknowns in fraction and decimal problems. If you are unsure how to find the solution to a problem, try making up a similar, easier problem to help you determine how to find the answer.",NA,"The paragraph provides general instructional guidance and does not present student errors, compare approaches, or warn about common mistakes.",high,,B_boundary
1352,Find each unknown number. Remember to check your work. 6. 2/3 n = 1 7. 6 − w = 1 4/5 8. m − 4 1/4 = 6 3/4 9. c − 2.45 = 3 10. 12 − d = 1.43 11. 5/8 × 1/5 12. 3/4 × 5 13. 3 7/8 − 1 3/8,NA,"The paragraph simply asks students to solve equations and check their work, with no mention of errors, mistakes, or comparing student work.",high,,B_boundary
1353,14. Classify Which of these numbers is not a prime number? A 23 B 33 C 43,NA,"The paragraph simply asks the student to identify a non‑prime number; it does not present an error, compare student work, or warn about common mistakes.",high,,B_boundary
1359,"* 23. (43) Connect a. Instead of dividing 100 by 16, Sandy divided the dividend and divisor by 4. What new division problem did Sandy make? What is the quotient?
b. Form an equivalent division problem for 4 1/2 ÷ 1/2 by doubling both the dividend and divisor. Then find the quotient.",INCORRECT_TO_CORRECT,"The paragraph mentions a named student (Sandy) who performed the division incorrectly, and asks the reader to identify the erroneous new division problem and compute its quotient, fitting the INCORRECT_TO_CORRECT pattern.",high,,B_boundary
1369,"simplifying decimal numbers Perform these two subtractions with a calculator. Which calculator answer differs from the printed answers below?
  425      4.25
- 125    - 1.25
  300      3.00",NA,"The paragraph asks students to perform calculations and see if the calculator answer differs from printed answers, without referencing a student's error or named characters, so it is standard practice content.",high,,B_boundary
1370,"Calculators automatically simplify decimal numbers with zeros at the end by removing the extra zeros. Many calculators show a decimal point at the end of a whole number, although we usually remove the decimal point when we write the whole number. So “3.00” simplifies to “3.” on a calculator. We remove the decimal point and write “3” only.",NA,"The paragraph provides factual information about calculator display behavior and does not involve error-focused pedagogy, warnings, or student work analysis.",high,,B_boundary
1372,"Example 1
Multiply 0.25 by 0.04 and simplify the product.
Solution
We multiply.
  0.25
× 0.04
0.0100
If we perform this multiplication on a calculator, the answer 0.01 is displayed. The calculator simplifies the answer by removing zeros at the end of the decimal number.
0.0100 simplifies to 0.01
In this book decimal answers are printed in simplified form unless otherwise stated.",NA,"The paragraph presents a straightforward example of multiplication with no request to find or correct an error, nor does it compare student work or warn about common mistakes.",high,,B_boundary
1374,"Example 2
Compare: 0.3 ◯ 0.303
Solution
When comparing decimal numbers, it is important to pay close attention to place values. Writing both numbers with the same number of decimal places can make comparing easier. We will attach two zeros to 0.3 so that it has the same number of decimal places as 0.303.
0.3 ◯ 0.303
0.300 ◯ 0.303
We see that 300 thousandths is less than 303 thousandths. We write our answer like this:
0.3 < 0.303",NA,"The paragraph simply explains how to compare decimal numbers without presenting a student's error, a comparison of differing student answers, or a warning about common mistakes.",high,,B_boundary
1380,"Find each unknown number. Remember to check your work.
* 5. (43) 5 1/3 − w = 4",NA,"The paragraph simply asks the student to solve for an unknown and reminds them to check their work, without presenting an error, named students, or warnings about common mistakes.",high,,B_boundary
1386,"* 13. (44) Compare:
a. 0.25 ◯ 0.125
b. 25% ◯ 12.5%",NA,"The paragraph asks the reader to compare two numerical values; it does not involve student errors, named students, or error detection prompts.",high,,B_boundary
1403,"Dividing a decimal number by a whole number is similar to dividing dollars and cents by a whole number.
  $0.45       0.45
5)$2.25     5)2.25
Notice that the decimal point in the quotient is directly above the decimal point in the dividend.",NA,"The paragraph provides a procedural explanation with an example and does not mention any errors, mistakes, or compare student work.",high,,B_boundary
1405,"Example 2
Divide: 3)0.24
Solution
The decimal point in the quotient is directly above the decimal point in the dividend. We fill the empty place with zero.
  0.08
3)0.24
   24
    0
Decimal division answers are not written with remainders. Instead, we attach zeros to the end of the dividend and continue dividing.",NA,"The paragraph provides a procedural example of decimal division without presenting a student's error, a comparison, or a warning about common mistakes.",high,,B_boundary
1408,"Practice Set
a. The distance from Margaret’s house to school and back is 3.6 miles. How far does Margaret live from school?
b. The perimeter of a square is 6.4 meters. How long is each side of the square? How can you check that your answer is reasonable?
Divide:
c. 4.5/3
d. 0.6 ÷ 4
e. 2)0.14
f. 0.4 ÷ 5
g. 4)0.3
h. 0.012/6
i. 10)1.4
j. 0.7/5
k. 0.1 ÷ 4",NA,"The paragraph presents a list of practice problems for students to solve, with no mention of errors, mistakes, or comparing student work.",high,,B_boundary
1413,"Find each unknown number. Remember to check your work.
* 8. (43) √36 − m = 2 3/10",NA,"The paragraph simply asks the student to solve for an unknown and reminds them to check their work, without presenting any error, named student work, or warning about common mistakes.",high,,B_boundary
1433,Reading Math We say the word and when we see a decimal point. Read 5.06 as “five and six hundredths.”,NA,"The paragraph only gives a reading instruction for decimals and does not involve any error detection, correction, or comparison.",high,,B_boundary
1436,"mentally multiplying decimal numbers by 10 and by 100 When we multiply whole numbers by 10 or by 100, we can find the product mentally by attaching zeros to the whole number we are multiplying.
24 × 10 = 240
24 × 100 = 2400
It may seem that we are just attaching zeros, but we are actually shifting the digits to the left. When we multiply 24 by 10, the digits shift one place to the left. When we multiply 24 by 100, the digits shift two places to the left. In each product zeros hold the 2 and the 4 in their proper places.
When we multiply a decimal number by 10, the digits shift one place to the left. When we multiply a decimal number by 100, the digits shift two places to the left. Here we show the products when 0.24 is multiplied by 10 and by 100.",NA,"The paragraph only explains the concept of multiplying by 10 and 100 and provides examples; it does not present any errors, compare student work, or warn about common mistakes.",high,,B_boundary
1438,"Although it is the digits that are shifting one or two places to the left, we get the same effect by shifting the decimal point one or two places to the right.
0.24 × 10 = 2.4 (one-place shift)
0.24 × 100 = 24. = 24 (two-place shift)",NA,"The paragraph simply explains a concept about shifting decimal points and provides examples, without mentioning errors, mistakes, or comparing student work.",high,,B_boundary
1451,"14. (31, 41) Verify Fifty percent of the area of this rectangle is shaded. What is the area of the shaded region? Explain your thinking.",NA,"The paragraph asks the student to verify a statement and compute an area, with no mention of errors, student work, or comparisons.",high,,B_boundary
1454,"* 19. (40, 44) Compare:
a. 1/10 ◯ 0.1   b. 0.1 ◯ (0.1)^2",NA,"The paragraph simply asks the reader to compare two mathematical expressions; there is no named student work, error detection, or warning about common mistakes.",high,,B_boundary
1460,* 27. (41) Estimate The chef’s salad cost $6.95. The sales-tax rate was 8%. What was the total cost including tax? Explain how to use estimation to check whether your answer is reasonable.,NA,"The paragraph asks for a calculation and explanation of estimation, with no mention of errors, mistakes, or comparing student work.",high,,B_boundary
1465,problem solving Radley held a number cube so that he could see three adjoining faces. Radley said that he could see a total of 8 dots. Could he be correct? Explain your answer.,NA,"The paragraph presents a problem scenario asking the student to evaluate a claim, without showing a student's error, comparing approaches, or warning about common mistakes.",high,,B_boundary
1469,"Thinking Skills Connect Remember that:
1/4 = 0.25
1/2 = 0.5
3/4 = 0.75",NA,"The paragraph only provides factual reminders of fraction–decimal equivalents and does not involve any error detection, correction, comparison, or warning about common mistakes.",high,,B_boundary
1471,"pi (π) If we know the radius or diameter of a circle, we can calculate the approximate circumference of the circle. In the previous activity we found that for any given circle there are a little more than three diameters in the circumference. Some people use 3 as a very rough approximation of the number of diameters in a circumference. The actual number of diameters in a circumference is closer to 3 1/7, which is approximately 3.14. The exact number of diameters in a circumference cannot be expressed as a fraction or as a decimal number, so mathematicians use the Greek letter π (pi) to stand for this number.",NA,The paragraph explains the concept of pi and does not involve any error-focused instruction or warning.,high,,B_boundary
1473,Thinking Skill Verify Why can you use the formula π 2r or 2π r and get the same answer?,NA,"The paragraph asks a conceptual verification question about formulas, with no named student error, comparison, or warning about common mistakes.",high,,B_boundary
1497,"* 30. (46) Verify When we mentally multiply 15 by 10, we can simply attach a zero to 15 to make the product 150. When we multiply 1.5 by 10, why can’t we attach a zero to make the product 1.50?",NA,"The paragraph asks a conceptual question about multiplying by 10, without presenting a student's error, comparison, or warning about common mistakes.",high,,B_boundary
1505,Thinking Skill Verify How can you check the answer to the subtraction problem?,NA,"The paragraph asks the student to check an answer, which is a self‑verification prompt, not an error‑focused activity.",high,,B_boundary
1512,"* 4. (44) Classify Three of the numbers shown below are equal. Which number is not equal to the others?
A 1/2   B 0.2   C 0.5   D 10/20",NA,"The paragraph presents a standard multiple‑choice question asking which number differs; it does not involve error detection, correction, or comparison of student work.",high,,B_boundary
1522,"* 22. (47) Justify If a spool for thread is 2 cm in diameter, then one wind of thread is about how many centimeters long? (Use 3.14 for π.) Explain how to mentally check whether your answer is reasonable.",NA,"The paragraph asks the student to compute a length and explain a mental check; it does not present an error, compare work, or warn about common mistakes.",high,,B_boundary
1533,problem solving Ned walked from his home to school following the path from H to I to J to K to L to M to S. After school he walked home from S to C to H. Compare the distance of Ned’s walk to school to the distance of his walk home.,NA,"The paragraph asks the student to compare two distances; it does not involve error detection, correction, or warnings about common mistakes.",high,,B_boundary
1542,"Some people use the phrase “over, over, and up” to keep track of the decimal points when dividing by decimal numbers.",NA,"The paragraph only provides a mnemonic tip for handling decimal points; it does not present an error, compare approaches, or warn about common mistakes.",high,,B_boundary
1543,Thinking Skill Discuss What do you notice about the answers in exercises a and b?,NA,"The paragraph asks students to discuss observations about answers, without mentioning errors, mistakes, or comparing named students' work.",high,,B_boundary
1549,* 5. (44) Compare: a. 0.31 O 0.301 b. 31% O 30.1%,NA,"The paragraph asks to compare two numbers, with no named students, errors, or error alerts; it's a standard comparison task.",high,,B_boundary
1556,23. (41) Estimate Jan estimated that 49% of $19.58 is $10. She rounded 49% to 50% and rounded $19.58 to $20. Then she mentally calculated 50% of $20. Use Jan’s method to estimate 51% of $49.78. Explain how to perform the estimate.,NA,"The paragraph presents a calculation task using a described method, without showing an error to correct, compare approaches, or warn about common mistakes.",high,,B_boundary
1563,"* 30. (49) Explain Sam was given the following division problem: 2.5 / 0.5 Instead of multiplying the numerator and denominator by 10, he accidentally multiplied by 100, as shown below. 2.5/0.5 × 100/100 = 250/50 Then he divided 250 by 50 and found that the quotient was 5. Did Sam find the correct answer to 2.5 ÷ 0.5? Why or why not?",INCORRECT_TO_CORRECT,"The paragraph presents Sam's incorrect work and asks the reader to determine if his answer is correct, requiring identification and correction of the error.",high,EXPLICIT_ERROR_DETECTION,B_boundary
1579,4. (44) Compare: a. 3.4 O 3.389 b. 0.60 O 0.600,NA,"The paragraph simply asks to compare two numbers without mentioning any student work, errors, or warnings, so it is standard content.",high,,B_boundary
1586,* 22. (47) Justify The diameter of a soup can is about 7 cm. The label wraps around the can. About how many centimeters long must the label be to go all the way around the soup can? (Use 22/7 for π.) Explain how to mentally check whether your answer is reasonable.,NA,"The paragraph asks for a calculation and a mental check of reasonableness, without presenting or warning about errors, so it is standard textbook content.",high,,B_boundary
1595,INVESTIGATION 5 Focus on Displaying Data In this investigation we will compare various ways to display data.,NA,"The paragraph only introduces an investigation to compare ways to display data, with no mention of errors, named students, or warnings about common mistakes.",high,,B_boundary
1608,"5. Compare the pictograph, bar graph, and circle graph. What are the benefits of each type of display?",NA,"The paragraph asks to compare types of graphs and discuss benefits, without referencing student errors or named conflicting approaches, so it is standard content.",high,,B_boundary
1619,11. Compare the stem-and-leaf plot from problem 10 to the line plot of the same data. Discuss the benefits of each type of display.,COMPARE_AND_CONTRAST,"The paragraph asks the reader to compare two different display methods, which matches the compare-and-contrast pattern of presenting multiple approaches.",medium,,B_boundary
1620,extension Consider a problem to solve by gathering data. State the problem. Then conduct a study. Organize the collected data. Select two ways to display the data and explain your choices. Compare the two displays. Which would you use to present your study to your class? Interpret the data. Does the gathered data help to solve a problem or is it inconclusive?,NA,"The paragraph asks students to conduct a study, choose displays, and compare them, without mentioning errors or named students' work.",high,,B_boundary
1650,Thinking Skill Verify How can we check if the quotients are correct?,NA,"The paragraph asks the reader to check correctness of quotients, not to identify or correct a specific error or compare approaches, so it is standard verification activity.",high,,B_boundary
1681,"New Concepts Increasing Knowledge decimals chart For many lessons we have been developing our decimal arithmetic skills. We find that arithmetic with decimal numbers is similar to arithmetic with whole numbers. However, in decimal arithmetic, we need to keep track of the decimal point. The chart on the facing page summarizes the rules for decimal arithmetic by providing memory cues to help you keep track of the decimal point. Across the top of the chart are the four operation signs (+, −, ×, ÷). Below each sign is the rule or memory cue to follow when performing that operation. (There are two kinds of division problems, each with a different cue.) The bottom of the chart contains two reminders that apply to all of the operations.",NA,"The paragraph only describes a chart of rules and memory cues for decimal arithmetic; it does not present student errors, compare approaches, or warn about common mistakes.",high,,B_boundary
1682,"Decimal Arithmetic Reminders: Operation + or −: Memory cue line up (+, −). Operation ×: Memory cue ×; then count. Operation ÷ by whole (W): Memory cue up (W)¯. Operation ÷ by decimal (D): Memory cue over, over, up (D)¯. You may need to … • Place a decimal point to the right of a whole number. • Fill empty places with zeros.",NA,"The paragraph provides memory cues and procedural reminders for decimal arithmetic operations without mentioning any errors, mistakes, or comparing student work.",high,,B_boundary
1685,"Example Simplify: 4/6 + 5/6 Solution By adding the fractions 4/6 and 5/6, we get the improper fraction 9/6. We can simplify this fraction. We may reduce first and then convert the fraction to a mixed number, or we may convert first and then reduce. We show both methods below. Reduce First: 1. Reduce: 9/6 = 3/2; 2. Convert: 3/2 = 1 1/2. Convert First: 1. Convert: 9/6 = 1 3/6; 2. Reduce: 1 3/6 = 1 1/2.",NA,"The paragraph only presents a standard example showing two methods for simplifying a fraction, without any named students, error detection, or warnings about common mistakes.",high,,B_boundary
1709,"Early Finishers Real-World Application At an online auction site, a model of a 1911 touring car was listed for sale. The twelve highest bids are shown below. $10 $15 $11 $10 $12 $10 $13 $13 $11 $13 $11 $10 Which display—a stem–and–leaf plot or a line plot—is the most appropriate way to display this data? Draw the display and justify your choice.",NA,"The paragraph asks students to choose and create a data display, with no mention of errors, mistakes, or comparing student work.",high,,B_boundary
1715,"Example 2: How many 1/2s are in 3/4? (3/4 ÷ 1/2)
Solution: Before we show the two-step process, we will solve the problem with our fraction manipulatives. The question can be stated this way:
How many 1/2s are needed to make 3/4?
We see that the answer is more than one but less than two. If we take one 1/2 and cut another 1/2 into two equal parts, then we can fit the first 1/2 and one of the smaller parts together to make three fourths.
We see that we need 1 1/2 of the 1/2 pieces to make 3/4.
Now we will use arithmetic to show that 3/4 ÷ 1/2 equals 1 1/2. The original problem asks, “How many 1/2s are in 3/4?”
3/4 ÷ 1/2
The first step is to find the number of 1/2s in 1.
1 ÷ 1/2 = 2
The number of 1/2s in 1 is 2, which is the reciprocal of 1/2. So the number of 1/2s in 3/4 should be 3/4 of 2. We find 3/4 of 2 by multiplying.
3/4 × 2 = 6/4, which equals 1 1/2",NA,"The paragraph simply explains a solution process without presenting errors, comparisons, or warnings about common mistakes.",high,,B_boundary
1726,"Early Finishers: Choose A Strategy
Brooke is planning to plant tulips around a circular flowerbed. The diameter of the flowerbed is about 4 feet. The tulips should be planted about 6 inches apart. She has 12 tulip bulbs. Her friend Jenna said she should buy 50% more. Is Jenna correct? Explain why or why not. You may use tiles to help you visualize the problem.",NA,"The paragraph asks the reader to evaluate a claim made by a named friend, without presenting an error to find or multiple conflicting solutions, so it is standard problem content.",high,,B_boundary
1728,"Problem Solving: Copy this problem and fill in the missing digits:
  _ 4 _
6 ) _ _ 6
  _ _
  _ _
  _ _
    3 _
      0",NA,"The paragraph simply asks the student to copy a problem and fill in missing digits, with no reference to errors, mistakes, or comparisons.",high,,B_boundary
1729,"New Concept: Common Denominators, Part 1
When the denominators of two or more fractions are equal, we say that the fractions have common denominators. The fractions 3/5 and 2/5 have common denominators. The common denominator is 5.
The fractions 3/4 and 1/2 do not have common denominators because the denominators 4 and 2 are not equal. These fractions do not have common denominators.",NA,"The paragraph only defines a concept and gives examples without any error detection, correction, or comparison of student work.",high,,B_boundary
1734,"Practice Set (Lesson 55):
Find each sum or difference:
a. 1/2 + 3/8
b. 3/8 + 1/4
c. 3/4 + 1/8
d. 1/2 − 1/4
e. 5/8 − 1/4
f. 3/4 − 3/8
g. Evaluate: How can we use mental math to check our answers to a–f?",NA,"The paragraph simply asks students to compute sums and differences and to use mental math to check their answers, with no mention of errors, mistakes, or comparing student work.",high,,B_boundary
1739,"New Concept: Common Denominators, Part 2
In Lesson 55 we added and subtracted fractions that did not have common denominators. We renamed one of the fractions in order to add or subtract. In this lesson we will rename both fractions before we add or subtract. To see why this is sometimes necessary, consider the problem below.
Tony and Catherine ordered a pineapple pizza. Tony ate half and Catherine ate a third. What fraction of the pizza did Tony and Catherine eat?
We cannot add the fractions 1/2 and 1/3 by simply counting the number of parts, because the parts are not the same size (that is, the denominators are different). These fractions do not have common denominators.",NA,"The paragraph introduces a concept and gives a straightforward example without presenting any student error, comparison, or warning about common mistakes.",high,,B_boundary
1740,"Renaming 1/2 as 2/4 does not help us either. In the fractions 2/4 and 1/3, the parts are still of different sizes. These fractions do not have common denominators.
We must rename both fractions in order to get parts that are the same size. The least common multiple of the denominators can be used as the common denominator of the renamed fractions. The least common multiple of 2 and 3 (the denominators of 1/2 and 1/3) is 6.
1/2 = 3/6
1/3 = 2/6
The common denominator is 6.",NA,"The paragraph only explains how to find a common denominator; it does not present a student's error, ask to find or correct an error, compare students, or warn about a frequent mistake.",high,,B_boundary
1746,"Example 4: Compare: 2/3 O 3/4
Solution: The denominators are 3 and 4. We rename both fractions with a common denominator of 12.
2/3 · 4/4 = 8/12
3/4 · 3/3 = 9/12
We see that 8/12 is less than 9/12.
8/12 < 9/12
Therefore, 2/3 is less than 3/4.
2/3 < 3/4",NA,"The paragraph simply demonstrates a standard method for comparing fractions without mentioning errors, mistakes, or multiple student approaches.",high,,B_boundary
1750,"14. Write the following as a decimal number:
(8 × 10) + (6 × 1/10) + (5 × 1/100)
15. Estimate: What is the sum of 3627 and 4187 to the nearest hundred?
16. Justify: Molly measured the diameter of her bike tire and found that it was 2 feet across. She estimated that for every turn of the tire, the bike traveled about 6 feet. Was Molly’s estimate reasonable? Why or why not?
* 17. Analyze: What is the mean of 1.2, 1.3, 1.4, and 1.5?
18. The perimeter of a square is 36 inches. What is its area?
19. Here we show 24 written as a product of prime numbers:
2 · 2 · 2 · 3
Show how 30 can be written as a product of prime numbers.
Find each unknown number:
20. 2/3 w = 0
21. 2/3 m = 1
22. 2/3 − n = 0",NA,"The paragraph lists standard math problems and prompts (write, estimate, justify, analyze, find) without presenting errors, student work, or warnings about common mistakes.",high,,B_boundary
1774,"Example 3: A number cube is rolled. Find the probability that the upturned number is greater than 4. Then find the probability that the number is not greater than 4.
Solution: There are six possible, equally likely outcomes.
Sample space = {1, 2, 3, 4, 5, 6}
Two of the outcomes are greater than 4.
number of outcomes in the event / number of possible outcomes = 2/6 = 1/3
Thus the probability of greater than 4 is 1/3. The complement of greater than 4 is not “less than 4.” Rather, the complement of greater than 4 is “not greater than 4.” Four of the six outcomes are not greater than 4.
Probability of not greater than 4 = 4/6 = 2/3
The calculation is reasonable because the probabilities of an event and its complement total 1, and 1/3 + 2/3 = 1.",NA,"The paragraph presents a worked example and clarifies a misconception, but does not ask the reader to find or correct an error, nor does it warn about a common mistake explicitly.",high,,B_boundary
1779,"Written Practice (Lesson 58):
1. Analyze: What is the difference between the sum of 1/2 and 1/3 and the product of 1/2 and 1/3?
2. The flat of eggs held 2 1/2 dozen eggs. How many eggs are in 2 1/2 dozen?
3. In three nights Rumpelstiltskin spun $44,400 worth of gold thread. What was the average value of the thread he spun per night?
4. Compare: 5/8 O 1/2
5. Analyze: Compare: 6^2 + 8^2 O 10^2",NA,"The paragraph lists practice problems asking students to analyze or compare quantities; it does not present student errors, error detection tasks, or warnings about common mistakes.",high,,B_boundary
1781,"15. Connect: Instead of dividing 7 1/2 by 1 1/2, Julie doubled both numbers and then divided mentally. What is the division problem Julie performed mentally, and what is the quotient?
* 16. Analyze: Find the total price including 7% tax on a $9.79 purchase.
17. Predict: What number is next in this sequence?
. . ., 0.6, 0.7, 0.8, 0.9, . . .
18. Analyze: The perimeter of this square is 4 cm. What is the area of the square?",NA,"The paragraph asks the student to determine the mental division problem Julie used and its quotient; it does not present an error, compare approaches, or warn about common mistakes.",high,,B_boundary
1793,"Early Finishers Real-World Application
Millions of shares of stock are bought and sold each business day, and records are kept for stock prices for every trading day. Here are the closing prices, rounded to the nearest eighth, for one share of a corporation’s stock during a week in 1978.
Mon. $14 7/8, Tu. $15 1/8, Wed. $15 1/4, Th. $14 3/4, Fri. $14 1/2
Which display—a line graph or a bar graph—is the most appropriate way to display this data if you want to emphasize the changes in the daily closing prices? Draw the display and justify your choice.",NA,"The paragraph asks students to choose an appropriate graph type and justify, without referencing errors, mistakes, or comparing student work.",high,,B_boundary
1815,Math Language Remember that range is the difference between the greatest and least numbers in a data set.,NA,"The paragraph provides a definition of range and contains no mention of errors, mistakes, or comparison of student work.",high,,B_boundary
1830,"Example 2
What is the name of a polygon that has four sides?
Solution
The answer is not “square” or “rectangle.” Squares and rectangles do have four sides, but not all four-sided polygons are squares or rectangles. The correct answer is quadrilateral. A rectangle is one kind of quadrilateral. A square is a rectangle with sides of equal length.",COMMON_ERROR_ALERT,"The paragraph warns against a typical mistaken answer ('square' or 'rectangle') and clarifies the correct term, fitting the COMMON_ERROR_ALERT pattern.",high,,B_boundary
1832,We often use the word congruent when describing geometric figures. We say that polygons are congruent to each other if they have the same shape and size. We may also refer to segments or angles as congruent. Congruent segments have the same length; congruent angles have the same measure. In a regular polygon all the sides are congruent and all the angles are congruent.,NA,"The paragraph provides definitions and explanations of congruence without mentioning errors, mistakes, or comparing student work.",high,,B_boundary
1854,"* 28. Connect Instead of dividing 400 by 16, Fede thought of an equivalent division problem that was easier to perform. Write an equivalent division problem that has a one-digit divisor and find the quotient.",NA,"The paragraph mentions a student but does not indicate any mistake; it simply asks the reader to create an equivalent division problem and find the quotient, which is a standard task.",high,,B_boundary
1856,"* 30. Compare:
a. 3 1/2 ○ 6/2 + 1/2
b. 5/8 ○ 3/4",NA,"The paragraph simply asks the reader to compare two mathematical expressions without mentioning errors, students, or conflict, so it is standard content.",high,,B_boundary
1858,"Notice that if every face of a solid is a polygon, then the solid is called a polyhedron. Polyhedrons do not have any curved surfaces. So rectangular prisms and pyramids are polyhedrons, but spheres and cylinders are not.",NA,"The paragraph provides a definition and examples without referencing student errors, mistakes, or comparisons.",high,,B_boundary
1864,"Activity Comparing Geometric Solids
Materials: Relational GeoSolids
Using the solids, try identifying each shape by touch rather than by sight. Discuss the following questions.
• How can you tell if a solid is a polyhedron or not?
• How are a cone and a pyramid similar and different?
• How are a cone and a cylinder similar and different?
• How are cylinders and right prisms similar and different?",NA,"The paragraph presents an activity with discussion questions about geometric solids and does not reference errors, mistakes, or compare student work.",high,,B_boundary
1874,"22. Conclude Here we show three ways to cut apart a box shaped like a cube. We have also shown an arrangement of six squares that does not fold into a cube. Which pattern below does not form a cube?
A B
C D",NA,"The paragraph asks the reader to identify which pattern does not form a cube, with no reference to student errors, error detection, or comparison of student work.",high,,B_boundary
1877,"extensions
Use the figures in problems 24 and 25 above to answer extension a.
a. Represent Draw the front view, top view, side view, and bottom view of each figure. Explain how they are the same and how they are different.",NA,"The paragraph asks students to draw and explain views of figures, with no mention of errors, mistakes, or comparing incorrect work.",high,,B_boundary
1880,"c. Model In problem 22, we show three nets that will form a cube. Investigation Activities 12 and 13 show nets for a triangular prism and a square pyramid. Cut out and fold these nets to form solids. Use tape to hold the shapes together. Describe how the solids are alike and different.",NA,"The paragraph describes a hands‑on modeling activity with no mention of errors, mistakes, or comparison of student work, so it fits standard textbook content.",high,,B_boundary
1888,Verify Why don’t we need to simplify 7/8?,NA,"The paragraph asks a conceptual verification question and does not present a student's error, compare approaches, or explicitly warn about a common mistake.",high,,B_boundary
1893,1. Convert the improper fraction 20/6 to a mixed number. Remember to reduce the fraction part of the mixed number.,NA,"The paragraph simply asks the student to perform a conversion task with a reminder to reduce the fraction; it does not involve error detection, correction, comparison, or warning about common mistakes.",high,,B_boundary
1896,"8. Compare:
a. 2/3 ○ 3/5
b. 4^2 ○ √144",NA,"The paragraph simply asks the student to compare two mathematical expressions; there are no named students, no error identification, and no warning about common mistakes.",high,,B_boundary
1919,"The three whole pies contain 18 slices (3 × 6 = 18). The 5 additional slices from the 5/6 of a pie bring the total to 23 slices (23 sixths). This problem illustrates that 3 5/6 is equivalent to 23/6.
Now we describe the arithmetic for changing a mixed number such as 3 5/6 to an improper fraction. Recall that a mixed number has a whole-number part and a fraction part.
The denominator of the mixed number will also be the denominator of the improper fraction.
The denominator indicates the size of the fraction “pieces.” In this case the fraction pieces are sixths, so we change the whole number 3 into sixths. We know that one whole is 6/6, so three wholes is 3 × 6/6, which is 18/6. Therefore, we add 18/6 and 5/6 to get 23/6.",NA,"The paragraph only explains how to convert a mixed number to an improper fraction with no mention of errors, mistakes, or comparison of student work.",high,,B_boundary
1923,"Thinking Skill Evaluate Which method of changing a mixed number to an improper fraction do you prefer, the method in example 1 or example 2? Why?",COMPARE_AND_CONTRAST,"The paragraph asks the reader to evaluate and choose between two different methods presented, which matches the compare-and-contrast pattern of examining multiple approaches.",high,,B_boundary
1931,"6. The prices for three pairs of skates were $36.25, $41.50, and $43.75. What was the average price for a pair of skates? Estimate to show that your answer is reasonable.",NA,"The paragraph simply asks the student to compute an average and estimate reasonableness, with no mention of errors, mistakes, or comparing student work.",high,,B_boundary
1932,"7. Evaluate Instead of dividing 15 by 2 1/2, Solomon doubled both numbers and then divided mentally. What was Solomon’s mental division problem and its quotient?",NA,"The paragraph presents a problem asking the student to determine Solomon's mental division problem and its quotient, without any error detection, correction, comparison, or warning about common mistakes.",high,,B_boundary
1948,Thinking Skill Explain: Why did we regroup in this example but not in the previous problem?,NA,"The paragraph asks for an explanation of a procedural choice, without presenting a student's error, comparison, or warning about common mistakes.",high,,B_boundary
1950,Justify: Why can we use addition to check the answer?,NA,"The paragraph asks the student to justify a reasoning about using addition to check an answer; it does not present an error, compare students, or warn about common mistakes.",high,,B_boundary
1978,"Example 1: Is the following statement true or false?
All parallelograms are rectangles.
Solution: We are asked to decide whether every parallelogram is a rectangle. Since a rectangle is a special kind of parallelogram, some parallelograms are rectangles. However, some parallelograms are not rectangles. Since not all parallelograms are rectangles, the statement is false.",NA,"The paragraph asks a true/false question about a geometric statement and provides a solution; it does not involve identifying or correcting an error, comparing students, or warning about common mistakes.",high,,B_boundary
1979,Thinking Skill Justify: How can we rewrite the statement in example 1 so that it is true?,NA,"The prompt asks students to rewrite a statement to make it true, with no mention of errors, mistakes, or comparing student work.",high,,B_boundary
1987,12. Compare: 2 x 0.4 O 2 + 0.4,NA,"The paragraph is a brief instruction to compare an expression, with no mention of students, errors, or common mistakes, so it does not fit any error-focused categories.",high,COMPARE_AND_CONTRAST,B_boundary
2007,"When we write a composite number as a product of its prime factors, we have written the prime factorization of the number. The prime factorizations of 4, 6, 8, and 9 are shown above. Notice that if we had written 8 as 2 ∙ 4 instead of 2 ∙ 2 ∙ 2, we would not have completed the prime factorization of 8. Since the number 4 is not prime, we would complete prime factorization by “breaking” 4 into its prime factors of 2 and 2.",NA,"The paragraph explains prime factorization and gives an example of an incomplete factorization, but does not ask the reader to find or correct an error, nor does it warn about a common student mistake explicitly.",high,,B_boundary
2009,"division by primes: In this lesson we will show two methods for factoring a composite number, division by primes and factor trees. We will use both methods to factor the number 60.
To factor a number using division by primes, we write the number in a division box and begin dividing by the smallest prime number that is a factor. The smallest prime number is 2. Since 60 is divisible by 2, we divide 60 by 2 to get 30.
Since 30 is also divisible by 2, we divide 30 by 2. The quotient is 15. Notice how we “stack” the divisions.
Although 15 is not divisible by 2, it is divisible by the next-smallest prime number, which is 3. Fifteen divided by 3 produces the quotient 5.
Five is a prime number. The only prime number that divides 5 is 5.
By dividing by prime numbers, we have found the prime factorization of 60.
60 = 2 ∙ 2 ∙ 3 ∙ 5",NA,"The paragraph explains a standard method for factoring numbers without presenting errors, student work, or warnings about common mistakes.",high,,B_boundary
2010,"Example 1: Use division by primes to find the prime factorization of 36.
Solution: We begin by dividing 36 by its smallest prime-number factor, which is 2. We continue dividing by prime numbers until the quotient is 1.
36 = 2 ∙ 2 ∙ 3 ∙ 3
(Note: Some people prefer to divide only until the quotient is a prime number. When using that procedure, the final quotient is included in the prime factorization of the number.)",NA,"The paragraph simply explains how to factor 36 using division by primes and does not involve any error detection, correction, comparison, or warning about common mistakes.",high,,B_boundary
2023,14. Compare: 1/2 - 1/3 O 2/3 - 1/2,NA,"The paragraph simply asks the reader to compare two mathematical expressions; it does not involve named students, error detection, or warnings about common mistakes.",high,,B_boundary
2036,"28. Estimate: The radius of the carousel is 15 feet. If the carousel turns around once, a person riding on the outer edge will travel how far? Round the answer to the nearest foot. (Use 3.14 for π.) Describe how to mentally check whether the answer is reasonable.",NA,"The paragraph asks for a calculation and a mental check of reasonableness, without presenting any student error, comparison, or warning about common mistakes.",high,,B_boundary
2044,"Solution: This is an equal groups problem. To find the original length of the fabric we multiply 2 2/3 yd by 4. First, we write 2 2/3 and 4 in fraction form.
8/3 x 4/1
Second, we multiply the numerators to find the numerator of the product, and we multiply the denominators to find the denominator of the product.
8/3 x 4/1 = 32/3
Third, we simplify the product by converting the improper fraction to a mixed number.
32/3 = 10 2/3
Before the fabric was cut it was 10 2/3 yd long.
Evaluate: How can we use estimation to check whether our answer is reasonable?",NA,"The paragraph provides a solution and asks about estimation for reasonableness, without presenting a student's error, comparison, or warning about common mistakes.",high,,B_boundary
2070,Thinking Skill Explain: What are two strategies for finding the prime factorization of a number?,NA,"The paragraph asks for strategies to find prime factorization and does not involve error detection, correction, or comparison of student work.",high,,B_boundary
2076,"3. Verify: Instead of dividing $1.50 by $0.05, Marcus formed an equivalent division problem by mentally multiplying both the dividend and the divisor by 100. Then he performed the equivalent division problem. What is the equivalent division problem Marcus formed, and what is the quotient?",NA,"The paragraph asks the student to state the equivalent division problem Marcus formed and compute the quotient; it does not present an error, compare approaches, or warn about common mistakes.",high,,B_boundary
2111,"20. Verify: Instead of dividing 800 by 24, Arturo formed an equivalent division problem by dividing both the dividend and the divisor by 8. Then he quickly found the quotient of the equivalent problem. What is the equivalent problem Arturo formed, and what is the quotient? Write the quotient as a mixed number.",NA,"The paragraph asks the reader to state the equivalent problem Arturo formed and compute the quotient; it does not involve detecting or correcting an error, comparing students, or warning about common mistakes.",high,,B_boundary
2116,* 25. Analyze: Compare: 1/3 x 4 1/2 O 4 1/2 ÷ 3,NA,"The paragraph simply asks the student to compare two arithmetic expressions; there is no mention of errors, named students, or error detection.",high,,B_boundary
2146,"22. (43) Verify Instead of dividing 4 1/2 by 1 1/2, Carla doubled both numbers before dividing mentally. What was Carla's mental division problem and its quotient?",NA,"The paragraph asks the student to determine Carla's mental division problem and its quotient, without presenting a student's mistake, comparing approaches, or warning about common errors.",high,,B_boundary
2158,"Before two or more fractions are multiplied, we might be able to reduce the fraction terms, even if the reducing involves different fractions. For example, in the multiplication below we see that the number 3 appears as a numerator and as a denominator in different fractions. 3/5 × 2/3 = 6/15; 6/15 reduces to 2/5. We may reduce the common terms (the 3s) before multiplying. We reduce 3/3 to 1/1 by dividing both 3s by 3. Then we multiply the remaining terms. By reducing before we multiply, we avoid the need to reduce after we multiply. Reducing before multiplying is also known as canceling.",NA,"The paragraph only explains a mathematical strategy without presenting student errors, comparisons, or warnings about common mistakes.",high,,B_boundary
2165,Now we have a multiplication problem. We cancel before we multiply. (1)5/6(3) × (1)2/5(1) = 1/3. Note: We may cancel the terms of fractions only when multiplying. A division problem must be rewritten as a multiplication problem before we may cancel the terms of the fractions. We do not cancel the terms of fractions in addition or subtraction problems.,COMMON_ERROR_ALERT,"The paragraph warns students about a frequent mistake (cancelling fractions in inappropriate contexts), matching the COMMON_ERROR_ALERT pattern.",high,,B_boundary
2169,"3. (43) Verify Instead of dividing 12 1/2 by 2 1/2, Shannon doubled both numbers and then divided. Write the division problem Shannon formed, as well as its quotient.",NA,"The paragraph mentions a student's mistaken method but only asks the reader to write the erroneous division problem and its quotient, not to locate or correct the error.",medium,INCORRECT_TO_CORRECT,B_boundary
2198,"11. Conclude Carlos wrote the following directions for a drawing. Follow his directions to make the drawing on your own paper. Draw segments to connect the following points in order: a. (−9, 0) b. (6, −1) c. (8, 0) d. (7, 1) e. (6, 1/2) f. (6, −1) g. (9, −2 1/2) h. (10, −2) i. (7, 1) j. (6, 1 1/2) k. (−10 1/2, 3) l. (−11, 2) m. (−10 1/2, 0) n. (−10, −1 1/2) o. (9, −2 1/2) p. (−3, −3 1/2) q. (−7, −8) r. (−10, −8) s. (−9, −1 1/2) Lift your pencil and restart: a. (−10 1/2, 0) b. (−11, −1/2) c. (−12, 1/2) d. (−11 1/2, 1) e. (−12, 1 1/2) f. (−11 1/2, 2) g. (−12, 2 1/2) h. (−11, 3 1/2) i. (−10 1/2, 3) j. (−11 1/2, 8) k. (−9 1/2, 8) l. (−7, 3) m. (−6, 2 1/2) n. (−7, 3) o. (−6, 5) p. (−4, 5) q. (−1, 2)",NA,"The paragraph only gives drawing instructions with coordinate points; it does not present errors, compare work, or warn about common mistakes.",high,,B_boundary
2199,"12. Model On a coordinate plane, make a straight-segment drawing. Then write directions for making the drawing by listing the coordinates of the vertices in “dot-to-dot” order. Trade directions with another student, and try to make each other’s drawings.",NA,"The paragraph describes a modeling activity with no mention of errors, error detection, or comparison of student work.",high,,B_boundary
2206,Math Language Remember that supplementary angles have a sum of 180°.,NA,"The paragraph simply states a factual reminder about supplementary angles and does not involve error detection, correction, comparison, or warning about common mistakes.",high,,B_boundary
2241,"Fractions Chart 1. Shape: [+] [-] Write fractions with common denominators. [×] [÷] Write numbers in fraction form. 2. Operate: [+] [-] Add or subtract the numerators. [×] Cancel. Multiply numerators. Multiply denominators. [÷] Find reciprocal of divisor, then cancel. Multiply numerators. Multiply denominators. 3. Simplify: Reduce fractions. Convert improper fractions.",NA,"The paragraph provides procedural instructions for working with fractions and does not mention any errors, mistakes, or compare student work.",high,,B_boundary
2242,"• Below the + and − symbols we list the steps for adding or subtracting fractions. • Below the × and ÷ symbols, we list the steps for multiplying or dividing fractions. The “shape” step for addition and subtraction is the same; we write the fractions with common denominators. Likewise, the “shape” step for multiplication and division is the same; we write both numbers in fraction form.",NA,"The paragraph only explains procedural steps for operations with fractions and does not mention any errors, mistakes, or compare student work.",high,,B_boundary
2243,Math Language Recall that canceling means reducing before multiplying.,NA,"The paragraph simply defines a term ('canceling') and provides a recall statement; it does not involve any error detection, correction, comparison, or warning about common mistakes.",high,,B_boundary
2269,"Math Language
Recall that an exponent is written as a small number on the upper right-hand side of the base number.",NA,"The paragraph simply defines what an exponent looks like; it does not present any error, compare approaches, or warn about common mistakes.",high,,B_boundary
2271,"Thinking Skill Explain
How does the quantity two to the third power differ from the quantity three to the second power?",NA,"The paragraph asks a conceptual comparison question, not involving student errors, named work, or warnings about common mistakes.",high,,B_boundary
2272,"Example 1
Compare: 3^4 ○ 4^3
Solution
We find the value of each expression.
3^4 means 3 · 3 · 3 · 3, which equals 81.
4^3 means 4 · 4 · 4, which equals 64.
Since 81 is greater than 64, we find that 3^4 is greater than 4^3.
3^4 > 4^3",NA,"The paragraph simply compares two expressions and states which is larger; it does not involve student errors, conflict between students, or warnings about common mistakes.",high,,B_boundary
2274,"Example 3
Simplify: 100 − 10^2
Solution
We perform operations with exponents before we add, subtract, multiply, or divide. Ten squared is 100. So when we subtract 10^2 from 100, the difference is zero.
100 − 10^2
100 − 100 = 0",NA,"The paragraph simply presents an example and solution without any error detection, correction, comparison, or warning about common mistakes.",high,,B_boundary
2288,"* 13. (44, 73) Compare:
a. 5^2 ○ 2^5
b. 0.3 ○ 0.125",NA,"The paragraph simply asks the reader to compare two mathematical expressions; there is no mention of errors, student work, or warnings.",high,,B_boundary
2304,"Early Finishers Real-World Application
A teacher asked 23 students to close their eyes, then raise the hand up when they thought 60 seconds had elapsed. The results, in seconds, are shown below.
61 65 73 80 35 56 57 71 52 86 39 58
55 67 63 66 83 70 51 54 66 64 41
Which type of display—a stem-and-leaf plot or a line graph—is the most appropriate way to display this data? Draw your display and justify your choice.",NA,The paragraph asks students to choose an appropriate data display and justify it; it does not involve identifying or correcting errors.,high,,B_boundary
2321,* 8. (73) Compare: 3^2 ○ 3 + 3,NA,"The paragraph is a simple instruction to compare an expression, with no named students, error detection, or warning about common mistakes.",high,,B_boundary
2350,4. (41) Estimate Freda bought a sandwich for $4.00 and a drink for 94¢. Her grandson ordered a meal for $6.35. What was the total price of all three items when 8% sales tax was added? Explain how to use estimation to check whether your answer is reasonable.,NA,"The paragraph asks the student to estimate a total price and explain the estimation process; it does not involve error correction, comparison of student work, explicit error detection, or warning about common mistakes.",high,,B_boundary
2373,"New Concept Increasing Knowledge
We have compared fractions by drawing pictures of fractions and by writing fractions with common denominators. Another way to compare fractions is to convert the fractions to decimal form.",NA,"The paragraph only describes methods for comparing fractions and introduces a new method; it does not focus on errors, mistakes, or compare student work.",high,,B_boundary
2374,"Example 1
Compare these fractions. First convert each fraction to decimal form.
3/5 ○ 5/8
Solution
We convert each fraction to a decimal number by dividing the numerator by the denominator.
3/5 --> 5)3.0 = 0.6
5/8 --> 8)5.000 = 0.625
We write both numbers with the same number of decimal places. Then we compare the two numbers.
0.600 < 0.625
Since 0.6 is less than 0.625, we know that 3/5 is less than 5/8.
3/5 < 5/8",NA,"The paragraph simply demonstrates a standard procedure for comparing fractions without mentioning errors, mistakes, or conflicting student work.",high,,B_boundary
2376,"Example 2
Compare: 3/4 ○ 0.7
Solution
First we write the fraction as a decimal.
3/4 --> 4)3.00 = 0.75
Then we compare the decimal numbers.
0.75 > 0.70
Since 0.75 is greater than 0.7, we know that 3/4 is greater than 0.7.
3/4 > 0.7",NA,"The paragraph simply demonstrates a standard procedure for comparing a fraction and a decimal without mentioning errors, students, or contrasting approaches.",high,,B_boundary
2381,"* 4. (76) Compare. First convert each fraction to decimal form.
2/5 ○ 1/4",NA,"The paragraph asks the reader to compare two fractions after converting them to decimals, with no mention of student work, errors, or common mistakes.",high,,B_boundary
2386,"9. (43) Verify Instead of dividing 200 by 18, Sam found half of each number and then divided. Show Sam’s division problem and write the quotient as a mixed number.",NA,"The paragraph mentions Sam's incorrect method but only asks the reader to show Sam's division problem and write the quotient, without asking to locate or correct the error.",high,,B_boundary
2405,"Example 1
Diagram this statement. Then answer the questions that follow.
Three fourths of the 28 students in the class are boys.
a. Into how many parts is the class divided?
b. How many students are in each part?
c. How many parts are boys?
d. How many boys are in the class?
e. How many parts are girls?
f. How many girls are in the class?
Solution
We draw a rectangle to represent the whole class. Since the statement uses fourths to describe a part of the class, we divide the rectangle into four parts. Dividing the total number of students by four, we find there are seven students in each part. We identify three of the four parts as boys and one of the four parts as girls. Now we answer the questions.
a. The denominator of the fraction indicates that the class is divided into four parts for the purpose of this statement. It is important to distinguish between the number of parts (as indicated by the denominator) and the number of categories. There are two categories of students implied by the statement—boys and girls.
b. In each of the four parts there are seven students.
c. The numerator of the fraction indicates that three parts are boys.
d. Since three parts are boys and since there are seven students in each part, we find that there are 21 boys in the class.
e. Three of the four parts are boys, so only one part is girls.
f. There are seven students in each part. One part is girls, so there are seven girls.",NA,"The paragraph presents a standard example problem with solution steps, without any mention of errors, mistakes, or comparing student work.",high,,B_boundary
2418,"* 12. (73, 76) Compare:
a. 0.35 ○ 7/20
b. 3^2 ○ 2^3",NA,"The paragraph simply asks the reader to compare two mathematical expressions; there is no mention of errors, named students, or warnings about common mistakes.",high,,B_boundary
2432,"Early Finishers Choose A Strategy
Simplify each prime factorization below. Then identify which prime factorization does not belong in the group. Explain your reasoning.
3^2 × 2^3
2^2 × 3^3 × 5
2^2 × 3^2 × 5^2
3^5
2^4 × 7^2",NA,"The paragraph asks students to simplify factorizations and identify an outlier, with no mention of errors, mistakes, or named students.",high,,B_boundary
2437,"Math Language
Note that we use ounces to measure capacity and weight. However, these are two different units of measurement. When we measure capacity we often refer to fluid ounces.",NA,The paragraph only provides factual information about measurement units and does not involve any error-focused instruction.,high,,B_boundary
2451,"* 12. Compare:
a. 3/5 O 0.35
b. √100 O 1^4 + 2^3",NA,"The paragraph asks the student to compare two mathematical expressions, with no mention of errors, named characters, or common mistakes.",high,,B_boundary
2453,"20. Verify ""The opposite sides of a rectangle are parallel."" True or false?",NA,"The paragraph asks the student to verify a statement true/false, with no named student error, comparison, or warning about common mistakes.",high,,B_boundary
2475,"* 2. A 2-liter bottle contained 2 qt 3.6 oz of beverage. Use this information to compare a liter and a quart:
1 liter O 1 quart",NA,"The paragraph presents a measurement comparison task without mentioning errors, students, or conflicting approaches.",high,,B_boundary
2510,"* 12. Compare:
a. 0.5 O 3/4
b. 3 qts O 1 gal",NA,"The paragraph simply asks students to compare two quantities; there is no named student error, error detection, or warning about common mistakes.",high,,B_boundary
2522,"Activity 1: Perpendicular Bisectors
Represent The first activity in this investigation is to bisect a segment. The word bisect means ""to cut into two equal parts."" We bisect a line segment when we draw a line (or segment) through the midpoint of the line segment. Below, segment AB is bisected by line r into two parts of equal length.
Math Language: A line extends in opposite directions without end. A line cannot be bisected because it has no midpoint. A segment is a part of a line with two distinct endpoints.",NA,"The paragraph only defines terms and describes an activity; it does not present any error, mistake, or comparison of student work.",high,,B_boundary
2524,"Step 2: Without resetting the radius of the compass, move the pivot point of the compass to the other endpoint of the segment. Swing an arc on both sides of the segment so that the arcs intersect as shown. (It may be necessary to return to the first endpoint to extend the first set of arcs until the arcs intersect on both sides of the segment.)",NA,"The paragraph gives procedural instructions for a geometry construction and does not involve any error detection, correction, or warning about common mistakes.",high,,B_boundary
2529,"Use a protractor to check your work. You should find that the angle bisector has divided the angle into two smaller angles of equal measure.
Practice the procedure again by drawing an angle on a blank sheet of paper. Make the angle a different size from the one on the investigation activity. Then bisect the angle using the method presented in this activity.",NA,"The paragraph asks students to check their work and practice the procedure, without presenting a specific error, named student's mistake, or warning about common mistakes.",high,,B_boundary
2534,"Example 1
Add: 2 ft + 12 in.
Solution
The units are not the same. Before we add, we either convert 2 feet to 24 inches or we convert 12 inches to 1 foot.
Convert to Inches:
2 ft + 12 in.
24 in. + 12 in. = 36 in.
Convert to Feet:
2 ft + 12 in.
2 ft + 1 ft = 3 ft
Either answer is correct, because 3 feet equals 36 inches.",NA,"The paragraph simply demonstrates a unit conversion example without asking the reader to find or correct an error, nor does it warn about common mistakes.",high,,B_boundary
2535,"Notice that in each equation in example 1, the units of the sum are the same as the units of the addends. The units do not change when we add or subtract measurements. However, the units do change when we multiply or divide measurements.
When we find the area of a figure, we multiply the lengths. Notice how the units change when we multiply.
To find the area of this rectangle, we multiply 2 cm by 3 cm. The product has a different unit of measure than the factors.
Reading Math: Remember that the dot (∙) indicates multiplication.
2 cm ∙ 3 cm = 6 sq. cm",NA,"The paragraph explains unit behavior when adding vs multiplying and gives an example; it does not present an error, compare approaches, or warn about common mistakes.",high,,B_boundary
2536,"A centimeter and a square centimeter are two different kinds of units. A centimeter is used to measure length. It can be represented by a line segment.
A square centimeter is used to measure area. It can be represented by a square that is 1 centimeter on each side.
The unit of the product is a different unit because we multiplied the units of the factors. When we multiply 2 cm by 3 cm, we multiply both the numbers and the units.
2 cm ∙ 3 cm = 2 ∙ 3 cm ∙ cm = 6 sq. cm
Instead of writing ""sq. cm,"" we may use exponents to write ""cm ∙ cm"" as ""cm^2."" Recall that we read cm^2 as ""square centimeters.""
2 cm ∙ 3 cm = 2 ∙ 3 cm ∙ cm = 6 cm^2",NA,"The paragraph only explains concepts about units and does not present any error, student work, or warning about common mistakes.",high,,B_boundary
2544,"* 2. Connect One quart of milk is about 945 milliliters of milk. Use this information to compare a quart and a liter:
1 gallon O 4 liters",NA,"The paragraph asks students to use a conversion fact to compare units; it contains no error identification, correction, or warning about common mistakes.",high,,B_boundary
2551,"9. Verify ""Some rectangles are trapezoids."" True or false? Why?",NA,"The paragraph asks the student to verify a statement (true/false) and explain, without referencing any error, mistake, or comparison of student work.",high,,B_boundary
2589,25. (60) Verify “Some triangles are quadrilaterals.” True or false? Why?,NA,"The paragraph asks the student to verify a statement (true/false) and explain, without referencing any student error, error detection, or comparison.",high,,B_boundary
2596,problem solving Compare the following two separate quantities: 1 7/8 + 2 5/6 [O] 3 4/5; 6.142 × 9.065 [O] 54. Describe how you performed the comparisons.,NA,"The paragraph asks students to compare quantities and describe their method, with no mention of errors, mistakes, or conflicting student work.",high,,B_boundary
2603,Solution We write “four is to six” as one ratio and “six is to nine” as the equivalent ratio. We are careful to write the numbers in the order stated. 4/6 = 6/9,NA,"The paragraph simply explains how to write ratios and shows an equivalent ratio; it does not present a student's error, compare approaches, or warn about common mistakes.",high,,B_boundary
2607,"Solution We write the terms of the proportion in the stated order, using a letter to represent the unknown number. 2/6 = n/30. We are not given both first terms, but we are given both second terms, 6 and 30. The scale factor is 5, since 6 times 5 equals 30. We multiply 2/6 by 5/5 to complete the proportion. 2/6 · 5/5 = 10/30. The unknown term of the proportion is 10. 2/6 = 10/30. Evaluate How can we check the answer?",NA,"The paragraph provides a worked solution and then asks the reader to check the answer, without presenting a student's error or warning about common mistakes.",high,,B_boundary
2622,"17. (7, 73) a. Compare: 2^4 [O] 4^2 b. 1 km [O] 1 mi",NA,"The paragraph asks the student to compare two quantities; there are no named students, errors, or warnings about common mistakes.",high,,B_boundary
2641,"Some calculators are designed to recognize the standard order of operations and some are not. If a variety of calculator models are available in the classroom, you can test their design by using the expression from example 1. Enter these keystrokes: 2 × 8 + 2 × 6 =. “Algebraic logic” calculators should display the following after the equal sign is pressed: 28.",NA,"The paragraph instructs students to test calculators for order of operations compliance, without presenting a student error, comparison, or warning about common mistakes.",high,,B_boundary
2651,8. (64) Verify “Some parallelograms are rectangles.” True or false? Why?,NA,"The paragraph asks the student to verify a statement, with no reference to a student's error, comparison, or warning about common mistakes.",high,,B_boundary
2673,"New Concept Increasing Knowledge We have compared fractions by writing the fractions with common denominators. A variation of this method is to determine whether two fractions have equal cross products. If the cross products are equal, then the fractions are equal. The cross products of two fractions are found by cross multiplication, as we show below. 8 × 3 = 24; 4 × 6 = 24. Both cross products are 24. Since the cross products are equal, we can conclude that the fractions are equal. Equal fractions have equal cross products.",NA,"The paragraph explains a mathematical concept and provides an example without mentioning errors, mistakes, or comparing student work.",high,,B_boundary
2743,New Concept Increasing Knowledge Since Lesson 4 we have practiced solving unknown factor problems. In this lesson we will solve problems in which the unknown factor is a mixed number or a decimal number. Remember that we can find an unknown factor by dividing the product by the known factor.,NA,"The paragraph only introduces a new concept and gives a reminder about a method; it does not present errors, compare student work, or warn about common mistakes.",high,,B_boundary
2745,Note: We will write the answer as a mixed number unless there are decimal numbers in the problem.,NA,The paragraph only gives a formatting instruction and does not involve any error-focused pedagogy.,high,,B_boundary
2747,"Example 3 Solve: 45 = 4x Solution This problem might seem “backward” because the multiplication is on the right-hand side. However, an equal sign is not directional. It simply states that the quantities on either side of the sign are equal. In this case, the product is 45 and the known factor is 4. We divide 45 by 4 to find the unknown factor. 45 ÷ 4 = 11 1/4. x = 11 1/4",NA,"The paragraph presents a worked example solving an equation without mentioning any errors, mistakes, or comparing student work.",high,,B_boundary
2778,Thinking Skill Discuss: Two methods for solving proportions are using cross products and using a constant factor. Under what circumstance is one method preferable to the other?,COMPARE_AND_CONTRAST,"The paragraph asks students to discuss two different methods and determine when one is preferable, which matches the compare-and-contrast pattern of evaluating different approaches.",high,,B_boundary
2790,12. Compare: 2/3 + 3/2 ◯ 2/3 · 3/2,NA,"The paragraph simply asks the reader to compare two mathematical expressions; it does not involve named students, error detection, or warnings about common mistakes.",high,,B_boundary
2812,"Example 3: Between which two consecutive whole numbers is √20?
Solution
Notice that we are not asked to find the square root of 20. To find the whole numbers on either side of √20, we can first think of the perfect squares that are on either side of 20. Here we show the first few perfect squares, starting with 1.
1, 4, 9, 16, 25, 36, 49
We see that 20 is between the perfect squares 16 and 25. So √20 is between √16 and √25.
√16, √20, √25
Since √16 is 4 and √25 is 5, we see that √20 is between 4 and 5.
Using the reasoning in example 3, we know there must be some number between 4 and 5 that is the square root of 20. We try 4.5.
4.5 × 4.5 = 20.25
We see that 4.5 is too large, so we try 4.4.
4.4 × 4.4 = 19.36
We see that 4.4 is too small. So √20 is greater than 4.4 but less than 4.5. (It is closer to 4.5.) If we continued this process, we would never find a decimal number or fraction that exactly equals √20. This is because √20 belongs to a number family called the irrational numbers.",NA,"The paragraph explains a standard example without showing a student's error, comparing approaches, or warning about common mistakes; it is regular instructional content.",high,,B_boundary
2841,"New Concept Increasing Knowledge
Every hour the minute hand of a clock completes one full turn in a clockwise direction. How many degrees does the minute hand turn in an hour?
Turns can be measured in degrees. A full turn is a 360° turn. So the minute hand turns 360° in one hour.
If you turn 360°, you will end up facing the same direction you were facing before you turned. A half turn is half of 360°, which is 180°. If you turn 180°, you will end up facing opposite the direction you were facing before you turned.
If you are facing north and turn 90°, you will end up facing either east or west, depending on the direction in which you turned. To avoid confusion, we often specify the direction of a turn as well as the measure of the turn. Sometimes the direction is described as being to the right or to the left. Other times it is described as clockwise or counterclockwise.",NA,"The paragraph only explains concepts about degrees and turning directions without mentioning errors, mistakes, or comparing student work.",high,,B_boundary
2843,"Example 2: Andy and Barney were both facing north. Andy made a quarter turn (90°) clockwise to face east, while Barney turned counterclockwise until he faced east. How many degrees did Barney turn?
Solution
We will draw the two turns. Andy made a quarter turn clockwise. We see that Barney made a three-quarter turn counterclockwise. We can calculate the number of degrees in three quarters of a turn by finding 3/4 of 360°.
3/4 × 360° = 270°
Another way to find the number of degrees is to recognize that each quarter turn is 90°. So three quarters is three times 90°.
3 × 90° = 270°
Barney turned 270° counterclockwise.",NA,"The paragraph presents a single example with two characters but does not ask the reader to find or correct an error, compare conflicting answers, or warn about common mistakes; it simply provides a solution.",high,,B_boundary
2880,"Calculate the relative frequency for each group by dividing the tallies by 30 (the number of times each group performed the experiment). Then combine the results from all the groups. To combine the results, add the tallies in each column and write the totals in the last row of the table. Then divide each of these totals by the total number of times the experiment was performed (equal to the number of groups times 30). The resulting quotients are the whole-class relative frequencies for each event. Discuss your findings.
On the basis of their own data, which groups would guess that the probabilities were less than the ""Whole class"" data indicate? Which groups would guess that the probabilities were greater than the whole class's data indicate?",NA,"The paragraph gives procedural instructions and asks for comparative interpretation, without mentioning errors or mistakes.",high,,B_boundary
2885,"The letters P and A are abbreviations for perimeter and area. Other abbreviations are illustrated below:
Square: side (s)
Rectangle: length (l), width (w)
Parallelogram: height (h), base (b), side (s)
Triangle: height (h), base (b) and side 1 (s1), side 2 (s2), side 3 (s3)
Since squares and rectangles are also parallelograms, the formulas for the perimeter and area of parallelograms may also be used for squares and rectangles.
To use a formula, we substitute each known measure in place of the appropriate letter in the formula. When substituting a number in place of a letter, it is a good practice to write the number in parentheses.",NA,"The paragraph only provides definitions and procedural advice without presenting errors, student work, or comparisons.",high,,B_boundary
2915,"order of operations with exponents: In the order of operations, we simplify expressions with exponents or roots before we multiply or divide.
Order of Operations:
1. Simplify within parentheses.
2. Simplify powers and roots.
3. Multiply and divide from left to right.
4. Add and subtract from left to right.",NA,"The paragraph simply explains the order of operations; it does not present a student's error, compare approaches, or warn about common mistakes.",high,,B_boundary
2916,"Some students remember the order of operations by using this memory aid:
Please Excuse My Dear Aunt Sally
The first letter of each word is meant to remind us of the order of operations:
Parentheses
Exponents
Multiplication Division
Addition Subtraction",NA,"The paragraph only provides a mnemonic for remembering the order of operations and does not involve any error detection, correction, comparison, or warning about common mistakes.",high,,B_boundary
2918,"powers of fractions: We may use exponents with fractions and with decimals. With fractions, parentheses help clarify that an exponent applies to the whole fraction, not just its numerator.
(1/2)³ means 1/2 · 1/2 · 1/2
(0.1)² means 0.1 × 0.1",NA,"The paragraph only explains how to use exponents with fractions and decimals, providing examples, without any error-focused prompts or warnings.",high,,B_boundary
2935,"23. What is the area of the triangle below? [Right triangle with base 8 cm, height 6 cm, hypotenuse 11 cm]",NA,"The paragraph simply asks for the area of a given triangle without mentioning any error, mistake, or comparison.",high,,B_boundary
2945,"All three-sided polygons are triangles, but not all triangles are alike. We distinguish between different types of triangles by using the lengths of their sides and the measures of their angles. We will first classify triangles based on the lengths of their sides.
Triangles Classified by Their Sides:
- Equilateral triangle: All three sides are equal in length.
- Isosceles triangle: At least two of the three sides are equal in length.
- Scalene triangle: All three sides have different lengths.
An equilateral triangle has three equal sides and three equal angles.
An isosceles triangle has at least two equal sides and two equal angles.
A scalene triangle has three unequal sides and three unequal angles.",NA,"The paragraph only provides definitions and classifications of triangles without any mention of errors, mistakes, or comparing student work.",high,,B_boundary
2946,Thinking Skill Justify: Is an equilateral triangle also an isosceles triangle? Why or why not?,NA,"The paragraph asks a conceptual justification question and does not involve identifying or correcting errors, comparing student work, or warning about common mistakes.",high,,B_boundary
2948,"Practice Set:
a. One side of an equilateral triangle measures 15 cm. What is the perimeter of the triangle?
b. Verify ""An equilateral triangle is also an acute triangle."" True or false?
c. Verify ""All acute triangles are equilateral triangles."" True or false?
d. Two sides of a triangle measure 3 inches and 4 inches. If the perimeter is 10 inches, what type of triangle is it?
e. Verify ""Every right triangle is a scalene triangle."" True or false?",NA,"The paragraph consists of standard practice questions asking students to solve or verify statements, with no mention of errors, named students, or common mistakes.",high,,B_boundary
2974,"Since Lesson 75 we have practiced changing a fraction or decimal to a percent by writing an equivalent fraction with a denominator of 100.
3/5 = 60/100 = 60%
0.4 = 0.40 = 40/100 = 40%
In this lesson we will practice another method of changing a fraction to a percent. Since 100% equals 1, we can multiply a fraction by 100% to form an equivalent number. Here we multiply 3/5 by 100%:
3/5 × 100%/1 = 300%/5
Then we simplify and find that 3/5 equals 60%.
300%/5 = 60%
We can use the same procedure to change decimals to percents. Here we multiply 0.375 by 100%.
0.375 × 100% = 37.5%
To change a number to a percent, multiply the number by 100%.",NA,The paragraph only explains a method for converting fractions and decimals to percents and does not involve any error-focused instruction or warning.,high,,B_boundary
2977,"Example 2: Write 1.2 as a percent.
Solution: We multiply 1.2 by 100%.
1.2 × 100% = 120%
In some applications a percent may be greater than 100%. If the number we are changing to a percent is greater than 1, then the percent is greater than 100%.",NA,"The paragraph simply provides a standard example of converting a decimal to a percent with no mention of errors, mistakes, or comparison of student work.",high,,B_boundary
2978,"Example 3: Write 2 1/4 as a percent.
Solution: We show two methods below.
Method 1: We split the whole number and fraction. The mixed number 2 1/4 means ""2 + 1/4."" We change each part to a percent and then add.
2 + 1/4 = 200% + 25% = 225%
Method 2: We change the mixed number to an improper fraction. The mixed number 2 1/4 equals the improper fraction 9/4. We then change 9/4 to a percent.
9/4 × 100%/1 = 225%",NA,"The paragraph presents two correct methods for converting a mixed number to a percent, without mentioning errors, named students, or common mistakes.",high,,B_boundary
2979,"Example 4: Write 2 1/6 as a percent.
Solution: Method 1 shown in example 3 is quick, if we can recall the percent equivalent of a fraction. Method 2 is easier if the percent equivalent does not readily come to mind. We will use method 2 in this example. We write the mixed number 2 1/6 as the improper fraction 13/6 and multiply by 100%.
13/6 × 100%/1 = 1300%/6
Now we divide 1300% by 6 and write the quotient as a mixed number.
1300%/6 = 216 2/3 %",NA,"The paragraph provides a straightforward example solution without presenting a student error, comparison, or warning about common mistakes.",high,,B_boundary
2980,"Example 5: Twenty of the thirty students on the bus were girls. What percent of the students on the bus were girls?
Solution: We first find the fraction of the students that were girls. Then we convert the fraction to a percent.
Girls were 20/30 (or 2/3) of the students on the bus. Now we multiply the fraction by 100%, which is the percent name for 1. We can use either 20/30 or 2/3, as we show below.
20/30 × 100%/1 = 200%/3 = 66 2/3 %
or
2/3 × 100% = 200%/3 = 66 2/3 %
We find that 66 2/3 % of the students on the bus were girls.",NA,"The paragraph presents a standard example solution without mentioning errors, mistakes, or comparing student work.",high,,B_boundary
2991,"19. If ninety percent of the answers were correct, then what percent were incorrect?",NA,"The paragraph simply asks a straightforward percentage complement question without referencing any student work, error detection, or warning about common mistakes.",high,,B_boundary
3026,"* 28. The formula for the area of a parallelogram is A = bh. If the base of a parallelogram is 1.2 m and the height is 0.9 m, what is the area of the parallelogram? How can estimation help you check your answer?",NA,"The paragraph asks for a calculation and suggests using estimation to check, without presenting any student error or warning about common mistakes.",high,,B_boundary
3033,"Example 1: Find the rule for this function. Then use the rule to find the value of m when l is 7.
[Table: l: 5, 7, 10, 15; m: 20, blank, 25, 30]
Solution: We study the table to discover the function rule. We see that when l is 5, m is 20. We might guess that the rule is to multiply l by 4. However, when l is 10, m is 25. Since 10 × 4 does not equal 25, we know that this guess is incorrect. So we look for another rule.
We notice that 20 is 15 more than 5 and that 25 is 15 more than 10. Perhaps the rule is to add 15 to l. We see that the values in the bottom row of the table (l = 15 and m = 30) fit this rule. So the rule is, to find m, add 15 to l.
To find m when l is 7, we add 15 to 7.
7 + 15 = 22
The missing number in the table is 22.
Instead of using the letter m at the top of the table, we could have written the rule. In the table at right, l + 15 has replaced m. This means we add 15 to the value of l. We show this type of table in the next example.",NA,"The paragraph presents a standard example problem and solution without showing a student's error, comparing approaches, or warning about common mistakes.",high,,B_boundary
3043,"7. Classify Three of the numbers below are equivalent. Which one is not equivalent to the others?
A 1
B 100%
C 0.1
D 100/100",NA,"The paragraph asks a standard equivalence identification question with no mention of errors, mistakes, or comparing student work.",high,,B_boundary
3065,"While we practice the terms for describing angle pairs, it is useful to remember the following.
When a transversal intersects parallel lines, all acute angles formed are equal in measure, and all obtuse angles formed are equal in measure.
Thus any acute angle formed will be supplementary to any obtuse angle formed.",NA,"The paragraph only provides factual information about angle relationships; it does not ask students to find or correct errors, compare approaches, or warn about common mistakes.",high,,B_boundary
3091,Thinking Skill Verify Act out the turns Elizabeth made to verify the number of degrees.,NA,"The paragraph instructs students to act out turns to verify degrees; it does not involve error detection, correction, comparison, or warning about common mistakes.",high,,B_boundary
3109,"17. If a shirt costs $19.79 and the sales-tax rate is 6%, what is the total price including tax? Explain how you can check your answer using estimation.",NA,"The paragraph asks the student to compute a total price and explain a checking method, without presenting any error or mistake to detect or compare.",high,,B_boundary
3147,29. Compare: 1 gallon O 4 liters,NA,"The paragraph simply asks to compare two quantities and contains no named student work, error detection, or warning about common mistakes.",high,,B_boundary
3156,Thinking Skill Analyze How is a thermometer like a number line? How is it different?,NA,"The prompt asks students to compare a thermometer and a number line, with no mention of errors, mistakes, or named students.",high,,B_boundary
3164,"Example 4
Add: (+6) + (−6)
Solution
Sometimes positive and negative numbers are written with parentheses. The parentheses help us see that the positive or negative sign is the sign of the number and not an addition or subtraction operation.
(+6) + (−6) = 0
Negative 6 and positive 6 are opposites. Opposites are numbers that can be written with the same digits but with opposite signs. The opposite of 3 is −3, and the opposite of −5 is 5 (which can be written as +5).
On a number line, we can see that any two opposites lie equal distances from zero. However, they lie on opposite sides of zero from each other.",NA,"The paragraph simply explains adding opposite numbers with no mention of errors, student work, or comparisons.",high,,B_boundary
3205,"Notice that although “A, blue” is one of six possible outcomes, the probability of “A, blue” is greater than 1/6. This is because “A” is the most likely of the three possible spinner outcomes, and “blue” is the more likely of the two possible marble outcomes.",NA,"The paragraph simply explains why a certain outcome has higher probability; it does not ask students to find or correct an error, compare approaches, or warn about common mistakes.",high,,B_boundary
3211,8. Represent Copy and complete this table to show the probability of each remaining possible outcome and the sum of the probabilities of all outcomes. Remember that the first draw changes the collection of marbles in the bag for the second draw.,NA,The paragraph only instructs students to complete a probability table and reminds them about the effect of the first draw; it does not involve identifying or correcting errors.,high,,B_boundary
3215,"Analyze For extensions c and d, consider experiment 1 involving spinning the spinner and then drawing a marble.
c. The complement of “A, blue” is “not A, blue”. Find the probability that the compound outcome will not be “A, blue.”
d. Find the probability that the compound outcome will not include “A” and will not include “blue.”
e. The probabilities in exercises c and d are different. Explain why.",NA,"The paragraph asks students to compute probabilities and explain a difference, without referencing any errors, mistakes, or comparing student work.",high,,B_boundary
3251,"problem solving “Casting out nines” is a technique for checking long multiplication. To cast out nines, we sum the digits of each number from left to right and “cast out” (subtract) 9 from the resulting sums. For instance: 6,749: 6 + 7 + 4 + 9 = 26; 26 − 9 = 17; 17 − 9 = 8. 85: 8 + 5 = 13; 13 − 9 = 4. 573,665: 5 + 7 + 3 + 6 + 6 + 5 = 32; 32 − 9 = 23; 23 − 9 = 14; 14 − 9 = 5. To verify the product is correct, we multiply the 8 and the 4 (8 × 4 = 32), add the resulting digits (3 + 2 = 5), and compare the result to the product after casting out nines. The number 573,665 results in 5 after casting out nines, so the product is most likely correct. If the numbers had been different, we would know that our original product was incorrect. Matching results after casting out nines does not always guarantee that our product is correct, but the technique catches most random errors. Check 1234 × 56 = 69,106 by casting out nines.",NA,"The paragraph explains a checking technique and asks the student to apply it, without presenting a student's error, a comparison, or a warning about common mistakes.",high,,B_boundary
3253,Math Language The prefix kilo- means one thousand. The prefix milli- means one thousandth. Remembering what the prefixes mean helps us convert units.,NA,The paragraph only provides factual information about prefixes and does not involve any error-focused pedagogy.,high,,B_boundary
3254,"A particular object has the same mass on Earth as it has on the moon, in orbit, or anywhere else in the universe. In other words, the mass of an object does not change with changes in the force of gravity. However, the weight of an object does change with changes in the force of gravity. For example, astronauts who are in orbit feel no gravitational force, so they experience weightlessness. An astronaut who weighs 154 pounds on Earth weighs zero pounds in weightless conditions. Although the weight of the astronaut has changed, his or her mass has not changed.",NA,"The paragraph provides factual explanation about mass and weight without presenting errors, student work, or warnings about common mistakes.",high,,B_boundary
3303,"16. (43) Verify Instead of dividing 10 1/2 by 3 1/2, Guadalupe doubled both numbers before dividing. What was Guadalupe’s division problem and its quotient?",NA,"The paragraph describes a student's mistake but does not show her work to be corrected nor ask the reader to locate an error; it asks for the resulting division problem and quotient, which is more a word problem than an error‑focused task.",medium,INCORRECT_TO_CORRECT,B_boundary
3343,"* 17. (92, Inv. 10) Analyze Compare: (1/2)^3 [O] the probability of 3 consecutive “heads” coin tosses",NA,"The paragraph simply asks to analyze/compare a probability calculation and does not involve any student errors, error detection, or warnings about common mistakes.",high,,B_boundary
3362,In the above problem we did not need to use the 70% who were “not Antiques.” In the next example we will need to use the “not” percent in order to solve the problem.,NA,"The paragraph merely explains a procedural note about using a percentage in upcoming examples; it does not involve student errors, comparisons, or warnings about common mistakes.",high,,B_boundary
3374,"* 8. (105) Analyze The airline sold 25% of the seats on the plane at a discount. If 45 seats were sold at a discount, how many seats were on the plane? How do you know your answer is correct?",NA,"The paragraph asks the student to solve a standard word problem and reflect on correctness, without presenting or warning about errors.",high,,B_boundary
3399,"Example 1 describes one method for solving equations. It is a useful method for solving equations by inspection—by mentally calculating the solution. However, there is an algebraic method that is helpful for solving more complicated equations. The method uses inverse operations to isolate the variable—to get the variable by itself on one side of the equal sign. We show this method in example 2.",NA,"The paragraph only describes two solution methods and does not present any error, mistake, or comparison of student work.",high,,B_boundary
3401,Practice Set Solve each equation showing the steps of the solution. Then check your answer. a. 3n + 1 = 16 b. 2x − 1 = 9 c. 3y − 2 = 22 d. 5m + 3 = 33 e. 4w − 1 = 35 f. 7a + 4 = 25,NA,"The paragraph asks students to solve equations and then check their own answers, without presenting errors, mistakes, or comparisons.",high,,B_boundary
3425,"* 30. Formulate Write a comparison question that relates to the table, and then answer the question.",NA,"The paragraph asks the student to create a comparison question based on a table, not to identify or correct errors.",high,,B_boundary
3430,"Example: Find the area of this figure. Solution: We will show two ways to divide this shape into two rectangles. We use the skills we learned in Lesson 103 to find that side a is 2 cm and side b is 4 cm. We extend side b with a dashed line segment to divide the figure into two rectangles. The length and width of the smaller rectangle are 3 cm and 2 cm, so its area is 6 cm^2. The larger rectangle is 7 cm by 4 cm, so its area is 28 cm^2. We find the combined area of the two rectangles by adding. 6 cm^2 + 28 cm^2 = 34 cm^2",NA,"The paragraph presents a straightforward worked example without mentioning errors, mistakes, or comparing student work.",high,,B_boundary
3431,"A second way to divide the figure into two rectangles is to extend side a. Extending side a forms a 4-cm by 4-cm rectangle and a 3-cm by 6-cm rectangle. Again we find the combined area of the two rectangles by adding. 16 cm^2 + 18 cm^2 = 34 cm^2. Either way we divide the figure, we find that its area is 34 cm^2.",NA,"The paragraph simply explains a method for finding area and does not involve any error-focused instruction, warning, or comparison.",high,,B_boundary
3433,Practice Set a. Model Draw two ways to divide this figure into two rectangles. Then find the area of the figure each way.,NA,"The paragraph simply asks students to model and compute area in two ways, with no mention of errors, mistakes, or comparison of student work.",high,,B_boundary
3480,* 21. Solve and check: 8a − 4 = 60,NA,"The paragraph simply asks the student to solve an equation and check the answer, with no mention of errors, named students, or common mistakes.",high,,B_boundary
3494,"Figures that have the same shape but are not necessarily the same size are similar. Three of these four triangles are similar: Triangles I and II are similar. They are also congruent. Remember, congruent figures have the same shape and size. Triangle III is similar to triangles I and II. It has the same shape but not the same size as triangles I and II. Notice that the corresponding angles of similar figures have the same measure. Triangle IV is not similar to the other triangles.",NA,"The paragraph only explains concepts of similarity and congruence without asking students to detect or correct errors, nor warning about common mistakes.",high,,B_boundary
3500,Practice Set b. Verify “All similar triangles are congruent.” True or false?,NA,"The paragraph asks the student to verify a statement (true/false) without referencing any student's work, error detection, or common mistakes.",high,,B_boundary
3532,"Example 2: Which of these triangles does not appear to be symmetrical? Solution: We check each triangle to see whether we can find a line of symmetry. In choice A all three sides of the triangle are the same length. We can find three lines of symmetry in the triangle. In choice B two sides of the triangle are the same length. The triangle in choice B has one line of symmetry. In choice C each side of the triangle is a different length. The triangle has no line of symmetry, so the triangle is not symmetrical. The answer is C.",NA,"The paragraph presents a standard example solution about symmetry without mentioning errors, student work, or warnings.",high,,B_boundary
3550,19. Verify “All squares are similar.” True or false?,NA,"The paragraph asks the student to verify a statement (true/false) without referencing any error, mistake, or comparison of student work.",high,,B_boundary
3593,"Example 3: Fifteen children need a ride to the fair. Each car can transport 4 children. How many cars are needed to transport 15 children?
Solution: We divide 15 children by 4 children per car. The quotient is 3 3/4 cars.
15 children / 4 children per car = 3 3/4 cars
Three cars are not enough. Four cars will be needed. One of the cars will be 3/4 full. We round 3 3/4 cars up to 4 cars.",NA,"The paragraph presents a straightforward example and solution without asking the reader to detect or correct an error, nor does it warn about common mistakes.",high,,B_boundary
3596,"Practice Set
a. Infer Ninety students were assigned to four classrooms as equally as possible. How many students were in each of the four classrooms?
b. Movie tickets cost $9.50. Aluna has $30.00. How many movie tickets can she buy?
c. Infer Twenty-eight children need a ride to the fair. Each van can carry six children. How many vans are needed?
d. Corinne folded an 8 1/2 in. by 11 in. piece of paper in half. Then she folded the paper in half again as shown. After the two folds, what are the dimensions of the rectangle that is formed? How can you check your answer?
e. Kevin ordered four books at the book fair for summer reading. The books cost $6.95, $7.95, $6.45, and $8.85. Find the average (mean) price of the books.",NA,"The paragraph lists practice problems for students to solve; it does not present errors, compare student work, or warn about common mistakes.",high,,B_boundary
3609,17. Formulate Refer to problem 16 to write a comparison question about the scores Andrea received from the judges. Then answer the question.,NA,"The paragraph asks students to create and answer a comparison question about scores, with no focus on errors or mistakes.",high,,B_boundary
3625,Reading Math: (+3)(+4) is the same as 3 × 4 or 3 · 4.,NA,The paragraph simply states a mathematical equivalence and does not involve any error-focused instruction or warning.,high,,B_boundary
3627,Thinking Skill Discuss: How is multiplying integers similar to multiplying whole numbers? How is it different?,NA,"The paragraph asks students to discuss similarities and differences, not to detect or correct errors, nor does it involve named students or error alerts.",high,,B_boundary
3687,29. The diameter of a playground ball is 10 inches. What is the circumference of the ball? (Use 3.14 for π.) How can estimation help you determine if your answer is reasonable?,NA,"The paragraph asks for a calculation and a reflective question about estimation, without showing any student work, error, or warning about common mistakes.",high,,B_boundary
3758,"Example Mrs. Vasquez opened a $2000 retirement account that has grown at a rate of 10% a year for three years. What is the current value of her account?
Solution
We calculate the total amount of money in the account at the end of each year by adding 10% to the value of the account at the beginning of that year.
First year
Start with $2000
Growth rate × 0.10
Increase $200.00
=
Total $2200.00
Second year
Start with $2200
Growth rate × 0.10
Increase $220.00
=
Total $2420.00
Third year
Start with $2420
Growth rate × 0.10
Increase $242.00
=
Total $2662.00
Notice that the account grew by a larger number of dollars each year, even though the growth rate stayed the same. This increase occurred because the starting amount increased year by year. The effect of compounding becomes more dramatic as the number of years increases.
In our solution above we multiplied each starting amount by 10% (0.10) to find the amount of increase, then we added the increase to the starting amount. Instead of multiplying by 10% and adding, we can multiply by 110% (1.10) to find the value of the account after each year.
First year
Start with $2000
× 1.10
Total $2200.00
Second year
Start with $2200
× 1.10
Total $2420.00
Third year
Start with $2420
× 1.10
Total $2662.00",NA,"The paragraph presents a straightforward example and solution without showing any student error, comparison, or warning about common mistakes.",high,,B_boundary
3772,"Solve and check:
* 11. (106) 9x + 17 = 80",NA,"The paragraph asks the student to solve and check an equation, with no mention of errors, mistakes, or comparing student work.",high,,B_boundary
3825,"problem solving Carlos reads 5 pages in 4 minutes, and Tom reads 4 pages in 5 minutes. If they both begin reading 200-page books at the same time and do not stop until they are done, how many minutes before Tom finishes will Carlos finish?",NA,"The paragraph presents a straightforward word problem without mentioning any errors, mistakes, or comparisons of incorrect work.",high,,B_boundary
3829,"Thinking Skill Explain Why do you think area in this example is expressed in acres, rather than in square acres?",NA,"The paragraph asks a conceptual question about units, with no mention of errors, mistakes, or student work to correct.",high,,B_boundary
3830,Justify How can we check to see if the answer is reasonable?,NA,"The paragraph asks the student to justify and check reasonableness of an answer, without referencing a specific error, named student, or common mistake.",high,,B_boundary
3835,"4. (76) Verify The symbol ≠ means ""is not equal to."" Which statement is true?
A 3/4 ≠ 9/12
B 3/4 ≠ 9/16
C 3/4 ≠ 0.75",NA,"The paragraph asks the reader to verify which inequality statement is true; it does not present a student's error, compare approaches, or warn about common mistakes.",high,,B_boundary
3863,Thinking Skill Explain How can we check the answer?,NA,"The paragraph only asks how to check an answer, which is a self‑verification prompt, not an error‑focused activity.",high,,B_boundary
3865,Thinking Skill Discuss Why did we use a fraction to solve this problem rather than a decimal?,NA,"The paragraph asks a reflective discussion question about choice of representation, without presenting an error, comparison, or warning.",high,,B_boundary
3885,"24. (64) Classify Which of these polygons is not a quadrilateral?
A parallelogram
B pentagon
C trapezoid",NA,"The paragraph asks a factual classification question about polygons without referencing any error, student work, or comparison.",high,,B_boundary
3886,25. (86) Compare: area of the square [O] area of the circle,NA,"The paragraph simply asks to compare two geometric areas without mentioning any student work, errors, or common mistakes.",high,,B_boundary
3888,"27. (58) Robert flipped a coin. It landed heads up. He flipped the coin a second time. It landed heads up. If he flips the coin a third time, what is the probability that it will land heads up?",NA,"The paragraph simply asks a probability question about a coin flip without referencing any error, mistake, or comparison.",high,,B_boundary
3893,"problem solving To remind himself of where he buried his treasure, a pirate made this map. He made two of the statements true and one statement false to confuse his enemies in case they captured the map. How will the pirate know where he buried his treasure?",NA,"The paragraph describes a puzzle scenario with true/false statements, not an error-focused teaching activity.",high,,B_boundary
3897,Thinking Skill Explain Why is the volume of this cylinder an approximation and not a precise number?,NA,"The paragraph asks for an explanation about approximation, without referencing student errors, comparisons, or error detection.",high,,B_boundary
3927,"In the figure above, the base of the pyramid is congruent to the bases of the prism, so L1 = L2 and W1 = W2. Also, the height of the two solids is the same so H1 = H2. Thus, the fundamental difference between the two solids is that the pyramid has a vertex rather than a second base. As a result, its volume is smaller. We can see this clearly when we compare the Relational GeoSolids of the two figures.",NA,"The paragraph provides a factual explanation of geometric solids without asking the reader to find or correct an error, compare student work, or warn about common mistakes.",high,,B_boundary
3932,"A cylinder is a solid with two circular bases that are opposite and parallel to each other. Its face is curved. A cone is a solid with one circular base and a single vertex. Its face is curved. In the figure below, the base of the cone is congruent to the bases of the cylinder, and the height of the two solids is the same. Thus, the fundamental difference between the two solids is that the cone has a vertex rather than a second base. As a result, its volume is smaller.",NA,"The paragraph only provides definitions and a factual comparison of a cylinder and a cone without mentioning any errors, student work, or warnings about common mistakes.",high,,B_boundary
3946,"13. Estimate Geoff and Sasha drew a sketch of a skateboard ramp they plan to build using scrap wood. To determine how much wood they need to build the ramp, which is shaped like a right triangular prism, estimate the total surface area.",NA,"The paragraph simply asks students to estimate surface area for a real-world scenario; it contains no error identification, correction, comparison, or warning about common mistakes.",high,,B_boundary
3948,"b. Represent Sketch a cone inside the pyramid shown with the same height. The diameter of the cone's base equals the width of the pyramid's base. Find the volume of the cone. Leave π as π. Discuss which is greater, the volume of the cone or the volume of the pyramid.",NA,"The paragraph asks the student to perform a geometry task and compare volumes, without mentioning any errors, mistakes, or student work to correct.",high,,B_boundary
3962,"Associative Property of Addition (propiedad asociativa de la suma): The grouping of addends does not affect their sum. In symbolic form, a + (b + c) = (a + b) + c. Unlike addition, subtraction is not associative. (8 + 4) + 2 = 8 + (4 + 2) Addition is associative. (8 − 4) − 2 ≠ 8 − (4 − 2) Subtraction is not associative.",NA,"The paragraph only defines a concept and gives examples; it does not present errors, compare student work, or warn about common mistakes.",high,,B_boundary
3963,"Associative Property of Multiplication (propiedad asociativa de la multiplicación): The grouping of factors does not affect their product. In symbolic form, a × (b × c) = (a × b) × c. Unlike multiplication, division is not associative. (8 × 4) × 2 = 8 × (4 × 2) Multiplication is associative. (8 ÷ 4) ÷ 2 ≠ 8 ÷ (4 ÷ 2) Division is not associative.",NA,"The paragraph only defines the associative property and gives examples; it does not ask the reader to find or correct errors, compare students, or warn about common mistakes.",high,,B_boundary
3977,"Commutative Property of Addition (propiedad conmutativa de la suma): Changing the order of addends does not affect their sum. In symbolic form, a + b = b + a. Unlike addition, subtraction is not commutative. 8 + 2 = 2 + 8 Addition is commutative. 8 − 2 ≠ 2 − 8 Subtraction is not commutative.",NA,"The paragraph only defines the commutative property and gives examples; it does not present student errors, warnings, or comparative student work.",high,,B_boundary
3978,"Commutative Property of Multiplication (propiedad conmutativa de la multiplicación): Changing the order of factors does not affect their product. In symbolic form, a × b = b × a. Unlike multiplication, division is not commutative. 8 × 2 = 2 × 8 Multiplication is commutative. 8 ÷ 2 ≠ 2 ÷ 8 Division is not commutative.",NA,"The paragraph only defines the commutative property and gives examples; it does not present a student error, compare approaches, ask to locate an error, or warn about common mistakes.",high,,B_boundary
4023,"expression (expresión): A combination of numbers and/or variables by operations, but not including an equal or inequality sign. 3x + 2y and (x − 1)^2 are expressions; y = 3x − 1 and x < 4 are not expressions.",NA,"The paragraph provides a definition of an expression and gives examples; it does not involve error detection, correction, comparison, or warnings about common mistakes.",high,,B_boundary
4065,"nonexample (contraejemplo): A nonexample is the opposite of an example. Non-examples can be used to prove that a fact or a statement in mathematics is incorrect. The integer 7 is a non-example of an even number, and a circle is a non-example of a polygon.",NA,"The paragraph only defines the concept of a nonexample and gives illustrative instances; it does not involve student errors, error detection, or comparison of student work.",high,,B_boundary
83,"1. If the factors are 7 and 11, what is the product?",NA,"The paragraph simply asks for a multiplication result; it does not involve error detection, correction, comparison, or warning about common mistakes.",high,,C_control
3730,"4. Sound travels about 331 meters per second in air. How far will it travel in 60 seconds?
(331 m / 1 s) · (60 s / 1)",NA,The paragraph presents a straightforward calculation problem without showing or asking about errors.,high,,C_control
3047,13. Factor and reduce: (45)(54) / 81,NA,"The paragraph is a straightforward instruction to factor and reduce an expression, with no mention of errors, student work, or warnings.",high,,C_control
4140,"square root One of two equal factors of a number. The symbol for the principal, or positive, square root of a number is √. A square root of 49 is 7 because 7 × 7 = 49.",NA,"The paragraph only provides a definition of square root and an example; it does not present any error, compare approaches, or warn about common mistakes.",high,,C_control
2543,* 1. The Jones family had two gallons of milk before they ate breakfast. The family used two quarts of milk during breakfast. How many quarts of milk did the Jones family have after breakfast?,NA,"The paragraph presents a straightforward word problem without mentioning any errors, mistakes, or comparisons of student work.",high,,C_control
2909,"Early Finishers Real-World Application
The square practice field where Raul plays baseball has an area of 820 square yards. Before practice, Raul runs once around the bases to warm up.
a. Estimate the distance Raul runs to warm up. Explain how you made your estimate.
b. Next week, Raul has to run around the bases twice to warm up for practice. If he practices 3 days next week, estimate the total distance he will run to warm up.",NA,"The paragraph presents a real-world estimation problem without referencing any student errors, mistakes, or comparisons.",high,,C_control
3223,"Example
The ratio of football players to band members on the football field was 2 to 5. Altogether, there were 175 football players and band members on the football field. How many football players were on the field?
Solution
We use the information in the problem to make a table. We include a row for the total. The ratio number for the total is 7.
Ratio | Actual Count
Football Players | 2 | f
Band Members | 5 | b
Total | 7 | 175
Next we write a proportion using two rows of the table. We are asked to find the number of football players, so we use the “football players” row. We know both totals, so we also use the “total” row. Then we solve the proportion.
2/7 = f/175
7f = 2 · 175
f = 50
We find that there were 50 football players on the field.",NA,"The paragraph presents a straightforward example problem and its solution without any mention of errors, mistakes, or comparison of student work.",high,,C_control
692,11. Mr. Chen wanted to fence in a square corral for his horse. Each side needed to be 25 feet long. How many feet of fence did Mr. Chen need for the corral?,NA,"The paragraph simply asks a straightforward calculation about perimeter with no mention of errors, mistakes, or comparing student work.",high,,C_control
2597,"New Concept Increasing Knowledge If peaches are on sale for 3 pounds for 4 dollars then the ratio 3/4 expresses the relationship between the quantity and the price of peaches. Since the ratio is constant, we can buy 6 pounds for 8 dollars, 9 pounds for 12 dollars and so on. With two equal ratios we can write a proportion.",NA,"The paragraph introduces a concept about ratios and proportions without mentioning any errors, student work, or warnings about mistakes.",high,,C_control
2642,Example 2 Simplify: 0.5 + 0.5 ÷ 0.5 − 0.5 × 0.5 Solution First we multiply and divide from left to right. 0.5 + 0.5 ÷ 0.5 − 0.5 × 0.5 = 0.5 + 1 − 0.25. Then we add and subtract from left to right. 0.5 + 1 − 0.25 = 1.25,NA,"The paragraph presents a worked example of simplifying an expression with no mention of errors, student work, or warnings.",high,,C_control
3587,"e. Model Draw these shapes on grid paper and measure the angles. Write the measure by the angle and then mark each angle as acute, obtuse, or right.
Now use the grid paper to draw each figure increased by a scale factor of 2. Then develop a mathematical argument proving or disproving that the angle classification of the images are the same as the given figures.",NA,"The paragraph gives a task to draw, measure, and argue about angle classifications; it does not involve identifying or correcting errors, nor does it warn about common mistakes.",high,,C_control
3335,"7. (71) Conclude If each acute angle of a parallelogram measures 59°, then what is the measure of each obtuse angle?",NA,"The paragraph simply asks a factual question about geometry without referencing any error, mistake, or comparison of student work.",high,,C_control
3712,"* 22. Fifty people responded to the survey, a number that represented 5% of the surveys mailed. How many surveys were mailed? Explain how you found your answer.",NA,"The paragraph asks the student to solve a word problem and explain the solution, with no mention of errors, mistakes, or comparing student work.",high,,C_control
283,"* 27. (2) Connect Arrange the numbers 9, 11, and 99 to form two multiplication facts and two division facts.",NA,"The paragraph asks students to arrange numbers to create multiplication and division facts, with no mention of errors, mistakes, or comparing student work.",high,,C_control
3850,22. (85) Complete the proportion: f/12 = 12/16,NA,The paragraph simply asks the student to complete a proportion; it does not involve identifying or correcting errors.,high,,C_control
2005,"problem solving: Use the digits 6, 7, and 8 to complete this multiplication problem:
  23_
x   _
-----
 166_",NA,"The paragraph simply presents a multiplication puzzle to be solved, with no mention of errors, mistakes, or comparing student work.",high,,C_control
1315,1. Analyze Write 1/2 and 2/3 as fractions with denominators of 6. Then add the renamed fractions. Write the answer as a mixed number.,NA,"The paragraph simply asks the student to rewrite fractions with a common denominator and add them, with no mention of errors, mistakes, or comparing student work.",high,,C_control
1733,"Example: Subtract: 1/2 − 1/6
Solution: The denominators are 2 and 6. The least common multiple of 2 and 6 is 6. So 6 is the least common denominator of the two fractions. We do not need to rename 1/6. We change halves to sixths by multiplying by 3/3 and then we subtract.
Rename 1/2: 1/2 × 3/3 = 3/6
Subtract 1/6 from 3/6: − 1/6 = 1/6 -> 2/6 = 1/3
Reduce.",NA,"The paragraph is a straightforward worked example of subtracting fractions with no mention of errors, mistakes, or comparison of student work.",high,,C_control
3488,29. One and one half kilometers is how many meters?,NA,"The paragraph asks a straightforward conversion question with no mention of errors, mistakes, or comparisons.",high,,C_control
3005,"Example 2: Multiply 5 feet by 12 inches per foot.
Solution: We write ratios of 5 feet over 1 and 12 inches over 1 foot. We then cancel units and multiply.
5 feet / 1 · 12 inches / 1 foot = 60 inches",NA,"The paragraph simply presents a worked example of unit conversion with no mention of errors, mistakes, or comparison of student work.",high,,C_control
2080,18. Conclude: The area of a regular quadrilateral is 100 square inches. What is its perimeter? What is the name of the quadrilateral?,NA,"The paragraph simply asks for calculations (perimeter, name) based on given area, with no mention of errors, mistakes, or comparing student work.",high,,C_control
3441,7. 10^3 − (10^2 − √100) − 10^3 ÷ 100,NA,"The paragraph only presents a mathematical expression without any instruction to find or correct errors, compare approaches, or warn about common mistakes.",high,,C_control
2505,"7. Verify ""All squares are rectangles."" True or false?",NA,"The paragraph asks the student to verify a statement (true/false) without referencing any error, mistake, or comparison of student work.",high,,C_control
1576,"* 1. (10) Predict The first three positive odd numbers are 1, 3, and 5. Their sum is 9. The first five positive odd numbers are 1, 3, 5, 7, and 9. Their sum is 25. What is the sum of the first ten positive odd numbers? What strategy did you use to solve this problem?",NA,"The paragraph asks the student to predict and compute a sum, with no mention of errors, mistakes, or comparing student work.",high,,C_control
1631,2. (37) From Mona’s home to school is 3.5 miles. How far does Mona travel riding from home to school and back home?,NA,The paragraph simply asks a student to solve a distance problem; it does not involve identifying or correcting errors.,high,,C_control
2073,"Practice Set: Write the prime factorization of both the numerator and the denominator of each fraction. Then reduce each fraction.
a. 875/1000
b. 48/400
c. 125/500
d. 36/81",NA,"The paragraph simply gives a practice task without mentioning any errors, mistakes, or comparing student work.",high,,C_control
2512,14. Write 1/8 as a decimal number.,NA,"The paragraph simply asks the student to perform a conversion task with no mention of errors, mistakes, or comparison of student work.",high,,C_control
1148,"Practice Set
Simplify:
a. 4 + 2.1
b. 4.3 − 2
c. 3 + 0.4
d. 43.2 − 5
e. 0.23 + 4 + 3.7
f. 6.3 − 6
g. 12.5 + 10
h. 75.25 − 25
i. 9²
j. √81
k. 6² + 8²
l. √100 − √49
m. 15²
n. √144
o. 6 ft · 6 ft
p. √64 m²
q. Predict Starting with 1, the first four perfect squares are as follows:
1, 4, 9, 16
What are the next four perfect squares? Explain how you know.",NA,"The paragraph presents a list of practice problems for students to solve, with no mention of errors, mistakes, or comparison of student work.",high,,C_control
3301,Find each unknown number: 14. (61) 7 1/2 + 6 3/4 + n = 15 3/8,NA,"The paragraph simply asks the student to find an unknown number; there is no mention of errors, error detection, or comparison of student work.",high,,C_control
290,"Example 1: Generalize Describe the following sequence as an addition sequence or a multiplication sequence. State the rule of the sequence, and find the next term. 1, 3, 9, 27, _____, . . . Solution: The sequence is a multiplication sequence because each term in the sequence can be multiplied by 3 to find the next term. Multiplying 27 by 3, we find that the term that follows 27 in the sequence is 81.",NA,"The paragraph presents a standard problem and its solution without any mention of errors, mistakes, or comparison of student work.",high,,C_control
1245,We can display the data with a bar graph. The most popular type of TV show among the students surveyed is sports.,NA,The paragraph simply describes how to display data and states a fact; it contains no error-focused instruction or warning.,high,,C_control
974,20. Connect Three fourths of a circle is what percent of a circle?,NA,The paragraph simply asks a conversion question; it does not involve identifying or correcting errors.,high,,C_control
1257,"e. Analyze Use the menu to answer the questions below. Seafood Cafe: Appetizers (Shrimp Cocktail $7.00, Zucchini Fingers $5.00), Soup (Seafood Gumbo $4.50, Lobster Bisque $4.50), Main Course (Halibut $15.75, Swordfish $18.00, Flounder $13.75, Crab Cakes $12.50), Dessert (Sorbet $3.25). • What is the most expensive item on the menu? The least expensive? • What is the average price of the main course dinners? • What is the range of prices on the menu?",NA,"The paragraph asks students to perform calculations (most expensive, least expensive, average, range) with no mention of errors, mistakes, or comparing student work.",high,,C_control
3817,"* 25. (116) Analyze A bank offers an annual percentage rate (APR) of 6.5%.
a. By what decimal number do we multiply a deposit to find the total amount in an account after one year at this rate?
b. Maria deposited $1000 into an account at this rate. How much money was in the account after three years? (Assume that the account earns compound interest.)",NA,"The paragraph presents a standard word problem about interest calculation without mentioning any errors, mistakes, or comparisons.",high,,C_control
185,1. (6) What number is 1/2 of 540?,NA,"The paragraph simply asks a direct computation question with no reference to errors, mistakes, or comparisons.",high,,C_control
424,problem solving It takes the local hardware store 8 seconds to cut through a piece of round galvanized steel pipe. How long will it take to cut a piece of pipe in half? Into quarters? Into six pieces? (Each cut must be perpendicular to the length of the pipe.),NA,The paragraph simply asks the student to solve a word problem about cutting pipe; it does not involve identifying or correcting errors.,high,,C_control
2744,"Example 1 Solve: 5n = 21 Thinking Skill Verify Why can we divide the product by the known factor? Solution To find an unknown factor, we divide the product by the known factor. 21 ÷ 5 = 4 1/5. n = 4 1/5",NA,"The paragraph presents a standard example solving an equation and asks a conceptual verification question, without showing any student error, comparison, or warning about common mistakes.",high,,C_control
1743,"Example 2: Risa saw that she had 3/4 of a carton of 12 eggs. She used 2/3 of a whole carton to make a batch of French toast for the family. What fraction of a carton of eggs was not used?
Solution: To find the fraction that remains, we subtract 2/3 from 3/4. The least common multiple of 4 and 3 is 12. We rename both fractions so that their denominators are 12 and then subtract.
Rename 3/4 and 2/3:
3/4 × 3/3 = 9/12
− 2/3 × 4/4 = 8/12
Then subtract: = 1/12
We can check for reasonableness by thinking about the number of eggs. If the carton holds 12 eggs, then there were nine eggs in the carton because 3/4 of 12 is 9. Risa used 2/3 of 12 eggs, which is 8 eggs. Subtracting 8 from 9 leaves 1 egg in the carton, which is 1/12 of a carton.",NA,The paragraph presents a straightforward example problem with a worked solution and no focus on detecting or correcting errors.,high,,C_control
3573,"6. Explain For the sports car in problem 5, suppose the actual height is 4 feet. What is the height of the model? How do you know your answer is correct?",NA,"The paragraph asks the student to compute a model height and justify the answer, with no mention of errors, mistakes, or comparing student work.",high,,C_control
2200,"extensions a. Represent Use whole numbers, fractions, and mixed numbers to write the coordinates for each point. b. Represent Use the given coordinates to identify the point at each location. Express the coordinates as whole numbers or decimal numbers. c. Generalize Graph these points on a coordinate graph. Then connect the points. (4, 2), (6, 2), (2, 4), (8, 4), (4, 6), (6, 6) • What polygon did you form? • Name a set of points that when connected would form a hexagon inside the hexagon you drew.",NA,"The paragraph only gives activity instructions for plotting points and forming polygons, with no mention of errors, mistakes, or comparing student work.",high,,C_control
4055,"line plot (diagrama de puntos): A method of plotting a set of numbers by placing a mark above a number on a number line each time it occurs in the set. This is a line plot of the numbers 5, 8, 8, 10, 10, 11, 12, 12, 12, 12, 13, 13, 14, 16, 17, 17, 18, and 19.",NA,"The paragraph only defines a line plot and lists numbers; it does not ask students to find or correct errors, compare approaches, or warn about common mistakes.",high,,C_control
3462,"To position triangle ABC on triangle XYZ, we make three different kinds of moves. First, we rotate (turn) triangle ABC 90° counterclockwise. Second, we translate (slide) triangle ABC to the right so that side AC aligns with side XZ. Third, we reflect (flip) triangle ABC so that angle B is positioned on top of angle Y.",NA,"The paragraph only describes a sequence of geometric transformations without mentioning any errors, student work, or warnings about common mistakes.",high,,C_control
1536,"The quotient is not changed, because we formed an equivalent division problem just as we form equivalent fractions—by multiplying by a form of 1.
8/4 × 10/10 = 80/40",NA,"The paragraph explains a concept about equivalent division and shows a calculation; it does not present a student error, compare approaches, or warn about common mistakes.",high,,C_control
372,"Example 5
What is the difference between the product of 6 and 4 and the sum of 6 and 4?
Solution
We see the words difference, product, and sum in this question. We first look for phrases such as “the product of 6 and 4.” We will rewrite the question, emphasizing these phrases.
What is the difference between the product of 6 and 4 and the sum of 6 and 4?
For each phrase we find one number. “The product of 6 and 4” is 24, and “the sum of 6 and 4” is 10. So we can replace the two phrases with the numbers 24 and 10 to get this question:
What is the difference between 24 and 10?
We find this answer by subtracting 10 from 24. The difference between 24 and 10 is 14.",NA,"The paragraph presents a straightforward example problem and solution without mentioning errors, mistakes, or comparing student work.",high,,C_control
1205,Example 4 Use digits to write the decimal number twelve thousandths. Solution The word thousandths tells us that there are three places to the right of the decimal point. ._ _ _ We fit the two digits of twelve into the last two places. ._ 1 2 Then we fill the empty place with zero. 0.012,NA,"The paragraph simply provides an example of converting a word phrase to a decimal number with no mention of errors, mistakes, or comparison of student work.",high,,C_control
2171,7. (17) What number is halfway between 1/2 and 1 on the number line?,NA,"The paragraph simply asks a standard problem without mentioning errors, mistakes, or comparing student work.",high,,C_control
1034,13. (16) Estimate the quotient when 898 is divided by 29.,NA,"The paragraph simply asks the student to estimate a quotient; it does not involve identifying or correcting errors, comparing approaches, or warning about common mistakes.",high,,C_control
2342,"Example 3
Of the 30 students who took the test, 15 earned an A. What percent of the students earned an A?
Solution
Fifteen of the 30 students earned an A. We write this as a fraction and reduce.
15/30 = 1/2
To write 1/2 as a fraction with a denominator of 100, we multiply 1/2 by 50/50.
(1 · 50) / (2 · 50) = 50/100
The fraction 50/100 equals 50%.",NA,"The paragraph presents a straightforward example and solution without any mention of errors, comparisons, or warnings about common mistakes.",high,,C_control
2766,27. (Inv. 8) Name this geometric solid.,NA,"The paragraph simply asks the student to name a geometric solid, with no mention of errors, mistakes, or comparisons.",high,,C_control
2306,"problem solving A 60 in.-by-104 in. rectangular tablecloth was draped over a rectangular table. Eight inches of the 104-inch length of cloth hung over the left edge of the table, 3 inches over the back, 4 inches over the right edge, and 7 inches over the front.
In which directions (left, back, right, and/or forward) and by how many inches should the tablecloth be shifted so that equal amounts of cloth hang over opposite edges of the table? What are the dimensions of the table?",NA,"The paragraph presents a standard word problem asking for calculations; it does not involve student errors, error detection, or comparison of approaches.",high,,C_control
3861,"New Concept Increasing Knowledge
We have solved problems like the following using a ratio box. In this lesson we will practice writing equations to help us solve these problems.
Thirty percent of the football fans in the stadium are waving team banners. There are 150 football fans waving banners. How many football fans are in the stadium in all?
The statement above tells us that 30% of the fans are waving banners and that the number is 150. We will write an equation using t to stand for the total number of fans.
30% of the fans are waving banners.
30% × t = 150
Now we change 30% to a fraction or to a decimal. For this problem we choose to write 30% as a decimal.
0.3t = 150
Now we find t by dividing 150 by three tenths.
500.
03.)1500.
We find that there were 500 fans in all. We can use a model to represent the problem.",NA,"The paragraph presents a straightforward example of solving a percentage problem with no mention of errors, mistakes, or comparison of student work.",high,,C_control
2150,* 26. (69) Connect The length of WX is 53 mm. The length of XY is 35 mm. What is the length of WY?,NA,"The paragraph simply asks for a calculation of a length without mentioning any error, student work, or comparison.",high,,C_control
4026,"fact family (familia de operaciones): A group of three numbers related by addition and subtraction or by multiplication and division. The numbers 3, 4, and 7 are a fact family. They make these four facts: 3 + 4 = 7, 4 + 3 = 7, 7 − 3 = 4, 7 − 4 = 3.",NA,"The paragraph only defines a concept and gives an example; it does not involve error detection, correction, comparison, or warnings about common mistakes.",high,,C_control
2122,Early Finishers Choose A Strategy: Each 4 by 4 grid below is divided into 2 congruent sections. Find four ways to divide a 4 by 4 grid into 4 congruent sections.,NA,"The paragraph asks students to find ways to divide a grid, with no mention of errors, mistakes, or comparing student work.",high,,C_control
2034,* 26. Write the prime factorization of 375 and of 1000. What method did you use?,NA,"The paragraph simply asks the student to perform a standard task (prime factorization) and reflect on the method, without referencing any errors or comparing student work.",high,,C_control
2093,"Power Up: mental math
a. Number Sense: 5 x 80
b. Number Sense: 275 + 1500
c. Calculation: 7 x 42
d. Calculation: $5.75 + 50¢
e. Fractional Parts: 1/4 of $48.00
f. Number Sense: $120/10
g. Measurement: Which is greater, 1 meter or 100 millimeters?
h. Calculation: 7 x 8, - 1, ÷ 5, x 2, - 1, ÷ 3, - 8",NA,"The paragraph lists mental math practice items without mentioning errors, mistakes, or comparing student work.",high,,C_control
1310,"Practice Set In problems a–d, multiply by a fraction equal to 1 to complete each equivalent fraction. a. 1/3 = ?/12 b. 2/3 = ?/6 c. 3/4 = ?/8 d. 3/4 = ?/12",NA,"The paragraph presents a standard practice exercise without any mention of errors, student work, or comparisons.",high,,C_control
196,"27. (1) Use the numbers 2, 4, and 6 to form two addition facts and two subtraction facts.",NA,The paragraph simply asks the student to create addition and subtraction facts; it contains no error-focused prompt or warning.,high,,C_control
3718,"28. During one season, the highest number of points scored in one game by the local college basketball team was 95 points. During that same season, the range of the team’s scores was 35 points. What was the team’s lowest score?",NA,"The paragraph presents a straightforward word problem without mentioning errors, student work, or comparisons.",high,,C_control
3858,"* 30. (118) Estimate Humberto is designing a garden. The area of the outer garden, square ABCD is 16 units^2.
a. What is the area of the inner garden square QRST?
b. Choose the appropriate unit for the area of Humberto's garden.
A square inches
B square feet
C square miles",NA,"The paragraph presents a standard problem asking for calculations and unit selection, with no mention of errors, mistakes, or comparison of student work.",high,,C_control
2594,* 30. (78) Estimate A pint of milk weighs about a pound. About how many pounds does a gallon of milk weigh?,NA,"The paragraph asks for an estimation calculation; it does not present a student's error, compare approaches, or warn about common mistakes.",high,,C_control
791,"5. Classify Which of these numbers is divisible by both 2 and 3?
A 122
B 123
C 132",NA,"The paragraph simply asks the student to identify which number is divisible by both 2 and 3, with no mention of errors, mistakes, or comparison of student work.",high,,C_control
2556,"23. If the sales-tax rate is 6%, what is the tax on a $12.80 purchase?",NA,"The paragraph simply asks for a calculation of tax; it contains no error-focused prompt, named students, or warnings about common mistakes.",high,,C_control
1846,17. Ten centimeters is what fraction of one meter?,NA,"The paragraph is a straightforward math question asking for a fraction conversion, with no mention of errors, student work, or comparisons.",high,,C_control
3023,"24. A cube has edges that are 6 cm long.
a. What is the area of each face of the cube?
b. What is the volume of the cube?
c. What is the surface area of the cube?",NA,"The paragraph simply asks the student to compute area, volume, and surface area of a cube; there is no mention of errors, named students, or warnings.",high,,C_control
3338,10. (85) Complete this proportion: 6/8 = a/12,NA,"The paragraph simply asks the student to complete a proportion, with no mention of errors, mistakes, or comparison of student work.",high,,C_control
2794,20. Round the decimal number one and twenty-three hundredths to the nearest tenth.,NA,"The paragraph simply asks the student to perform a rounding task; it does not involve identifying or correcting errors, comparing approaches, or warning about common mistakes.",high,,C_control
1941,"The circle graph below shows the favorite sport of 100 people. Refer to the graph to answer problems 24–27.
Favorite Sport of 100 People: Baseball 40, Football 22, Basketball 22, Other 16
24. How many more people favored baseball than favored football?
25. What fraction of the people surveyed favored baseball?
26. Explain Was any sport the favorite sport of the majority of the people surveyed? Write one or two sentences to explain your answer.
27. Connect Since baseball was the favorite sport of 40 out of 100 people, it was the favorite sport of 40% of the people surveyed. What percent of the people answered that football was their favorite sport?",NA,"The paragraph presents standard questions about interpreting a circle graph with no mention of errors, mistakes, or comparing student work.",high,,C_control
570,"28. A dime is 1/10 of a dollar.
a. How many dimes are in a dollar?
b. How many dimes are in three dollars?",NA,"The paragraph simply asks straightforward multiplication questions about dimes and dollars, with no mention of errors, mistakes, or comparisons.",high,,C_control
2348,2. (32) What time is one hour thirty-five minutes after 2:30 p.m.?,NA,"The paragraph simply asks a straightforward time calculation with no mention of errors, mistakes, or comparison of student work.",high,,C_control
1294,"13. To loosen her shoulder, Mary swung her arm around in a big circle. If her arm was 28 inches long, what was the diameter of the circle?",NA,The paragraph simply poses a word problem asking for a calculation; it does not involve identifying or correcting errors.,high,,C_control
3719,"30. Generalize Study this function table and describe a rule for finding A when s is known. Explain how you know.
s: 1, 2, 3, 4
A: 1, 4, 9, 16",NA,"The paragraph asks students to generalize a pattern from a table, with no mention of errors, mistakes, or comparing student work.",high,,C_control
817,"Practice Set
a. Represent Use two pencils to approximate an acute angle, a right angle, and an obtuse angle.
Describe each angle below as acute, right, or obtuse.
b.
c.
d.
e. Connect What type of angle is formed by the hands of a clock at 4 o’clock?
f. Connect What type of angle is formed at the corner of a door in your classroom?
g. Which two angles formed by these oblique lines are acute angles?
h. Model Draw two parallel line segments.
i. Model Draw two perpendicular lines.
Refer to the triangle to answer problems j and k.
j. Angle H is an acute angle. Name another acute angle.
k. Name an obtuse angle.",NA,"The paragraph lists practice activities without mentioning errors, mistakes, or comparing student work; it is standard instructional content.",high,,C_control
2135,"4. (15) Estimate A dollar bill is about 6 inches long. Placed end to end, about how many feet would 1000 dollar bills reach?",NA,"The paragraph asks a straightforward estimation problem with no mention of errors, mistakes, or comparing student work.",high,,C_control
3675,* 17. Justify Find the area of this trapezoid. Show and explain your work to justify your answer.,NA,"The paragraph simply asks the student to find and justify the area of a trapezoid, with no mention of errors, mistakes, or comparison of student work.",high,,C_control
2406,"Example 2
There are thirty marbles in a bag. If one marble is drawn from the bag, the probability of drawing red is 2/5.
a. How many marbles are red?
b. How many marbles are not red?
c. The complement of drawing a red marble is drawing a not red marble. What is the probability of drawing a not red marble?
d. What is the sum of the probabilities of drawing red and drawing not red?
Solution
a. The probability of drawing red is 2/5, so 2/5 of the 30 marbles are red.
2/5 · 30 = 12
There are 12 red marbles.
b. Twelve of the 30 marbles are red, so 18 marbles are not red.
c. The probability of drawing a not red marble is 18/30 = 3/5.
d. The sum of the probabilities of an event and its complement is 1.
2/5 + 3/5 = 1",NA,"The paragraph presents a straightforward example with a solution; it does not involve error-focused pedagogy, named students, or warnings about common mistakes.",high,,C_control
2674,Example 1 Use cross products to determine whether 3/5 and 4/7 are equal.,NA,"The paragraph simply asks the reader to use a method to determine equality of two fractions, with no mention of errors, mistakes, or comparison of student work.",high,,C_control
1977,"Notice that squares, rectangles, and rhombuses are all parallelograms. Also notice that a square is a special kind of rectangle, which is a special kind of parallelogram, which is a special kind of quadrilateral, which is a special kind of polygon. A square is also a special kind of rhombus.",NA,"The paragraph only describes relationships among shapes and does not involve any error-focused instruction, warning, or comparison of student work.",high,,C_control
2365,"* 26. (65, 73) Represent Find the prime factorization of 400 using a factor tree. Then write the prime factorization of 400 using exponents.",NA,"The paragraph simply asks the student to perform a task (prime factorization) with no mention of errors, mistakes, or comparing student work.",high,,C_control
1128,"22. (18) What is the average of 90 lb, 84 lb, and 102 lb?",NA,"The paragraph simply asks for a calculation (average) with no mention of errors, mistakes, or comparison of student work.",high,,C_control
3841,10. (47) Explain Buz measured the circumference of the trunk of the old oak tree. How can Buz calculate the approximate diameter of the tree?,NA,"The paragraph simply asks for an explanation of a calculation method, with no mention of errors, mistakes, or conflicting student work.",high,,C_control
4098,"principal The amount of money borrowed in a loan, deposited in an account that earns interest, or invested in a fund. If we borrow $750.00, the principal is $750.00.",NA,"The paragraph provides a definition of 'principal' with an example; it does not involve error detection, correction, comparison, or warning about common mistakes.",high,,C_control
3367,* 1. (95) How far would a car travel in 2 1/2 hours at 50 miles per hour? (50 mi / 1 hr) × (2 1/2 hr / 1),NA,"The paragraph simply asks a straightforward calculation and provides a multiplication setup; it does not present a student's error, compare approaches, or warn about common mistakes.",high,,C_control
118,6. Explain The basketball team scored 63 of its 102 points in the first half of the game. Find how many points the team scored in the second half. Explain how you found your answer.,NA,The paragraph simply asks the student to compute a value and explain the solution; it does not involve identifying or correcting errors.,high,,C_control
2278,"Thinking Skill Verify
How do you reduce 3 75/100 to 3 3/4?",NA,"The paragraph simply asks the reader to perform a reduction; it does not present a student's error, compare approaches, or warn about common mistakes.",high,,C_control
1049,"Example 1
A quart is 0.25 gallons. Write 0.25 as a fraction.
Solution
The decimal number 0.25 has two decimal places, so the denominator is 100. The numerator is 25.
0.25 = 25/100
The fraction 25/100 reduces to 1/4.",NA,"The paragraph simply presents an example conversion with no error, no named student, and no warning about common mistakes.",high,,C_control
3585,"c. Represent On a coordinate plane draw a square with vertices at (2, 2), (4, 2), (4, 4), and (2, 4). Then apply a scale factor of 2 to the square so that the dimensions of the square double but the point (3, 3) remains the center of the larger square. Draw the larger square on the same coordinate plane. What are the coordinates of its vertices?",NA,"The paragraph asks the student to perform a scaling transformation and find coordinates; it does not involve error detection, correction, or warnings about common mistakes.",high,,C_control
2736,27. (81) Anabel drove her car 348 miles in 6 hours. Divide the distance by the time to find the average speed of the car.,NA,"The paragraph simply asks the student to perform a calculation (average speed) with no mention of errors, mistakes, or comparison of student work.",high,,C_control
1381,* 7. (43) 6.74 + 0.285 + f = 11.025,NA,"The paragraph simply presents an arithmetic expression with a variable to solve; there is no mention of errors, student work, or warnings.",high,,C_control
1953,"* 2. Analyze: Mt. Whitney, the highest point in California, has an elevation of 14,494 feet above sea level. From there one can see Death Valley, which contains the lowest point in California, 282 feet below sea level. The floor of Death Valley is how many feet below the peak of Mt. Whitney?",NA,"The paragraph asks a straightforward calculation without referencing any student work, error detection, or warning about common mistakes.",high,,C_control
514,"problem solving If an 8 in.-by-8 in. pan of lasagna serves four people, how many 12 in.-by-12 in. pans of lasagna should be purchased to serve 56 people? (Hint: You may have ""leftovers."")
Understand An eight-inch-square pan of lasagna will serve four people. We are asked to find how many 12-inch-square pans of lasagna are needed to feed 56 people.
Plan We will draw a diagram to help us visualize the problem. Then we will write an equation to find the number of 12-inch-square pans of lasagna needed.
Solve First, we find the size of each serving by ""cutting"" the 8-inch-square pan into four pieces. Then we see how many pieces of the same size can be made from the 12-inch-square pan:
Each person eats one 4-inch-square piece. One 12-inch-square pan of lasagna can be cut into nine 4-inch-square pieces.
One 12-inch-square pan of lasagna can serve 9 people. We use this information to write an equation: N × 9 = 56. We divide to find that N = 6 R2. Six pans of lasagna would only provide 54 pieces, so we must buy seven pans of lasagna in order to serve 56 people.
Check We found that we need to buy seven 12-inch-square pans of lasagna to serve 56 people. It would take 14 8-inch-square pans of lasagna to feed 56 people, and one 12-inch-square lasagna feeds about twice as many people as one 8-inch-square pan, so our answer is reasonable.",NA,"The paragraph presents a problem, solution steps, and a check, without showing a student's mistake or warning about common errors.",high,,C_control
611,"* 30. Explain How can you use the concepts of ""even"" and ""odd"" numbers to determine whether a number is divisible by 2.",NA,"The paragraph asks the student to explain a concept about even/odd numbers and divisibility, with no mention of errors, mistakes, or comparing student work.",high,,C_control
4146,surface area The total area of the surface of a geometric solid.,NA,"The paragraph provides a definition of surface area with no mention of errors, mistakes, or student work.",high,,C_control
659,"Example 5
a. What percent of a whole circle is 1/5 of a circle?
b. What percent of a whole circle is 3/5 of a circle?
Solution
A whole circle is 100%. We divide 100% into five equal groups.
a. One of the five parts (1/5) is 20%.
b. Three of the five parts (3/5) is 3 × 20%, which equals 60%.",NA,"The paragraph simply presents a standard example and solution without any error focus, named students, or warnings about common mistakes.",high,,C_control
127,Power Up Building Power facts Power Up A mental math: a. Number Sense: 600 + 2000 + 300 + 20 b. Number Sense: 3000 + 20 + 400 + 5000 c. Number Sense: 7000 + 200 + 40 + 500 d. Number Sense: 700 + 2000 + 50 + 100 e. Number Sense: 60 + 400 + 30 + 1000 f. Number Sense: 900 + 8000 + 100 + 50 g. Measurement: How many feet are in a yard? h. Measurement: How many centimeters are in a meter?,NA,"The paragraph lists mental math and measurement conversion tasks without any mention of errors, student work, or error detection.",high,,C_control
72,Thinking Skill Discuss: Why does writing trailing zeros not change the product?,NA,"The paragraph asks a conceptual discussion question and does not involve identifying, correcting, or warning about errors.",high,,C_control
1472,"To find the circumference of a circle, we multiply the diameter of the circle by π. This relationship is shown in the formula below, where C stands for the circumference and d stands for the diameter.
C = π d
Since a diameter is equal to two radii (2r), we may replace d in the formula with 2r. We usually arrange the factors this way:
C = 2πr",NA,"The paragraph only explains the relationship between circumference and diameter/radius without mentioning any errors, mistakes, or contrasting student work.",high,,C_control
1921,Represent Draw a model to show that 2 3/4 = 11/4.,NA,The paragraph asks the student to draw a model to represent an equivalence; it does not involve identifying or correcting errors.,high,,C_control
896,* 17. Which angle of the triangle at right is an obtuse angle?,NA,The paragraph simply asks a geometry question about identifying an obtuse angle; it contains no error-focused instruction or warning.,high,,C_control
1782,* 19. How many 3/5s are in 3/4? (3/4 ÷ 3/5),NA,The paragraph simply asks a student to solve a division problem; it does not involve identifying or correcting errors.,high,,C_control
2580,"Find each unknown number:
9. w − 3 5/6 = 2 1/3
10. 3 1/4 − y = 1 5/8
11. 6n = 0.12
12. 0.12m = 6
13. 5n = 10^2
14. 1 1/2 w = 6",NA,"The paragraph simply asks students to solve for unknown numbers; it does not involve error detection, correction, or comparison of student work.",high,,C_control
2913,"New Concepts Increasing Knowledge
expanded notation with exponents
In Lesson 32 we began writing whole numbers in expanded notation. Here we show 365 in expanded notation:
365 = (3 × 100) + (6 × 10) + (5 × 1)
When writing numbers in expanded notation, we may write the powers of 10 with exponents.
365 = (3 × 10^2) + (6 × 10^1) + (5 × 10^0)
Notice that 10^0 equals 1. The table below shows whole-number place values using powers of 10:
Trillions: hundreds (10^14), tens (10^13), ones (10^12)
Billions: hundreds (10^11), tens (10^10), ones (10^9)
Millions: hundreds (10^8), tens (10^7), ones (10^6)
Thousands: hundreds (10^5), tens (10^4), ones (10^3)
Ones: hundreds (10^2), tens (10^1), ones (10^0)",NA,"The paragraph only explains how to write numbers in expanded notation with exponents and provides a table of place values; it does not present any errors, student work, or warnings about common mistakes.",high,,C_control
2826,"10. a. What is the area of this parallelogram?
b. What is the perimeter of this parallelogram? [Base 8 in., side 6 in., height 5 in.]",NA,"The paragraph simply asks for calculations of area and perimeter; it does not present a student's error, compare approaches, or warn about common mistakes.",high,,C_control
1651,"New Concept Increasing Knowledge When we divide a decimal number by 10 or by 100, the quotient has the same digits as the dividend. However, the position of the digits is shifted. Here we show 12.5 divided by 10 and by 100: 10)12.50 = 1.25, 100)12.500 = .125 When we divide by 10, the digits shift one place to the right. When we divide by 100, the digits shift two places to the right. Although it is the digits that are shifting places, we produce the shift by moving the decimal point. When we divide by 10, the decimal point moves one place to the left. When we divide by 100, the decimal point moves two places to the left.",NA,"The paragraph only explains a concept about dividing decimals; it does not involve error detection, correction, comparison, or warnings about common mistakes.",high,,C_control
2681,"Example 3 Use cross products to complete this proportion: 6/9 = 10/m Solution The cross products of a proportion are equal. So 6 times m equals 9 times 10, which is 90. 6m = 9 · 10. We solve this equation: 6m = 90; m = 15. The unknown term is 15. We complete the proportion. 6/9 = 10/15",NA,"The paragraph presents a straightforward worked example without any mention of errors, student work, or warnings about common mistakes.",high,,C_control
2265,* 24. (64) Model Draw a pair of parallel lines. Then draw a second pair of parallel lines perpendicular to the first pair of lines and about the same distance apart. Trace the quadrilateral that is formed by the intersecting lines. Is the quadrilateral a rectangle?,NA,"The paragraph asks students to draw lines and determine if the resulting quadrilateral is a rectangle, without referencing any error or correction.",high,,C_control
1029,* 6. (32) Analyze Write (6 × 100) + (5 × 1) in standard notation.,NA,The paragraph simply asks the student to write an expression in standard notation; it contains no error-focused prompt or warning.,high,,C_control
3777,* 18. (107) Find the area of this trapezoid by combining the area of the rectangle and the area of the triangle.,NA,"The paragraph simply asks the student to compute an area using a method; it does not involve error detection, correction, comparison, or warning about common mistakes.",high,,C_control
2293,* 19. (73) Write the prime factorization of 200 using exponents.,NA,"The paragraph simply asks the student to perform a standard task (write prime factorization) with no mention of errors, mistakes, or comparison.",high,,C_control
3667,"2. Estimate Which of the following is the best estimate of the length of a bicycle?
A 0.5 m
B 2 m
C 6 m
D 36 m",NA,"The paragraph is a straightforward multiple‑choice estimation question with no mention of errors, mistakes, or comparison of student work.",high,,C_control
1033,* 10. (30) What is the least common multiple of 6 and 8?,NA,"The paragraph simply asks a factual question about the least common multiple, with no mention of errors, mistakes, or comparison of student work.",high,,C_control
1761,"* 26. Analyze: Reduce: (2 · 2 · 3 · 3 · 5 · 7) / (2 · 2 · 5 · 5 · 7 · 7)
27. What fraction of the group of circles is shaded?
* 28. Justify: Ling has a 9-inch stack of CDs on the shelf. Each CD is in a 3/8-inch-thick plastic case. How many CDs are in the 9-inch stack? Write and solve a fraction division problem to answer the question. Explain why your answer is reasonable.
* 29. Subtract 1/2 from 4/5. Use 10 as the common denominator.
30. The diameter of a regulation basketball hoop is 18 inches. What is the circumference of a regulation basketball hoop? (Use 3.14 for π.)",NA,"The paragraph consists of standard math problem prompts without any mention of errors, mistakes, or comparison of student work.",high,,C_control
299,2. (1) Find how many years there were from the year the Pilgrims landed in 1620 to the year the colonies declared their independence in 1776.,NA,"The paragraph simply asks the student to compute a time interval; it does not involve error detection, correction, comparison, or warning about common mistakes.",high,,C_control
2967,* 26. Write this number in standard notation: (7 × 10⁹) + (2 × 10⁸) + (5 × 10⁷),NA,"The paragraph simply asks the student to write a number in standard notation; it contains no error identification, correction, comparison, or warning about common mistakes.",high,,C_control
3434,Practice Set b. This trapezoid can be divided into a rectangle and a triangle. Find the area of the trapezoid.,NA,The paragraph simply asks the student to solve a geometry problem; it does not involve identifying or correcting errors.,high,,C_control
2470,"In the following examples we will use both formulas stated above. From our calculations of the areas of rectangles and parallelograms, we remember that the base and the height are perpendicular measurements.",NA,"The paragraph only provides instructional content about using formulas and recalling a geometric fact, with no mention of errors, mistakes, or comparing student work.",high,,C_control
4046,intersect (intersecar): To share a point or points. These two lines intersect. They share the point M.,NA,"The paragraph provides a definition of 'intersect' and a simple statement about lines sharing a point, with no mention of errors, mistakes, or student work.",high,,C_control
1452,15. (23) Connect What is the ratio of the value of a dime to the value of a quarter?,NA,"The paragraph simply asks a factual question about the ratio of coin values, with no mention of errors, mistakes, or comparison of student work.",high,,C_control
1776,"Example 5: In the experiment in example 4, what is the probability that the marble Brendan draws is a primary color?
Solution: Red and yellow are primary colors. Green and orange are not. Since 5 possible outcomes are red and 4 are yellow, the probability that the drawn marble is a primary color is:
(5 + 4) / 12 = 9/12 = 3/4",NA,"The paragraph presents a straightforward example and solution about probability, without any mention of errors, student mistakes, or comparisons.",high,,C_control
2667,* 28. (81) a. 100 cm^2 / 10 cm b. 180 pages / 4 days,NA,"The paragraph only presents simple calculation prompts with no mention of errors, mistakes, or comparison of student work.",high,,C_control
107,"Example 4: Find the value of y: 236 − y = 152. Solution: One way to determine how to find a missing number is to think of a simpler problem that is similar. Here is a simpler subtraction fact: 5 − 3 = 2. In the problem, y is in the same position as the 3 in the simpler subtraction fact. Just as we can find 3 by subtracting 2 from 5, we can find y by subtracting 152 from 236: 236 − 152 = 84. We find that y is 84. Now we check our answer by using 84 in place of y in the original problem: 236 − 84 = 152. The answer checks.",NA,"The paragraph presents a worked example of solving an equation without mentioning any error, student work, or common mistake.",high,,C_control
531,"Find each unknown number. Check your work.
12. $3 − y = $1.75
13. m − 20 = 30
14. 12n = 0
15. 16 + 14 = 14 + w",NA,"The paragraph simply asks students to solve for unknowns and check their own work, with no mention of errors, comparisons, or warnings.",high,,C_control
3640,"17. Find the volume of a rectangular prism using the formula V = lwh when the length is 8 cm, the width is 5 cm, and the height is 2 cm.",NA,"The paragraph simply asks the student to compute a volume using a formula; it does not involve identifying or correcting errors, comparing student work, or warning about common mistakes.",high,,C_control
2810,"Example 2: Simplify: √625
Solution
In example 1 we found that √400 equals 20. Since √625 is greater than √400, we know that √625 is greater than 20. We find that √625 is less than 30, because 30 × 30 equals 900. Since the last digit is 5, perhaps √625 is 25. We multiply to find out.
25 × 25 = 625
We find that √625 equals 25.",NA,"The paragraph presents a straightforward worked example without any named student error, comparison, or warning about common mistakes.",high,,C_control
3264,* 5. (85) Complete this proportion: Four is to five as what number is to twenty?,NA,"The paragraph simply asks the student to complete a proportion, with no mention of errors, mistakes, or comparing student work.",high,,C_control
1166,"* 30. (36) Justify If you know the perimeter of a square, you can find the area of the square in two steps. Describe the two steps.",NA,"The paragraph asks the student to describe steps for a procedure, with no mention of errors, mistakes, or comparing student work.",high,,C_control
2280,"Practice Set
Find the value of each expression:
a. 10^4
b. 2^3 + 2^4
c. 2^2 · 5^2
d. Write the prime factorization of 72 using exponents.
Write each decimal number as a fraction or mixed number:
e. 12.5
f. 1.25
g. 0.125
h. 0.05
i. 0.24
j. 10.2",NA,"The paragraph only asks students to compute values and convert numbers, with no mention of errors, mistakes, or comparing student work.",high,,C_control
1491,"* 23. (46) Multiply as shown. Then complete the division.
1.25/0.5 · 10/10",NA,"The paragraph simply gives a procedural instruction to multiply and divide, with no mention of errors, mistakes, or comparison of student work.",high,,C_control
3448,19. What is the greatest common factor of 30 and 45?,NA,"The paragraph simply asks a factual math question with no reference to student errors, comparisons, or warnings about common mistakes.",high,,C_control
3204,"To find the probability of the compound outcome, we multiply the probabilities of each part. The probability of “A, blue” is 1/2 · 2/3, which equals 1/3.",NA,"The paragraph simply explains how to compute a probability and provides a correct calculation; it does not involve student errors, comparisons, or warnings.",high,,C_control
3349,24. (77) Three fourths of the 60 athletes played in the game. How many athletes did not play?,NA,"The paragraph is a straightforward word problem asking for a calculation; it contains no mention of errors, mistakes, or comparisons.",high,,C_control
3168,"Example 6
Simplify: −10 − −6
Solution
This problem directs us to subtract a negative six from negative ten. Instead, we may add the opposite of negative six to negative ten.
−10 − −6
−10 + +6 = −4",NA,"The paragraph presents a worked example of simplifying an expression, without showing a student's error, warning about common mistakes, or asking the reader to find or correct an error.",high,,C_control
1882,"e. Represent Sketch the front, top, and bottom of each 3-dimensional figure.",NA,"The paragraph simply instructs students to sketch views of 3‑dimensional figures and contains no mention of errors, mistakes, or comparing student work.",high,,C_control
1752,"Early Finishers: Real-World Application
Dalia and her three sisters make a pizza and decide to split it into four equal pieces (one for each person). Dalia finds out that her best friend is coming over, so she cuts her piece in half to share with her friend. What fraction of the whole pizza does Dalia have now? Show your work.",NA,"The paragraph presents a word problem without any mention of errors, comparisons, or error detection; it simply asks the student to solve and show work.",high,,C_control
2361,22. (20) What is the greatest common factor of 18 and 30?,NA,"The paragraph simply asks for the greatest common factor; it does not involve error detection, correction, comparison, or warning about common mistakes.",high,,C_control
1,"As we study mathematics we learn how to use tools that help us solve problems. We face mathematical problems in our daily lives, in our work, and in our efforts to advance our technological society. We can become powerful problem solvers by improving our ability to use the tools we store in our minds. In this book we will practice solving problems every day.

This lesson has three parts:
Problem-Solving Process The four steps we follow when solving problems.
Problem-Solving Strategies Some strategies that can help us solve problems.
Writing and Problem Solving Describing how we solved a problem or formulating a problem.",NA,"The paragraph is introductory material describing the lesson structure and does not involve any error detection, correction, or warning about common mistakes.",high,,C_control
719,* 4. Connect What is the perimeter of the rectangle? [3/8 in. by 1/8 in.],NA,"The paragraph simply asks for the perimeter of a rectangle with given dimensions, with no mention of errors, mistakes, or comparison of student work.",high,,C_control
1400,30. (17) Connect What mixed number corresponds to point X on the number line below?,NA,"The paragraph asks the student to identify a mixed number for a point on a number line, with no mention of errors, mistakes, or comparing student work.",high,,C_control
115,3. What is the difference of 25 and 12?,NA,"The paragraph simply asks a straightforward arithmetic question with no mention of errors, mistakes, or comparison of student work.",high,,C_control
470,"* 9. What is the temperature reading on this thermometer? Write the answer twice, once with digits and an abbreviation and once with words.",NA,The paragraph simply asks the student to read a thermometer and write the answer in two formats; it does not involve identifying or correcting errors.,high,,C_control
3150,"Power Up Building Power
mental math
a. Number Sense: 50 · 80
b. Number Sense: 380 + 550
c. Percent: 50% of 100
d. Calculation: $40.00 - $21.89
e. Decimals: 0.8 × 100
f. Number Sense: 750/25
g. Measurement: How many pints are in 2 quarts?
h. Calculation: 5 + 5, × 10, - 1, ÷ 9, + 1, ÷ 3, × 7, + 2, ÷ 2",NA,"The paragraph lists mental math practice problems without any mention of errors, mistakes, or comparing student work.",high,,C_control
1378,2. (15) One mile is 5280 feet. How many feet is five miles?,NA,"The paragraph simply asks a conversion problem with no mention of errors, mistakes, or comparison of student work.",high,,C_control
2800,* 27. Explain How do you calculate the area of a triangle?,NA,"The paragraph simply asks the student to explain how to calculate the area of a triangle, with no mention of errors, mistakes, or comparison of student work.",high,,C_control
994,3. Some astronomers think that the universe is about fourteen billion years old. Use digits to write that number of years.,NA,"The paragraph simply asks students to convert a verbal description into digits, with no mention of errors, mistakes, or comparison of student work.",high,,C_control
4147,survey A method of collecting data about a particular population. Mia conducted a survey by asking each of her classmates the name of his or her favorite television show.,NA,"The paragraph simply describes a data collection method with no mention of errors, mistakes, or comparison of student work.",high,,C_control
3261,"On his first six tests, Chris had scores of 90%, 92%, 96%, 92%, 84%, and 92%. Use this information to answer problems 1 and 2. 1. (Inv. 5) a. Which score occurred most frequently? That is, what is the mode of the scores? b. The difference between Chris’s highest score and his lowest score is how many percentage points? That is, what is the range of the scores? 2. (18) What was Chris’s average score for the six tests? That is, what is the mean of the scores?",NA,The paragraph simply presents data and asks the student to compute statistical measures; it does not involve identifying or correcting errors.,high,,C_control
538,"27. A quarter is 1/4 of a dollar.
a. How many quarters are in one dollar?
b. How many quarters are in three dollars?",NA,"The paragraph simply asks straightforward counting questions about quarters, with no mention of errors, student work, or comparisons.",high,,C_control
2397,26. (Inv. 6) How many small cubes were used to form this rectangular prism?,NA,"The paragraph simply asks a counting question about a geometric figure, with no mention of errors, student work, or comparisons.",high,,C_control
3370,"4. (82) When Robert measured a half-gallon box of frozen yogurt, he found it had the dimensions shown in the illustration. What was the volume of the box in cubic inches?",NA,"The paragraph simply asks the student to compute a volume based on given dimensions; it does not involve error detection, correction, comparison, or warning about common mistakes.",high,,C_control
637,"Power Up Building Power
facts Power Up D
mental math
a. Number Sense: 4 × 42
b. Number Sense: 3 × 76
c. Number Sense: 64 + 19
d. Number Sense: 450 + 37
e. Calculation: $10.00 − $6.50
f. Fractional Parts: 1/2 of 24
g. Measurement: How many months are in a year?
h. Calculation: Start with 25, × 2, − 1, ÷ 7, + 1, ÷ 2",NA,"The paragraph lists a series of mental math tasks without mentioning any errors, mistakes, or comparisons of student work.",high,,C_control
300,* 3. (10) Explain Is the number 1492 even or odd? How can you tell?,NA,"The paragraph asks a straightforward question about parity, with no mention of errors, mistakes, or comparison of student work.",high,,C_control
2809,"Math Language: Consecutive whole numbers are two numbers we count in sequence, such as 4 and 5, or 15 and 16.",NA,The paragraph provides a definition of consecutive whole numbers with examples and contains no error-focused instruction or warning.,high,,C_control
2562,"* 29. Simplify:
a. 2 yd + 3 ft (Write the sum in yards.)
b. 5 m × 3 m
c. (36 ft^2) / (6 ft)
d. (400 miles) / (20 gallons)",NA,"The paragraph presents straightforward practice problems without mentioning errors, mistakes, or comparing student work.",high,,C_control
2902,24. Write the prime factorization of 225 using exponents.,NA,"The paragraph simply asks the student to perform a task (write a prime factorization) with no mention of errors, mistakes, or comparison of student work.",high,,C_control
139,1. Five dozen carrot sticks are to be divided evenly among 15 children. Find how many carrot sticks each child should receive by dividing 60 by 15.,NA,"The paragraph simply asks the student to perform a division calculation; it does not present an error, compare approaches, or warn about common mistakes.",high,,C_control
1430,"mental math
a. Calculation: 4 × 525
b. Number Sense: 567 – 120
c. Number Sense: 38 + 17
d. Money: $5.75 + $2.50
e. Fractional Parts: 1/2 of 950
f. Number Sense: 2000 / 100
g. Geometry: The perimeter of a regular hexagon is 36 mm. What is the length of the sides of the hexagon?
h. Calculation: 9 × 7, + 1, ÷ 8, × 3, + 1, × 2, – 1, ÷ 7",NA,"The paragraph lists a series of mental math problems without mentioning errors, mistakes, or comparing student work.",high,,C_control
3057,30. What is the probability of rolling a prime number with one roll of a number cube? Express the ratio as a fraction and as a decimal.,NA,"The paragraph simply asks a probability question; it does not involve error detection, correction, comparison, or warnings about common mistakes.",high,,C_control
1638,18. (38) Analyze The area of a square is 64 cm^2. What is the perimeter of the square?,NA,"The paragraph simply asks a student to compute the perimeter from a given area, with no mention of errors, mistakes, or comparison of student work.",high,,C_control
3630,"Practice Set
Predict First predict which problems will have a positive answer and which will have a negative answer. Then simplify each problem.
a. (−5)(+4)
b. (−5)(−4)
c. (+5)(+4)
d. (+5)(−4)
e. (+12)/(−2)
f. (+12)/(+2)
g. (−12)/(+2)
h. (−12)/(−2)",NA,"The paragraph only asks students to predict signs and simplify arithmetic expressions; it does not present errors, compare student work, or warn about common mistakes.",high,,C_control
358,"29. (2) Represent Use the numbers 24, 6, and 4 to write two multiplication facts and two division facts.",NA,The paragraph simply asks students to create multiplication and division facts with given numbers; it contains no error-focused instruction or warning.,high,,C_control
3100,2. Analyze Jenny is 5 1/2 feet tall. She is how many inches tall?,NA,"The paragraph asks the student to perform a conversion calculation without referencing any error, mistake, or comparison.",high,,C_control
203,"Thinking Skill Conclude: If two opposite-facing rays are joined at their endpoints, what is the result? What do those endpoints become?",NA,The paragraph asks a conceptual geometry question and does not involve identifying or correcting errors.,high,,C_control
2339,"Example 1
Write 3/100 as a percent.
Solution
A percent is a fraction with a denominator of 100. Instead of writing the denominator, we write a percent sign. We write 3/100 as 3%.",NA,"The paragraph simply explains how to convert a fraction to a percent with no mention of errors, mistakes, or conflicting student work.",high,,C_control
438,"* 5. (14) Connect Arrange these numbers in order from least to greatest:
5, −3, 1, 0, −2",NA,The paragraph simply asks students to arrange numbers in order; it does not involve identifying or correcting errors.,high,,C_control
1022,"Example 2
What is the place value of the 8 in 67.89?
Solution
The 8 is in the first place to the right of the decimal point, which is the tenths place.",NA,"The paragraph presents a straightforward example question and its solution without any mention of errors, mistakes, or comparison of student work.",high,,C_control
2733,24. (31) Choose the appropriate unit for the area of a garage. A square inches B square feet C square miles,NA,"The paragraph asks the student to select the correct unit for an area; it does not present an error, compare approaches, or warn about common mistakes.",high,,C_control
3081,"Refer to the table below to answer problems 25–27.
Mark's Personal Running Records
Distance | Time (minutes:seconds)
1/4 mile | 0:58
1/2 mile | 2:12
1 mile | 5:00",NA,"The paragraph only presents a data table for reference; it contains no error detection, correction, comparison, or warning about common mistakes.",high,,C_control
1226,26. Represent Arrange the numbers in this multiplication fact to form another multiplication fact and two division facts. 0.2 × 0.3 = 0.06,NA,"The paragraph asks students to rearrange numbers to create new facts, with no mention of errors, mistakes, or comparing student work.",high,,C_control
2610,"2. (66) Analyze Arabian camels travel about 3 times as fast as Bactrian camels. If Bactrian camels travel at 1 1/2 miles per hour, at how many miles per hour do Arabian camels travel?",NA,The paragraph presents a straightforward word problem asking the student to compute a speed; it does not involve identifying or correcting errors.,high,,C_control
893,6. Connect There were 12 minutes of commercials during the one-hour program. What was the ratio of commercial to noncommercial time during the one-hour program? Explain how you found your answer.,NA,"The paragraph simply asks for a ratio calculation and explanation, with no mention of errors, mistakes, or comparing student work.",high,,C_control
505,16. How much money is 1/4 of $5?,NA,"The paragraph simply asks a straightforward calculation without referencing any error, mistake, or comparison.",high,,C_control
389,27. (2) Show three ways to write “27 divided by 3.”,NA,"The paragraph simply asks the student to show three ways to write a division expression, with no mention of errors, mistakes, or comparing student work.",high,,C_control
3466,"Practice Set Conclude For problems a–e, what transformation(s) could be used to position triangle I on triangle II? For exercise f triangle ABC is reflected across the y-axis. Write the coordinates of the vertices of △ABC and the coordinates of the vertices of its reflection △A′B′C′ (Read, “A prime, B prime, C prime.”) Explain all answers.",NA,"The paragraph asks students to identify transformations and write coordinates; it does not involve error detection, correction, or warnings about common mistakes.",high,,C_control
2458,25. Represent Draw a quadrilateral that is not a rectangle.,NA,"The paragraph asks the student to draw a quadrilateral that is not a rectangle, with no mention of errors, named students, or common mistakes.",high,,C_control
2738,29. (47) Estimate The diameter of each wheel on the lawn mower is 10 inches. How far must the lawn mower be pushed in order for each wheel to complete one full turn? Round the answer to the nearest inch. (Use 3.14 for π.),NA,"The paragraph presents a straightforward calculation problem with no mention of errors, mistakes, or comparison of student work.",high,,C_control
282,* 26. (9) Represent Use digits and symbols to write this comparison: One half is greater than one third.,NA,The paragraph asks the student to represent a comparison using symbols; it does not involve identifying or correcting errors.,high,,C_control
2346,"Practice Set
Write each fraction as a percent:
a. 31/100
b. 1/100
c. 1/10
d. 3/50
e. 7/25
f. 2/5
g. Twelve of the 30 students earned a B on the test. What percent of the students earned a B?
h. Jorge correctly answered 18 of the 20 questions on the test. What percent of the questions did he answer correctly?
Write each decimal number as a percent:
i. 0.25
j. 0.3
k. 0.05
l. 1.0
m. 0.7
n. 0.15",NA,"The paragraph only asks students to perform conversion tasks without mentioning errors, mistakes, or comparing student work.",high,,C_control
1366,"30. (Inv. 3) Describe each angle in the figure as acute, right, or obtuse.
a. angle A
b. angle B
c. angle C
d. angle D",NA,"The paragraph simply asks the student to classify angles; it contains no error-focused prompts, warnings, or named student work.",high,,C_control
58,Power Up Building Power facts Power Up A mental math: a. Number Sense: 500 + 40 b. Number Sense: 60 + 200 c. Number Sense: 30 + 200 + 40 d. Number Sense: 70 + 300 + 400 e. Number Sense: 400 + 50 + 30 f. Number Sense: 60 + 20 + 400 g. Measurement: How many inches are in 2 feet? h. Measurement: How many millimeters are in 2 centimeters?,NA,"The paragraph only lists mental math and measurement conversion problems without any mention of errors, student work, or warnings about common mistakes.",high,,C_control
1654,Practice Set Mentally calculate each quotient. Write each answer as a decimal number. a. 2.5 ÷ 10 b. 2.5 ÷ 100 c. 87.5 ÷ 10 d. 87.5 ÷ 100 e. 0.5 ÷ 10 f. 0.5 ÷ 100 g. 25 ÷ 10 h. 25 ÷ 100 i. A stack of 10 pennies is 1.5 cm high. How thick is one penny in centimeters? In millimeters?,NA,"The paragraph is a straightforward practice set asking students to compute quotients, with no mention of errors, mistakes, or comparisons.",high,,C_control
3467,1. What is the sum of the first five positive even numbers?,NA,"The paragraph simply asks a straightforward math question without referencing any errors, student work, or comparisons.",high,,C_control
2283,"3. (18) Formulate If Jill wants to finish the book in the next three days, then she should read an average of how many pages per day? Write an equation and solve the problem.",NA,The paragraph asks the student to formulate and solve a word problem; it does not involve identifying or correcting errors.,high,,C_control
1790,28. Model Draw a rectangle that is 1 1/2 inches long and 3/4 inch wide. Then draw a segment that divides the rectangle into two triangles.,NA,"The paragraph only gives a modeling task to draw a rectangle and a segment; it contains no error-focused prompts, named students, or warnings about common mistakes.",high,,C_control
526,* 5. Estimate Find the sum of 5280 and 1760 by rounding each number to the nearest thousand before adding.,NA,The paragraph simply asks the student to estimate a sum by rounding; it does not involve identifying or correcting errors.,high,,C_control
2119,28. Write 3% as a fraction. Then write the fraction as a decimal number.,NA,"The paragraph simply asks the student to perform a conversion task with no mention of errors, mistakes, or comparison of student work.",high,,C_control
3382,"21. (78) Estimate A quart is a little less than a liter, so a gallon is a little less than how many liters?",NA,"The paragraph asks for an estimate conversion and does not involve identifying or correcting errors, comparing approaches, or warning about common mistakes.",high,,C_control
2040,problem solving: In this figure a square and a regular pentagon share a common side. The area of the square is 25 square centimeters. What is the perimeter of the pentagon?,NA,"The paragraph simply presents a geometry problem to solve, with no mention of errors, mistakes, or comparison of student work.",high,,C_control
2033,25. Estimate: A meter is about 1 1/10 yards. About how many meters long is an automobile?,NA,The paragraph asks for an estimation calculation and does not involve identifying or correcting errors.,high,,C_control
1820,"* 29. Analyze Arrange these three numbers in order from least to greatest:
3/4, the reciprocal of 3/4, 1",NA,"The paragraph asks students to arrange numbers in order; it does not involve identifying or correcting errors, comparing student work, or warning about common mistakes.",high,,C_control
1697,18. (8) What is the perimeter of this square? (Side length: 3/8 in.),NA,"The paragraph simply asks for a calculation of perimeter and does not involve any error detection, correction, comparison, or warning about common mistakes.",high,,C_control
2893,* 6. Connect How many degrees does the minute hand of a clock turn in 45 minutes?,NA,"The paragraph simply asks a factual question about clock hand rotation; it does not involve error detection, correction, or comparison.",high,,C_control
2303,"* 30. (71) Conclude The measure of ∠W in parallelogram WXYZ is 75°.
a. What is the measure of ∠X?
b. What is the measure of ∠Y?",NA,"The paragraph asks for angle measures in a parallelogram without referencing any errors, mistakes, or comparisons, so it is standard textbook content.",high,,C_control
785,"Example 2
If the radius of a circle is 4 cm, what is its diameter?
Solution
The diameter of a circle is twice its radius—in this case, 8 cm.",NA,"The paragraph presents a straightforward example problem and its solution without any mention of errors, mistakes, or comparison of student work.",high,,C_control
3314,27. (37) a. Analyze What is the area of the shaded rectangle? b. What is the area of the unshaded rectangle? c. What is the combined area of the two rectangles?,NA,"The paragraph asks the reader to compute areas of shapes; there is no mention of errors, mistakes, or comparison of student work.",high,,C_control
2112,"21. The perimeter of a square is 2.4 meters.
a. How long is each side of the square?
b. What is the area of the square?",NA,"The paragraph simply asks the student to compute side length and area from a given perimeter, with no mention of errors, mistakes, or comparison of student work.",high,,C_control
276,"9. (9) Arrange these numbers in order from least to greatest: 1, 0, 1/2",NA,"The paragraph simply asks the student to arrange numbers, with no mention of errors, mistakes, or comparing student work.",high,,C_control
1818,27. One eighth is equivalent to 12 1/2%. To what percent is three eighths equivalent?,NA,"The paragraph simply asks a conversion question without referencing any error, mistake, or comparison of student work.",high,,C_control
1529,"* 29. (46) Analyze Multiply as shown. Then simplify the answer.
3.5/0.7 · 10/10",NA,The paragraph simply asks the student to perform a multiplication and simplify; it contains no error-focused prompts or warnings.,high,,C_control
1113,"Thinking Skill Analyze
In the number 2.41, in what place is the digit 4? the digit 1?",NA,The paragraph asks about place value positions and does not involve identifying or correcting errors.,high,,C_control
1314,h. Write 1/6 as a fraction with 12 as the denominator. Subtract the renamed fraction from 5/12. Reduce the subtraction answer.,NA,"The paragraph simply gives a procedural math task with no mention of errors, student work, or warnings about common mistakes.",high,,C_control
1604,"The sectors of a circle graph form central angles. A central angle has its vertex on the center of the circle and its rays are radii of the circle. Since the central angles of a full circle total 360º, the number of degrees in a fraction of a circle is the fraction times 360º. For example, if each sector is 1/4 of the circle, then each central angle measures 90º. 1/4 × 360º = 90º",NA,"The paragraph only explains concepts and gives an example; it does not present an error, compare approaches, or warn about common mistakes.",high,,C_control
595,8. One centimeter equals ten millimeters. How many millimeters long is the line segment below?,NA,The paragraph simply states a conversion fact and asks for a measurement; it does not involve identifying or correcting errors.,high,,C_control
2983,2. Connect On the Celsius scale water freezes at 0°C and boils at 100°C. What temperature is halfway between the freezing and boiling temperatures of water?,NA,"The paragraph simply asks for a calculation (midpoint) without presenting any error, mistake, or comparison of student work.",high,,C_control
2149,25. (7) How many millimeters long is the line below?,NA,"The paragraph simply asks a measurement question with no mention of errors, mistakes, or comparison of student work.",high,,C_control
730,18. Formulate Cheryl bought 10 pens for 25¢ each. How much did she pay for all 10 pens? Write an equation and solve the problem.,NA,"The paragraph simply asks the student to formulate and solve a straightforward word problem, with no mention of errors, mistakes, or comparison of student work.",high,,C_control
459,"New Concept Increasing Knowledge
We have studied several types of mathematical word problems. Problems about combining have an addition pattern. Problems about separating, comparing, and elapsed-time have subtraction patterns. Another type of mathematical problem is the equal groups problem. Here is an example:
In the auditorium there were 15 rows of chairs with 20 chairs in each row. Altogether, there were 300 chairs in the auditorium.
The chairs were arranged in 15 groups (rows) with 20 chairs in each group. Here is how we write the pattern:
15 rows × 20 chairs in each row = 300 chairs
Number of groups × number in group = total
n × g = t
In a problem about equal groups, any one of the numbers might be unknown. We multiply to find the unknown total. We divide to find an unknown factor.",NA,"The paragraph only introduces a concept and provides an example without presenting errors, student work, or comparisons.",high,,C_control
747,"adding and subtracting mixed numbers
When adding mixed numbers, we first add the fraction parts, and then we add the whole-number parts. Likewise, when subtracting mixed numbers, we first subtract the fraction parts, and then we subtract the whole-number parts.",NA,"The paragraph only describes the standard procedure for adding and subtracting mixed numbers without mentioning any errors, student work, or comparisons.",high,,C_control
2287,* 8. (73) Analyze (100 − 10^2) ÷ 5^2,NA,"The paragraph simply asks the student to analyze an expression; there is no mention of student errors, comparisons, or warnings about common mistakes.",high,,C_control
4035,"greatest common factor (GCF) (máximo común divisor (MCD)): The largest whole number that is a factor of two or more given numbers. The factors of 12 are 1, 2, 3, 4, 6, and 12. The factors of 18 are 1, 2, 3, 6, 9, and 18. The greatest common factor of 12 and 18 is 6.",NA,"The paragraph provides a definition and a straightforward example without asking the reader to find or correct an error, compare approaches, or warn about common mistakes.",high,,C_control
2653,10. (71) What is the perimeter of this parallelogram?,NA,"The paragraph simply asks for the perimeter of a shape, with no mention of errors, mistakes, or comparison of student work.",high,,C_control
2754,9. (74) Write 3/5 as a decimal and add it to 6.5. What is the sum?,NA,The paragraph simply asks the student to perform a conversion and addition; it does not involve identifying or correcting errors.,high,,C_control
411,"* 10. (12) Which digit is in the thousands place in 54,321?",NA,"The paragraph simply asks a factual question about place value with no mention of errors, mistakes, or comparing student work.",high,,C_control
1201,Example 2 Subtract: 3 − 0.4 Solution We place a decimal point on the back of the whole number and line up the decimal points. We fill the empty place with zero and subtract. 3.0 − 0.4 = 2.6,NA,"The paragraph simply explains how to perform a subtraction with decimals; it does not present an error, compare approaches, or warn about common mistakes.",high,,C_control
3816,"24. (Inv. 5) Estimate The mean, median, and mode of student scores on a test were 89, 87, and 92 respectively. About half of the students scored what score or higher?",NA,"The paragraph asks a straightforward estimation question about test scores, with no mention of errors, mistakes, or comparison of student work.",high,,C_control
2031,23. Write 16% as a reduced fraction.,NA,"The paragraph simply asks the student to perform a conversion task with no mention of errors, mistakes, or comparison of student work.",high,,C_control
2628,"* 23. (71, 79) a. What is the area of this parallelogram? b. What is the area of the shaded triangle?",NA,"The paragraph simply asks for calculations of area with no mention of errors, student work, or comparisons.",high,,C_control
1358,22. Divide 100 by 16 and write the answer as a mixed number. Reduce the fraction part of the mixed number.,NA,"The paragraph simply asks the student to perform a division and express the result as a mixed number, with no mention of errors, named students, or common mistakes.",high,,C_control
1437,Thinking Skill Predict How many zeros are in the product of 600 × 400?,NA,"The paragraph simply asks a predictive question about a multiplication product and does not involve identifying, correcting, or warning about errors.",high,,C_control
1924,"Example 3
Write 1 2/3 and 2 2/5 as improper fractions. Then multiply the improper fractions. What is the product?
Solution
First we write 1 2/3 and 2 2/5 as improper fractions.
1 2/3 = 3/3 + 2/3 = 5/3
2 2/5 = 10/5 + 2/5 = 12/5
Next we multiply 5/3 by 12/5.
5/3 · 12/5 = 60/15
The result is an improper fraction, which we simplify.
60/15 = 4
So 1 2/3 × 2 2/5 equals 4.",NA,"The paragraph presents a straightforward worked example without any mention of errors, student mistakes, or comparison of approaches.",high,,C_control
1500,"problem solving Josepha is making sack lunches. She has two kinds of sandwiches, three kinds of fruit, and two kinds of juice. If each sack lunch contains one kind of sandwich, one kind of fruit, and one kind of juice, how many different sack-lunch combinations can Josepha make?",NA,"The paragraph simply asks a counting problem; it does not involve identifying or correcting errors, comparing student work, or warning about common mistakes.",high,,C_control
797,"Model Use your fraction manipulatives to help answer problems 11–18.
11. 1/6 + 2/6 + 3/6
12. 7/8 − 3/8
13. 6/6 − 5/6
14. 2/8 + 5/8
15. a. How many 1/8s are in 1?
b. How many 1/8s are in 1/2?
* 16. Reduce: 4/6
17. What fraction is half of 1/4?
18. What fraction of a circle is 50% of a circle?",NA,"The paragraph lists practice problems for fraction operations without mentioning errors, mistakes, or comparing student work.",high,,C_control
80,"Multiplication and division are inverse operations, so there are multiplication and division fact families just as there are addition and subtraction fact families. The numbers 5, 6, and 30 are a fact family. We can form two multiplication facts and two division facts with these numbers: 5 × 6 = 30, 30 ÷ 5 = 6, 6 × 5 = 30, 30 ÷ 6 = 5.",NA,"The paragraph simply explains multiplication/division fact families without mentioning any errors, mistakes, or comparing student work.",high,,C_control
93,* 23. Connect Rearrange the numbers in this addition fact to form another addition fact and two subtraction facts: 12 + 24 = 36,NA,"The paragraph asks students to rearrange numbers to create new facts; it does not involve identifying or correcting errors, comparing student work, or warning about common mistakes.",high,,C_control
2669,30. (23) Analyze This year Moises has read 24 books. Sixteen of the books were non-fiction and the rest were fiction. What is the ratio of fiction to non-fiction books Moises has read this year?,NA,"The paragraph simply asks for a ratio calculation with no mention of errors, mistakes, or comparing student work.",high,,C_control
3838,"7. (Inv. 5) What is the mean of 17, 24, 27, and 28?",NA,"The paragraph simply asks for the mean of a list of numbers, with no mention of errors, mistakes, or comparison of student work.",high,,C_control
71,"Example 2: Multiply: 400 × 874. Solution: To simplify the multiplication, we reverse the order of the factors and write trailing zeros so that they “hang out” to the right: 874 × 400 = 349,600.",NA,"The paragraph presents a straightforward example of multiplication with a solution, without any mention of errors, student work, or comparisons.",high,,C_control
666,problem solving: How many different bracelets can be made from 7 white beads and 2 gray ones?,NA,"The paragraph simply poses a counting problem without mentioning errors, mistakes, or comparing student work.",high,,C_control
2926,"8. Arrange these numbers in order from least to greatest: 1, 0, 0.1, −1",NA,The paragraph simply asks the student to order numbers; it does not involve identifying or correcting errors.,high,,C_control
2838,"Power Up Building Power
facts Power Up J
mental math
a. Power/Roots: √100
b. Calculation: 781 − 35
c. Calculation: $1.98 + $2.98
d. Fractional Parts: 1/3 of $24.00
e. Decimals: 0.375 × 100
f. Number Sense: 1200/300
g. Geometry: A cube has a height of 4 cm. What is the volume of the cube?
h. Calculation: 2 × 2, × 2, × 2, − 1, × 2, + 2, ÷ 4, ÷ 4",NA,"The paragraph lists a series of practice problems without mentioning any errors, student work, or warnings about common mistakes.",high,,C_control
2659,"20. (83) Two ratios form a proportion if the ratios reduce to the same fraction. Which two ratios below form a proportion? 15/12, 15/9, 25/10, 35/21",NA,"The paragraph asks a standard question about identifying a proportion; it does not involve error detection, correction, comparison of student work, or warnings about common mistakes.",high,,C_control
908,"One way to measure angles is with units called degrees. A full circle measures 360 degrees. A tool to help us measure angles is a protractor. To measure an angle, we place the center point of the protractor on the vertex of the angle, and we place one of the zero marks on one ray of the angle. Where the other ray of the angle passes through the scale, we can read the degree measure of the angle.",NA,"The paragraph only explains how to measure angles with a protractor and does not involve any error detection, correction, or comparison.",high,,C_control
490,"Example 3 Estimate the sum of 467 and 312.
Solution Estimating is a skill we can learn to do in our head. First we round each number. Since both numbers are in the hundreds, we will round each number to the nearest hundred.
467 rounds to 500
312 rounds to 300
To estimate the sum, we add the rounded numbers.
500 + 300 = 800
We estimate the sum of 467 and 312 to be 800.",NA,"The paragraph simply explains how to estimate a sum by rounding; it does not present a student's error, compare approaches, ask the reader to find an error, or warn about common mistakes.",high,,C_control
2705,"28. (75, 78) Connect A quart is what percent of a gallon?",NA,"The paragraph asks a straightforward conversion question without referencing any error, mistake, or comparison of student work.",high,,C_control
1515,"9. (16) Estimate the sum of 4967, 8142, and 6890.",NA,"The paragraph simply asks the student to estimate a sum; it contains no mention of errors, mistakes, or comparison of student work.",high,,C_control
1791,29. What is the perimeter of the rectangle drawn in problem 28?,NA,"The paragraph simply asks for a calculation (perimeter) with no mention of errors, mistakes, or comparison of student work.",high,,C_control
1949,"Example: Subtract: 5 1/2 - 1 2/3
Solution: We rewrite the fractions with common denominators. Before we can subtract, we must regroup. After we subtract, we simplify if possible.
5 1/2 x 3/3 = 5 3/6 = 4 9/6
- 1 2/3 x 2/2 = 1 4/6
= 3 5/6",NA,"The paragraph provides a worked example of subtracting mixed numbers with no error focus, named students, or warnings about common mistakes.",high,,C_control
3766,"4. (58) The multiple-choice question has four choices. Raidon knows that one of the choices must be correct, but he has no idea which one. If Raidon simply guesses, what is the chance that he will guess the correct answer?",NA,"The paragraph asks a straightforward probability question about guessing; it does not involve identifying or correcting errors, comparing student answers, or warning about common mistakes.",high,,C_control
3245,"27. (38, 58) What is the probability of rolling a perfect square with one roll of a number cube?",NA,"The paragraph simply asks a probability question; it contains no error-focused prompt, no named student work, and no warning about common mistakes.",high,,C_control
1326,22. Explain Estimate the quotient of 8176/41. Describe how you performed the estimate.,NA,"The paragraph asks the student to estimate a quotient and describe the method, with no mention of errors, mistakes, or comparing student work.",high,,C_control
2035,27. Reduce: (3 ∙ 5 ∙ 5 ∙ 5) / (2 ∙ 2 ∙ 2 ∙ 5 ∙ 5 ∙ 5),NA,"The paragraph simply presents a reduction problem with no mention of errors, students, or comparisons.",high,,C_control
306,"9. (1, 2) What is the a. product of 100 and 100? b. sum of 100 and 100?",NA,"The paragraph simply asks for calculations (product and sum) with no mention of errors, mistakes, or comparison of student work.",high,,C_control
4105,quadrilateral Any four-sided polygon. Each of these polygons has 4 sides. They are all quadrilaterals.,NA,"The paragraph provides a definition of quadrilateral with no mention of errors, mistakes, or student work.",high,,C_control
946,24. Use an inch ruler to find the length of the line segment below.,NA,The sentence simply instructs the student to perform a measurement task; it does not involve identifying or correcting errors.,high,,C_control
1089,* 4. (34) Which digit in 23.47 has the same place value as the 6 in 516.9?,NA,"The paragraph simply asks a standard place-value question without referencing any error, mistake, or comparison of student work.",high,,C_control
1700,"21. (13, 38) Four squared is how much greater than the square root of 4?",NA,"The paragraph simply asks a math question; it does not present a student's error, compare approaches, or warn about common mistakes.",high,,C_control
900,* 25. What is the product of a number and its reciprocal?,NA,"The paragraph simply asks a factual question about the product of a number and its reciprocal, with no mention of errors, mistakes, or comparison of student work.",high,,C_control
2217,1. (30) What is the least common multiple of 6 and 10?,NA,"The paragraph simply asks a straightforward question about LCM with no mention of errors, mistakes, or comparison of student work.",high,,C_control
1964,23. This rectangle is divided into two congruent regions. What is the area of the shaded region? (Dimensions: 30 cm by 10 cm),NA,"The paragraph simply asks for a calculation of area with no mention of errors, mistakes, or comparison of student work.",high,,C_control
2538,"Units also change when we divide measurements. For example, if we know both the area and the length of a rectangle, we can find the width of the rectangle by dividing.
Area = 21 cm^2, length = 7 cm
To find the width of this rectangle, we divide 21 cm^2 by 7 cm.
(21 cm^2) / (7 cm) = (21 cm ∙ cm) / (7 cm) = 3 cm
We divide the numbers and write ""cm^2"" as ""cm ∙ cm"" in order to reduce the units. The quotient is 3 cm, which is the width of the rectangle.",NA,"The paragraph provides a straightforward instructional example about unit division with no error focus, named students, or warnings about common mistakes.",high,,C_control
3935,"Look at the figures below. Apply what we learned about the volumes of a prism and a pyramid to make a reasonable statement about the volumes of a cylinder and a cone. Recall that the volume of a pyramid is 1/3 the volume of a rectangular prism with the same base and height. The same relationship is true for cones and cylinders. That is, the volume of the cone is 1/3 the volume of a cylinder with the same height and base area. V of a cone = 1/3 area of B × height = 1/3 (B × h). When we insert the formula for B, the area of the base of the cylinder, we get: V of a cone = 1/3 (πr^2h)",NA,"The paragraph explains volume relationships and provides formulas; it does not present a student's error, compare approaches, ask to locate an error, or warn about common mistakes.",high,,C_control
1062,* 6. (35) Write ten and five tenths as a decimal number.,NA,"The paragraph simply asks the student to write a number as a decimal; it contains no error identification, correction, comparison, or warning about common mistakes.",high,,C_control
340,"* 1. (11) Formulate Juan ran 8 laps and rested. Then he ran some more laps. If Juan ran 21 laps in all, how many laps did he run after he rested? Write an equation and solve the problem.",NA,"The paragraph asks the student to formulate and solve a word problem; it does not present a student's error, compare approaches, or warn about common mistakes.",high,,C_control
2052,6. The sum of five numbers is 200. What is the average of the numbers?,NA,"The paragraph simply asks a straightforward calculation without mentioning any errors, mistakes, or comparisons.",high,,C_control
1127,21. (25) Convert the improper fraction 100/7 to a mixed number.,NA,"The paragraph simply asks the student to perform a conversion task with no mention of errors, mistakes, or comparison of student work.",high,,C_control
4005,difference (diferencia): The result of subtraction. 12 − 8 = 4. The difference in this problem is 4.,NA,"The paragraph simply defines the term 'difference' and gives an example; it does not involve error detection, correction, or comparison.",high,,C_control
1514,"8. (11) Formulate Juan was hiking to a waterfall 3 miles away. After hiking 2.1 miles, how many more miles did he have to hike to reach the waterfall? Write an equation and solve the problem.",NA,The paragraph simply asks the student to formulate and solve a word problem; it does not involve identifying or correcting errors.,high,,C_control
3187,21. Solve this proportion: 9/12 = 15/x,NA,"The paragraph simply asks the student to solve a proportion, with no mention of errors, mistakes, or comparison of student work.",high,,C_control
1568,Example 1 What decimal number is represented by point y on this number line? Solution The distance from 7 to 8 has been divided into ten smaller segments. Point y is four segments to the right of the whole number 7. So point y represents 7 4/10. We write 7 4/10 as the decimal number 7.4.,NA,The paragraph simply explains how to read a decimal from a number line; it contains no error-focused instruction or warning.,high,,C_control
1055,"Example 6
Write fifteen and two tenths as a decimal number.
Solution
The whole number part is fifteen. The fractional part is two tenths, which we write in decimal form.
15.2 (one decimal place)
fifteen and two tenths
Verify How would you write 15.2 as a mixed number?",NA,"The paragraph presents a straightforward conversion task with a solution and a follow‑up question, without any mention of errors, mistakes, or comparing student work.",high,,C_control
3493,"Example 1: These triangles are congruent. What is the perimeter of each? Solution: We will rotate the triangle on the left so that the corresponding parts are easier to see. Now we can more easily see that the unmarked side on the left-hand triangle corresponds to the 5-inch side on the right-hand triangle. Since the triangles are congruent, the measures of the corresponding parts are equal. So each triangle has sides that measure 3 inches, 4 inches, and 5 inches. Adding, we find that the perimeter of each triangle is 12 inches. 3 in. + 4 in. + 5 in. = 12 in.",NA,"The paragraph presents a standard example solution about congruent triangles and calculates perimeter, without any mention of errors, student mistakes, or comparison of differing work.",high,,C_control
3288,"New Concept Increasing Knowledge In this lesson we will practice finding the perimeters of complex shapes. The figure below is an example of a complex shape. Notice that the lengths of two of the sides are not given. We will first find the lengths of these sides; then we will find the perimeter of the shape. (In this book, assume that corners that look square are square.) We see that the figure is 7 cm long. The sides marked b and 3 cm together equal 7 cm. So b must be 4 cm. b + 3 cm = 7 cm, b = 4 cm.",NA,The paragraph presents a new concept and a worked example without showing a student's mistake or warning about common errors.,high,,C_control
495,* 1. What is the difference between the product of 20 and 5 and the sum of 20 and 5?,NA,"The paragraph simply asks a computational question and does not involve any error-focused instruction, named students, or warnings about common mistakes.",high,,C_control
2709,"Power Up facts Power Up G mental math a. Number Sense: 60 · 60 b. Number Sense: 850 − 170 c. Calculation: $8.99 + $4.99 d. Fractional Parts: 1/5 of $2.50 e. Decimals: 0.08 × 100 f. Number Sense: 360/120 g. Measurement: How many cups are in a pint? h. Calculation: 6 × 6, − 6, ÷ 2, − 1, ÷ 2, × 8, − 1, ÷ 5",NA,"The paragraph lists mental math practice items without mentioning errors, mistakes, or comparing student work.",high,,C_control
2305,"Power Up I
mental math
a. Number Sense: 3 × 230
b. Number Sense: 430 + 270
c. Calculation: 5 × $0.99
d. Calculation: $5.00 − $1.98
e. Fractional Parts: 1/4 of $2.40
f. Decimals: $1.25 × 10
g. Statistics: Find the median of the set of numbers: 101, 26, 125, 84, 152
h. Calculation: 5 × 5, − 5, × 5, ÷ 2, + 5, ÷ 5",NA,"The paragraph lists a series of mental math problems without mentioning errors, mistakes, or comparing student work.",high,,C_control
1730,"Fractions that do not have common denominators can be renamed to form fractions that do have common denominators. Since 2/4 equals 1/2, we can rename 1/2 as 2/4. The fractions 3/4 and 2/4 have common denominators. The common denominator is 4.
Fractions that have common denominators can be added by counting the number of parts, that is, by adding the numerators.
3/4 + 2/4 = 5/4",NA,"The paragraph explains how to rename fractions to have common denominators and then add them; it contains no error-focused prompt, named students, or warnings about common mistakes.",high,,C_control
3077,20. Compare: 1/2 ÷ 1/3 O 1/3 ÷ 1/2,NA,"The paragraph simply asks the student to compare two fraction division expressions, with no mention of errors, named students, or common mistakes.",high,,C_control
1967,"26. Evaluate: The paper cup would not roll straight. One end was 7 cm in diameter, and the other end was 5 cm in diameter. In one roll of the cup,
a. how far would the larger end roll?
b. how far would the smaller end roll?
(Round each answer to the nearest centimeter. Use 3.14 for π.)",NA,"The paragraph simply presents a word problem to solve; it does not ask the reader to find or correct an error, compare students, or warn about common mistakes.",high,,C_control
1598,"In a pictograph, pictured objects represent the data being counted. Each object represents a certain number of units of data, as indicated in the key. The two cars by Ohio, for example, indicate that 2,000,000 cars and trucks were produced in Ohio that year.",NA,"The paragraph explains how a pictograph works and gives an example; it does not involve any error-focused instruction, student work, or warnings about common mistakes.",high,,C_control
3075,18. Jovita bought 3 1/3 cubic yards of mulch for the garden. She will need 2.5 cubic yards for the flowerbeds. How much mulch is left for Jovita to use for her vegetable garden? Write your answer as a fraction.,NA,"The paragraph presents a standard word problem without any mention of errors, comparisons, or warnings about common mistakes.",high,,C_control
2163,Example 3 Simplify: 5/6 ÷ 5/2 Solution This is a division problem. We first find the number of 5/2s in 1. The answer is the reciprocal of 5/2. We then use the reciprocal of 5/2 to find the number of 5/2s in 5/6. 1 ÷ 5/2 = 2/5; 5/6 × 2/5,NA,"The paragraph presents a straightforward worked example of dividing fractions with no mention of errors, mistakes, or comparison of student work.",high,,C_control
906,INVESTIGATION 3 Focus on Measuring and Drawing Angles with a Protractor,NA,"The text is a simple heading describing an activity; it contains no mention of errors, mistakes, or comparison of student work.",high,,C_control
999,8. What is the perimeter of this rectangle? [Rectangle 12 in. by 8 in.],NA,"The paragraph simply asks for a calculation of perimeter with no mention of errors, mistakes, or comparison of student work.",high,,C_control
1120,"8. (10) Predict What is the next number in this sequence?
1, 10, 100, 1000, . . .",NA,"The paragraph simply asks the student to predict the next term in a numeric sequence, with no mention of errors, mistakes, or comparison of student work.",high,,C_control
2500,"1. What is the mean of 96, 49, 68, and 75? What is the range?",NA,"The paragraph simply asks the student to compute the mean and range of given numbers, with no mention of errors, mistakes, or comparison of student work.",high,,C_control
3653,"Early Finishers Real-World Application: Hannah’s mother gave her $20 for her birthday. Her aunt gave her $25. She spent one-fifth of her birthday money at the bookstore. How much did Hannah spend at the bookstore?
Write one equation and use it to solve the problem.",NA,"The paragraph presents a straightforward word problem and asks the student to write an equation and solve it, with no mention of errors or comparing student work.",high,,C_control
385,"* 18. (12) In the number 5,764,283,000, what is the place value of the digit 4?",NA,"The paragraph asks a straightforward place‑value question with no mention of errors, mistakes, or comparison of student work.",high,,C_control
2484,* 20. Connect Juana set the radius on the compass to 10 cm and drew a circle. What was the circumference of the circle? (Use 3.14 for π.),NA,"The paragraph simply asks the student to compute the circumference given a radius; it does not involve error detection, correction, comparison, or warning about common mistakes.",high,,C_control
565,21. Compare: 500 × 1 ◯ 500 ÷ 1,NA,"The paragraph simply asks to compare two mathematical expressions without involving student work, errors, or warnings, so it does not match any error-focused categories.",high,,C_control
1913,"Refer to the cube shown below to answer problems 29 and 30.
* 29. Each face of a cube is a square. What is the area of each face of this cube?
* 30. Find the total surface area of the cube by adding up the area of all of the faces of the cube.",NA,"The paragraph simply asks students to compute areas; it contains no error detection, correction, comparison, or warning about common mistakes.",high,,C_control
2919,"Example 3: Simplify: (2/3)²
Solution: We write 2/3 as a factor twice and then multiply.
2/3 · 2/3 = 4/9",NA,"The paragraph simply presents an example solution without mentioning any error, student work, or warning about common mistakes.",high,,C_control
3116,"24. a. Analyze What is the measure of ∠A in △ABC?
b. Analyze What is the measure of the exterior angle marked x?",NA,The paragraph simply asks the student to determine angle measures; it does not involve identifying or correcting errors.,high,,C_control
3291,"Practice Set Find the perimeter of each complex shape: a. [complex shape with dimensions 8 cm, 5 cm, 3 cm, 12 cm] b. [complex shape with dimensions 20 mm, 7 mm, 16 mm, 15 mm]",NA,The paragraph simply asks students to compute perimeters of shapes; it does not involve identifying or correcting errors.,high,,C_control
3780,"* 22. (112) Calculate mentally:
a. (-8)(-2)
b. (+8)(-2)
c. (+8)/(-2)
d. (-8)/(-2)",NA,"The paragraph simply asks students to perform mental calculations; it does not involve error detection, correction, comparison, or warnings about common mistakes.",high,,C_control
17,Make it simpler. We can make some complicated problems easier by using smaller numbers or fewer items. Solving the simpler problem might help us see a pattern or method that can help us solve the complex problem.,NA,"The paragraph gives a general strategy for simplifying problems and does not reference any errors, mistakes, or compare student work.",high,,C_control
2461,"* 28. Refer to this table to answer a and b.
3 teaspoons = 1 tablespoon
16 tablespoons = 1 cup
2 cups = 1 pint
2 pints = 1 quart
4 quarts = 1 gallon
a. A teaspoon of soup is what fraction of a tablespoon of soup?
b. How many cups of milk is a gallon of milk?",NA,"The paragraph presents conversion questions without showing any student work, errors, or warnings about common mistakes.",high,,C_control
2763,24. (14) The temperature rose from −18°F to 19°F. How many degrees did the temperature increase?,NA,"The paragraph presents a straightforward word problem asking for a temperature increase, with no mention of errors, student work, or comparisons.",high,,C_control
1419,"21. (38) Analyze The area of a square is 36 ft^2.
a. How long is each side of the square?
b. What is the perimeter of the square?",NA,"The paragraph simply asks students to compute side length and perimeter from a given area, with no mention of errors, mistakes, or comparing student work.",high,,C_control
3241,22. (92) 9^2 − √9 × 10 − 2^4 × 2,NA,"The paragraph only presents a mathematical expression with no mention of errors, student work, or warnings; it lacks any error-focused instructional cues.",high,,C_control
2142,* 18. (65) Explain How can you determine whether a counting number is a composite number?,NA,"The paragraph asks for an explanation of a concept, with no mention of errors, mistakes, or comparing student work.",high,,C_control
3497,"Here are two important facts about similar polygons: 1. The corresponding angles of similar polygons are congruent. 2. The corresponding sides of similar polygons are proportional. The first fact means that even though the sides of similar polygons might not have matching lengths, the corresponding angles do match. The second fact means that similar figures are related by a scale factor. The scale factor is a number. Multiplying the side length of a polygon by the scale factor gives the side length of the corresponding side of the similar polygon.",NA,"The paragraph only presents factual information about similar polygons without mentioning errors, mistakes, or comparing student work.",high,,C_control
218,7. (1) 3654 + 2893 + 5614; 8. (1) $41.01 − $15.76; 9. (2) 28¢ × 74; 10. (2) 906 × 47; 11. (2) 6) 5000; 12. (2) 800 ÷ 16; 13. (2) 60) 3174; 14. (3) 3 + 6 + 5 + w + 4 = 30; 15. (5) 300 − 30 + 3; 16. (5) 300 − (30 + 3); 17. (2) $4.32 ∙ 20; 18. (2) 24(48¢); 19. (2) $8.75 ÷ 25,NA,"The paragraph only lists arithmetic problems for students to solve, with no mention of errors, mistakes, or comparison of student work.",high,,C_control
784,"Example 1
What is the name for the perimeter of a circle?
Solution
The distance around a circle is its circumference.",NA,"The paragraph simply asks a factual question and provides the correct answer; it does not involve error detection, correction, or comparison.",high,,C_control
1607,"4. Sketch the circle graph by following these instructions: Use a compass to draw a circle, then mark the center. Position the center of the protractor over the center of the circle and draw a 90º sector for Michigan. Continue around the circle drawing the appropriate angle measure for each category.",NA,"The paragraph gives procedural instructions for drawing a circle graph and does not involve any error detection, correction, or comparison.",high,,C_control
2956,"12. Analyze If the rest of the members in problem 11 voted no, then what was the ratio of ""no"" votes to ""yes"" votes?",NA,"The paragraph asks the student to compute a ratio based on a scenario; it does not involve error detection, correction, comparison of student work, or warning about common mistakes.",high,,C_control
2275,"writing decimal numbers as fractions, part 2
We will review changing a decimal number to a fraction or mixed number. Recall from Lesson 35 that the number of places after the decimal point indicates the denominator of the decimal fraction (10 or 100 or 1000, etc.). The digits to the right of the decimal point make up the numerator of the fraction.",NA,"The paragraph only explains a concept (converting decimals to fractions) without mentioning errors, student work, or warnings.",high,,C_control
1827,"Math Language The term poly- means “many,” and -gon means “angles.” The prefix of a polygon’s name tells how many angles and sides the polygon has: tri- means 3, quad- means 4, and so on.",NA,"The paragraph provides definitions of prefixes for polygons and does not involve any error detection, correction, or comparison.",high,,C_control
120,* 25. Connect Rearrange the numbers in this addition fact to form another addition fact and two subtraction facts: 24 + 48 = 72,NA,"The paragraph presents a task to rearrange numbers into new facts, without showing or asking about errors.",high,,C_control
1484,* 7. (46) Generalize Write 6.25 in expanded notation.,NA,"The paragraph simply asks the student to write a number in expanded notation, with no mention of errors, mistakes, or comparisons.",high,,C_control
4091,"polygon A closed, flat shape with straight sides.",NA,"The paragraph provides a definition of a polygon with no mention of errors, mistakes, or student work.",high,,C_control
765,* 12. Write 14/5 as a mixed number.,NA,"The paragraph simply asks the student to perform a conversion task with no mention of errors, mistakes, or comparison of student work.",high,,C_control
2903,25. Connect The length of segment AC is 56 mm. The length of segment BC is 26 mm. How long is segment AB?,NA,"The paragraph simply presents a geometry problem asking for a length, with no mention of errors, student work, or error detection.",high,,C_control
2404,"New Concept Increasing Knowledge
Often fractional-parts statements contain more information than what is directly stated. Consider this fractional-parts statement:
Three fourths of the 28 students in the class are boys.
This sentence directly states information about the number of boys in the class. It also indirectly states information about the number of girls in the class. In this lesson we will practice finding several pieces of information from fractional-parts statements.",NA,"The paragraph introduces a concept and does not involve any error detection, correction, or comparison of student work.",high,,C_control
3137,"17. If the sales-tax rate is 7%, what is the tax on a $111.11 purchase?",NA,"The paragraph simply asks a straightforward calculation question with no mention of errors, mistakes, or comparison of student work.",high,,C_control
2801,"28. In the figure at right, angles ADB and BDC are supplementary.
a. What is m∠ADB?
b. What is the ratio of m∠BDC to m∠ADB? Write the answer as a reduced fraction.",NA,"The paragraph simply asks the student to compute angle measures and a ratio; it contains no error-focused prompts, named students, or warnings about common mistakes.",high,,C_control
3802,5. (94) Only 4 of the 50 states have names that begin with the letter A. What percent of the states have names that begin with letters other than A?,NA,"The paragraph simply asks a straightforward percent calculation without referencing any error, mistake, or comparison.",high,,C_control
3010,"4. Write this number in standard notation:
(5 × 100) + (6 × 10) + (7 × 1/10) + (3 × 1/100)",NA,The paragraph simply asks the student to perform a conversion task; it does not involve identifying or correcting errors.,high,,C_control
381,"* 10. (10) Predict What are the next three numbers in the following sequence?
1, 2, 4, 8, ___, ___, ___, …",NA,"The paragraph simply asks the student to predict the next numbers in a sequence, with no mention of errors, mistakes, or comparison of student work.",high,,C_control
504,15. How much money is 1/2 of $5?,NA,"The paragraph simply asks a straightforward math question without mentioning errors, students, or comparisons.",high,,C_control
3158,"Imagine a different situation. We will again start with a temperature of 0°F. First the temperature falls five degrees (−5). Then the temperature rises five degrees (+5). This brings the temperature back to 0°F. The numbers −5 and +5 are opposites. When we add opposites, the sum is zero.
−5 + +5 = 0",NA,"The paragraph explains a concept using a temperature scenario and does not present a student's error, compare approaches, ask to find an error, or warn about common mistakes.",high,,C_control
2445,3. Analyze Sue was thinking of a number between 40 and 50 that is a multiple of 3 and 4. Of what number was she thinking?,NA,"The paragraph simply asks the student to determine a number based on given conditions; it does not involve identifying or correcting errors, comparing students' work, or warning about common mistakes.",high,,C_control
3351,26. (31) Analyze Use the figure on the right to answer a–c. a. What is the area of the shaded rectangle? b. What is the area of the unshaded rectangle? c. What is the combined area of the two rectangles?,NA,"The paragraph asks the student to compute areas from a figure, with no mention of errors, mistakes, or comparison of student work.",high,,C_control
3944,11. A cone is inscribed in a right cylinder as shown. What is the volume of the cone? What is the surface area of the cylinder? Leave π as π.,NA,"The paragraph simply asks students to compute quantities; it does not present errors, compare approaches, or warn about common mistakes.",high,,C_control
81,"Example 4: Rearrange the numbers in this multiplication fact to form another multiplication fact and two division facts: 5 × 12 = 60. Solution: By reversing the factors, we form another multiplication fact: 12 × 5 = 60. By making 60 the dividend, we can form two division facts: 60 ÷ 5 = 12, 60 ÷ 12 = 5.",NA,"The paragraph simply presents an example of rearranging numbers to create equivalent multiplication and division facts, with no mention of errors, mistakes, or student work to correct.",high,,C_control
500,6. What number is halfway between 5 and 11 on the number line?,NA,"The paragraph simply asks a straightforward problem without referencing any error, mistake, or comparison of student work.",high,,C_control
3263,* 4. (83) Analyze Which ratio forms a proportion with 4/7? A 7/4 B 14/17 C 12/21 D 2/3,NA,"The paragraph is a standard multiple‑choice question asking for a proportion; it contains no error‑focused prompt, named student work, or warning about common mistakes.",high,,C_control
2008,"Thinking Skill List: What are all the factors of 4, 6, 8, and 9?",NA,"The paragraph simply asks for a list of factors, with no mention of errors, mistakes, or comparing student work.",high,,C_control
626,"Early Finishers Real-World Application
Tino's parents like mathematics, especially prime numbers. So they made a plan for his allowance. They will number the weeks of the year from 1 to 52. On week 1, they will pay Tino $1. On weeks that are prime numbers, they will pay him $3. On weeks that are composite numbers, they will pay him $5.
a. How much money will Tino receive for one year? Show your work.
b. Would Tino receive more or less if his parents paid him $5 on ""prime weeks"" and $3 on ""composite weeks""? Show your work.",NA,The paragraph presents a standard problem scenario and asks the student to compute and compare totals; it does not involve identifying or correcting errors.,high,,C_control
3350,* 25. (95) The distance a car travels can be found by multiplying the speed of the car by the amount of time the car travels at that speed. How far would a car travel in 4 hours at 88 kilometers per hour? (88 km / 1 hr) × (4 hr / 1),NA,"The paragraph presents a straightforward word problem with a calculation hint, without any mention of errors, student work, or comparisons.",high,,C_control
804,* 27. What is the name for the perimeter of a circle?,NA,"The paragraph asks a factual definition question and contains no reference to errors, mistakes, or student work.",high,,C_control
2330,* 24. (64) Classify Why are some rectangles not squares?,NA,"The paragraph asks a conceptual question about rectangles and squares, with no mention of student errors, comparisons, or error alerts.",high,,C_control
2666,* 27. (81) Simplify: 2 ft + 24 in. (Write the sum in inches.),NA,"The paragraph presents a straightforward conversion problem with no mention of errors, mistakes, or comparison of student work.",high,,C_control
4093,population A certain group of people that a survey is about.,NA,"The paragraph is a simple definition with no mention of errors, mistakes, or comparison of student work.",high,,C_control
2523,"In section A of Investigation Activity 17, you will see segment AB. Follow these directions to bisect the segment.
Step 1: Set your compass so that the distance between the pivot point of the compass and the pencil point is more than half the length of the segment. Then place the pivot point of the compass on an endpoint of the segment and ""swing an arc"" on both sides of the segment, as illustrated.",NA,The paragraph provides procedural instructions for a construction task and does not involve identifying or correcting errors.,high,,C_control
1928,"3. Classify Which of these numbers is not a prime number?
A 11
B 21
C 31
D 41",NA,"The paragraph simply asks the student to identify a non‑prime number from a list; it does not involve error detection, correction, comparison of student work, or a warning about common mistakes.",high,,C_control
2270,"New Concepts Increasing Knowledge
exponents Since Lesson 38 we have used the exponent 2 to indicate that a number is multiplied by itself.
5^2 means 5 · 5
Exponents indicate repeated multiplication, so
5^3 means 5 · 5 · 5
5^4 means 5 · 5 · 5 · 5
The exponent indicates how many times the base is used as a factor.
We read numbers with exponents as powers. Note that when the exponent is 2, we usually say “squared,” and when the exponent is 3, we usually say “cubed.” The following examples show how we read expressions with exponents:
5^2 “five to the second power” or “five squared”
10^3 “ten to the third power” or “ten cubed”
3^4 “three to the fourth power”
2^5 “two to the fifth power”",NA,"The paragraph only explains exponent notation and how to read them; it contains no error-focused prompts, named students, or warnings about common mistakes.",high,,C_control
834,* 23. Divide 5097 by 10 and write the answer as a mixed number.,NA,"The paragraph simply asks the student to perform a division and express the result as a mixed number, with no mention of errors, mistakes, or comparison of student work.",high,,C_control
3209,7. Model Copy and complete this tree diagram showing all possible outcomes of the compound experiment:,NA,"The paragraph simply instructs the student to copy and complete a tree diagram; it does not involve error detection, correction, comparison, or warning about common mistakes.",high,,C_control
2414,"Find each unknown number:
7. (43) 3.6 + a = 4.15
8. (30) 2/5 x = 1",NA,"The paragraph simply asks students to solve for unknowns; it does not present errors, compare work, or warn about common mistakes.",high,,C_control
3104,6. Estimate Use a ruler to measure the diameter of a quarter to the nearest sixteenth of an inch. How can you use that information to find the radius and the circumference of the quarter?,NA,The paragraph asks students to perform a measurement and then compute radius and circumference; it does not involve identifying or correcting errors.,high,,C_control
2,"four-step problem-solving process: Solving a problem is like arriving at a destination, so the process of solving a problem is similar to the process of taking a trip. Suppose we are on the mainland and want to reach a nearby island.

Problem-Solving Process / Taking a Trip:
Step 1: Understand Know where you are and where you want to go. / We are on the mainland and want to go to the island.
Step 2: Plan Plan your route. / We might use the bridge, the boat, or swim.
Step 3: Solve Follow the plan. / Take the journey to the island.
Step 4: Check Check that you have reached the right place. / Verify that you have reached your desired destination.",NA,"The paragraph explains a problem‑solving framework using an analogy and does not present any student error, warning, or comparison.",high,,C_control
744,"New Concepts Increasing Knowledge
using manipulatives to reduce fractions
You can use fraction manipulatives to model these fractions:
4/8  3/6  2/4  1/2
We see that each picture illustrates half of a circle. The model that uses the fewest pieces is 1/2. We say that each of the other fractions reduces to 1/2.
Model We can use our fraction manipulatives to reduce a given fraction by making an equivalent model that uses fewer pieces.",NA,"The paragraph explains a concept using manipulatives and does not present any student errors, comparisons, or warnings about common mistakes.",high,,C_control
2344,"Example 5
Write 0.08 as a percent.
Solution
The decimal 0.08 is eight hundredths.
0.08 = 8/100
Eight hundredths is equivalent to 8%.",NA,"The paragraph simply demonstrates converting a decimal to a percent with no mention of errors, mistakes, or comparison of student work.",high,,C_control
3998,data points (puntos de datos): Individual measurements or numbers in a set of data.,NA,"The paragraph provides a definition of 'data points' and contains no mention of errors, mistakes, or comparison of student work.",high,,C_control
2310,"Example 3
Write 7 2/5 as a decimal number.
Solution
The whole number part of 7 2/5 is 7, which we write to the left of the decimal point. We convert 2/5 to a decimal by dividing 2 by 5.
2/5 --> 5)2.0 = 0.4
Since 2/5 equals 0.4, the mixed number 7 2/5 equals 7.4.
Model Use a calculator to check the answer.",NA,"The paragraph provides a worked example converting a mixed number to a decimal and suggests checking with a calculator; it does not present an error, ask to find or correct one, compare students, or warn about common mistakes.",high,,C_control
1813,"20. Justify Mentally calculate each answer. Describe how you performed each mental calculation.
a. 6.25 × 10
b. 6.25 ÷ 10",NA,The paragraph asks students to perform mental calculations and describe their process; it does not involve identifying or correcting errors.,high,,C_control
4038,horizontal (horizontal): Parallel to the horizon; perpendicular to vertical.,NA,"The paragraph provides a definition of 'horizontal' with no mention of errors, student work, or comparisons.",high,,C_control
1474,Reading Math Symbols We read ≈ as “is approximately equal to.”,NA,The paragraph simply defines a symbol and does not involve any error detection or correction.,high,,C_control
445,* 12. (14) What number is 8 less than 6?,NA,"The paragraph simply asks a straightforward math question without referencing errors, student work, or comparisons.",high,,C_control
3743,21. What is the mode of the number of days in the twelve months of the year?,NA,"The paragraph simply asks a factual question about the mode of month lengths; it contains no error-focused instruction, named students, or warnings about common mistakes.",high,,C_control
892,* 5. What is the least common multiple (LCM) of 4 and 6?,NA,"The paragraph simply asks for the LCM of two numbers, with no mention of errors, mistakes, or comparison of student work.",high,,C_control
1063,"* 7. (33) Connect Write each percent as a reduced fraction:
a. 25%
b. 75%",NA,"The paragraph simply asks students to convert percentages to reduced fractions, with no mention of errors, mistakes, or comparing student work.",high,,C_control
2712,"Example 1 This circle is drawn on a grid. a. How many units is the radius of the circle? b. Estimate the area of the circle. Solution a. To find the radius of the circle, we may either find the diameter of the circle and divide by 2, or we may locate the center of the circle and count units to the circle. We find that the radius is 3 units.",NA,The paragraph presents a standard example problem with its solution and does not involve identifying or correcting errors.,high,,C_control
911,"Thinking Skill Extend: In exercises 1 and 3, we found m∠AOC and m∠AOF. Tell how to find m∠COF without using the protractor.",NA,"The paragraph asks the student to determine an angle without a protractor, with no mention of errors, mistakes, or comparing student work.",high,,C_control
113,"1. If the two factors are 25 and 12, what is the product?",NA,"The paragraph simply asks for a computation (product of two numbers) with no mention of errors, mistakes, or comparison of student work.",high,,C_control
1908,24. Analyze The area of a square is 16 square inches. What is its perimeter?,NA,"The paragraph simply asks a standard problem about finding perimeter from area, with no mention of errors, mistakes, or comparison of student work.",high,,C_control
1717,"Example 3: How many 3/4s are in 1/2? (1/2 ÷ 3/4)
Solution: Using our fraction manipulatives, the question can be stated this way:
What fraction of 3/4 is needed to make 1/2?
The answer is less than 1. We need to cut off part of 3/4 to make 1/2. If we cut off one of the three parts of three fourths, we see that two of the three parts equal 1/2. So 2/3 of 3/4 is needed to make 1/2.
Now we will show the arithmetic. The original problem asks, “How many 3/4s are in 1/2?”
1/2 ÷ 3/4
First we find the number of 3/4s in 1. The number is the reciprocal of 3/4.
1 ÷ 3/4 = 4/3
The number of 3/4s in 1 is 4/3. So the number of 3/4s in 1/2 is 1/2 of 4/3. We find 1/2 of 4/3 by multiplying.
1/2 × 4/3 = 4/6, which equals 2/3
Again, we will review the steps we took to solve the problem.
Original problem: How many 3/4s are in 1/2? 1/2 ÷ 3/4
Step 1: Find the number of 3/4s in 1. 1 ÷ 3/4 = 4/3
Step 2: Use the number of 3/4s in 1 to find the number of 3/4s in 1/2. Then simplify the answer. 1/2 × 4/3 = 4/6 = 2/3",NA,"The paragraph presents a standard worked example of dividing fractions without mentioning errors, mistakes, or comparing student work.",high,,C_control
2378,* 1. (73) Connect What is the product of ten squared and two cubed?,NA,"The paragraph simply asks a straightforward math question without any mention of errors, student work, or comparisons.",high,,C_control
1532,"mental math
a. Order of Operations: (8 × 100) + (8 × 25)
b. Number Sense: 290 + 50
c. Number Sense: 58 − 19
d. Money: $5.00 − $3.25
e. Fractional Parts: 1/2 of $30.00
f. Number Sense: 4000 / 100
g. Geometry: A circle has a radius of 3 cm. Using 3.14 for π, what is the circumference of the circle?
h. Calculation: 5 × 10, ÷ 2, + 5, ÷ 2, + 5, ÷ 2, ÷ 2",NA,"The paragraph only lists mental math problems without any mention of errors, student work, or warnings about common mistakes.",high,,C_control
256,* 30. (8) Explain How can you calculate the perimeter of a rectangle?,NA,"The paragraph asks the student to explain how to calculate the perimeter of a rectangle, with no mention of errors, mistakes, or comparison of student work.",high,,C_control
370,"multistep problems The operations of arithmetic are addition, subtraction, multiplication, and division. In this table we list the terms for the answers we get when we perform these operations:
Sum: the answer when we add
Difference: the answer when we subtract
Product: the answer when we multiply
Quotient: the answer when we divide
We will use these terms in problems that have several steps.",NA,The paragraph only defines terminology for arithmetic operations and does not present any error-focused instruction.,high,,C_control
4032,"function (función): A rule for using one number (an input) to calculate another number (an output). Each input produces only one output. There is exactly one resulting number for every number we multiply by 3. Thus, y = 3x is a function.",NA,"The paragraph only provides a definition and example of a function with no mention of errors, mistakes, or contrasting student work.",high,,C_control
1219,"13. What is the least common multiple (LCM) of 2, 4, and 8?",NA,"The paragraph simply asks for the LCM of numbers, with no mention of errors, mistakes, or comparison of student work.",high,,C_control
3696,"2. Analyze Maria ran four laps of the track at an even pace. If it took 6 minutes to run the first three laps, how long did it take to run all four laps?",NA,The paragraph simply asks a student to solve a word problem about time; it does not involve identifying or correcting errors.,high,,C_control
2360,21. (67) Write the prime factorization of both the numerator and denominator of 18/30. Then reduce the fraction.,NA,"The paragraph simply asks the student to perform a task (prime factorization and reduction) with no mention of errors, mistakes, or comparison of student work.",high,,C_control
3902,4. (85) Complete the proportion: 3/24 = 8/w,NA,The paragraph simply asks the student to complete a proportion; it does not involve identifying or correcting an error.,high,,C_control
2202,"Power Up Building Power facts Power Up D mental math a. Number Sense: 5 × 480 b. Number Sense: 367 − 99 c. Calculation: 8 × 43 d. Calculation: $10.00 − $8.75 e. Number Sense: Double $2.25. f. Number Sense: $250/100 g. Geometry: A square has an area of 25 in.^2. What is the length of the sides of the square? h. Calculation: 8 × 9, + 3, ÷ 3, × 2, − 10, ÷ 5, + 3, ÷ 11",NA,"The paragraph lists a series of mental‑math practice problems with no mention of errors, student work, or warnings about common mistakes.",high,,C_control
423,"Power Up Building Power
facts Power Up D
mental math
a. Number Sense: 8 × 400
b. Number Sense: 6 × 3000
c. Number Sense: $7.50 + $7.50
d. Number Sense: 360 + 230
e. Number Sense: 1250 − 1000
f. Number Sense: $10.00 − $7.50
g. Measurement: How many years are in a century?
h. Calculation: Start with 10. Add 2; divide by 3; multiply by 4; then subtract 5. What is the answer?",NA,"The paragraph lists mental‑math practice problems with no mention of errors, mistakes, or comparing students' work.",high,,C_control
1094,* 9. (34) Which digit in 4.375 is in the tenths place?,NA,"The paragraph simply asks a factual question about place value with no mention of errors, mistakes, or comparison of student work.",high,,C_control
2085,* 23. Analyze: 1 1/2 x [ ] = 1,NA,"The text is a simple instruction to analyze an equation with no mention of student errors, comparisons, or warnings.",high,,C_control
1329,25. What is the perimeter of this rectangle? [0.4 m by 0.2 m],NA,"The paragraph simply asks for a calculation of perimeter with given dimensions, with no mention of errors, mistakes, or comparison of student work.",high,,C_control
560,* 7. What number is 6 less than 2?,NA,"The paragraph simply asks a straightforward arithmetic question without referencing any error, correction, or comparison.",high,,C_control
1057,1. (29) What is the product of three fourths and three fifths?,NA,"The paragraph simply asks for a product calculation with no mention of errors, mistakes, or comparison of student work.",high,,C_control
3890,"29. (38, 86) The diameter of the circle is 10 cm.
a. What is the area of the square?
b. What is the area of the circle?",NA,"The paragraph simply asks for calculations of area; it does not present errors, compare student work, or warn about common mistakes.",high,,C_control
833,"22. Model If 1/10 of the class was absent, what percent of the class was absent? Draw a diagram to illustrate the problem.",NA,"The paragraph asks the student to model a situation and draw a diagram, with no mention of errors, mistakes, or comparing student work.",high,,C_control
377,"* 4. (11) Formulate The two teams scored a total of 102 points in the basketball game. If the winning team scored 59 points, how many points did the losing team score? Write an equation and solve the problem.",NA,The paragraph simply asks the student to formulate an equation and solve a word problem; it does not involve identifying or correcting errors.,high,,C_control
3424,29. What was the average number of miles Celina rode each day?,NA,"The paragraph simply asks a straightforward calculation question without referencing any error, mistake, or comparison.",high,,C_control
225,28. (3) w − 12 = 8; 29. (3) 12 − x = 8,NA,"The paragraph only lists algebraic equations as practice problems, with no mention of errors, student work, or warnings.",high,,C_control
1260,"mental math a. Number Sense: 4 × 250 b. Number Sense: 625 + 50 c. Calculation: 47 + 8 d. Money: $3.50 + $1.75 e. Fractional Parts: 1/2 of 700 f. Number Sense: 600/10 g. Measurement: How many feet are in 60 inches? h. Calculation: 5 × 3, + 1, ÷ 2, + 1, ÷ 3, × 8, ÷ 2",NA,"The paragraph only lists mental math problems without mentioning errors, student work, or warnings about common mistakes.",high,,C_control
2114,"23. Analyze: If the probability of an event occurring is 1 chance in a million, then what is the probability of the event not occurring?",NA,The paragraph simply asks a student to compute a complementary probability; it does not present or warn about an error.,high,,C_control
859,"* 3. Analyze If the product of 1/2 and 1/2 is subtracted from the sum of 1/2 and 1/2, what is the difference?",NA,"The paragraph simply asks the student to compute a difference; it contains no named student work, error detection, or warning about common mistakes.",high,,C_control
206,"Activity: Inch Ruler. Materials needed: inch ruler, narrow strip of tagboard about 6 inches long and 1 inch wide, pencil. Model: Use your pencil and ruler to draw inch marks on the strip of tagboard. Number the inch marks. Estimate: Now set aside your ruler. We will use estimation to make the rest of the marks on the tagboard strip. Estimate the halfway point between inch marks, and make the half-inch marks slightly shorter than the inch marks. Now show every quarter inch on your tagboard ruler. To do this, estimate the halfway point between each mark on the ruler, and make the quarter-inch marks slightly shorter than the half-inch marks. Save your tagboard ruler. We will be making more marks on it in a few days.",NA,"The paragraph provides activity instructions for creating a ruler and does not involve identifying, correcting, or warning about errors.",high,,C_control
2905,* 27. Which whole number equals √225?,NA,"The paragraph simply asks a factual question about the square root of 225, with no mention of errors, student work, or comparisons.",high,,C_control
3189,24. Measure the diameter of a nickel to the nearest millimeter.,NA,"The paragraph is a straightforward measurement instruction with no mention of errors, comparisons, or warnings.",high,,C_control
709,"Example 2
A whole circle is 100% of a circle. One third of a circle is what percent of a circle?
Solution
If we divide 100% by 3, we will find the percent equivalent of 1/3.
33 1/3%
3)100%
 9
 10
  9
  1
Connect One third of a circle is 33 1/3% of a circle. Notice that our answer matches our fraction manipulative piece for 1/3.",NA,"The paragraph presents a straightforward example calculation without mentioning any errors, mistakes, or contrasting student work.",high,,C_control
1997,* 24. Write the mixed numbers 1 1/2 and 2 1/2 as improper fractions. Then multiply the improper fractions and simplify the product.,NA,"The paragraph simply asks the student to perform a conversion and multiplication; it contains no error-focused prompt, named students, or warnings about common mistakes.",high,,C_control
295,"Example 3: What temperature is shown on this thermometer? Solution: As we study the scale on this Fahrenheit thermometer, we see that the tick marks divide the distance from 0°F to 10°F into five equal sections. So the number of degrees from one tick mark to the next must be 2°F. Since the fluid in the thermometer is two marks above 0°F, the temperature shown is 4°F.",NA,"The paragraph simply explains how to read a thermometer and provides a solution; it does not involve error detection, correction, comparison, or warning about common mistakes.",high,,C_control
3693,"Example 2: Convert 30 feet to yards using a unit multiplier.
Solution:
We can form two unit multipliers: 1 yd / 3 ft and 3 ft / 1 yd
We are asked to convert from feet to yards, so we use the unit multiplier that has feet in the denominator and yards in the numerator.
(30 ft / 1) × (1 yd / 3 ft) = 10 yd
Thirty feet converts to 10 yards.",NA,"The paragraph presents a straightforward worked example of unit conversion with no error, comparison, or warning about common mistakes.",high,,C_control
2014,"Practice Set:
a. Classify: Which of these numbers are composite numbers?
19, 20, 21, 22, 23
b. Write the prime factorization of each composite number in problem a.
c. Represent: Use a factor tree to find the prime factorization of 36.
d. Use division by primes to find the prime factorization of 48.
e. Write 125 as a product of prime factors.
f. Generalize: Write the prime factorization of 10, 100, 1000, and 10,000. What patterns do you see in the prime factorizations of these numbers?",NA,The paragraph is a set of practice problems asking students to perform factorization tasks; it contains no error-focused prompts or warnings.,high,,C_control
2047,"Sketching a rectangle on a grid is a way to check the reasonableness of a product of mixed numbers. To illustrate the product of 2 1/2 and 3 1/2, we use a grid that is at least 3 by 4 so that a 2 1/2 by 3 1/2 rectangle fits on the grid. We sketch the rectangle and estimate the area. There are 6 full squares, 5 half squares, and a quarter square. Since 2 half squares equal a whole square, the area is about 8 3/4 square units.",NA,"The paragraph explains a strategy for estimating a product using a grid; it does not present a student's error, compare approaches, ask to find an error, or warn about common mistakes.",high,,C_control
3748,"* 26. (102, 113) When Rosita was born, she weighed 7 pounds 9 ounces. Two months later she weighed 9 pounds 7 ounces. How much weight did she gain in two months?",NA,"The paragraph presents a straightforward word problem asking for a calculation, with no mention of errors, student work, or comparisons.",high,,C_control
2803,* 30. Formulate Write a word problem that can be solved using the proportion 6/8 = w/100. Solve the problem.,NA,"The paragraph asks students to create and solve a word problem using a given proportion; it does not involve error detection, correction, comparison, or warning about common mistakes.",high,,C_control
1425,"27. (35) Write nine hundredths
a. as a fraction.
b. as a decimal number.",NA,The paragraph simply asks the student to write a number as a fraction and decimal; it does not involve identifying or correcting errors.,high,,C_control
1699,20. (19) a. List the factors of 11. b. What is the name for a whole number that has exactly two factors?,NA,The paragraph asks students to list factors and name a concept; it does not involve identifying or correcting errors.,high,,C_control
3305,"18. (92) Write twenty million, five hundred thousand in expanded notation using exponents.",NA,The paragraph simply asks the student to write a number in expanded notation; it does not involve identifying or correcting errors.,high,,C_control
3359,Math Language Percent means per hundred. 30% means 30 out of 100,NA,"The paragraph provides a definition of percent and gives an example; it does not involve error detection, correction, comparison, or warning about common mistakes.",high,,C_control
2203,problem solving Griffin used 14 blocks to build this three-layer pyramid. How many blocks would he need to build a six-layer pyramid? How many blocks would he need for the bottom layer of a nine-layer pyramid?,NA,"The paragraph simply asks the student to solve a new problem about block pyramids, with no mention of errors, mistakes, or comparing student work.",high,,C_control
314,1. Justify Can you tell from this frequency table how many students had 20 correct answers on the test? Why or why not?,NA,"The paragraph asks a justification question about interpreting a frequency table, with no mention of errors, mistakes, or comparing student work.",high,,C_control
2215,"Calculate the perimeter and area of each parallelogram: e. [Base 8 m, side 12 m, height 10 m] f. [Base 8 in., side 6 in., height 5 in.]",NA,The paragraph simply asks students to calculate perimeter and area; it does not involve identifying or correcting errors.,high,,C_control
364,"Example 1
In the number 123,456,789,000, which digit is in the ten-millions place?
Solution
Either by counting places from the right or looking at the chart, we find that the digit in the ten-millions place is 5.",NA,"The paragraph simply asks a factual question and provides the correct answer; it does not involve error detection, correction, comparison, or warning about common mistakes.",high,,C_control
65,"When we multiply by a two-digit number on paper, we multiply twice. To multiply 28 by 14, we first multiply 28 by 4. Then we multiply 28 by 10. For each multiplication we write a partial product. We add the partial products to find the final product: 28 × 14 = 392 (partial products: 28 × 4 = 112; 28 × 10 = 280).",NA,"The paragraph explains a multiplication procedure without mentioning errors, mistakes, or comparing student work.",high,,C_control
3353,"28. (58) Explain Hector was thinking of a two-digit counting number, and he asked Simon to guess the number. Describe how you can find the probability that Simon will guess correctly on the first try.",NA,"The paragraph asks the student to explain a probability scenario; it does not present an error, compare approaches, or warn about common mistakes.",high,,C_control
3161,"Example 2
Add: −5 + −3
Solution
Again using a number line, we start at zero and move in the negative direction, or to the left, five units to −5. From −5 we continue moving left three units to −8.
−5 + −3 = −8
The sum is −8.",NA,"The paragraph simply demonstrates a correct solution using a number line; it does not present an error, compare approaches, or warn about common mistakes.",high,,C_control
3597,1. Eighty students will be assigned to three classrooms. How many students should be in each class so that the numbers are as balanced as possible? (Write the numbers.),NA,The paragraph simply asks a student to solve a distribution problem; it does not involve identifying or correcting errors.,high,,C_control
3070,"3. This function table shows the relationship between temperatures measured in degrees Celsius and degrees Fahrenheit. (To find the Fahrenheit temperature, multiply the temperature in Celsius by 1.8, then add 32.) Find the missing number in the table.
Predict What is special about the result when C = 100? (Hint: You may want to refer to problem 2.)",NA,"The paragraph asks the student to compute a missing value and make a prediction, with no mention of errors, mistakes, or comparing student work.",high,,C_control
3668,"3. If the chance of rain is 80%, what is the probability that it will not rain? Express the answer as a decimal.",NA,The paragraph simply asks a student to compute a probability; it does not involve identifying or correcting an error.,high,,C_control
1645,27. (5) (2 · 2 · 3 · 3 · 5)/(2 · 2 · 3 · 5),NA,"The paragraph only presents a mathematical expression without any mention of errors, student work, or warnings, so it is standard textbook content.",high,,C_control
2912,problem solving: The basketball team's points-per-game average is 88 after its first four games. How many points does the team need to score during its fifth game to have a points-per-game average of 90?,NA,The paragraph simply asks a student to solve a word problem; it does not involve identifying or correcting errors.,high,,C_control
4071,"odd numbers (números impares): Numbers that have a remainder of 1 when divided by 2; the members of the set {..., −3, −1, 1, 3, ...}. Odd numbers have 1, 3, 5, 7, or 9 in the ones place.",NA,"The paragraph provides a definition of odd numbers with no mention of errors, mistakes, or student work to correct.",high,,C_control
