para_id,paragraph,tier,stage1_gemini_label,stage1_gemini_confidence
38,"1-25. Note: The stoplight icon to the right of a problem indicates that there is an error in the problem.
Find the error in the solution at right. Explain what the error is and solve the equation correctly. Show how to check your solution to be sure that it is correct.
3(x − 2) − 2(x + 7) = 2x + 17
3x − 6 − 2x + 14 = 2x + 17
x + 8 = 2x + 17
−9 = x",A_positive,EXPLICIT_ERROR_DETECTION,high
51,"1-36. Nissos and Chelita were arguing over a math problem. Nissos was trying to explain to Chelita that she had made a mistake in finding the x-intercepts of the function y = x² − 10x + 21. “No way!” Chelita exclaimed. “I know how to find x-intercepts! You make the y equal to zero and solve for x. I know I did this right!” Here is Chelita’s work:
Step 1: x² − 10x + 21 = 0, so (x + 7)(x + 3) = 0.
Step 2: Therefore, x + 7 = 0 or x + 3 = 0.
Step 3: So x = −7 or x = −3.
Nissos tried to explain to Chelita that she had done something wrong. What is Chelita’s error? Justify and explain your answer completely.",A_positive,INCORRECT_TO_CORRECT,high
61,"1-45. Rhianna says she can draw different functions that have the same x-intercepts and the same domain and range. Her teammates say, “No, that’s impossible!” But Rhianna insists, “It is possible, we just need to sketch the graphs.”
a. What if the x-intercepts are (−5, 0), (2, 0), and (6, 0), the domain is −5 ≤ x ≤ 7, and the range is −4 ≤ y ≤ 10? Is more than one function possible? Give examples to help explain why or why not.
b. What if the x-intercepts are (−4, 0) and (2, 0), the domain is all real numbers, and the range is y ≥ −8? Is there more than one function possible? Give examples of multiple functions or explain why there can be only one.",A_positive,COMPARE_AND_CONTRAST,high
68,"1-51. Find the error in the solution at right. Identify the error and solve the equation correctly.
4.1x = 9.5x + 23.7
−4.1x = −4.1x
5.4x = 23.7
5.4x / 5.4 = 23.7 / 5.4
x = 4.39",A_positive,EXPLICIT_ERROR_DETECTION,high
83,"1-63. Find the error in the solution at right. Explain what the error is and solve the equation correctly. Be sure to check your answer.
5/x = x − 4
x · 5/x = x − 4
5 = x − 4
x = 9",A_positive,EXPLICIT_ERROR_DETECTION,high
97,"1-77. Find the error in the solution at right. Describe the error and solve the equation correctly.
3x + 2 = 10 − 4(x − 1)
3x + 2 = 6(x − 1)
3x + 2 = 6x − 6
8 = 3x  so x = 8/3",A_positive,EXPLICIT_ERROR_DETECTION,high
265,"2-96. By mistake, Jim graphed y = x^3 - 4x instead of y = x^3 - 4x + 6. What should he do to his graph to get the correct one?",A_positive,INCORRECT_TO_CORRECT,high
374,"3-2. Jill and Terrell were looking back at their work on problem 1-53 in Lesson 1.2.1. They had come up with two different expressions for the volume of a paper box made from cutting out squares of dimensions x centimeters by x centimeters. Jill’s expression was (15 − 2x)(20 − 2x)x, and Terrell’s expression was 4x^3 − 70x^2 + 300x.
a. Are Jill’s and Terrell’s expressions equivalent? Justify your answer.
b. If you have not done so already, find an algebraic method to determine whether their expressions are equivalent. Be ready to share your strategy.
c. Gary joined in on their conversation. He had another expression: (15 − 2x)(10 − x)2x. Use a strategy from part (b) to decide whether his expression for the volume is equivalent to Jill’s or Terrell’s. Be prepared to share your ideas with the class.",A_positive,COMPARE_AND_CONTRAST,high
379,"3-7. Bonnie and Dylan were both working on simplifying the expression at right: ((2x^5y^4)/(8xy^3))^3. Each of their first steps is shown below.
Bonnie: (8x^15y^12)/(512x^3y^9)
Dylan: ((x^4y)/4)^3
Each of them is convinced that they have started the problem correctly. Has either of them made an error? If so, explain the error completely. If not, explain how they can both be correct and verify that they will get the same, correct solution. Which student’s method do you prefer? Why?",A_positive,COMPARE_AND_CONTRAST,high
386,"3-13. Jonah and Graham are working together. Jonah claims that (x + y)^2 = x^2 + y^2. Graham is sure Jonah is wrong, but he cannot figure out how to show it.
a. Help Graham find as many ways as possible to convince Jonah that he is incorrect. How can he rewrite (x + y)^2 correctly?
b. Are there any values for x and y for which (x + y)^2 = x^2 + y^2? In other words, is (x + y)^2 = x^2 + y^2 sometimes true? Justify your answer.",A_positive,INCORRECT_TO_CORRECT,high
413,"3-39. Graciela and Walter were working on solving the system of equations in part (f) of problem 3-38. They tried to rewrite both equations in y= form so that they could set them equal to each other.
2y ⋅ sqrt(x^2−15x)/(2y) = 2y ⋅ 5  ⇒  sqrt(x^2−15x) = 10y  ⇒  y = sqrt(x^2−15x)/10
(3 sqrt(x^2−15x)−3y)/3 = 27/3  ⇒  sqrt(x^2−15x) − y = 9  ⇒  y = sqrt(x^2−15x) − 9
Graciela and Walter realized they had a big mess to try to solve. “Wait,” Graciela said. “There’s an easier way. Let’s use substitution to make this system simpler!”
a. Discuss this idea with your team. Does it make sense?
b. Walter and Graciela decided to try this new idea, but they were not sure the best choice for what expression to replace with a new variable. They came up with these two options: U = x^2 − 15x or U = sqrt(x^2 − 15x). To help Graciela and Walter decide, rewrite the original system from problem 3-38 part (f) twice, each time using a different version of U. Which version of U looks like it will make the system easier to solve?
c. Solve your new system for U and y.
d. Now what? Since your job in solving a system in x and y is to find values for both of those variables, you are not done. Work with your team to find a way to get the value of x from the value you found for U. Be ready to share your strategies with the class.",A_positive,COMPARE_AND_CONTRAST,medium
418,"3-44. Angelica and D’Lee were working on finding roots of two quadratic equations: y = (x − 3)(x − 5) and y = 2(x − 3)(x − 5). Angelica made an interesting claim: “Look,” she said, “When I solve each of them for y = 0, I get the same solutions. So these equations must be equivalent!”
D’Lee is not so sure. “How can they be equivalent if one of the equations has a factor of 2 that the other equation doesn’t?” she asked.
a. Who is correct? Is y = (x − 3)(x − 5) equivalent to y = 2(x − 3)(x − 5)? How can you justify your ideas using tables and graphs?
b. Are the solutions of 0 = (x − 3)(x − 5) equivalent to the solutions of 0 = 2(x − 3)(x − 5)? Again, how can you justify your ideas?",A_positive,COMPARE_AND_CONTRAST,high
562,"4-33. Paul states that (a + b)^2 is equivalent to a^2 + b^2. Joyce thinks that something is missing. Help Joyce show Paul that the two expressions are not equivalent. Explain using at least two different approaches: diagrams, algebra, numbers, or words.",A_positive,INCORRECT_TO_CORRECT,high
592,"4-60. Burt and Ernie were solving the inequality 2x^2 + 5x − 3 < x^2 + 4x + 3. They were looking at the graph in problem 4-58 when Burt had an idea. “Can’t we change this into one parabola and solve our inequality that way?” he said.
Ernie asked, “What do you mean?”
“Can’t we find the solutions by looking at the graph of f(x) = x^2 + x − 6?” Burt replied.

a. Where did Burt get the equation y = x^2 + x − 6?
b. Try Burt’s idea. Graph the parabola and show how it can be used to solve the original inequality.
c. “Just a minute!” mumbled Ernie, “I think I have a short cut. Instead of graphing the parabola, can’t we just rewrite the original inequality as x^2 + x – 6 < 0 and then solve the equation x^2 + x – 6 = 0? This would give us the boundary points and then we could test numbers to find the regions that contain the solutions.” Check Ernie’s short cut. Does it give the same solution?
d. Use any method to solve the inequality x^2 – 3x – 10 ≥ 0.",A_positive,COMPARE_AND_CONTRAST,medium
710,"5-44. Trejo says that if you know the x-intercepts, y-intercepts, domain, and range of a function then you automatically know the x-intercepts, y-intercepts, domain, and range for the inverse. Hilary disagrees. She says you know the intercepts but that is all you know for sure. Who is correct? Justify your answer.",A_positive,COMPARE_AND_CONTRAST,high
711,"5-45. Adriena was finding inverses of some functions. Use Statler’s strategy from problem 5-43 to check Adriena’s work below and test if each pair of equations are inverses of each other. If they are not, explain what went wrong and show how to get the inverse correctly.
a. f(x) = 3/5 x − 15, g(x) = 5/3 x + 25
b. f(x) = (2(x+6))/3 + 10, g(x) = 3/2 x − 21
c. e(x) = (x−10)^2 / 4, d(x) = 4√x + 10",A_positive,INCORRECT_TO_CORRECT,high
828,"6-15. The cost of food has been increasing by 4% per year for many years. To find the cost of an item 15 years ago, Heather said, “Take the current price and divide it by (1.04)^15 .”
Her friend Elissa said, “No, you should take the current price and multiply it by (0.96)^15 !”
Explain who is correct and why.",A_positive,COMPARE_AND_CONTRAST,high
903,"6-84. On their Team Assessment, Raymond, Sarah, Hannah, and Aidan were given y = 4x^2 – 24x + 7 to change into graphing form. Raymond noticed that the leading coefficient was a 4 and not a 1. His team agreed on a way to start rewriting, but then they worked in pairs and got two different solutions, shown below.
Raymond and Hannah
(1) y = 4x^2 − 24x + 7
(2) y = 4(x^2 − 6x) + 7
(3) y = 4(x^2 − 6x + 3^2) + 7 − 36
(4) y = 4(x − 3)^2 − 29
Aidan and Sarah
(1) y = 4x^2 − 24x + 7
(2) y = 4(x^2 − 6x + 9) + 7 − 9
(3) y = 4(x − 3)^2 + 7 − 3^2
(4) y = 4(x − 3)^2 − 2
Hannah says, “Aidan and Sarah made a mistake in Step 3. Because of the factored 4 they really added 4(9) to complete the square, so they should subtract 36, not just 9.” Is Hannah correct? Justify your answer by showing whether the results are equivalent to the original equation.",A_positive,COMPARE_AND_CONTRAST,high
909,"6-89. Marta was convinced that there had to be some way to graph y = log2 x on her graphing calculator. She typed in y = log(2^x) and pressed [graph].
“It WORKED!” Marta yelled in triumph.
“Whaaaat?” said Celeste. “I think y = log2 x and y = log(2^x) are totally different, and I bet we can show it by converting both of them to exponential form.”
“Yeah, I think you’re wrong, Marta,” said Sophia. “I think we can show that y = log2 x and y = log(2^x) are totally different by looking at the graphs.”
a. Show that the two equations are different by sketching the graph of y = log2 x. Then sketch what your graphing calculator shows to be the graph of y = log(2^x).
b. Now show that y = log2 x and y = log(2^x) are different by converting both of them to exponential form.",A_positive,COMPARE_AND_CONTRAST,high
916,"6-96. Margee thinks she can use logs to solve 56 = x^8, since logs seem to make exponents disappear. Unfortunately, Margee is wrong. Explain the difference between equations like 2 = 1.04^x, in which you can use logs, and 56 = x^8, in which it does not make sense to use logs.",A_positive,INCORRECT_TO_CORRECT,high
1030,"7-26. Hilda was working on her homework. She completed the square to change y = 3x² - 24x + 55 to graphing form in order to identify the vertex of the parabola. She did the work at right:
y = 3x² - 24x + 55
y = 3(x² - 8x) + 55
y = 3(x² - 8x + 16) + 55 - 16
y = 3(x - 4)² + 39
and identified the vertex to be (4, 39). When she got back to class and checked her answers, she discovered that the vertex she found is incorrect, but she cannot find her mistake. Examine Hilda’s work and explain to her what she did wrong. Then show her how to complete the square correctly and identify the vertex.",A_positive,INCORRECT_TO_CORRECT,high
1076,"7-70. While working on their homework on sequences, Davis was suddenly stumped!
“This problem doesn’t make sense!” he exclaimed. Tess was working on her homework as well.
“What’s the problem?” she asked.
“This problem is about a SEQUENCE, t(n) = 9n - 2, but it is asking whether or not it is a function. How can a sequence be a function?”
“Well of course a sequence is a function!” said Tess.
Who is right? Should Davis be confused, or is Tess correct? What is the difference between a sequence and a function? Explain completely.",A_positive,COMPARE_AND_CONTRAST,high
1089,"7-81. Greg was working on his homework. He completed the square to change y = 2x² - 6x + 2 to graphing form and identify the vertex of the parabola. He did the work at right:
y = 2x² - 6x + 2
y = 2(x² - 3x) + 2
y = 2(x² - 3x + 9/4) + 2 - 9/4
y = 2(x - 3/2)² - 1/4
and identified the vertex to be (3/2, -1/4). When he got back to class and checked his answers, he discovered that his vertex was wrong, but he cannot find his mistake. Examine Greg’s work and explain to him where the mistake occurred. Then show him how to correct the mistake and state the vertex.",A_positive,INCORRECT_TO_CORRECT,high
1157,"7-142. Farah and Thu were working on writing the equation of a sine function for the graph at right. They figured out that the amplitude is 3, the horizontal shift is π/4 and the midline is y = −2. They can see that the period is π, but they disagree on the equation. Farah has written f(x) = 3 sin 2(x − π/4) − 2 and Thu has written f(x) = 3 sin(2x − π/4) − 2.
a. Whose equation is correct? How can you be sure?
b. Graph the incorrect equation and explain how it is different from the original graph.",A_positive,COMPARE_AND_CONTRAST,high
1161,"7-146. Colleen and Jolleen both used their calculators to find sin 30°. Colleen got sin 30º = −0.9880316241, but Jolleen got sin 30º = 0.5. Is one of their calculators broken, or is something else going on? Why did they get different answers?",A_positive,COMPARE_AND_CONTRAST,high
1162,"7-147. Ceirin’s teacher promised a quiz for the next day, so Ceirin called Adel to review what they had done in class. “Suppose I have y = sin 2x,” said Ceirin, “what will its graph look like?”
“It will be horizontally compressed by a factor of 2,” replied Adel, “so the period must be π.”
“Okay, now let’s say I want to shift it one unit to the right. Do I just subtract 1 from x, like always?”
“I think so,” said Adel, “but let’s check on the graphing calculator.” They proceeded to check on their calculators. After a few moments they both spoke at the same time.
“Rats,” said Ceirin, “it isn’t right.”
“Cool,” said Adel, “it works.”
When they arrived at school the next morning, they compared the equations they had put in their graphing calculators while they talked on the phone. One had y = sin 2x − 1, while the other had y = sin 2(x − 1).
Which equation was correct? Did they both subtract 1 from x? Explain. Describe the rule for shifting a graph one unit to the right in a way that avoids this confusion.",A_positive,COMPARE_AND_CONTRAST,high
1163,"7-148. George was solving the equation (2x – 1)(x + 3) = 4 and he got the solutions x = 1/2 and x = –3. Jeffrey came along and said, “You made a big mistake! You set each factor equal to zero, but it’s not equal to zero, it’s equal to 4. So you have to set each factor equal to 4 and then solve.” Who is correct? Show George and Jeffrey how to solve this equation. To be sure that you are correct, check your solutions.",A_positive,COMPARE_AND_CONTRAST,high
1220,"8-18. Samantha thinks that the equation (x - 4)^2 + (y - 3)^2 = 25 is equivalent to the equation (x - 4) + (y - 3) = 5. Is she correct? Are the two equations equivalent? Explain how you know. If they are not equivalent, explain Samantha's mistake.",A_positive,INCORRECT_TO_CORRECT,high
1356,"8-139. Spud has a problem. He knows that the solutions for a quadratic equation are x = 3 + 4i and x = 3 - 4i, but in order to get credit for the problem he was supposed to have written down the original equation. Unfortunately, he lost the paper with the original equation on it. Luckily, his friends are full of advice.
a. Alexia says, ""Just remember when we made polynomials. If you wanted 7 and 4 to be the answers, you used (x - 7)(x - 4). So you just do x minus the first one times x minus the other."" Use (x - (3 + 4i))(x - (3 - 4i)) to find the quadratic equation.
b. Hugo says, ""No, no, no. You can do it that way, but that's too complicated. I think you just start with x = 3 + 4i and work backward. So x - 3 = 4i, then, hmmm... Yeah, that'll work."" Try Hugo's method.
c. Whose method do you think Spud should use? Explain your choice.",A_positive,COMPARE_AND_CONTRAST,high
1380,"8-163. For homework, Londa was asked to simplify the expression √(-7) · √(-7). She got the answer 7, but when she checked, she learned that the correct answer was -7.
a. Show Londa the steps she could take to get -7.
b. What steps do you think Londa took to get 7 as a result?
c. What does she need to consider to avoid making this mistake in the future?
d. Londa's example means that it is not always true that √a · √b = √(ab) for real numbers a and b. What restriction needs to be placed on the numbers a and b?",A_positive,INCORRECT_TO_CORRECT,high
1526,"9-98. Percentiles are not just for normal distributions. They can be used for any set of data to report the percent of scores that fell below a given score. The following data are the test scores on Mrs. Abraha’s Chapter 3 test in Geometry.
Chapter 3 Geometry Test Scores:
75, 72, 91, 90, 83, 60, 89
86, 17, 71, 58, 86, 81, 86
94, 94, 79, 60, 53, 89, 42
89, 56, 57, 93, 93, 94, 76
80, 80, 94, 75, 92, 69, 75
checksum 2679
a. Make a histogram of the data on your calculator and sketch it. Use a bin width of 5.
b. Lateefa is modeling the data using a normal distribution, but her partner Farid thinks that it is not a good idea. What advice would you give them about using a normal distribution?
c. Lateefa scored 86 on the test, and Farid scored 92. What percentile did each score in?
d. What score is at the 25th percentile? 75th percentile?
e. Find the five number summary (minimum, first quartile, median, third quartile, maximum) for this data. How does your answer compare to part (d) above?",A_positive,COMPARE_AND_CONTRAST,high
1549,CL 9-113. Suppose Stephanie wanted to determine whether students in her ceramics class have a significantly different opinion towards capital punishment legislation than those in her government class. She finds 55% of the ceramics students in favor of federal oversight of capital punishment and concludes that taking ceramics causes opposition to the death penalty. Why is her conclusion unreasonable? Design an experiment that would test her conclusion.,A_positive,INCORRECT_TO_CORRECT,high
1561,"10-2. Angela continued to think about Uncle Zachary’s savings. a. Angela wrote the equation for the sequence as t(n) = 47 + 3n. But Uncle Zachary wrote t(n) = 50 + 3(n − 1). Which equation gives the correct sequence? What is the advantage of writing the equation like Angela did? What is the advantage of writing it like Uncle Zachary did? b. Determine the amount of money in Angela’s college fund at the time of her first birthday, after her Uncle had made exactly 12 deposits. c. How much was saved by Angela’s 5th birthday? Can you think of ways you might be able to figure this out without having to add the money for every month? Be ready to share your ideas with the class.",A_positive,COMPARE_AND_CONTRAST,high
1638,"10-71. Katelyn was helping her younger sister Janelle with her Algebra 1 homework. a. Janelle was given the sequence 10, 50, 250, 1250, 6250, … . She wrote the equation t(n) = 2 * 5^n and made the graph at right. Katelyn cried out, “No. No. You’ve written the wrong equation! The correct equation for the sequence is t(n) = 10 * 5^(n–1).” Is Katelyn correct? Is Janelle wrong? b. What are the advantages of writing the equation like Katelyn did? What are the advantages of writing the equation like Janelle did? c. Rewrite the equation t(n) = 18 * 3^n using Katelyn’s method.",A_positive,COMPARE_AND_CONTRAST,high
1781,"11-6. In problem 9-8 Katelyn recorded the number of cups of coffee sold at her coffee shop each hour during a 48-hour time period. Katelyn then sorted the data and made the following histogram: a. Katelyn decides to model her sales with a normal distribution, but Duncan thinks that this is not a good idea. What advice would you give Katelyn about using a normal model? b. Katelyn needs to sell more than 15 cups per hour to make a profit. What percentile is 15 cups per hour? Explain the percentile to Katelyn in terms of profits. c. Duncan thinks Katelyn should expand her business. He estimates that if they hire another server and add more tables and equipment, they will need to sell 48 cups per hour to make a profit. What percentile does 48 cups sold represent? Use the percentile to explain to Duncan whether or not expansion is a good idea.",A_positive,COMPARE_AND_CONTRAST,medium
1800,"11-24. Eddie told Allison, “I’ll bet if I flip three coins, I can get exactly two heads.” Allison replied, “I’ll bet I can get exactly two heads if I flip four coins!” Eddie scoffed, “Well, so what? That’s easier.” Allison argued, “No, it’s not. It’s harder.” Who is correct? Show all of your work and be prepared to defend your conclusion.",A_positive,COMPARE_AND_CONTRAST,high
1932,"12-30. Salina, Tamara, and Uma are working on their homework together. Salina tells her friends that she got theta = 52º for the inverse cosine problem she is working on and asks if they got the same answer. Tamara says she got theta = 128º, and Uma volunteers her answer of theta = 308º. Is it possible that these are all solutions to the same problem? Justify your answer.",A_positive,COMPARE_AND_CONTRAST,high
2079,"A-14. Jackie and Alexa were working on homework together when Jackie said, “I got x = 5 as the solution, but it looks like you got something different. Which solution is right?”
“I think you made a mistake,” said Alexa.
Did Jackie make a mistake? Help Jackie figure out whether she made a mistake and, if she did, explain her mistake and show her how to solve the equation correctly. Jackie’s work is shown above right:
(x + 4)^2 − 2x − 5 = (x − 1)^2
x^2 + 16 − 2x − 5 = x^2 + 1
16 − 2x − 5 = 1
11 − 2x = 1
−2x = −10
x = 5",A_positive,INCORRECT_TO_CORRECT,high
2144,"A-73. Alejandro used the recursive equation from part (c) of problem A-72 to write a sequence and came up with the following:
0, 6, 12, 18, 24
a. Does Alejandro’s sequence match the recursive equation from problem A-72?
b. Why did Alejandro get a different sequence than the one from problem A-72? How can you mathematically write down the information he needs so that he can write the correct sequence?",A_positive,INCORRECT_TO_CORRECT,high
2197,"3 PORTFOLIO: EVIDENCE OF MATHEMATICAL PROFICIENCY. Four members of a study team were analyzing the sequence 3, 7, 11, … They found the equation for the sequence to be t(n) = 4n – 1, and they were trying to figure out if 200 could be a term of their sequence. They made the following statements. Which students justified their statements? Are the justifications convincing? Explain why or why not. Shinna: ""I think it's not, because all the terms in the sequence are odd and 200 is an even number."" Aldo: ""I think it is, because the equation 200 = 4n – 1 has a solution."" James: ""It can't be, because the solution to 200 = 4n – 1 is n = 50.25, which is not a whole number. There can't be a 50.25th term!"" Leslie: ""I think 199 and 203 are terms of the sequence, but not 200."" Now create your own sequence. Then figure out what the 110th term of your sequence would be and whether the number 419 is a term in your sequence. Use multiple representations to justify your answers thoroughly. Alternatively your portfolio entry could showcase your early understanding of an exponential function by explaining everything you know about the function f(x) = 2^x − 3. Provide one or two representative example problems. Obtain the Appendix A Closure Resource Page: Sequence vs. Function Graphic Organizer from your teacher. Use this page to compare and contrast sequences and functions in their multiple representations. How are they similar? How are they different?",A_positive,COMPARE_AND_CONTRAST,high
2329,"B-106. Wade and Dwayne were working together writing an equation for the sequence 12, 36, 108, 324, … Wade wrote t(n) = 4 · 3^n, and Dwayne wrote t(n) = 12 · 3^(n–1).
a. Make a table for the first four terms of each of their sequences. What do you notice?
b. How do you think Dwayne explained his method of writing the equation to Wade?
c. For the sequence 10.3, 11.5, 12.7, …, Wade wrote t(n) = 9.1 + 1.2n while Dwayne wrote t(n) = 10.3 + 1.2(n – 1). Make a table for the first four terms of each of their sequences. Are both forms of the equation correct?
d. Dwayne calls his equations the “first term” form. Why do you think he calls them “first term” form? Why does Dwayne subtract one in both situations?",A_positive,COMPARE_AND_CONTRAST,high
2368,"C-17. Frank says that a/(x + b) = a/x + a/b, while Fred does not think that the two expressions are equivalent. Who is correct? Justify your answer.",A_positive,COMPARE_AND_CONTRAST,high
2374,"C-22. Cyrus had an idea, “To compare sales in Fancyville to Smallville, let’s make a scatterplot with Fancyville on the x-axis and Smallville on the y-axis. Then we can draw a line of best fit and see if there is an association.” Ramien responded that it was a great idea! What is wrong with Cyrus and Ramien’s plan?",A_positive,INCORRECT_TO_CORRECT,high
2697,"inverse trigonometric functions For each trigonometric function sin(x), cos(x), and tan(x), there is an inverse function written sin⁻¹(x), cos⁻¹(x), and tan⁻¹(x). Note: This symbol does not mean 1/sin(x). It is a new function that ‘undoes’ the original trig function, thus giving a specific angle measure when the input is sin x, cos x, or tan x. For example: sin⁻¹(−1/2) = −π/6. Note that the range of the inverse function is restricted to outputs for y such that −π/2 ≤ y ≤ π/2 for sin x, −π/2 < y < π/2 for tan x and 0 ≤ y ≤ π for cos x. Also see cosine inverse, sine inverse, and tangent inverse. (p. 629)",A_positive,COMMON_ERROR_ALERT,medium
13,"MATH NOTES: Functions. A relationship between inputs and outputs is a function if there is exactly one output for each input. Functions are often written as y = some expression involving x, where x is the input and y is the output. The following is an example of a function. y = (x - 2)^2. In the example above the value of y depends on x, so y is also called the dependent variable and x is called the independent variable. Another way to write a function is with the notation “f(x) =” instead of “y =”. The function named “f” has output f(x). The input is x. In the example at right, f(5) = 9. The input is 5 and the output is 9. You read this as, “f of 5 equals 9.” The set of all inputs for which there is an output is called the domain. The set of all possible outputs is called the range. In the example above, notice that you can input any x-value into the equation and get an output. The domain of this function is “all real numbers” because any number can be an input. The outputs are all greater than or equal to zero, so the range is y ≥ 0. x^2 + y^2 = 1 is not a function because there are two y-values (outputs) for some x-values, as shown below.",B_boundary,NA,high
18,"1-7. In this course, you will learn shortcuts that allow you to sketch many different types of graphs quickly and accurately. However, when the directions ask you to graph an equation or to draw a graph, this means it is not just a sketch you should do quickly. You need to: • Use graph paper. • Label key points. • Scale your axes appropriately. • Plot points accurately. On separate sets of axes, graph each of the following equations. If you do not remember any shortcuts for graphing, you can always make an x → y table. a. y = –2x + 7 b. y = 3/5 x + 1 c. 3x + 2y = 6 d. y = x^2",B_boundary,NA,high
19,1-8. The graph for part (d) of problem 1-7 is different from the other three graphs. a. Explain how the graph is different from the other three graphs. b. What in the equation of part (d) makes its graph different? c. What is the graph of part (d) called?,B_boundary,NA,high
40,"1-26. Jerrod and Sonia were working with their team on problem 1-2 to put the function machines in order. These functions are reprinted for you below.
f(x) = √x, g(x) = −(x − 2)², h(x) = 2^x − 7, k(x) = −x/2 − 1
a. Jerrod first put an input of 6 into the function g(x) = −(x − 2)² and got an output of −16. He wanted to try f(x) = √x as his next function in the order, but he thinks there might be a problem using −16 as an input. Is there a problem? Explain.
b. Because it is not possible to take the square root of −16, it can be said that −16 is not in the domain of the function f(x). The domain of a function is the collection of numbers that are possible inputs for that function. With your team, find two other numbers that are not part of the domain of f(x). Then describe the domain. In other words, what are all of the numbers that can be used as inputs for the function f(x)?
c. Sonia claimed that g(x) could not possibly be the last function in the order for problem 1-2. She justified her thinking by saying, “Our final output has to be 11, which is a positive number. The function g(x) will always make its output negative, so it can’t come last in the order.” Discuss this with your team. Does Sonia’s logic make sense? How did she know that the output of g(x) would never be positive?
d. Because the outputs of the function g(x) do not include certain numbers, it can be said that positive numbers are not part of the range of the function g(x). The range of a function is the set of all of the possible values that can be outputs. With your team, describe the range of the function g(x). In other words what are all of the values that can be outputs of the function?",B_boundary,NA,high
44,"1-30. How can a graphing calculator help you find the solution to a system of equations? Consider this system:
5x − y = 35
3x + y = −3
a. First graph the system in a standard window. Can you see the solution on your screen?
b. To find the solution you will need to change the window on your calculator. Discuss with your team what maximum value, minimum value, and scale you should use for the x- and y-axes in order to see the intersection. After you have decided, check your conclusion on the graphing calculator.
c. Use a “trace” function on your calculator to find the solution from the graphs. Then solve the system algebraically.
d. Discuss the two methods with your team. Explain which one your team prefers and why.",B_boundary,NA,high
46,1-32. Use your graphing calculator to help you sketch the graphs of y = 1/x − 4 and y = 1/(x − 4). Are the graphs the same? Should they be? Explain why or why not.,B_boundary,NA,high
49,"1-34. Examine g(x) graphed at right.
a. Which x-values have points on the graph? That is, describe the domain of g(x).
b. What are the possible outputs for g(x)? That is, what is the range?
c. Ricky thinks the range of g(x) is: −1, 0, 1, 2, and 3. Is he correct? Why or why not?
d. Draw a graph for another function with the same domain and range as g(x).",B_boundary,NA,medium
55,"1-40. Solve each of the following equations. Be sure to check your solutions.
a. 4(x − 1) − 2(3x + 5) = −3x − 1
b. 3x − 5 = 2.5x + 3 − (x − 4)",B_boundary,NA,high
57,"1-41. INTERSECTION INVESTIGATION
In Lesson 1.1.3, you used the features of your graphing calculator to find a point of intersection of two graphs. Can you use other representations as well? What about other strategies? Are all strategies equally accurate? Which do you prefer?
Your Task: Work with your team to find as many ways as you can (with and without your graphing calculator) to determine the points of intersection of the functions f(x) = 2x² − 5x + 6 and g(x) = −2x² − x + 30. Be sure to think about tables, graphs, and equations as you work. Be prepared to share each of your methods to the class.
Hint: If you are using a TI-83+/84+ calculator, explore the [TABLE], [TBLSET], and [CALC] features on your graphing calculator. For other calculators, your teacher will give you guidance.
Discussion Points:
How can we find it using graphs?
How can we find it in tables?
How can we find it using equations?",B_boundary,NA,high
59,"1-43. Aria was in Jason’s team. She had another idea and asked, “Can’t we find the points of intersection by comparing the tables of our two functions?”
a. What did Aria mean? How can you find points of intersection by looking at tables?
b. Use your graphing calculator to make tables for f(x) and g(x). To do this, you will need to explore the [TABLE] and [TBLSET] features of your TI-83/84+ calculator.
c. Find all of the points of intersection in the tables. How accurate are these results?
d. Can you think of any circumstances in which using a table might not be an efficient or accurate strategy for finding points of intersection? Explain.",B_boundary,NA,high
60,"1-44. Delilah listened to Jason and Aria explain their ideas. She said, “I thought of another way! We have a method for using the equations to find points of intersection even without the graphing calculator, don’t we?”
a. What method is Delilah referring to?
b. Use Delilah’s method to find the points of intersection of these two functions.",B_boundary,NA,high
62,"MATH NOTES: METHODS AND MEANINGS - Solving a Quadratic Equation
In a previous course, you learned how to solve quadratic equations (equations that can be written in the form ax² + bx + c = 0). Review two methods for solving quadratic equations below.
Some quadratic equations can be solved by factoring and then using the Zero Product Property. For example, the quadratic equation x² − 3x − 10 = 0 can be rewritten by factoring as (x − 5)(x + 2) = 0. The Zero Product Property states that if ab = 0, then a = 0 or b = 0. So if (x − 5)(x + 2) = 0, then (x − 5) = 0 or (x + 2) = 0. Therefore, x = 5 or x = −2.
Another method for solving quadratic equations is using the Quadratic Formula. This method is particularly helpful for solving quadratic equations that are difficult or impossible to factor. Before using the Quadratic Formula, the quadratic equation you want to solve must be in standard form (that is, written as ax² + bx + c = 0).
In this form, a is the coefficient of the x²-term, b is the coefficient of the x-term, and c is the constant term. The Quadratic Formula is stated at right:
x = (−b ± √(b² − 4ac))/(2a)
This formula gives two possible solutions for x. The two solutions are shown by the “±” symbol. This symbol (read as “plus or minus”) is shorthand notation that tells you to evaluate the expression twice: once using addition and once using subtraction. Therefore, Quadratic Formula problems usually must be simplified twice to give:
x = (−b + √(b² − 4ac))/(2a) or x = (−b − √(b² − 4ac))/(2a)
Of course if b² − 4ac equals zero, you will get the same result both times.
To solve x² − 3x − 10 = 0 using the Quadratic Formula, substitute a = 1, b = −3, and c = −10 into the formula, as shown below, then simplify.
x = (−(−3) ± √((−3)² − 4(1)(−10))) / (2(1)) = (3 ± √49)/2 = (3 + 7)/2 or (3 − 7)/2
x = 5 or x = −2",B_boundary,NA,high
67,"1-50. Stacie says to Cory, “Reach into this standard deck of playing cards and pull out a card at random. If it is the queen of hearts, I’ll pay you $5.00.” (Note: A standard deck of playing cards contains 52 cards, each of which is unique.)
a. What is the probability that Cory gets Stacie’s $5.00?
b. What is the probability that Stacie keeps her $5.00?",B_boundary,NA,high
74,"1-55. GENERALIZING
Now you will generalize your results. Generalizing is an important mathematical process. A common way to generalize is to write an equation using algebra.
a. Draw a diagram of one of your boxes. Since this shape is being used to generalize, you want it to represent a relationship between any possible input and its output. Therefore, instead of labeling the height with a number, label the height of this box x.
b. Work with your team to calculate the volume (or y-value) for a height of x. It may help you to remember how you calculated the volume when the height was a number and use the same strategy for your new input of x.",B_boundary,NA,high
84,"1-64. Solve each of the following equations. Be sure to check your answers.
a. 6/x = x − 1
b. 9/x = x",B_boundary,NA,high
86,"1-66. Graph the following functions and find the x- and y-intercepts.
a. y = 2x + 3
b. f(x) = 2x + 3
c. How are the functions in (a) and (b) the same? How are they different?",B_boundary,NA,high
101,"1-80. Now you will continue your investigation of f(x) = 1/(x − h).
a. Each team member should choose a different value of h and make a complete x → y table and graph for your new function.
b. Examine all of your team’s functions. Together, generate a list of questions that you could ask about the functions your team created. Be as thorough as possible and be prepared to share your questions with the class.
c. The graph of some functions contains an asymptote. To learn more about asymptotes, read the Math Notes box at the end of this lesson.
d. As your teacher records each team’s questions, copy them into your Learning Log. Title this entry “Function Investigation Questions” and label it with today’s date.",B_boundary,NA,high
102,"1-81. INVESTIGATING A FUNCTION, Part Two: SUMMARY STATEMENTS
Now you are ready for the most important part of your investigation: summary statements! Summary statements are a very important part of this course, so your team will practice making them. A summary statement is a statement about a function along with a thorough justification. A strong summary statement should be justified with multiple representations (x → y table, graph, equation, and situation, if applicable).
a. Read the example summary statement below about the range of the function y = x². Discuss it with your team and decide if it is justified completely.
Statement: The function y = x² has a range of all real numbers greater than or equal to zero (y ≥ 0). First justification: You can see this when you look at the graph, because you can see that the lowest point on the graph is on the x-axis.
Second justification: You can also see this in the table, because none of the y-values are negative.
Third justification: It makes sense with the equation, because if you square any number, the answer will be positive. For example, (−2)² = 4 and 3² = 9.
b. Use your “Function Investigation Questions” Learning Log entry from problem 1-80 to help you make as many summary statements about your functions as you can. Remember to justify each summary statement in as many ways as possible.",B_boundary,NA,high
104,"1-83. What will the graph of f(x) = 1/(x + 25) look like?
a. Discuss this question with your team and make a sketch of what you predict the graph will look like. Give as many reasons for your prediction as you can.
b. Use your graphing calculator to graph f(x) = 1/(x + 25). Do you see what you expected to see? Why or why not?
c. Adjust the viewing window if needed. When you see the full picture of your graph, make a sketch of the graph on your paper. Label any important points.
d. How close was your prediction?",B_boundary,NA,high
128,"1-105. Write an equation for the line that passes through the points (2, 0) and (0, –3). Remember that drawing a diagram (in this case, drawing the graph) can be very helpful.",B_boundary,NA,high
165,"MATH NOTES
METHODS AND MEANINGS
Exponential Functions
An exponential function has the general form y = a ⋅ b^x, where a is the initial value (the y-intercept) and b is the multiplier (the growth). Be careful: The independent variable x has to be in the exponent. For example, y = x^2 is not an exponential equation, even though it has an exponent.
For example, in the multiple representations below, the y-intercept is (0, 4) and the growth factor is 3 because the y-value is increasing by multiplying by 3.
y = 4 ⋅ 3^x
To increase or decrease a quantity by a percentage, use the multiplier for that percentage. For example, the multiplier for an increase of 7% is 100% + 7% = 1.07. The multiplier for a decrease of 7% is 100% – 7% = 0.93.",B_boundary,NA,medium
169,"2-7. Your results from this problem will be useful in the parabola investigation that you will do in Lesson 2.1.2.
a. Draw the graph of y = (x − 3)^2. If you are drawing the graph by hand be sure to use the domain 0 ≤ x ≤ 6.
b. How is this graph different from the graph of y = x^2?",B_boundary,NA,high
176,"2-13. Graph the parabola y = x^2. Be sure to label any important points. When you are sure that your graph is complete and accurate, trace over it in colored pencil.
a. Find a way to change the equation is to make the y = x^2 parabola stretch vertically. That is, to make the graph look narrower, so the points in the parabola seem to rise away from the vertex more quickly. The new parabola should have the same vertex and orientation (i.e., open up) as y = x^2. Record the equations you try, along with their results. Write down the results even when they are wrong – they may come in handy later on.
b. Find a way to change the equation to make the y = x^2 parabola compress vertically. That is, to make the graph look flatter, so that the points seem to rise away from the vertex less quickly. Record the equations you try, along with their results and your observations.
c. Find a way to change the equation to make the same parabola open downward. The new parabola should be congruent (the same shape and size) to y = x^2, with the same vertex, except it should open downward so its vertex will be its highest point. Record the equations you try, their results, and your observations.
d. Find a way to change the equation to make the y = x^2 parabola move 5 units down. Your new parabola should look exactly like y = x^2, but the vertex should be at (0, −5). Record the equations you try, along with their results. Include a comment about moving the graph up as well as down.
e. Find a way to change the equation to make the y = x^2 parabola move 3 units to the right. Your new parabola should look exactly like y = x^2, except that the vertex should be at the point (3, 0). If you need an idea to get started, review your work on problem 2-11. Record the equations you try, along with their results. Include a comment about how to move the parabola to the left as well as how to move it to the right.
f. Find a way to change the equation to make the y = x^2 parabola move 3 units to the left, as in part (e), AND stretch vertically, as in part (a). Record the equations you try, along with their results.",B_boundary,NA,high
179,2-16. Explain the differences between an accurate sketch and a careful graph.,B_boundary,NA,high
180,"2-17. If p(x) = x^2 + 5x − 6, find:
a. Where p(x) intersects the y-axis.
b. Where p(x) intersects the x-axis.
c. If q(x) = x^2 + 5x, find the intercepts of q(x) and compare the graphs of p(x) and q(x).
d. Find p(x) − q(x).",B_boundary,NA,high
183,"2-20. Daniela, Kieu, and Duyen decide to go to the movies one hot summer afternoon. The theater is having a summer special called Three Go Free. They will get free movie tickets if they each buy a large popcorn and a large soft drink. They take the deal and spend $22.50 on large popcorns and soft drinks. The next week, they go back again, only this time, they each pay $8.00 for their ticket, they each get a large soft drink, but they share one large bucket of popcorn. This return trip costs them a total of $37.50. a. Find the price of a large soft drink and the price of a large bucket of popcorn. b. Did you write two equations or did you use another method? If you used another method, write two equations now and solve them. If you already used a system of equations, skip this part.",B_boundary,NA,high
195,"2-31. For each equation below, predict the coordinates of the vertex, the orientation (whether it opens up or down), and whether the graph will be a vertical stretch or a compression of y = x^2. Do not use a graphing calculator. Quickly make an accurate graph based on your predictions. How can you make the shape of your graph accurate without using a table? Be prepared to share your strategies with the class. a. y = (x + 9)^2 b. y = x^2 + 7 c. y = 3x^2 d. y = 1/3 (x – 1)^2 e. y = –(x – 7)^2 + 6 f. y = 2(x + 3)^2 – 8 g. Now take out your graphing calculator and check your predictions for the equations in parts (a) through (f). Did you make any mistakes? If so, describe the mistake and what you need to do in order to correct it.",B_boundary,NA,high
208,"2-42. In this investigation you will compare two methods of changing a quadratic equation from standard form to graphing form. a. Write the equation of the parabola y = x^2 − 2x − 15 in graphing form using two methods. First, use the method of averaging the intercepts. Then, use the method of completing the square. Find the x-intercept(s), the y-intercept(s), and the vertex of the parabola, and sketch the graph. b. Write y = x^2 + 8x + 10 in graphing form. Find the intercepts and vertex, and sketch the graph. Do both strategies work for this parabola? c. Can you use both methods to sketch y = x^2 + 2x + 4 ? Do both strategies still work? d. Discuss the two strategies with your team. Then respond to the following Discussion Points. When does the method of averaging the intercepts work better? When does the method of completing the square work better? Which method was more efficient and why?",B_boundary,NA,high
209,"2-43. Jessica was at home struggling with her homework. She had missed class and could not remember how to complete the square. She was supposed to use the method to change f(x) = x^2 + 8x + 10 to graphing form. Then her precocious younger sister, Anita, who was playing with algebra tiles, said, “Hey, I bet I know what they mean.” Anita’s Algebra class had been using tiles to multiply and factor binomials. Anita explained, “f(x) = x^2 + 8x + 10 would look like this,” “Yes,” said Jessica, “I took Algebra 1 too, remember?” Anita continued, “And you need to make it into a square!” “OK,” said Jessica, and she arranged her tiles as shown in the picture below. “Oh,” said Jessica. “So I just need 16 small unit tiles to fill in the corner.” “But you only have ten,” Anita reminded her. “Right, I only have ten,” Jessica replied. She put in the 10 small square tiles then drew the outline of the whole square and said: “Oh, I get it! The complete square is (x + 4)^2 which is equal to x^2 + 4x + 16. But my original expression, x^2 + 8x + 10, has six fewer tiles than that, so what I have is (x + 4)^2, minus 6.” “Yes,” said Anita. “You started with x^2 + 8x + 10, but now you can rewrite it as x^2 + 8x + 10 = (x + 4)^2 – 6.” Use your graphing calculator to show that f(x) = x^2 + 8x + 10 and f(x) = (x + 4)^2 – 6 are equivalent functions.",B_boundary,NA,high
210,2-44. Help Jessica with a new problem. She needs to complete the square to write y = x^2 + 4x + 9 in graphing form. Draw tiles to help her figure out how to make this expression into a square. Does she have too few or too many unit squares this time? Write her equation in graphing form.,B_boundary,NA,high
211,"2-45. How could you complete the square to change f(x) = x^2 + 5x + 2 into graphing form? How would you split the five x-tiles into two equal parts? Jessica decided to use force! She cut one tile in half, as shown below. Then she added her two unit tiles. a. How many unit tiles are in the perfect square? b. Does Jessica have too many or too few tiles in her original expression? How many? c. Write the graphing form of the function. d. Now use your work on problems 2-43 through part (b) of problem 2-45 to complete problem 2-42.",B_boundary,NA,high
212,2-46. Use the strategy of your choice to write each function below in graphing form. a. f(x) = x^2 + 6x + 7 b. f(x) = x^2 − 4x + 11 c. f(x) = x^2 + 5x + 2 d. f(x) = x^2 − 7x + 2,B_boundary,NA,high
214,"2-48. GENERALIZATION CHALLENGE I. Jeremy had an idea, “What if we start with the equation in standard form? I bet we can find a way to get the vertex so we don’t have to solve the equation or change it to graphing form every time. Let’s start with y = ax^2 + bx + c and find the x-intercepts for its graph.” a. Solve the general quadratic equation to get the x-intercepts. b. How can you use the x-intercepts to find the line of symmetry? What is the line of symmetry? c. What is the vertex of the graph of y = ax^2 + bx + c ?",B_boundary,NA,high
215,"2-49. GENERALIZATION CHALLENGE II. Jessica had another idea. She said, “Couldn’t we just start with y = ax^2 + bx + c and complete the square?” Jeremy objected, “But what do we do about the ax^2 ?” a. How can you rewrite the equation so the coefficient of x is one? Do it. b. What is the square that needs to be completed? c. What expression has to be added to complete the square? d. Rewrite the equation in the form y/a = (x + __)^2 + _____, and multiply by a. e. What is the vertex? Is the result the same as in problem 2-48? How do you know?",B_boundary,NA,high
216,"MATH NOTES: Finding Graphing Form and Vertex of Parabolas. Starting with the graphing form of a quadratic equation and rewriting it to get standard form is straightforward algebra. But starting with a quadratic equation in standard form and rewriting it to get graphing form is more difficult. You have used two strategies to rewrite standard form in graphing form: averaging the intercepts and completing the square. For example, change y = x^2 + 3x – 10 to graphing form. Averaging Intercepts: x-intercept is where y = 0. Solve 0 = x^2 + 3x – 10, 0 = (x + 5)(x – 2). The x-intercepts are (–5, 0) and (2, 0). Axis of symmetry: x = (-5+2)/2 = -3/2. By evaluating for x, find y = -49/4. Vertex: (-3/2, -49/4). Completing the Square: Make a perfect square from x^2 + 3x: (x + 1.5)^2 = x^2 + 3x + 2.25. The original expression, x^2 + 3x – 10, is 12.25 fewer than (x + 1.5)^2. So, y = x^2 + 3x – 10 = (x + 1.5)^2 – 12.25. Since graphing form is y = a(x – h)^2 + k, vertex: (–1.5, –12.25) = (-3/2, -49/4). In general, how are h and k in y = a(x – h)^2 + k related to b and c in y = ax^2 + bx + c? By averaging the two solutions given by the Quadratic Formula, or by completing the square, the axis of symmetry is x = -b/(2a), and the vertex is (-b/(2a), c - b^2/(4a)), so h = -b/(2a) and k = c - b^2/(4a).",B_boundary,NA,high
219,2-52. How is y = 2^x different from y = −(2^x) ? Sketch the graph of y = −(2^x).,B_boundary,NA,high
233,"2-65. Sketch the path of the jackrabbit on your paper. Choose where to place the x- and y-axes in your diagram so that they make sense and make the problem easier. Label as many points as you can on your sketch. a. What is the shape of the path of the jackrabbit? What kind of equation would best model this situation? b. What point on your graph can tell you about the values of h and k in the equation? Write the values for h and k into the general equation. Is your equation finished? c. With your team, find a strategy to find the exact value of a. Will any of the points on your diagram help? Be prepared to share your strategy with the class. d. What are the domain and range for your model? e. Did any team in your class get a different equation? If so, write down their equation and show how it can also model the path of the jackrabbit. What choices did that team make differently that resulted in the different equation?",B_boundary,NA,high
238,"2-70. Draw accurate graphs of y = 2x + 5, y = 2x^2 + 5, and y = 1/2 x^2 + 5 on the same set of axes. Label the intercepts. a. In the equation y = 2x + 5, what does the 2 tell you about the graph? b. Is the 2 in y = 2x^2 + 5 also the slope? Explain.",B_boundary,NA,high
239,"2-71. Think about how you might sketch a parabola on a graph. a. Do the sides of a parabola ever curve back in like the figure at right? Explain your reasoning. b. Do the sides of the parabola approach straight vertical lines as shown in the figure at right? (In other words, do parabolas have asymptotes?) Give a reason for your answer.",B_boundary,NA,high
258,"2-89. Consider a line with a slope of 3 and a y-intercept at (0, 2). a. Sketch the graph of this line. b. Write the equation of the line. c. Find the initial term and the next three terms of the sequence t(n) = 3n − 1. Plot the terms on a new set of axes next to your graph from part (a) above. d. Explain the similarities and differences between the graphs and equations in parts (a) through (c). Are both continuous?",B_boundary,NA,high
264,"2-95. Write a possible equation for each of these graphs. Assume that one mark on each axis is one unit. When you are in class, check your equations on a graphing calculator and compare your results with your teammates.
a.
b.
c.
d.
e.
f.
g.
h.
i.",B_boundary,NA,high
306,"2-132. Begin by fully investigating x = y^2 and x^2 + y^2 = 25 as follows.
a. Without using your graphing calculator, make a table and a graph for each equation.
b. Marabel and Lissa were working on this problem. Marabel was making a table for x = y^2. For an x-value of 4, she found a y-value of 2. Lissa was watching and said, ""Wait! When x is 4, there is also another possible value for y."" What did Lissa mean? Look back at your tables and decide if there are more points you could add.
c. Now describe x = y^2 and x^2 + y^2 = 25 completely. This includes finding the domain and range of each equation, finding the important points such as intercepts, and describing what happens to y as x increases.
d. How are these relationships different from others you have been working with?",B_boundary,NA,medium
317,2-143. Explain the difference between the graphs of y = 1/x and y = 4(1/(x + 5)) + 7.,B_boundary,NA,high
321,"2-147. Sketch the graph of y = 2(x - 1)^2 + 4.
a. Now rewrite the equation y = 2(x - 1)^2 + 4 without parentheses. Remember the Order of Operations!
b. What would the difference be between the graphs of the two equations above? This is sort of a trick question, but explain your reasoning.
c. What is the parent function of y = 2(x - 1)^2 + 4?
d. What is the parent function of y = 2x^2 - 4x + 6?",B_boundary,NA,high
343,"2-167. Shortcut Shuneel claims he has a shortcut for finding the vertex of a parabola. While using his shortcut on y = 2x^2 + 3x + 1, he ended up with y = 2(x + 3/4)^2 - 7/2. Is Shuneel's new equation correct? Why or why not?",B_boundary,NA,medium
350,"BECOMING MATHEMATICALLY PROFICIENT
The Common Core State Standards for Mathematical Practice
This book focuses on helping you use some very specific Mathematical Practices. The Mathematical Practices describe ways in which mathematically proficient students engage with mathematics everyday.
Make sense of problems and persevere in solving them:
Making sense of problems and persevering in solving them means that you can solve problems that are full of different kinds of mathematics. These types of problems are not routine, simple, or typical. Instead, they combine lots of math ideas and everyday situations. You have to stick with challenging problems, try different strategies, use multiple representations, and use a different method to check your results.
Reason abstractly and quantitatively:
Throughout this course, everyday situations are used to introduce you to new math ideas. Seeing mathematical ideas within a context helps you make sense of the ideas. Once you learn about a math idea in a practical way, you can ""reason abstractly"" by thinking about the concept more generally, representing it with symbols, and manipulating the symbols. Reasoning quantitatively is using numbers and symbols to represent an everyday situation, taking into account the units involved, and considering the meaning of the quantities as you compute them.
Construct viable arguments and critique the reasoning of others:
To construct a viable argument is to present your solution steps in a logical sequence and to justify your steps with conclusions, relying on number sense, facts and definitions, and previously established results. You communicate clearly, consider the real-life context, and provide clarification when others ask. In this course, you regularly share information, opinions, and expertise with your study team. You critique the reasoning of others when you analyze the approach of others, build on each other's ideas, compare the effectiveness of two strategies, and decide what makes sense and under what conditions.
Model with mathematics:
When you model with mathematics, you take a complex situation and use mathematics to represent it, often by making assumptions and approximations to simplify the situation. Modeling allows you to analyze and describe the situation and to make predictions. For example, you model when you use multiple representations, including equations, tables, graphs, or diagrams to describe a situation. In situations involving the variability of data, you model when you describe the data with equations. Although a model may not be perfect, it can still be very useful for describing data and making predictions. When you interpret the results, you may need to go back and improve your model by revising your assumptions and approximations.",B_boundary,NA,high
352,"Attend to precision: To attend to precision means that when solving problems, you need to pay close attention to the details. For example, you need to be aware of the units, or how many digits your answer requires, or how to choose a scale and label your graph. You may need to convert the units to be consistent. At times, you need to go back and check whether a numerical solution makes sense in the context of the problem.

You need to attend to precision when you communicate your ideas to others. Using the appropriate vocabulary and mathematical language can help make your ideas and reasoning more understandable to others.",B_boundary,NA,high
356,"CL 2-170. Chucky and Angelica were reviewing equations of parabolas for their upcoming math test. They disagreed on what the equation would look like for a parabola whose vertex was at (−4, 3).
a. Help them write an equation for a parabola that opens upward from its vertex at (−4, 3). What is the equation of its line of symmetry?
b. Chucky wants the same parabola to open down and Angelica wants it to be compressed. Show them how to change your original equation to meet both of their desires. Does the line of symmetry change?
c. Move your parabola from part (b) 7 units to the right and 8 units down and stretch it vertically so that it is thinner than the original parabola. What is the equation of the parabola? What is the equation of its line of symmetry?",B_boundary,NA,high
370,"Guiding Question: Mathematically proficient students construct viable arguments and critique the reasoning of others. As you work through this chapter, ask yourself: How can I show that these forms are equivalent?",B_boundary,NA,high
373,"3-1. Consider the tile pattern at right.
a. Work with your team to describe what the 100th figure would look like. Then find as many different expressions as you can for the area (the number of tiles) in Figure x. Use algebra to justify that all of your expressions are equivalent.
b. What information about the pattern is given by various parts of your different expressions?
c. Write and solve an equation to determine which figure number has 72 tiles. Do you get different results depending upon which expression you choose to use? Explain.",B_boundary,NA,high
391,"3-18. Shinna noticed a similarity in parts (c) and (d) of problem 3-15.
a. Look back at those two problems and their rewritten form. What might Shinna have noticed? Discuss this with your team and be prepared to share your ideas with the class.
b. Shinna thinks she has found a shortcut that will allow her to rewrite expressions such as those written below without drawing a diagram. What do you think she has figured out? Try your ideas on the expressions shown below.
i. w^2 − 81
ii. 4m^2 − 1
iii. x^2 − 16y^2",B_boundary,NA,high
392,"3-19. Shinna has noticed that differences of squares can be factored easily.
a. Decide which of the expressions below can be seen as a difference of squares and can therefore be factored using Shinna’s shortcut. For each difference of squares, show the squares clearly and then write the product. For example, 16x^2 − 9y^2 can be rewritten as (4x)^2 − (3y)^2 and then as (4x − 3y)(4x + 3y).
i. a^2 − 4b^2
ii. 2x^2 − 16
iii. −x^2 + y^4
iv. 4a^2 + 9b^2
b. Write two more expressions of your own that are differences of squares and show each in factored form.",B_boundary,NA,high
393,"3-20. Shinna wants to factor 9x^2y^4 − z^6. “Wait!” she says. “I think I can see a way to use my shortcut!”
a. Discuss this with your team. Is Shinna’s expression a difference of squares? If so, what are the squares? If not, explain why. Be ready to share your ideas with the class.
b. Shinna decided to rewrite her expression so that its structure was simpler to see. She wrote 9x^2y^4 − z^6 as U^2 − V^2. What was she using U to represent? What about V?
c. George is confused! “Shinna,” he says, “There was no U or V in your problem! What are you doing?” Explain to George what is going on.
d. Help Shinna finish factoring the expression 9x^2y^4 − z^6 by factoring U^2 − V^2 and then substituting the original expressions for U and V.",B_boundary,NA,high
396,"3-23. Decide whether each of the following pairs of expressions are equivalent for all values of x (or a and b). If they are equivalent, show how you can be sure. If they are not, justify your reasoning completely.
a. (x + 3)^2 and x^2 + 9
b. (x + 4)^2 and x^2 + 8x + 16
c. (x + 1)(2x − 3) and 2x^2 − x − 3
d. 3(x − 4)^2 + 2 and 3x^2 − 24x + 50
e. (x^3)^4 and x^7
f. ab^2 and a^2b^2",B_boundary,NA,high
397,"3-24. Look back at the expressions in problem 3-23 that are not equivalent. For each pair of expressions, are there any values of the variable(s) that would make the two expressions equal? Justify your reasoning.",B_boundary,NA,high
398,"3-25. Jenna wants to solve the equation 2000x – 4000 = 8000.
a. What easier equation could she solve instead that would give her the same solution? (In other words, what equivalent equation has easier numbers to work with?)
b. Justify that your equation in part (a) is equivalent to 2000x – 4000 = 8000 by showing that they have the same solution.
c. Now Jenna wants to solve 3/50 − x/50 = 7/50. Write and solve an equivalent equation with easier numbers that would give her the same answer.",B_boundary,NA,high
411,"3-37. Graciela was trying to solve the quadratic equation x^2 + 2.5x − 1.5 = 0. “I think I need to use the Quadratic Formula because of the decimals,” she told Walter. Walter replied, “I’m sure there’s another way! Can’t we rewrite this equation so there aren’t any decimals?”
a. What is Walter talking about? Rewrite the equation so that it has no decimals.
b. Rewrite your equation again, this time expressing it as a product.
c. Now solve your new equation. Be sure to check your solution(s) using Graciela’s original equation.",B_boundary,NA,high
417,"3-43. Are any of the three equations below equivalent? Justify your decision by rewriting each of the equations as an equivalent equation.
2x = 2y − 6
xy + 2x = (y + 2)(y + 3)
−x = −y − 3",B_boundary,NA,high
420,"3-45. Rewrite each equation below. Then solve your new equation. Be sure to check your solution using the original equation.
a. (n + 4) + n(n + 2) + n = 0
b. 4/x = x + 3",B_boundary,NA,high
421,"3-46. Decide whether each of the following pairs of expressions or equations are equivalent. If they are, show how you can be sure. If they are not, justify your reasoning completely.
a. (ab)^2 and a^2b^2
b. 3x − 4y = 12 and y = 3/4 x − 3
c. y = 2(x − 1) + 3 and y = 2x + 1
d. (a + b)^2 and a^2 + b^2
e. x^6 / x^2 and x^3
f. y = 3(x − 5) + 2 and y = 2x − 8",B_boundary,NA,high
422,3-47. Look back at the expressions in problem 3-46 that are not equivalent. Are there any values of the variables that would make them equal? Justify your reasoning.,B_boundary,NA,high
426,"3-51. While Jenna was solving the equation 150x + 300 = 600, she wondered if she could first change the equation to x + 2 = 4. What do you think?
a. Solve both equations and verify that they have the same solution.
b. What did Jenna do to the equation 150x + 300 = 600 to change it to x + 2 = 4?
c. Use the same method to rewrite and solve 60t – 120 = 300.",B_boundary,NA,high
433,"3-57. COMBINING LINEAR FUNCTIONS INVESTIGATION
Your team will be assigned a pair of linear functions from the list below.
f1(x) = x − 2, g1(x) = 2x + 3
f2(x) = x + 3, g2(x) = 5x − 9
f3(x) = x − 4, g3(x) = 5x + 8
f4(x) = x − 1, g4(x) = 2x + 5
f5(x) = x − 3, g5(x) = 5x − 9
f6(x) = x + 4, g6(x) = 5x + 6
f7(x) = x − 3, g7(x) = 2x + 5
f8(x) = x + 3, g8(x) = 5x + 7
f9(x) = x + 2, g9(x) = 5x + 3

Your Task: With your team, find out as much as you can about what happens when you combine the two linear functions using each of the operations of addition, subtraction, multiplication, and division. Use the following steps to guide your investigation.
1. Make your own prediction of the shape of each new graph and draw a quick, rough sketch on your paper.
2. Discuss your prediction with your teammates.
3. Use a graphing calculator to check your team’s prediction.
4. Summarize your findings.
Be sure to carefully record all of your work and be prepared to share your summary statements about the results for each operation with the class.
Note: When entering operations into the graphing calculator, you may need to insert extra parentheses so the calculator will follow your intended Order of Operations.",B_boundary,NA,high
438,"3-61. CLOSED SETS
Whole numbers (positive integers and zero) are said to be a closed set under addition: if you add two whole numbers, you always get a whole number. Whole numbers are not a closed set under subtraction: if you subtract two whole numbers, you do not always get a whole number. For example, 2 – 5 = –3 and –3 is not a whole number.
a. Investigate with your team whether the set of integers is a closed set under addition and under subtraction. Then investigate whether the integers are a closed set under multiplication and under division. Give examples. If you think the set is closed, explain why. If not, give counterexamples.
b. Are single-variable polynomials closed under addition, subtraction, and multiplication? In other words, if you add, subtract, or multiply two polynomials that have the same variable, will you always get a polynomial as your answer? If you think the set is closed, explain why. If not, give counterexamples.",B_boundary,NA,high
445,"3-68. While David was solving the equation 100x + 300 = 500, he wondered if he could first change the equation to x + 3 = 5. What do you think?
a. Solve both equations and verify that they have the same solution.
b. What could you do to the equation 100x + 300 = 500 to change it into x + 3 = 5?",B_boundary,NA,high
449,"3-71. Mr. Wonder claims that anything divided by itself equals 1 (as long as you do not divide by zero).
a. Mr. Wonder states that 16x/16x = 1 if x is not zero. What is his hypothesis and his conclusion?
b. Is Mr. Wonder correct? That is, is his statement true? Justify your conclusion.
c. Why can’t x be zero?
d. Next he considers (x−3)/(x−3). Does this equal 1? What value of x must be excluded in this fraction?
e. Create your own rational expression (algebraic fraction) that equals 1.
f. Mr. Wonder also says that when you multiply any number by 1, the number stays the same. For example, he says that the product below equals x/y. Is he correct?
(z/z) · (x/y) = x/y",B_boundary,NA,high
450,3-72. Use a calculator to graph the function f(x) = 16x/16x. Use the trace button to trace along the line and notice what happens at x = 0. Is the expression 16x/16x equivalent to 1? Explain.,B_boundary,NA,high
451,"3-73. With your team, compare and contrast the graphs of each of the following functions:
f_1(x) = (2x − 3)/(2x − 3)
f_2(x) = (2x − 3)/(3 − 2x)
f_3(x) = (2x − 3)/(2x + 3)
f_4(x) = 1/(2x − 3)
a. First visualize and make a quick sketch of what you imagine the graph of each will look like.
b. Discuss your sketches with the rest of your team.
c. Use calculators to graph each rational function, and adjust your sketches if needed.
d. Use the [TRACE] function or the table on your graphing calculator to find the location of the “hole” in each of the graphs, and describe their similarities and differences. Include their domains and ranges in the descriptions.",B_boundary,NA,high
453,"3-75. Mr. Wonder now tries to simplify 4x/x and (4+x)/x.
a. Mr. Wonder thinks that since x/x = 1, then 4x/x = 4. Is he correct? Substitute three values of x to justify your answer.
b. He also wonders if (4+x)/x = 5. Is this simplification correct? Substitute three values of x or use your calculator to compare the graphs of g(x) = (4+x)/x with h(x) = 5 to justify your answer. Remember that (4+x)/x is the same as (4 + x) ÷ x.
c. Compare the results of parts (a) and (b). When can a rational expression be simplified in this manner?
d. Which of the following expressions below is simplified correctly? Explain how you know.
i. (x^2+x+3)/(x+3) = x^2
ii. ((x+2)(x+3))/(x+3) = x + 2",B_boundary,NA,medium
461,"3-83. Sketch the graph of y = (x + 2)^3 + 4.
a. What is the parent graph of this function? How has the graph of this function been transformed from the parent graph?
b. Rewrite the equation y = (x + 2)^3 + 4 without parentheses. Remember the Order of Operations.
c. How would the graph in part (b) differ from the graph of the original equation?",B_boundary,NA,high
462,"3-84. Sketch the graph of the function f(x) = 3 · 5^x.
a. What is the domain of f(x)?
b. Sketch the graph of the geometric sequence t(n) = 3 · 5^n.
c. What is the difference between f(x) and t(n)? Explain completely.",B_boundary,NA,high
465,"3-86. With your team, review your responses to homework problem 3-82. Verify that everyone obtained the same answers and be prepared to share with the class how you multiplied and divided the fractions below.
(2/3) · (9/14)
(3/5) ÷ (12/25)",B_boundary,NA,high
471,"3-92. Monica’s younger sister is just learning how to add fractions, and she is confused. She has to add 1/3 + 2/5.
Help Monica explain to her by writing a detailed step-by-step explanation of exactly what she needs to do.",B_boundary,NA,high
473,"3-94. Janelle conducted an experiment by mistake when she left her bologna sandwich at school over winter break. When she got back, her sandwich was much larger than it was when she left it. Her science teacher explained that the sandwich had produced large quantities of a rare bacterium, Bolognicus sandwichae. Based on a sample taken from the sandwich, Janelle determined that there were approximately 72 million bacteria present. Her science teacher explained that this is not very surprising, since the number of this bacteria triples every 24 hours. Since the sandwich had been made only 15 days ago, Janelle was sure that she could sue the meat company. The food-industry standard for the most bacteria a sandwich-sized portion can have at the time of production is 100. Find out how many of the bacteria were present when the sandwich was made to determine if Janelle has a case.",B_boundary,NA,high
477,"3-97. With your team, read your directions for Monica’s sister from homework problem 3-92. Verify that everyone obtained the same answer and be prepared to share how you added the fractions with the class.
1/3 + 2/5
a. Now Monica’s sister wants to know why? Why does she have to do all of those steps with the common denominator? What is a fraction anyway, and why does adding them have to be so complicated? Draw some pictures or diagrams or make up some situations that will help her to know what fractions like 1/3 and 2/5 mean.
b. Now use your ideas from part (a) to show Monica why she needs a common denominator to add the two fractions.",B_boundary,NA,high
479,"3-99. Now add the fractions below. After you have added them, be sure to check to see if the numerator can be factored. You may be able get a simpler answer.
a. x/(3x+1) + (2x^2−2)/((x−5)(3x+1))
b. (9−3x)/((x+3)(x−3)) + (2x)/(x+3)",B_boundary,NA,high
482,"MATH NOTES
Rewriting Rational Expressions
To simplify a rational expression, both the numerator and denominator must be written in factored form. Then, look for factors that make a “Giant One” (a form of the number 1) and simplify. Study the examples below.
Example 1: (x^2+5x+4)/(x^2+x−12) = ((x+4)(x+1))/((x+4)(x−3)) = 1 · (x+1)/(x−3) = (x+1)/(x−3) for x ≠ –4 or 3
Example 2: (2x−7)/(2x^2+3x−35) = ((2x−7)(1))/((2x−7)(x+5)) = 1 · 1/(x+5) = 1/(x+5) for x ≠ –5 or 7/2
Just as you can multiply and divide fractions, you can multiply and divide rational expressions.
Example 3: Multiply (x^2+6x)/(x+6)^2 · (x^2+7x+6)/(x^2−1) and simplify for x ≠ –6, –1, or 1.
After factoring, this expression becomes: (x(x+6))/((x+6)(x+6)) · ((x+1)(x+6))/((x+1)(x−1))
After multiplying, reorder the factors: ((x+6)/(x+6)) · ((x+6)/(x+6)) · (x/(x−1)) · ((x+1)/(x+1))
Since (x+6)/(x+6) = 1 and (x+1)/(x+1) = 1, simplify: 1 · 1 · (x/(x−1)) · 1 ⇒ x/(x−1)
Example 4: Divide (x^2−4x−5)/(x^2−4x+4) ÷ (x^2−2x−15)/(x^2+4x−12) and simplify for x ≠ 2, 5, –3, or –6.
First, change to a multiplication expression: (x^2−4x−5)/(x^2−4x+4) · (x^2+4x−12)/(x^2−2x−15)
Then factor each expression: ((x−5)(x+1))/((x−2)(x−2)) · ((x−2)(x+6))/((x−5)(x+3))
After multiplying, reorder the factors: ((x−5)/(x−5)) · ((x−2)/(x−2)) · ((x+1)/(x−2)) · ((x+6)/(x+3))
Since (x−5)/(x−5) = 1 and (x−2)/(x−2) = 1, simplify to get: ((x+1)(x+6))/((x−2)(x+3)) ⇒ (x^2+7x+6)/(x^2+x−6)
Note: From this point forward in the course, unless specifically asked, you may assume that all values of x that would make a denominator zero are excluded.",B_boundary,NA,high
483,"3-102. Estacia wants to learn more about excluded values.
a. Explain to Estacia why x cannot be 4 in the expression (x+2)/(x−4).
b. Find the excluded values of x in each of the expressions of problem 3-99.
c. Create an expression that has the excluded values of x ≠ –6 and x ≠ 1/3. Be prepared to share your expression to the class.",B_boundary,NA,high
485,"3-104. Solve the equations and inequalities below. Check your solutions, if possible.
a. |5x + 8| ≥ −4
b. x^2 + x − 20 < 0
c. 2x^2 − 6x = −5
d. 5/9 − x/3 = 4/9",B_boundary,NA,high
493,"3-111. EXPLORING OPERATIONS WITH RATIONAL FUNCTIONS
What will the graphs of the sum, difference, product or quotient of two rational functions look like? Graphs of rational functions can be very complicated and difficult to interpret using a graphing calculator, so you will work to get a glimpse of some of the simpler outcomes by using two fairly simple rational functions.
f(x) = 1/(x − 2) and g(x) = 1/(x + 1)
a. Algebraically find f(x) · g(x) and write this as a single function without any parentheses.
b. Graph the simplified function from part (a), and simultaneously graph the function f(x) · g(x). Are the graphs the same? How can you be sure the graphs are the same, and one graph is not just “hiding” out of the window you chose?
c. The graphs should be the same. If they are not, check your algebra (and your input) to see what happened.
d. Algebraically find f(x) + g(x), f(x) − g(x), and f(x)/g(x), and simplify the function.
e. Graph each of your simplified algebraic functions from part (d) simultaneously with the original operation on two functions. Check that the graphs are the same and correct any mistakes if necessary.
f. Along with exploring the shape of the various function operations, you have discovered a way to check you work when simplifying rational expressions. Check your answer to part (a) of problem 3-110.",B_boundary,NA,high
494,"3-112. Based on your limited experience with rational expressions so far, do you think that the set of all rational expressions is closed for each of the four operations, addition, subtraction, multiplication, and division? If so, what are some reasons you think so, and if not, why not? Discuss this question with your team and be prepared to defend your conjecture.",B_boundary,NA,high
500,"3-117. Solve the quadratic below twice: once by factoring and using the Zero Product Property and once by completing the square. Verify that the solutions match.
x^2 + 14x + 33 = 0",B_boundary,NA,high
513,"PORTFOLIO: EVIDENCE OF MATHEMATICAL PROFICIENCY
This section gives you an opportunity to show growth in your understanding of key mathematical ideas over time as you complete this course.
Your team has been assigned the task of preparing a set of directions for future algebra students on how to perform operations with rational expressions. Your assignment is to select one rational expressions addition or subtraction problem and one rational expressions multiplication or division problem from the chapter. Show step-by-step how to do the two problems you have selected. Next to each step, include an explanation of why you are making that step. You want to be sure your result is correct, so use a graphing tool to check your answer by comparing the graph of the original problem and with the graph of your answer.
A student who has just enrolled in an Algebra 2 class needs help understanding why (x + y)^2 = x^2 + 2xy + y^2. She thinks that (x + y)^2 = x^2 + y^2. Justify why (x + y)^2 = x^2 + 2xy + y^2 so that she is convinced that your answer is correct.",B_boundary,NA,medium
517,"CL 3-129. Which of the following pairs of equations or expressions are equivalent? Justify your reasoning either by using algebra to transform the first equation or expression into the second or by demonstrating with a counterexample.
a. n(2n + 1)(2n − 1) ; 4n^2 − n
b. (2x − 1)^2 ; 4x^2 − 1
c. 10x^2 − 55x − 105 ; 5(2x + 3)(x − 7)
d. (4x^12 / −2x^8)^3 ; −8x^12
e. 2x − 3y = 6 ; y = 2/3 x + 6
f. √108 ; 6√3",B_boundary,NA,high
519,"CL 3-131. Evan spent the summer earning money so he could buy the classic car of his dreams. He purchased the car for $2295 from Fast Deal Freddie, the local used car salesman. Freddie told Evan that the car would increase by half its value after five years. Evan knows that this model appreciates 8% annually. Did Freddie try to trick Evan, or was his claim accurate?",B_boundary,NA,high
531,"4-3. Three strategies your class or team may have used in problem 4-2 are Rewriting (using algebra to write a new equivalent equation that is easier to solve), Looking Inside (reasoning about the value of the expression inside the function or parentheses), and Undoing (reversing or doing the opposite of an operation; for example, taking the square root to eliminate squaring). These strategies and others will be useful throughout the rest of this course. Examine how each of these strategies can be used to solve the equation below by completing parts (a) through (f).

(x − 5)/4 + 2/5 = 9/10

a. Ernie decided to multiply both sides of the equation by 20 so that his equation becomes 5(x − 5) + 8 = 18. Which strategy did Ernie use? How can you tell?
b. Elle took Ernie’s equation and decided to subtract 8 from both sides to get 5(x − 5) = 10. Which strategy did Elle use?
c. Eric looked at Elle’s equation and said, “I can tell that (x – 5) must equal 2 because 5 ⋅ 2 = 10. Therefore, if x – 5 = 2, then x must be 7.” What strategy did Eric use?
d. How many solutions does the function y = (x − 5)/4 + 2/5 have? How can you use the graph of y = (x − 5)/4 + 2/5 on your graphing calculator to check your solution to (x − 5)/4 + 2/5 = 9/10? Where did you look on the graph?
e. How can you use the table for y = (x − 5)/4 + 2/5 on your graphing calculator to check your answer? Where did you look on the table?
f. Use the strategies from parts (a) through (c) in a different way to solve (x − 5)/4 + 2/5 = 9/10. Did you get the same result?",B_boundary,NA,high
532,"4-4. Solve each equation below, if possible, using any strategy. Check with your teammates to see what strategies they chose. Be sure to check your solutions.

a. 4|8x − 2| = 8
b. 3√(4x − 8) + 9 = 15
c. (x − 3)^2 − 2 = −5
d. (2y − 3)(y − 2) = −12y + 18
e. 5/x + 1/(3x) = 4x/3
f. |3 − 7x| = −6
g. (6w − 1)/5 − 3w = (12w − 16)/15
h. (x + 2)^2 + 4(x + 2) − 5 = 0",B_boundary,NA,high
533,4-5. Some of the solutions from the previous problem can quickly be checked with a graph or table on the graphing calculator. Check the answers for those problems with your graphing calculator.,B_boundary,NA,high
535,"4-7. Solve (x − 2)^2 − 3 = 1 graphically. That is, graph y = (x − 2)^2 − 3 and y = 1 on the same set of axes and find the x-value(s) of any points of intersection. Then use algebraic strategies to solve the equation and verify that your graphical solutions are correct.",B_boundary,NA,high
539,"4-11. Classify the triangle with vertices A(3, 2), B(–2, 0), and C(–1, 4) by finding the length of each side. Be sure to consider all possible triangle types. Include sufficient evidence to support your conclusion.",B_boundary,NA,high
544,"4-15. In problem 4-1, you used a graph to solve an equation. In what other ways can a graph be a useful solution tool? Consider this question as you solve the equation √(2x + 3) = x by completing parts (a) through (d) below.

a. Use algebraic strategies to solve √(2x + 3) = x. How many solutions did you find? Which strategies did you use?
b. In thinking about √(2x + 3) = x, Miranda wrote down y = √(2x + 3) and y = x. How many solutions does y = √(2x + 3) have? How many solutions does y = x have?
c. Miranda said, “I’ll graph both the functions y = √(2x + 3) and y = x to check the solutions from part (a).” How will graphing help her find the solution?
d. Miranda looked at the graph on her graphing calculator and said “I think something is wrong.” What happened? Graph the system on your graphing calculator and find the intersection(s) of the functions. How many solutions does this equation have?",B_boundary,NA,medium
545,"4-16. When a result from an equation-solving process does not make the original equation true, it is called an extraneous solution. It is not a solution of the equation, even though it is a result when solving algebraically.

Check your two solutions from part (a) of problem 4-15 algebraically.",B_boundary,NA,high
546,"4-17. The fact that extraneous solutions can arise after following straightforward solving techniques makes it especially important to check your solutions!

But why did the extraneous solution appear in this problem? Examine the graph of the system of equations y = √(2x + 3) and y = x, shown at right. Where would an extraneous solution x = −1 appear on the graph? Why do the graphs not intersect at that point? Explain.",B_boundary,NA,high
547,"4-18. After solving the equation 2x^2 + 5x − 3 = x^2 + 4x + 3, Gustav got called to the office and left his team. When his teammates examined his graphing calculator to try to find out how he found his solution, they only saw the graph of y = x^2 + x − 6. Consider this situation as you answer the questions below.

a. How many solutions do you predict 2x^2 + 5x − 3 = x^2 + 4x + 3 will have?
b. Solve 2x^2 + 5x − 3 = x^2 + 4x + 3 algebraically.
c. Where did Gustav get the equation y = x^2 + x − 6? How many solutions will y = x^2 + x − 6 have?
d. How can you see the solutions to 2x^2 + 5x − 3 = x^2 + 4x + 3 in the graph of y = x^2 + x − 6? Explain why this makes sense.
e. Maiya solved 2x^2 + 5x − 3 = x^2 + 4x + 3 by graphing a system of equations and looking for the points of intersection. What equations do you think she used? Graph these equations on your graphing calculator and explain where the solutions to the equation exist on the graph.",B_boundary,NA,medium
548,"4-19. Karen could not figure out how to solve 20x + 1 = 3^x algebraically, so she decided to use her graphing calculator. However, after she finished entering the equations y = 20x + 1 and y = 3^x, she got the graph shown at right. After studying the graph, Karen suspects there are no solutions to 20x + 1 = 3^x.

a. What do you think? If there are solutions, find them and prove that they are solutions. If there are no solutions, demonstrate that there cannot be a solution.
b. What should solutions to the equation, 20x + 1 = 3^x, look like? In other words, will solutions be a single number, or should they be the coordinates of a point? Explain.
c. Elana started to solve first by subtracting 1 from both sides of her equation. So when she graphed her system later, she used the equations y = 20x and y = 3^x − 1. Should she get the same solutions? Test your conclusion with your graphing calculator.
d. Discuss with your team why Karen could not solve the system algebraically. What do you think?",B_boundary,NA,medium
551,4-22. Solve (x − 3)^2 − 2 = x + 1 graphically. Is there more than one way to do this? Explain.,B_boundary,NA,high
553,"4-24. Solve each of the following equations using any method. Be sure to check your solutions.

a. −3√(2x − 5) + 7 = −8
b. 2|3x + 4| − 10 = 12",B_boundary,NA,high
554,"4-25. Ted needs to find the point of intersection for the lines y = 18x − 30 and y = −22x + 50. He takes out a piece of graph paper and then realizes that he can solve this problem without graphing. Explain how Ted is going to accomplish this, and then find the point of intersection.",B_boundary,NA,high
556,"4-27. Solve the following equations. Be sure to check your answers for any extraneous solutions.

a. √(2x − 1) − x = −8
b. √(2x − 1) − x = 0",B_boundary,NA,high
563,"4-34. Graph each of the following equations. (Keep the graphs handy, because you will need them for your homework for Lesson 4.1.4.)

a. y = |x|
b. |y| = x
c. How are the two graphs similar? How are they different?
d. What are the domain and range of each relation?",B_boundary,NA,high
567,"4-37. Now consider the system shown at right.
x^2 + y^2 = 25
y = x^2 − 13

a. How many solutions do you expect this system to have? Explain how you made your prediction.
b. Solve this system by graphing. How many solutions did you find? Was your prediction in part (a) correct?
c. Find a way to combine these equations to create a new equation so that the only variable is x. Then find another way to combine x^2 + y^2 = 25 and y = x^2 − 13 to form a different equation that contains only the variable y. Which of these equations would be easier to solve? Why?
d. If you have not already done so, solve one of the combined equations from part (c). If solving becomes too difficult, you may want to switch to the other combined equation.",B_boundary,NA,high
568,"4-38. In problem 4-37, you analyzed the system shown at right.
x^2 + y^2 = 25
y = x^2 − 13

a. What minor adjustments can you make to an equation (or both equations) in this system so that the new system has no solutions? Have each member of your team find a different way to alter the system. Justify that your system has no solution algebraically. Also, be ready to share your strategies for changing the system along with your justification with the class.
b. Work with your team to alter the system three more times so that the new systems have 3, 2, or 1 solution. For each new system that your team creates, solve the system algebraically to study how the algebraic solution helps indicate how many solutions will be possible. Be prepared to explain what different situations occur during solving that result in a different number of solutions.",B_boundary,NA,high
569,"4-39. LEARNING LOG

Look over your work from today. Name all of the strategies you used to solve systems of equations. Which strategies were most useful for solving linear systems? What about non-linear systems? Write a Learning Log entry describing your ideas about solving systems. Title this entry “Finding Solutions to Systems” and label it with today’s date.",B_boundary,NA,high
580,"4-49. Lucky you! You are a new college graduate and you have already been offered two jobs. Each job involves exactly the same tasks, but the salary plans differ, as shown below.
• Job A offers a starting salary of $52,000 per year with an annual increase of $3,000.
• Job B starts at $36,000 per year with a raise of 11% each year.

a. Under what conditions would Job A be the better choice? When would Job B be the better choice? Use graphs, tables, and equations to help you justify your answer.
b. How could you change this problem slightly so that Job B is always the better choice? How could you change it so that Job A is always better? If it is not possible for Job A or Job B always to be a better choice, explain why not.",B_boundary,NA,high
581,"4-50. LEARNING LOG

Earlier you completed a Learning Log entry about the meaning of the solution of an equation. Now think about, “What does the solution to a system of equations mean?” Can you find more than one way to answer that question? Create a Learning Log entry that expands on your thinking about the meaning of solutions. Title this entry “The Meaning of a Solution, Part 2” and label it with today’s date.",B_boundary,NA,high
593,"4-61. Next, Burt and Ernie were working on solving the inequality 4|x + 1| − 2 > 6 from problem 4-59. This time, Ernie had an idea. “Why don’t we find the solutions to this by graphing a system of equations like we did in problem 4-58?”

a. What system of equations should they graph?
b. Graph the system and explain how you can use it to find the solutions to 4|x + 1| − 2 > 6.",B_boundary,NA,high
600,"4-68. Solve each equation below. Remember to check for extraneous solutions.

a. (y − 3)^2 = 2y − 10
b. |y − 3| = 2y − 10",B_boundary,NA,high
606,"4-74. Your family plans to buy a new air conditioner. They can buy the Super Cool X1400 for $800, or they can buy the Efficient Energy X2000 for $1200. Both models will cool your home equally well, but the Efficient Energy model is less expensive to operate. The Super Cool X1400 will cost $60 per month to operate, while the Efficient Energy X2000 costs only $40 per month to operate. a. Write an equation to represent the cost of buying and operating the Super Cool X1400 where C = cost and m = months. b. Write an equation to represent the cost of buying and operating the Efficient Energy X2000. c. How many months would your family have to use the Efficient Energy model to compensate for the additional cost of the original purchase? d. Figuring your family will only use the air conditioner for 4 months each year, how many years will you have to wait to start saving money overall?",B_boundary,NA,high
607,4-75. MARVELOUS MARK’S FUNCTION MACHINES. Mark has set up a series of three function machines that he claims will surprise you. [Machine 1: x - 5; Machine 2: (6x + 8)/2; Machine 3: (x + 11)/3]. a. Try a few numbers. Are you surprised by your results? b. Carrie claims that she was not surprised by her results. She also says that she can show why the sequence of machines does what it does by simply dropping in a variable and writing out step-by-step what happens inside each machine. Try it. (Use something like c or m.) Be sure to show all of the steps.,B_boundary,NA,high
613,"4-80. Otto wants to make as much profit as possible. Use your list from problem 4-79 to find which combination of cars and trucks will make the most profit based on the information below. a. Which of Otto’s options gives him the greatest profit if he makes $1 on each car and $1 on each truck he sells? How do you know? b. The market has changed, and Otto can now make $2 for each truck but only $1 for each car. What is his best choice for the number of cars and the number of trucks to make in this situation? How can you be sure? Explain.",B_boundary,NA,high
616,"MATH NOTES: Inequalities with Absolute Value. If k is any positive number, an inequality of the form |f(x)| > k is equivalent to the statement f(x) > k OR f(x) < -k. For example, |2x - 17| > 9 is equivalent to 2x - 17 > 9 or 2x - 17 < -9. Solving yields x > 13 or x < 4. |f(x)| < k is equivalent to the statement -k < f(x) < k. Another way to write this is f(x) > -k AND f(x) < k. For example, |x + 4| < 9 is equivalent to -9 < x + 4 < 9. Solving yields -13 < x < 5, that is, x > -13 and x < 5.",B_boundary,NA,high
620,4-86. Simone has been absent and does not know the difference between the graph of y <= 2x - 2 and the graph of y < 2x - 2. Explain thoroughly so that she completely understands what points are excluded from the second graph and why.,B_boundary,NA,high
626,Discussion Points: How does this problem compare to “The Toy Factory” from the previous lesson? What is the maximum number of hours for all of the employees that can be worked in one week? How can we justify that we have found the most profitable combination of each vehicle to manufacture?,B_boundary,NA,high
648,"(3) PORTFOLIO: EVIDENCE OF MATHEMATICAL PROFICIENCY. This section gives you an opportunity to show growth in your understanding of key mathematical ideas over time as you complete this course. Explain everything that you know about f(x) = 2^x - 3. Now consider the system below. Describe all of the strategies you can think of to solve this system of equations. Of all of these strategies, which would you choose to use to solve this system? Solve the system using the strategy you have chosen and explain why that choice is best for you. [y = 2x - 1; y = -(1/3)x + 6]. Find a problem from this chapter that can be solved using more than one strategy. Why did you choose to solve it the way you did? Now solve the problem again, this time using a different strategy. Alternatively, your teacher may ask you to showcase your use of inequalities with your work from “Sandy Dandy Dune Buggies,” problem 4-90. Your teacher may give you the Chapter 4 Closure Resource Page: Solutions Graphic Organizer page to work on. A “Graphic Organizer” is a tool you can use to organize your thoughts and communicate your ideas clearly.",B_boundary,NA,high
649,"(4) WHAT HAVE I LEARNED? Most of the problems in this section represent typical problems found in this chapter. They serve as a gauge for you. You can use them to determine which types of problems you can do well and which types of problems require further study and practice. Even if your teacher does not assign this section, it is a good idea to try these problems and find out for yourself what you know and what you still need to work on. Solve each problem as completely as you can. The table at the end of the closure section has answers to these problems. It also tells you where you can find additional help and practice with problems like these.",B_boundary,NA,high
659,CL 4-115. Check your answers using the table at the end of this section. Which problems do you feel confident about? Which problems were hard? Have you worked on problems like these in math classes you have taken before? Use the table to make a list of topics you need help on and a list of topics you need to practice more.,B_boundary,NA,high
666,"5-3. The function machine at right follows the equation h(x) = 5x + 2. a. If the crank is turned backwards, what number should be pulled up into the machine in order to have a 4 come out of the top? b. Keiko wants to build a new machine that will undo what h(x) does to an input. What must Keiko's machine do to 17 to undo it and return a value of 3? c. An “undo” function is called an inverse and has the notation h^-1(x). Note that the -1 is not a negative exponent. It is the mathematical symbol that indicates the inverse function of h(x). Write an equation for h^-1(x), the “undo” function machine. d. Choose a value for x. Then find a strategy to show that your equation, h^-1(x), undoes the effects of the function machine h(x).",B_boundary,NA,medium
667,"5-4. Keiko was working with a new function, g(x). He wrote down the following steps for g(x): • Add 5. • Divide by 2. • Cube it. (Find the third power.) • Multiply by 6. a. What is the equation for g(x)? What is the output when 3 is put in? b. Help Keiko write down the steps (in words) of the inverse machine, g^-1(x), and then write its equation. c. Verify that your equation in part (b) correctly “undoes” the output of g(x) in part (a).",B_boundary,NA,high
669,"5-6. Each team member should choose one function and its inverse from the previous problem. Then they should create a graph and a table for each pair. Be sure to graph the function and its inverse equation on the same set of axes. When each person in your team has finished, put everyone’s work into the middle of the workspace. Describe what relationships you see between the representations of a function and its inverse equation.",B_boundary,NA,high
673,5-10. Nossis has been working on his geometry homework and he is almost finished. His last task is to find a solution of sin(x) = 0.75. Nossis cannot figure out what x could be! Explain how he can find a value for x and show that it works.,B_boundary,NA,high
683,5-19. Your graphing calculator can also help you to graph the inverse of a function. Check your inverse graph from problem 5-18 by following your teacher’s instructions to use the inverse-drawing feature of your graphing calculator. Was the inverse graph that you drew correct?,B_boundary,NA,high
684,"5-20. Find the equation of the inverse of y = (x/2)^2. Is there another way you could write it? If so, show how the two equations are the same. Justify that your inverse equation undoes the original function and use a graphing calculator to check the graphs.",B_boundary,NA,high
690,"MATH NOTES: Notation for Inverses
When given a function f(x), the notation for the inverse of the function is f^−1(x). Note that the –1 is not a negative exponent. It is the mathematical symbol that indicates the “undo” or inverse function of f(x).
For example, if f(x) = x^3 − 1 then f^−1(x) = ∛(x + 1).
This same inverse notation is used to identify the inverse of trigonometric functions. For example the inverse of sin(x) is written sin^−1(x).",B_boundary,NA,medium
699,"5-34. Lacey and Richens each have their own personal function machines. Lacey’s machine, L(x), squares the input and then subtracts one. Richens’s function machine, R(x), adds 2 to the input and then multiplies the result by three.
a. Write the equations that represent L(x) and R(x).
b. Lacey and Richens decide to connect their two machines, so that Lacey’s output becomes Richens’s input. If 3 is the initial input, what is the eventual output?
c. What if the order of the machines was changed? Would it change the output? Justify your answer.",B_boundary,NA,high
700,"5-35. Solve the system of equations at right.
x − 2y = 7
6y − 3x = 33
a. What happened? What does this mean?
b. What does the solution tell you about the graphs?",B_boundary,NA,high
708,"5-42. Adriena’s strategy for checking that the functions f(x) and g(x) are inverses is to think of them as stacked function machines. She starts by choosing an input to drop into f(x). Then she drops the output from f(x) into g(x). If she gets her original number, she is pretty sure that the two equations are inverses.
a. Is Adriena’s strategy sufficient? Is there anything else she should test to be sure?
b. With your team, select a pair of inverse equations from problem 5-41, name them f(x) and g(x), then use Adriena’s ideas to test them.
c. Adriena wants to find a shortcut to show her work. She knows that if she chooses her input for f(x) to be 3, she can write the output as f(3). Next, f(3) becomes the input for g(x), and her output is 3. Since f(3) is the new input for g(x), she thinks that she can write this process as g(f(3)) = 3. Does her idea make sense? Why or why not?
d. Her friend, Cemetra thinks she could also write f(g(3)). Is Cemetra correct? Why or why not?
e. Will this strategy for testing inverses work with any input? Choose a variable to use as an input to test with your team’s functions, f(x) and g(x).",B_boundary,NA,high
709,"5-43. Statler, Adriena’s teammate, is always looking for shortcuts. He thinks he has a way to adapt Adriena’s strategy, but wants to check with his team before he tries it. “If I use her strategy but instead of using a number, I skip a step and put the expression f(x) directly into g(x) to create g(f(x)), will I still be able to show that the equations are inverses?”
a. What do you think about Statler’s changes? What can you expect to get out?
b. Try Statler’s idea on your team’s equations, f(x) and g(x).
c. Describe your results.
d. Does Statler’s strategy show that the two equations are inverses? How?",B_boundary,NA,high
712,"5-46. Rebecca thinks that she has found a quick way to graph an inverse of a function. She figures that if you can interchange x and y to find the inverse, she can interchange the x- and y-axes by flipping the paper over so that when she looks through the back the x-axis is vertical and the y-axis is horizontal as shown in the pair of graphs at right. Copy the graph below onto your paper and try her technique. Does it work? If so, do you like this method? Why or why not?",B_boundary,NA,high
714,"MATH NOTES: Composition of Functions
When you stack one function machine on top of another so that the output of the first machine becomes the input of the second, you create a new function, which is a composition of the two functions. If the first function is g(x) and the second is f(x), the composition of f and g can be written f(g(x)). (Note that the notations f ◦ g or f ◦ g(x) are used in some texts to denote the same composition.)
Note that the order of the composition matters. In general, the compositions g(f(x)) and f(g(x)) will be different functions.",B_boundary,NA,high
715,"5-48. Two function machines, f(x) = 5x − 3 and g(x) = (x − 1)^2, are shown at right.
a. Suppose f(3), (not x = 3), is dropped into the g(x) machine. This is written as g(f(3)). What is this output?
b. Using the same function machines, what is f(g(3))? Be careful! The result is different from the last one because the order in which you use the machines has been switched! With f(g(3)), first you find g(3), then you substitute that answer into the machine named f(x).",B_boundary,NA,medium
730,"5-62. Amanda wants to showcase her favorite function: f(x) = 1 + √(x + 5). She has built a function machine that performs these operations on the input values. Her brother Eric is always trying to mess up Amanda’s stuff, so he created the inverse of f(x), called it e(x), and programmed it into a machine.
a. What is Eric’s equation for his function e(x)?
b. What happens if the two machines are pushed together? What is e(f(−4))? Explain why this happens.
c. If f(x) and e(x) are graphed on the same set of axes, what would be true about the two graphs?
d. Draw the two graphs on the same set of axes. Be sure to show clearly the restricted domain and range of Amanda’s function.",B_boundary,NA,high
737,"5-68. SILENT BOARD GAME
Your teacher will put an x → y table on the board or overhead that the whole class will work together to complete. The table will be like the one below. See which values you can fill in.
x: 8, 32, 1/2, 1, 16, 4, 3, 64, 2, 0, 0.25, −1, √2, 0.2, 1/8
g(x): 3, [ ], −1, [ ], [ ], [ ], [ ], [ ], [ ], [ ], [ ], [ ], [ ], [ ], [ ]
a. Describe an equation that relates x and g(x).
b. Look back at the Ancient Puzzle in problem 5-57. If you have not already done so, use the idea of the Ancient Puzzle to write an equation for g(x).
c. Why was it difficult to think of an output for the input of 0 or –1?
d. Find an output for x = 25 to the nearest hundredth.",B_boundary,NA,high
738,"5-69. ANOTHER LOGARITHM TABLE
Lynn was supposed to fill in this table for g(x) = log_5 x. She thought she could use the log button on her calculator, but when she tried to enter 5, 25, and 125, she did not get the outputs the table below displays. She was fuming over how long it was going to take to guess and check each one when her sister suggested that she did not have to do that for all of them. She could fill in a few more and then use what she knew about exponents to figure out some of the others.
x: 1/25, 1/5, 1/2, 1, 2, 3, 4, 5, 6, 7, 8, 10, 25, 100, 125, 625
g(x): [ ], −1, [ ], 0, [ ], [ ], [ ], 1, [ ], [ ], [ ], [ ], 2, [ ], 3, [ ]
a. Discuss with your team which outputs can be filled in without a calculator. Fill those in and explain how you found these entries.
b. With your team, use your calculator to estimate the remaining values of g(x) to the nearest hundredth. Once you have entered several, use your knowledge of exponent rules to see if you can find any shortcuts.
c. What do you notice about the results for g(x) as x increases?
d. Use your table to draw the graph of y = log_5 x. How does your graph compare to the graph of y = 5^x?",B_boundary,NA,high
743,"5-73. Let y = log_2(x). Rewrite the equation so that it begins with x = . Think about how you defined y = log_2(x) if you get stuck. Put a large box around both equations. Do the two equations look the same? Do the two equations mean the same thing? Are they equivalent? How do you know? This is very important. Think about it, and write a clear explanation.",B_boundary,NA,high
746,"5-76. Although the Quadratic Formula always works as a strategy to solve quadratic equations, for many problems it is not the most efficient method. Sometimes it is faster to factor or complete the square or even just “out-think” the problem. For each equation below, choose the method you think is most efficient to solve the equation and explain your reason. Then solve the problems that can be factored.
a. x^2 + 7x − 8 = 0
b. (x + 2)^2 = 49
c. 5x^2 − x − 7 = 0
d. x^2 + 4x = −1",B_boundary,NA,high
747,"5-77. If 10^(3x) = 10^(x−8), solve for x. Show that your solution works by checking your answer.",B_boundary,NA,high
759,"5-89. Graph the two functions at right on the same set of axes: y = 3(2^x), y = 3(2^x) + 10.
a. How do the two graphs compare?
b. Suppose the first equation is y = km^x and the graph is shifted up b units. What is the new equation?",B_boundary,NA,high
765,"5-94. Now that you know the base of f(x) = log x, you are ready to use your transformation skills to write a general equation.
a. Copy and complete the following table for f(x) = log x.
x: [ ] | [ ] | [ ] | [ ] | [ ] | [ ] | [ ] | 1 | 2 | 3 | 4 | 5 | 6
y: –6 | –5 | –4 | –3 | –2 | –1 | 0 | [ ] | [ ] | [ ] | [ ] | [ ] | [ ]
b. Using a full sheet of graph paper, make an accurate graph of f(x) = log(x). Remember that, just like the graphs of exponential functions, the graphs of log functions have asymptotes, so make sure any asymptotes on your graph are clearly shown.
c. Find all of the possible types of transformations of the graph of f(x) = log x. For each transformation you find, show the graph and its equation. Then, find the general form for this family of logarithm graphs. Be prepared to explain your reasoning to the class.",B_boundary,NA,high
767,"5-96. Last night, while on patrol, Agent 008 came upon a spaceship! He hid behind a tree and watched a group of little space creatures carry all sorts of equipment out of the ship. But suddenly, he sneezed. The creatures jumped back into their ship and sped off into the night. 008 noticed that they had dropped something, so he went to pick it up. It was a calculator! What a great find. He noticed that it had a LOG button, but he noticed something interesting: log 10 did not equal 1! With this calculator, log 10 ≈ 0.926628408. He tried some more: log 100 ≈ 1.853256816 and log 1000 ≈ 2.779885224.
a. What base do the space creatures work in? Explain how you can tell.
b. How many fingers do you think the space creatures have?",B_boundary,NA,high
771,"5-100. This problem is a checkpoint for factoring quadratics. It will be referred to as Checkpoint 5B.
Factor each expression below.
a. 4x^2 − 1
b. 4x^2 + 4x + 1
c. 2y^2 + 5y + 2
d. 3m^2 − 5m − 2
Check your answers by referring to the Checkpoint 5B materials located at the back of your book.
Ideally, at this point you are comfortable working with these types of problems and can solve them correctly. If you feel that you need more confidence when solving these types of problems, then review the Checkpoint 5B materials and try the practice problems provided. From this point on, you will be expected to do problems like these correctly and with confidence.",B_boundary,NA,high
773,5-102. Is it true that log_3(2) = log_2(3)? Justify your answer.,B_boundary,NA,high
787,"5-115. Consider the following three sequences:
t(n) = 50 − 7n
h(n) = 4 ⋅ 3^n
q(n) = n^2 − 6n + 17
a. Which, if any, is arithmetic? Geometric? Neither?
b. Are there any terms that all three sequences have in common? Justify how you know for sure.
c. Are there any terms that two of them share? Justify how you know for sure.",B_boundary,NA,high
789,"5-117. Gary has his function g(x) = 10^x and Amy has her function a(m) = 10^m.
a. Each person is going to choose a whole number at random from the numbers 1, 2, 3…10, and substitute it into his or her respective function. After they do this, what is the probability that g(x) = a(m)?
b. Find and simplify an expression for g(x) ⋅ a(m).",B_boundary,NA,high
792,"5-121. Consider two functions f(x) = log x and g(x) = |x|.
a. Use these two functions to write an equation for a composite function and sketch its graph.
b. Use these two functions to write a different composite function and sketch its graph.
c. What makes the two composite functions so different from each other?
d. Challenge: Now try graphing g(f(g(x))).",B_boundary,NA,high
802,"CL 5-126. Quinten and his sister Kelsey always make a habit of undoing each other's work. If Kelsey folds the laundry, Quinten unfolds it. If Quinten rakes the leaves in the yard, Kelsey “unrakes” them! While working on her math homework, Kelsey wrote the following equations. Help Quinten undo these equations by finding their inverse equations.
a. y = 3x − 2
b. y = (x + 1)/4
c. y = x^3 + 1
d. y = 1 + √(x + 5)",B_boundary,NA,high
815,"6-2. To graph solutions to equations with three variables, you need to use a three-dimensional coordinate system. Obtain a Lesson 6.1.1A or 6.1.1B Resource Page from your teacher. Use scissors to cut out the region indicated on the page. Then fold along each of the axes and use tape to attach the dashed edge to the z-axis. Be sure that the grid ends up on the inside of your model (rather than the outside). The result should look similar to the diagram at right.",B_boundary,NA,high
830,"6-16. Consider the equation 5x + 8y + 10z = 40.
a. Discuss with your team what you think the shape of the graph would be. Explain how you decided.
b. Is the point (4, 5, –2) a solution to the equation 5x + 8y + 10z = 40? Justify your answer.
c. Your team will be given a list of points to test in the equation. Plot each point that makes the equation true on the three-dimensional graphing tool your teacher has set up.
d. Now examine the solutions displayed on the graphing tool. With your team, discuss the questions below. Be ready to share your discoveries with the class.
• Are there any points that you suspect are solutions, but do not have a point showing on the graph?
• How many solutions do you think there are?
• Are there any points showing that you think are not solutions? Explain.
• What shape is formed by all of the solutions? That is, what is the shape of the graph of 5x + 8y + 10z = 40?",B_boundary,NA,high
841,"6-26. Mark claims to have created a sequence of three function machines that always gives him the same number he started with.
a. Test his machines. Do you think he is right?
b. Be sure to test negative numbers. What happens for negative numbers?
c. Mark wants to get his machines patented but has to prove that the set of machines will always do what he says it will, at least for positive numbers. Show Mark how to prove that his machines work for positive numbers by dropping in a variable (for example, n) and writing out each step the machines must take.
d. Why do the negative numbers come out positive?",B_boundary,NA,medium
843,"6-28. The table at right shows the total population of Mexico for the given years.
Year | Population (millions)
1900 | 13.6
1910 | 15.2
1920 | 14.4
1930 | 16.6
1940 | 19.8
1950 | 26.3
1960 | 35.0
1970 | 50.7
1980 | 69.7
1990 | 87.8
2000 | 100.3
2010 | 113.7
a. What was the average rate of change for the population from 1900 to 1950?
b. What was the average rate of change from 1960 to 2010?
c. When was the population growth rate higher?",B_boundary,NA,high
846,"6-30. THREE-DIMENSIONAL SYSTEM INVESTIGATION
Consider the following systems of equations:
System I:
20x + 12y + 15z = 60
20x + 12y + 15z = 120
System II:
20x + 15y + 12z = 60
10x + 30y + 12z = 60
Your Task: With your team, find out as much as you can about each of these systems of equations, their graphs, and their solutions. Be sure to record all of your work carefully and be prepared to share your summary statements with the class.
Discussion Points
What does the graph of a three-variable equation look like?
What does it mean to be a solution to a system of equations?
What does a solution to a three-variable system of equations look like on a graph?
Is there always a solution to a system of equations?",B_boundary,NA,high
849,6-33. Now compare the graphs of the two systems. How are they similar? How are they different?,B_boundary,NA,high
853,"6-37. If 2^4 = y, is it true that log 2^4 = log y? Justify your answer.",B_boundary,NA,high
856,"6-40. Solve sqrt(3x + 1) − x = −3 and check your solution.
a. You should have gotten two values for x when you solved. Did you? If not, rework the problem.
b. Did you check both solutions? What happened?",B_boundary,NA,high
863,"6-46. FINDING AN EASIER WAY
As you saw in problem 6-45, using a graph to solve a system of three equations with three variables can lead to inconclusive results. What other strategies should be considered? Discuss this with your team and be prepared to share your ideas with the class.",B_boundary,NA,high
865,"6-48. Practice using your algebraic strategies by solving the systems below, if possible. If there is no solution or if the solution is different than you expected, use the graphing tool to help you figure out why.
a.
x + y + 3z = 3
2x + y + 6z = 2
2x − y + 3z = −7
b.
20x + 12y + 15z = 60
20x + 12y + 15z = 120
10x + 20z = 30
c.
5x − 4y − 6z = −19
−2x + 2y + z = 5
3x − 6y − 5z = −16
d.
6x + 4y + z = 12
6x + 4y + 2z = 12
6x + 4y + 3z = 12",B_boundary,NA,high
869,"6-51. Use the algebraic strategies you developed in today's lesson to solve the system of equations at right. Be sure to check your solution.
2x + y − 3z = −12
5x − y + z = 11
x + 3y − 2z = −13",B_boundary,NA,high
879,"6-60. In your work with parabolas, you have developed two forms for the general equation of a quadratic function: y = ax^2 + bx + c and y = a(x − h)^2 + k. What information does each equation give you about the graph of a parabola? Be as detailed in your explanation as possible. When is each form most useful?",B_boundary,NA,high
890,"6-71. Solve the system of equations at right and then check your solution in each equation. Be sure to keep your work well organized.
x − 2y + 3z = 8
2x + y + z = 6
x + y + 2z = 12",B_boundary,NA,high
892,"6-73. This problem is a checkpoint for multiplying and dividing rational expressions. It will be referred to as Checkpoint 6A.
Multiply or divide each pair of rational expressions. Simplify the result.
a. (x^2 − 16)/(x − 4)^2 · (x^2 − 3x − 18)/(x^2 − 2x − 24)
b. (x^2 − 1)/(x^2 − 6x − 7) ÷ (x^3 + x^2 − 2x)/(x − 7)
Check your answers by referring to the Checkpoint 6A materials located at the back of your book.
Ideally, at this point you are comfortable working with these types of problems and can solve them correctly. If you feel that you need more confidence when solving these types of problems, then review the Checkpoint 6A materials and try the practice problems provided. From this point on, you will be expected to do problems like these correctly and with confidence.",B_boundary,NA,high
895,6-76. Solve sqrt(3x − 6) + 6 = 12 and check your solution.,B_boundary,NA,high
899,"6-80. Solve the system of equations at right and then check your solution in each equation. Be sure to keep your work well organized.
x + 2y − z = −1
2x − y + 3z = 13
x + y + 2z = 14",B_boundary,NA,high
904,"6-85. Use the correct method from problem 6-84 to change each of the following equations to graphing form. Then, without graphing, find the vertex and equation of the line of symmetry for each.
a. y = 2x^2 – 8x + 7
b. y = 5x^2 – 10x – 7",B_boundary,NA,high
910,"6-90. The work you did in problem 6-89 is a counterexample, which shows that in general, the statement logb x = log(b^x) is false. For each of the following log statements, use the strategies from problem 6-89 to determine whether they are true or false, and justify your answer. Be ready to present your conclusions and justifications.
a. log5 (25) =? log25 (5)
b. log(x^2) =? (log x)^2
c. log(7^x) =? x log(7)
d. log(2x) =? log2 x",B_boundary,NA,high
911,"6-91. In the previous problem only one of the statements was true.
a. Use different numbers to make up four more statements that follow the same pattern as the one true statement, and test each one to see whether it appears to be true.
b. Use your results to complete the following statement, which is known as the Power Property of Logarithms: log(b^x) = ________ .",B_boundary,NA,high
914,"6-94. Solve the following equations. After checking your answer, round them to three decimal places.
a. 5 = 2.25^x
b. 3.5^x = 10
c. 2(8^x) = 128
d. 2x^8 = 128",B_boundary,NA,high
920,6-100. Adam keeps getting negative exponents and fractional exponents confused. Help him by explaining the difference between 2^(1/2) and 2^(–1).,B_boundary,NA,medium
925,"6-104. Marta now knows that if she wants to find log2 (30), she cannot just type log(2^30) into her calculator, since her calculator’s log key cannot directly calculate logs with base 2. But she still wants to be able to find what log2 (30) equals.
a. First, use your knowledge of logs and exponents to estimate log2 (30).
b. Now use what you learned in Lesson 6.2.1 to get a better estimate. Since you want to determine what log2 (30) equals, you can write log2 (30) = x. When working with a log equation, it is often easier to first convert it to exponential form. Rewrite this equation in exponential form.
c. Use the methods you developed in class to solve this equation. Refer back to your work on problem 6-93 if you need help.",B_boundary,NA,high
933,"6-112. The Power Property of Logarithms, which you learned in Lesson 6.2.1, is a little trickier to prove. A proof is given below. As you copy each step onto your paper, work with your team to make sense of what was done. Give a reason for each step.

To prove that log_m a^n = n log_m a,
Let log_m a^n = p and n log_m a = q
Convert to m^p = a^n. First rewrite as log_m a = q/n and then convert to m^(q/n) = a.
Using the two resulting equations, substitute for a and then simplify
m^p = (m^(q/n))^n
m^p = m^q
Therefore, p = q.
Remember that p = log_m a^n and q = n log_m a, so log_m a^n = n log_m a, which was the goal of the proof.",B_boundary,NA,high
940,"6-118. Raymond, Hannah, Aidan, and Sarah were working together to change y = 3x^2 − 15x − 5 into graphing form. They started by rewriting it as y = 3(x^2 − 5x) − 5, when Raymond said, “Will this one work? Look, the perfect square would have to be (x − 2.5)^2.”
After thinking about it for a while, Sarah said, “That’s OK. Negative 2.5 squared is 6.25, but because of the 3 we factored out, we are really adding 3(6.25).”
“Yes,” Aidan added, “So we have to subtract 18.75 to get an equivalent equation.”
Hannah summarized with the work shown at right:
y = 3x^2 − 15x − 5
y = 3(x^2 − 5x) − 5
y = 3(x − 2.5)^2 − 5 − 18.75
y = 3(x − 2.5)^2 − 23.75
What do you think? Did they rewrite the equation correctly? If so, find the vertex and the line of symmetry of the parabola. If not, explain their mistakes and show them how to do it correctly.",B_boundary,NA,medium
944,"6-122. Eniki has a sequence of numbers given by the formula t(n) = 4(5^n).
a. What are the first three terms of Eniki’s sequence?
b. Chelita thinks the number 312,500 is a term in Eniki’s sequence. Is she correct? Justify your answer by either giving the term number or explaining why it is not in the sequence.
c. Elisa thinks the number 94,500 is a term in Eniki’s sequence. Is she correct? Explain.",B_boundary,NA,high
947,"6-124. SOLVING STRATEGIES
In problem 6-123, you and your team developed a strategy to find the equation of an exponential equation of the form y = ab^x when given two points on the curve.
a. What different strategies were generated by the other teams in your class? If no one shares your solving method with the class, be sure to share yours. Take notes on the different strategies that are presented.
b. Did any team use a system of exponential equations to solve for a and b? If not, examine this strategy as you answer the questions below.
i. The doctor visits provide two data points that can help you find an exponential model: (21, 200) and (23, 392). Use each of these points to substitute for x and y into y = ab^x. You should end up with two equations in terms of a and b.
ii. Consider the strategies you already have for solving systems of equations. Are any of those strategies useful for this problem? Discuss a way to solve your system from part (i) for a and b with your team. Be ready to share your method with the class.",B_boundary,NA,high
949,"6-126. Janice would like to have $40,000 to help pay for college in 8 years. Currently, she has $1000. What interest rate, when compounded yearly, would help her reach her goal?
a. What type of function would best model this situation? Explain how you know and write the general form of this function.
b. If y represents the amount of money and x represents the number of years after today, find an equation that models Janice’s financial situation. What interest rate does she need to earn?
c. Janice’s friend Sarah starts with $7800 and wants to have $18,400 twenty years from now. What interest rate does she need (compounded yearly)?
d. Is Janice’s goal or Sarah’s goal more realistic? Justify your response.",B_boundary,NA,high
975,"PORTFOLIO: EVIDENCE OF MATHEMATICAL PROFICIENCY
This section gives you an opportunity to show growth in your understanding of key mathematical ideas over time as you complete this course.
Part 1: You may have done this problem before. You have grown mathematically since then.
Explain everything that you know about y = x^2 − 4 and y = √(x + 4). Be sure to include everything you have learned since the last time you did this problem.
Part 2: Compare your responses to this “Growth Over Time” problem. Consider each of the following questions as you write an evaluation of your mathematical growth. If you only did the problem twice, then answer accordingly.
• What new concepts did you include the second time you did the problem? In what ways was your response better than your first attempt?
• How was your final version different from the first two? What new ideas did you include?
• Did you omit anything in the final version that you used in one of the earlier versions? Why did you omit it?
• Is there anything you want to add to your current version? If so, add it and keep this version for future reference.
• Rate your three attempts by making three bars like the ones below and shading each bar (left to right) to represent how much you knew on each attempt.
First Attempt:
Second Attempt:
Final Attempt:
Alternatively, your teacher may ask you to showcase your ability to use logarithms to solve a problem involving an exponential function. Copy your work from “The Case of the Cooling Corpse,” problem 6-137, and enhance it if needed.
Next consider the Standards for Mathematical Practice that follow. What Mathematical Practices did you use in this chapter? When did you use them? Give specific examples.
Your teacher may give you the Chapter 6 Closure Resource Page: Multiple Representations of Logarithmic Functions Graphic Organizer page to work on.",B_boundary,NA,high
979,"Construct viable arguments and critique the reasoning of others:
To construct a viable argument is to present your solution steps in a logical sequence and to justify your steps with conclusions, relying on number sense, facts and definitions, and previously established results. You communicate clearly, consider the real-life context, and provide clarification when others ask. In this course, you regularly share information, opinions, and expertise with your study team. You critique the reasoning of others when you analyze the approach of others, build on each other’s ideas, compare the effectiveness of two strategies, and decide what makes sense and under what conditions.",B_boundary,NA,high
982,"Attend to precision:
To attend to precision means that when solving problems, you need to pay close attention to the details. For example, you need to be aware of the units, or how many digits your answer requires, or how to choose a scale and label your graph. You may need to convert the units to be consistent. At times, you need to go back and check whether a numerical solution makes sense in the context of the problem.
You need to attend to precision when you communicate your ideas to others. Using the appropriate vocabulary and mathematical language can help make your ideas and reasoning more understandable to others.",B_boundary,NA,high
994,"CL 6-156. Solve each of the following equations. Be sure to check your answers.
a. 3|2x − 5| − 8 = −5
b. √(3x^2 + 11x) = 2",B_boundary,NA,high
1003,"Directions for the Pendulum Experiment (Problem 7-1)
Find a space in the classroom where there is room to work. You may need to move your table or desks out of the way.
Set up your pendulum by attaching your bag of liquid to a meter stick using string, as shown at right.
Assign the following tasks:
• One student holds the meter stick from which the pendulum swings.
• One student holds the bag, releases it when ready, and then stops it when it reaches the end of the paper.
• Two students hold the butcher paper, one at each end, and slide it at a constant rate underneath the swinging pendulum. Be sure to slide the paper parallel to the meter stick and perpendicular to the swing of the pendulum, as shown in the diagram at right.
Tips for a successful experiment:
• The student holding the meter stick should hold the places where the string attaches. Otherwise, the string has a tendency to slide toward the center of the meter stick.
• Use as much of the string as you can so that your pendulum is as long as possible.
• When you are ready, have your teacher cut a very small hole in the corner of the bag. The student holding the bag should pinch this hole closed until the pendulum begins swinging.
• Be sure to slide the butcher paper under the pendulum at a constant rate.
• As you pull the bag up to start the pendulum swinging, hold it taut from the bottom corner so that the bag remains in line with the string (see diagram at right).
• Have an extra bag ready to place the dripping bag into when the experiment is complete.",B_boundary,NA,high
1006,"7-4. Karin was working on graphing the function f(x) = 2/(x - 3). She made a table (shown below), but she is not sure how to graph the values in the table. Show Karin how to make her graph and tell her everything you know about her function.
x: -3, -2, -1, 0, 1, 2, 3, 4, 5, 6, 7, 8, 9
f(x): -1/3, -2/5, -1/2, -2/3, -1, -2, *undefined, 2, 1, 2/3, 1/2, 2/5, 1/3",B_boundary,NA,high
1017,"7-14. René and Antonio finally make it home from the amusement park unhurt, but in need of a shower. As soon as they have cleaned up, they go over to a friend’s house to share their scary experience on The Screamer. They draw a picture of the Ferris wheel and five of the seats, located at 15°, 30°, 45°, 60°, and 75° (shown at right and on the Lesson 7.1.2D Resource Page provided by your teacher).
a. Label each triangle with its calculated height. You can use your data from problem 7-12. If you do not have data for all of these angles, return to the ‘table’ function on your calculator. Plot these heights at their angle location on the coordinate system to the right of the circle. You will be plotting points in the form (x = angle in degrees, y = height).
b. Draw five new triangles that are congruent to the first five, but that are located in the second quadrant. Label these with their angle measures (from 0°) and heights. Use the angle measures and heights to plot five new points on the graph that correspond to these five new points on the circle.
c. Continue this process by drawing triangles in the third and fourth quadrants. You should have a total of twenty triangles drawn and twenty points plotted. Then label the points where the circle intersects the x- and y-axes with their angle measures and heights and then add points for them to the graph as well. Sketch a smooth curve through the points.
d. With your team, discuss all of the relationships you can find among the points on the circle and between your unit circle and the graph. Be prepared to share your ideas with the class.",B_boundary,NA,high
1023,"7-19. Complete the table of values for f(x) = (x² + 4x - 5)/(x - 1).
x: -2, -1, 0, 1, 2, 3
y:
a. Graph the points in the table. What kind of function does it appear to be? Why is it not correct to connect all of the dots?
b. Look for a simple pattern for the values in the table. What appears to be the relationship between x and y? Calculate f(0.9) and f(1.1) and add the points to your graph. Is there an asymptote at x = 1? If you are unsure, calculate f(0.99) and f(1.01) as well.
c. Simplify the formula for f(x). What do you think the complete graph looks like?",B_boundary,NA,high
1029,7-25. Antonio’s friend Jessica was also on The Screamer when it broke. Her seat was 65 feet above the ground. What was her seat’s angle of rotation? Is there more than one possibility?,B_boundary,NA,high
1051,7-45. Work with your team to find the coordinates of point P on the unit circle shown at right. Is there more than one way to find point P? Be prepared to share your strategies with the class.,B_boundary,NA,high
1056,"7-50. Obtain a copy of the Lesson 7.1.4A Resource Page from your teacher. You will use the same process to graph the cosine function as you did to graph the sine function, but you need to use the base of the triangle instead of the height.
a. Label the length of the base of each triangle in the unit circle. Plot these lengths at their angle location on the coordinate system to the right of the circle. You will be plotting points in the form (x = angle in degrees, y = base).
b. Draw five new triangles that are congruent to the first five, but that are located in the second quadrant. Label the angle measure (from 0°) and the base for each triangle. Add five new corresponding points to the graph.
c. Continue this process by drawing triangles in the third and fourth quadrants. You should have a total of twenty triangles drawn and twenty points plotted. Then find the four points where the circle crosses the axes and label them with both their angle measures and their horizontal distances from the origin. Add points for these to the graph on the right as well. Finally, sketch a smooth curve through the points.
d. Compare this graph to the sine graph you got from graphing heights in problem 7-14. How are the two graphs similar? How are they different?",B_boundary,NA,high
1071,"7-65. Daniel sketched the graphs at right for y = sin θ and y = cos θ. Unfortunately, he forgot to label the graphs, and now he cannot remember which graph goes with which equation. Explain to Daniel how he can tell (and remember!) which graph is y = sin θ and which is y = cos θ.",B_boundary,NA,high
1073,"7-67. This problem is a checkpoint for finding the x- and y-intercepts of a quadratic function. It will be referred to as Checkpoint 7A.
Find the x- and y-intercepts for the graph of y = x² + 4x - 17 without using a graphing calculator.
Check your answers by referring to the Checkpoint 7A materials located at the back of your book.
Ideally, at this point you are comfortable working with these types of problems and can solve them correctly. If you feel that you need more confidence when solving these types of problems, then review the Checkpoint 7A materials and try the practice problems provided. From this point on, you will be expected to do problems like these correctly and with confidence.",B_boundary,NA,high
1074,"7-68. Solve each equation.
a. 3/(x+1) = 4/x
b. 3/(x+1) + 4/x = 2
c. 3/(x+2) + 5 = 3/(x+2)
d. Explain why part (c) has no solution.",B_boundary,NA,high
1098,"7-89. For angle α in the first quadrant, cos α = 8/17. Use that information to find each of the following values without using a calculator. Be prepared to share your strategies with the class.
a. sin α b. sin(π + α) c. cos(2π - α)",B_boundary,NA,high
1126,"7-113. As you have seen with many functions in this and other courses, x is generally used to represent an input and y is used to represent the corresponding output. By this convention, trigonometric functions should be written y = sin x, y = cos x, and y = tan x. But beware! Something funny is happening.

With your team, examine the unit circle and the three graphs below. What do x and y represent in the unit circle? What do they represent in each of the graphs? Discuss this with your team and be prepared to share your ideas with the class.",B_boundary,NA,high
1129,"7-116. Imagine the graph y = sin x shifted up one unit.
a. Sketch what it would look like.
b. What do you have to change in the equation y = sin x to move the graph up one unit? Write the new equation.
c. What are the intercepts of your new equation? Label them with their coordinates on the graph.
d. When you listed intercepts in part (c), did you list more than one x-intercept? Should you have?",B_boundary,NA,high
1133,"7-120. Should y = sin x and y = cos x both be parent graphs, or is one the parent of the other? Give reasons for your decision.",B_boundary,NA,high
1144,7-130. Claudia graphed y = cosθ and y = cos(θ + 360°) on the same set of axes. She did not see any difference in their graphs at all. Why not?,B_boundary,NA,high
1155,7-140. Refer to the graph you made by swinging a pendulum in Lesson 7.1.1. Decide where to draw x- and y-axes and find the equation of your graph. Is there more than one possible equation? Be prepared to share your strategies with the class.,B_boundary,NA,high
1156,"7-141. Without using a graphing calculator, describe each of the following functions by stating the amplitude, period, horizontal shift, and midline (vertical shift). Using this information, sketch the graph of each function. After you have completed each graph, check your sketch with a graphing calculator and correct and explain any errors.
a. y = sin 2(x − π/6)
b. y = 3 + sin(1/3 x)
c. y = 3sin(4x)
d. y = sin(1/2 (x + 1))
e. y = −sin 3(x − π/3)
f. y = −1 + sin(2x − π/2)",B_boundary,NA,high
1159,"7-144. Use what you learned in class to complete parts (a) through (c) below.
a. Describe what the graph of y = 3sin(1/2 x) will look like compared to the graph of y = sin x.
b. Sketch both graphs on the same set of axes.
c. Explain the similarities and differences between the two graphs.",B_boundary,NA,high
1170,"7-154. Copy the equation for your curve from problem 7-153 on a clean sheet of paper. Trade papers with another pair of students.
a. Sketch a graph of the equation you received from the other pair of students.
b. When you are finished with your graph, give it back to the other pair so they can check the accuracy of your graph.",B_boundary,NA,high
1171,"7-155. When you look at a graph and prepare to write an equation for it, do you think it matters if you choose sine or cosine? Which do you think will work best?

With your team, find at least four different equations for the graph at right. Be prepared to share your equations with the class.
a. Did it matter if you choose sine or cosine?
b. Which of your equations do you prefer? Why?",B_boundary,NA,high
1175,"7-158. Susan knew how to shift y = sin x to get the graph at right, but she wondered if it would be possible to get the same graph by shifting y = cos x.
a. Is it possible to write a cosine function for this graph?
b. If you think it is possible, find an equation that does it. If you think it is impossible, explain why.
c. Adlai said, “I can get that graph without shifting to the right or left.” What equation did he write?",B_boundary,NA,high
1187,"PORTFOLIO: EVIDENCE OF MATHEMATICAL PROFICIENCY

This section gives you an opportunity to show growth in your understanding of key mathematical ideas over time as you complete this course.

Part 1: You may have done this problem before. You have grown mathematically since then. Explain everything that you know about f(x) = 2^x - 3. Be sure to include everything you have learned since the last time you did this problem.

Part 2: Compare your responses to this ""Growth Over Time"" problem. Write an evaluation of your growth based on your responses. Consider each of the following questions as you write your answer. If you only did the problem twice, then answer accordingly.
• What new concepts did you include the second time you did the problem? In what ways was your response better than your first attempt?
• How was your final version different from the first two? What new ideas did you include?
• Did you omit anything in the final version that you used in one of the earlier versions? Why did you omit it?
• Rate your three attempts by making three bars like the ones below and shading each bar (left to right) to represent how much you knew on each attempt.
First Attempt:
Second Attempt:
Final Attempt:
• Is there anything you want to add to your current version? If so, add it and keep this version for future reference.

Include a copy of the unit circle you built in Lesson 7.1.6 in your portfolio. Make enhancements as necessary.

Your teacher may give you the Chapter 7 Closure Resource Page: Trigonometric Functions and the Unit Circle Graphic Organizer page to work on.",B_boundary,NA,high
1202,"8-1. The Mathamericaland Carnival Company has decided to build a new roller coaster to use at this year's county fair. The new coaster will have a very special feature: part of the ride will be underground. The designers will use polynomial functions to describe different pieces of the track. Part of the design is shown at right. Your task is to guess a possible equation to represent the track and test it on your graphing calculator. To help get an idea of what to try, start by checking the graphs of the equations given below. Think about how the graphs are the same and how they are different.

y = x(x - 2)
y = (x - 2)^2
y = x(x - 2)(x - 3)

Your Task: Use the information you found by graphing the above equations to help you make guesses about the equation that would produce the graph of the roller coaster. Once you have found a graph that has a shape close to this one, try zooming in or changing the viewing window on your graphing calculator to see the details better. Keep track of what you tried and the equations you find that fit most accurately.",B_boundary,NA,high
1205,"8-4. Continuing your work as a team, examine the equation P2(x) = 2(x - 2)(x + 2)(x - 3).
a. How many distinct (different) linear factors are there? How many x-intercepts would you predict it would have on its graph? Draw the graph and label the x-intercepts. How is this graph similar to or different from the graph of P1(x)?
b. Does the constant factor of 2 have any effect on the x-intercepts? On the shape of the graph? On the y-intercept? How would the graph change if the constant factor of 2 were changed to -2?",B_boundary,NA,high
1211,"8-9. Polynomials are expressions that can be written as a sum of terms of the form:
(any number) · x^(whole number)

Which of the following equations are polynomial equations? For those that are not polynomials, explain why not. Check the Lesson 8.1.1 Math Notes box for further details about polynomials.
a. f(x) = 8x^5 + x^2 + 6.5x^4 + 6
b. y = (3/5)x^6 + 19x^2
c. y = 2^x + 8
d. f(x) = 9 + √x - 3
e. P(x) = 7(x - 3)(x + 5)^2
f. y = x^2 + 1/(x^2 + 5)
g. Write an equation for a new polynomial function and then write an equation for a new function that is not a polynomial.",B_boundary,NA,high
1215,8-13. Describe the difference between the graphs of y = x^3 - x and y = x^3 - x + 5.,B_boundary,NA,high
1219,"8-17. Which of the following equations are polynomial functions? For each one that is not, justify why not.
a. y = 3x^2 + 2x^2 + x
b. y = (x - 1)^2 (x - 2)^2
c. y = x^2 + 2^x
d. y = 3x - 1
e. y = (x - 2)^2 - 1
f. y^2 = (x - 2)^2 - 1
g. y = 1/x^2 + 1/x + 1/2
h. y = (1/2)x + 1/3
i. y = x
j. y = -7",B_boundary,NA,high
1232,"8-29. For each graph in problem 8-28, you decided what the minimum degree of its equation could be. Under what circumstances could graphs that look the same as these have polynomial equations of a higher degree?

Consider the graphs of y = (x - 1)^2 and y = (x - 1)^4.
a. How are these graphs similar? How are they different?
b. Could the equation for graph (ii) from the previous problem be degree 4?
c. Could it have degree 5? Explain.
d. How is the graph of y = x^3 similar to or different from the graph of y = x^5?
e. How do the shapes of graphs of y = (x - 2)^3 and y = (x + 1)^5 with repeated factors differ from the shapes of graphs of equations that have three or five factors that are different from one another?",B_boundary,NA,high
1235,8-32. What can you say about the graphs of polynomial functions with an even degree compared to the graphs of polynomial functions with an odd degree? Use graphs from the Polynomial Functions Investigation (and maybe some others) to justify your response.,B_boundary,NA,high
1237,"8-34. Create a new number-line description (like the ones in problem 8-31) and then trade with a partner. (Each team member should create a different number line.) After you have traded, find a possible graph and equation for a polynomial function to fit the description you have received. Then justify your results to your team and check your team members' results.",B_boundary,NA,high
1250,"8-45. Find reasonable equations for each of the following polynomial functions. Without using a graphing calculator, how can you check the accuracy of your equations? Were each of your equations accurate? If not, why do you think your equation(s) were not accurate?",B_boundary,NA,high
1251,8-46. What is the difference between the graphs of the functions y = x^2 (x - 3)(x + 1) and y = 3x^2 (x - 3)(x + 1)?,B_boundary,NA,high
1252,"8-47. ARE THE INTERCEPTS ENOUGH?

Melvin wrote the equation y = (x + 3)(x + 1)(x - 2)^2 to represent the graph at right.

a. Explain how you can decide whether the equation represents the graph. What can you do to the equation to make it a better fit for the graph? What equation would fit better?

b. Before you figured it out, you could have written the polynomial for this graph as P(x) = a(x + 3)(x + 1)(x - 2)^2. What if you did not have a graphing calculator, but you were told that the graph goes through the point (1, 16)? How could you use that information to determine the exact equation? Once you have decided on a method with your team, try it. How can you test the accuracy of your equation?",B_boundary,NA,medium
1256,8-51. Armando came up with the equation y = 3(x + 1)^4 (x - 4) for problem 8-50. Does his equation fit all of the given criteria? Why or why not? Is it the same as the equation you came up with?,B_boundary,NA,high
1264,8-58. Solve the equation √(5 - 2x) + 7 = 4 and check your solution.,B_boundary,NA,high
1271,"Historical Note: Irrational Numbers

In Ancient Greece, people believed that all numbers could be written as fractions of whole numbers (what are now called rational numbers). Many individuals realized later that some numbers could not be written as fractions (such as √2), and these individuals challenged the accepted beliefs. Some of the people who challenged the beliefs were exiled or outright killed over these challenges!

The Greeks knew that for a one-unit square, the length of the diagonal, squared, yielded 2. When it was shown that no rational number could do that, the existence of what are called irrational numbers was accepted and symbols like √2 were invented to represent them.

The problem x^2 = 3 also has no rational solutions; fractions can never work exactly. The rational (i.e., decimal) solutions that calculators and computers provide are only approximations; the exact answer can only be represented in radical form, namely, ±√3.",B_boundary,NA,high
1276,"8-67. When a graph crosses the x-axis, the x-intercepts are often referred to as the real roots of the equation that results when y = 0. You have seen that solutions to equations can be real or complex, so it follows that roots can also be real or complex. Compare and contrast what happens with the graphs and equations for the three cases in parts (a) through (c) below.
a. Sketch the graph of y = (x + 3)^2 − 4. What are the roots?
b. Sketch the graph of y = (x + 3)^2. What are the roots?
c. Sketch the graph of y = (x + 3)^2 + 4. Can you find the roots by looking at the graph? Why or why not? Find the roots by solving (x + 3)^2 + 4 = 0.
d. Make general statements about the relationship between graphs of parabolas and the kinds of roots their equations have.",B_boundary,NA,high
1284,8-75. Is (x – 5)^2 equivalent to (5 – x)^2? Explain why or why not.,B_boundary,NA,high
1292,"8-82. WHAT EQUATION HAS THESE SOLUTIONS?

Each of the four pairs of complex numbers in problem 8-81 could be the roots of a quadratic function.

Your Task: With your team, create a quadratic equation for each pair of complex numbers in parts (a) through (d) of problem 8-81 such that those numbers are the roots. Discuss the methods you use for writing the equations and write summary statements describing your methods.

Discussion Points
How can we reverse the process of solving?
How can we use what we know about factors and zeros?
How are the solutions related to the standard form of the equation?",B_boundary,NA,high
1293,8-83. Further Guidance: Problem 8-81 made Mariposa curious about sums and products. She decided to solve the equation x^2 – 6x + 25 = 0 and look at the sums and products of its solutions. What patterns can you help her find that might give her ideas about the equation once she knows the solutions?,B_boundary,NA,high
1294,8-84. Austin had another idea. He knew that if 3 and –5 were solutions of a quadratic equation then (x – 3) and (x + 5) would be factors that could be multiplied to get a quadratic polynomial. How could his idea be used with the pairs of complex solutions in problem 8-81? Choose one pair and show how to use your idea.,B_boundary,NA,high
1295,"8-85. Melvin had still another idea. ""Why not just let x = –4 ± i and work backwards?"" he asked. Would his idea work?
Further Guidance section ends here.",B_boundary,NA,high
1299,"8-88. Raul claims that he has a shortcut for deciding what kind of roots a function has. Jolene thinks that a shortcut is not possible. She says you just have to solve the quadratic equation to find out. They are working on y = x^2 − 5x − 14.

Jolene says, ""See, I just start out by trying to factor. This one can be factored (x − 7)(x + 2) = 0, so the equation will have two real solutions and the function will have two real roots.""

""But what if it can't be factored?"" Raul asked. ""What about x^2 + 2x + 2 = 0?""

""That's easy! I just use the Quadratic Formula,"" says Jolene. ""And I get... let's see… negative two plus or minus the square root of... two squared… that's 4… minus… eight…""

""Wait!"" Raul interrupted. ""Right there, see, you don't have to finish. 2^2 minus 4 ⋅ 2, that gives you –4. That's all you need to know. You'll be taking the square root of a negative number so you will get a complex result.""

""Oh, I see,"" said Jolene. ""I only have to consider part of the solution, the inside of the square root.""

Use Raul's method to tell whether each of the following functions has real or complex roots without completely solving the equation. Note: Raul's method is also summarized in the Math Notes box for this lesson.
a. y = 2x^2 + 5x + 4
b. y = 2x^2 + 5x − 3",B_boundary,NA,high
1309,"8-97. Avi and Tran were trying to figure out how they could represent complex numbers geometrically. Avi decided to make a number line horizontal like the x-axis to represent the real part as well as a vertical line like the y-axis to represent the imaginary part.
a. Draw a set of axes and label them as Avi described.
b. How could Avi and Tran graph a point to represent the complex number 3 + 4i? Be prepared to share your strategies with the class.
c. Use the method from part (b) to plot points to represent the six numbers below.
i. 2 + 5i
ii. 6 − i
iii. −5 − 3i
iv. 4
v. 7i
vi. −4 + 2i",B_boundary,NA,high
1310,"8-98. On a new set of complex axes (like those drawn by Avi and Tran in problem 8-97), locate points representing all of the following complex numbers.
a. 3 + 4i, 3 − 4i, −3 + 4i, and −3 − 4i
b. The four complex numbers represented by ±4 ± 3i.
c. 5, −5, 5i, and −5i
d. What do you notice about your graph? How far from (0, 0) is each point?",B_boundary,NA,high
1312,"8-100. Based on the following graphs, how many real roots does each polynomial function have?
a.
b.

Graphs (a) and (b) above have been vertically shifted to create graphs (c) and (d) shown below. How many real roots does each of these new polynomial functions have?
c.
d.

The polynomials in parts (c) and (d) do not have fewer roots. Polynomial (c) still has two roots, but now the roots are complex. Polynomial (d) has three roots: two are complex, and only one is real.",B_boundary,NA,high
1324,"8-111. Show that each of the following equations is true.
a. (i − 3)^2 = 8 − 6i
b. (2i − 1)(3i + 1) = −7 − i
c. (3 − 2i)(2i + 3) = 13",B_boundary,NA,high
1328,"8-114. Andre decided to join the craze and try some Polydoku puzzles, but he is not sure how to fill in some of the squares. Help him by answering parts (a) and (b) below about the Polydoku puzzle in the news article he read (found in problem 8-113), then complete part (c).
a. Explain how the term 2x^2 in cell C3 of the news article was generated.
b. What values were combined to get −7x^3 in the news article answer?
c. Copy and complete the Polydoku puzzle at right.",B_boundary,NA,high
1330,"8-116. Jessica is about to start the intermediate-level Polydoku puzzle shown at right. Show Jessica how to complete the puzzle. Make sure you can justify your solution.

Use your results to complete the statements below.
(6x^3 + 7x^2 − 16x + 10)/(2x + 5) = __________ and (2x + 5) ⋅ __________ = ____________",B_boundary,NA,high
1331,"8-117. Unfortunately, Jessica made a mistake when she copied the problem. The constant term of the original polynomial was supposed to have the value + 18 (not + 10). She does not want to start all over again to solve the puzzle.
a. Jessica realizes that she would now have 8 remaining from the original expression. What is the significance of this 8?
b. Jessica writes her work as shown below:
(6x^3 + 7x^2 − 16x + 18)/(2x + 5) = ((6x^3 + 7x^2 − 16x + 10) + 8)/(2x + 5) = 3x^2 − 4x + 2, remainder 8
Gina thinks that there is a way to write the answer without using the word ""remainder."" Discuss this with your team and find another way to write the result. Be prepared to share your results and your reasoning with the class.
c. Use Jessica and Gina's method to divide (6x^3 + 11x^2 − 12x − 1) ÷ (3x + 1).",B_boundary,NA,medium
1333,8-119. Now work with your team to help Andre solve his original problem (problem 8-113). Find all of the roots (exact zeros) of the polynomial.,B_boundary,NA,high
1334,"MATH NOTES: METHODS AND MEANINGS

Polynomial Division

The examples below show two methods for dividing x^4 – 6x^3 + 18x – 1 by x – 2. In both cases, the remainder is written as a fraction.

Using long division:
(x^4 – 6x^3 + 0x^2 + 18x – 1) / (x – 2) = x^3 – 4x^2 – 8x + 2 + 3/(x – 2)

Using area models:
Answer: x^3 – 4x^2 – 8x + 2 + 3/(x – 2)

Therefore, (x^4 − 6x^3 + 18x − 1) ÷ (x − 2) = x^3 − 4x^2 − 8x + 2 + 3/(x − 2) and (x − 2)(x^3 − 4x^2 − 8x + 2 + 3/(x − 2)) = x^4 − 6x^3 + 18x − 1.",B_boundary,NA,high
1339,"8-124. Now divide x^3 – 9x^2 + 19x + 5 by the factor that you chose in the preceding problem. If it is a factor, use it and the resulting factor to find all the zeros of the polynomial. If it is not a factor, reconsider your answer to the preceding problem and try a different factor.",B_boundary,NA,high
1341,"8-126. The city of Waynesboro is trying to decide whether to initiate a composting project where each residence would be provided with a dumpster for garden and yard waste. The city manager needs some measure of assurance that the citizens will participate before launching the project, so he chooses a random sample of 25 homes and provides them with the new dumpster for yard and garden waste. After one week the contents of each dumpster is weighed (in pounds) before processing. The sorted data is shown below:
0 0 0 0 1.7 2.6 2.9 4.2 4.4
5.1 5.6 6.4 8.0 8.9 9.7 10.1 11.2 13.5
15.1 16.3 17.7 21.4 22.0 22.2 36.5
Checksum 245.5
a. Create a combination boxplot and histogram. Use an interval of 0 to 42 pounds on the x-axis and a bin width of 6 pounds.
b. Describe the center, shape, spread and outliers.
c. What is a better measure of center for this distribution the mean or median and why?
d. What is a better measure of spread the standard deviation or IQR and why?
e. The city can sell the compost, and engineers estimate the program will be profitable if each home averages at least 9 pounds of material. The city manager sees the mean is nearly 10 pounds and is ready to order dumpsters for every residence. What advice would you give him?",B_boundary,NA,high
1355,"8-138. Carlo was trying to factor the polynomial p(x) = x^4 - 4x^3 - 4x^2 + 24x - 9 to find all of its roots. He had already found one factor by making a guess and dividing the polynomial, so he had p(x) = (x - 3)(x^3 - x^2 - 7x + 3). He was trying to factor x^3 - x^2 - 7x + 3, so he had tried dividing it by (x + 3), (x + 1), and (x - 1), but none worked without a remainder. Then Teo came by and said, ""You should look at the graph.""
a. How does the graph help?
b. Complete the problem.",B_boundary,NA,high
1357,"8-140. So far you have been able to extend the rules for real numbers to add, subtract, and multiply complex numbers, but what about dividing? Can you use what you know about real numbers to divide one complex number by another? In other words, if a problem looks like this:
(3 + 2i) / (-4 + 7i)
What needs to be done to get an answer in the form of a single complex number, a + bi?
Natalio had an idea. He said, ""I'll bet we can use the conjugate!""
""How?"" asked Ricki.
""Well, it's a fraction. Can't we multiply the numerator and denominator by the same number?"" Natalio replied.
a. Natalio was not very clear in his explanation. Show Ricki what he meant they should do.
b. Using Natalio's ideas you probably still came up with a fraction in part (a), but the denominator should be a whole number. To write a complex number such as (c + di)/m in the form a + bi, just use the distributive property to rewrite the result as c/m + (d/m)i. Rewrite your result for part (a) in this form.",B_boundary,NA,high
1364,"8-147. Spud has done it again. He's lost another polynomial function. This one was a cubic, written in standard form. He knows that there were two complex zeros, -2 ± 5i and one real zero, -1. What could his original function have been?",B_boundary,NA,high
1367,"8-150. Megan is an industrial engineer for Bowler Cola Company. She takes a random sample of cola cans from the production line each day to determine if the product meets various specifications. One of the measurements she records is the mass (in grams) of the filled cans. The following sorted data are from of a sample of 30 regular and diet cola cans.
Note: The data is sorted so it is easy to work with without a statistical calculator.
Regular
361 362 363 365 366 366 367 367 367 368
368 368 369 369 369 369 370 370 370 370
371 371 371 371 373 375 375 376 376 380
Checksum 11083
Diet
349 349 350 351 353 353 353 354 354 354
354 355 355 355 356 357 358 361 361 361
361 361 361 362 362 363 364 365 366 366
Checksum 10724
a. Find the five number summary (minimum, third quartile, median, first quartile, maximum) for each soda.
b. Make a combination histogram and boxplot for each type of soda. Include the five number summary. Use an interval of 348 to 384 grams on the x-axis and a bin width of 4 grams.
c. Describe the center, shape, spread, and any outliers, of each histogram.
d. Compare the two samples.
e. Each can is marked as containing 12 fluid ounces. Twelve ounces is about 341 grams. Why is there so much variation from 341 grams in the samples?",B_boundary,NA,high
1376,"8-159. Verify that the graphs of the equations x^2 + y^3 = 17 and x^4 - 4y^2 - 8xy = 17 intersect at (3, 2).",B_boundary,NA,high
1390,"8-171. Generally, when you are asked to factor, it is understood that you are only to use integers in your factors. If you are allowed to use irrational or complex numbers, any quadratic can be factored.

By setting the polynomial equal to zero and solving the quadratic equation, you can work backwards to ""force factor"" any quadratic. Use the solutions of the corresponding quadratic equation to write each of the following expressions as a product of two linear factors.
a. x^2 - 10
b. x^2 - 3x - 7
c. x^2 + 4
d. x^2 - 2x + 2",B_boundary,NA,high
1393,"8-174. This problem is a checkpoint for solving complicated equations. It will be referred to as Checkpoint 8B.

Solve each equation. Check your solutions.
a. 2|x - 3| + 7 = 11
b. 4(x - 2)^2 = 16
c. √(x + 18) = x - 2
d. |2x + 5| = 3x + 4

Check your answers by referring to the Checkpoint 8B materials located at the back of your book.
Ideally, at this point you are comfortable working with these types of problems and can solve them correctly. If you feel that you need more confidence when solving these types of problems, then review the Checkpoint 8B materials and try the practice problems provided. From this point on, you will be expected to do problems like these correctly and with confidence.",B_boundary,NA,high
1416,"CHAPTER 9: Randomization and Normal Distributions

In this chapter you will learn some basic techniques of performing opinion surveys along with their limitations and pitfalls. You will learn why randomness is a cornerstone of statistical studies.

In the last section of the chapter, you will create a histogram with percentages called a relative frequency histogram. You will learn a new way to describe the shape of a distribution, and use it to model certain distributions.",B_boundary,NA,high
1417,"Guiding Question

Mathematically proficient students attend to precision.

As you work through this chapter, ask yourself:

How can I use the appropriate degree of precision for this problem—in my mathematics, in my vocabulary, and in how I ask survey questions?",B_boundary,NA,high
1420,"9-2. BIAS IN SURVEY QUESTIONS

Shortly, you will write survey questions for your own investigation. However, before you do that, it is important to understand how the questions that you ask can influence your results. Influence on a study that favors a certain outcome is called bias.

Discuss each of the following survey questions with your team. For each one,
• Look for ways in which the question may contain bias.
• Rewrite the question to reduce the bias you found.
• Be prepared to share your ideas with the class.

a. Do teenagers worry about getting poor grades?
b. Do you support the Governor’s education plan that ensures that students will be more successful in school?
c. Does the frequent occurrence of brutal violence in movies and video games have a negative affect on the young people exposed to them?
d. Do you believe the current movie ratings system is effective?
e. Should your teachers be paid more?
f. Moderate exercise is necessary to stay healthy. Do you exercise regularly?",B_boundary,NA,high
1421,"9-3. Consider the following descriptions of common sources of bias in survey questions. Look back at the survey questions in problem 9-2 to see if you can find any of these types of bias in those questions. Note that some of these questions may refer to bias that you already identified, while some may help you see new sources of bias.

a. Question Order: Sometimes two questions are asked in an order such that the first question suggests an answer to the second. Which of the poll questions uses the biased question order technique? Why would you expect it to influence responses?
b. Preface: Some questions start with statements that can bias the result of the question that follows. Which of the survey questions presented to your class uses this technique? Why would you expect such statements to influence responses?
c. Two Questions in One: This technique involves asking two questions at once. Survey respondents may agree with one part and disagree with another part, but they are only allowed to give one answer. Which of the survey questions presented to your class uses this technique?
d. Biased Wording: By using pleasing or unpleasant words, the surveyor can influence results. Which of the survey questions presented to your class uses this technique?
e. Desire To Please: Research shows that many survey takers will answer in the ways that they perceive will please the surveyor. Which of the survey questions presented to your class are likely to be biased in this way? Are some more severely biased than others?",B_boundary,NA,high
1422,"9-4. CREATING BIAS

You and your team members have been asked by the U.S. Department of Education to survey people about the President’s new proposal to extend the school year from the current length of 180 days to 200 days. A survey question might be, “Do you think students should attend school for 180 days as they do now, or for 200 days?”

Work with your team to rewrite this question in as many ways as you can to introduce bias. For each new question you write, note in which direction the bias is likely to influence responses.",B_boundary,NA,high
1423,"9-5. Now you and your team will write your own survey.

a. Work with your team to write a short survey that you could use to investigate the research question that you selected in problem 9-1. Do your best to minimize bias in your questions.
b. Trade survey questions with another team. Read their questions and decide whether you see bias in any of them. If so, write a brief explanation of what type of bias you see and offer suggestions for rewording the questions to reduce bias.
c. Get your survey questions back from the team that offered you feedback. Consider their feedback and make any revisions that you decide will help improve your survey.",B_boundary,NA,high
1424,"9-6. There are many considerations involved when writing a survey. For example consider the following two survey questions:

Question 1: What is your favorite way to exercise?
Question 2: Which of the following ways to exercise do you prefer?
Running   Swimming   Team Sports   Dancing   Skiing

a. Discuss these two ways of asking people about their exercise preferences. What are the possibilities and limitations of each question?
b. Question 1 is an example of an open question, while Question 2 is a closed question. Open questions allow respondents to offer any response they like, while closed questions limit them to some set number of responses from which to choose. Discuss these question types with your team. Is one type likely to give more accurate information? Why? Is one type likely to be more convenient? Why? When might you want to choose to ask an open or a closed question?
c. Make changes to your survey questions so that you have at least one open question and at least one closed question. Be careful! Changing the format of a question can introduce new kinds of bias.
d. Store your survey questions in a safe place. They will be needed later in this chapter.",B_boundary,NA,high
1430,"9-11. Solve each equation for 0 ≤ θ ≤ 360. You may need your calculator, but remember that your calculator only gives one answer. Most of these problems have more than one answer. Think about all four quadrants.

a. sin θ = 0.5
b. cos θ = −0.5
c. 4 tan θ − 4 = 0
d. 3 sin^2 θ = 1",B_boundary,NA,high
1437,"9-17. Some astronomers believe that a number of small objects, called Vulcanoid asteroids, exist between Mercury and the Sun. Other scientists, however, do not believe that these asteroids exist. The brightness of the sun has prevented direct observations, so the controversy remains unresolved.

Imagine the following scenario.
Scientists invent a special camera that can photograph these asteroids, even though they are so close to the sun. They put the camera on a satellite and send it off. To their joy and amazement, the satellite begins to transmit images back to the earth and the asteroids are visible! Vulcanoids are real!

Unfortunately, in just five seconds, the heat of the sun destroys the camera and the transmission stops. Due to a technical malfunction, the five seconds of video images were not recorded. The scientists who were watching have to rely on their memories of the images.

a. Help the scientists determine the size of a “typical” Vulcanoid asteroid by modeling this scenario. First, look at your “video” picture (Lesson 9.1.2A Resource Page) for exactly five seconds. Then, without talking to anyone, write down your estimate of a typical asteroid diameter in millimeters.
b. Follow your teacher’s instructions to contribute your estimate to the class’s histogram. Sketch the histogram on your paper and describe its attributes, including the center, shape, spread, and the presence of any outliers.",B_boundary,NA,high
1438,"9-18. Now suppose that the camera on the satellite and the recording equipment were repairable and the scientists were able to record a good still photograph of the Vulcanoid asteroids. Now you have much more reliable information with which to determine the size of a typical asteroid.

a. Look at your photograph on the Lesson 9.1.2A Resource Page. Again, without talking to anyone, pick ten “typical” asteroids and measure the diameter of each in millimeters. Write down each of your measurements and then calculate the mean diameter. Do you think this result is a better estimate of the size of a typical asteroid than the one you estimated in problem 9-17? Why or why not?
b. Again, follow your teacher’s instructions to contribute your calculated mean to the class’s new histogram. Sketch the histogram on your own paper and describe how this histogram compares to the histogram of the class’s estimates from problem 9-17.
c. In general, which set of estimates is more accurate? How can you tell? Be sure to use your comparison of the histograms to help justify your answer.",B_boundary,NA,high
1440,"9-20. HOW SHOULD SAMPLES BE CHOSEN?

Based on the data collected by your class, discuss the following questions with your team. Be prepared to contribute your ideas and questions to a class discussion.

a. Which selection method produced the most consistent (least variable) results? Why does this result make sense?
b. Look in particular at the differences in data produced by intentionally-chosen samples and randomly-chosen samples. Why do the differences make sense? Be sure to consider differences in center, shape, spread, and outliers.
c. Which sampling method seems to produce the best estimate of the size of a “typical” asteroid? How can you tell?
d. Your teacher will provide you with the actual measures of central tendency of the sizes of the asteroid images. Does your idea about which sampling method is best change?",B_boundary,NA,high
1442,"9-22. Consider each of the following survey questions. For each one, explain any bias you find. If you think the question is unbiased (or fair), explain why.

a. Do you agree that it is important to make ending homelessness a high priority?
b. Which of the following factors is most important to address in order to slow global climate change?
A. Car emissions   B. Airplane emissions
C. Pollutants from private industry   D. Dependence on oil
c. How important is it to raise teacher salaries?",B_boundary,NA,high
1444,"9-24. When vapor under high pressure is released into the air, the resulting noise can severely damage people’s hearing. This is a concern for large industrial facilities like power plants and factories. To help control this noise pollution companies install silencers, which work on the same principles as car mufflers. Hector is an engineer for Vapor Kinetics. He is testing two different models of silencers, the Hush Puppy and the Quiet Down, by measuring the sound energy in decibels (dB) each silencer is producing at various temperatures and pressures. The data has been sorted and is shown below:

Hush Puppy:
19.7, 22.8, 26.3, 27.4, 29.5, 38.8, 39.3, 44.5, 46.7, 50.0, 51.2, 52.4, 53.4, 56.6, 58.0, 58.6, 60.7, 62.3, 66.4, 67.0, 68.6, 69.6, 70.1, 70.9, 71.3, 72.9, 76.4, 76.5, 76.7, 79.5
Checksum 1664.1

Quiet Down:
14.2, 16.3, 19.3, 24.6, 26.0, 30.5, 35.8, 37.4, 39.9, 40.0, 40.1, 47.3, 52.9, 53.5, 53.7, 56.0, 56.6, 56.7, 59.1, 59.8, 61.3, 62.6, 63.3, 64.3, 66.5, 67.1, 71.8, 95.7, 101.2, 102.1
Checksum 1575.6

a. Create a combination boxplot and histogram for each silencer. For the histograms, scale the x-axis from 12 to 108 and use a bin width of 12 dB.
b. Describe the center, shape, spread and outliers for each silencer. Make sure your results have the same level of precision as the measurements.
c. Hector needs to recommend one design for production. Which one do you suggest and why?
d. The decibel scale is logarithmic, not linear. For example, a 105 dB sound is 8 times louder than a 75 dB sound. This is roughly the difference in noise between running a kitchen blender and running a chain saw. Does this information change your answer to part (c)? Why or why not?",B_boundary,NA,high
1451,"9.1.3 What if random is not possible?

Bias in Convenience Samples

In Lesson 9.1.2, you learned that random samples generally represent populations from which they are selected more closely than intentionally-selected samples. Partly for this reason, randomization is an important part of statistics.

However, it is often the case that it is neither possible nor practical to sample a population randomly. For example, if you wanted to survey voters in the United States about their choice for a presidential candidate, random sampling might not be practical. Even if you designed a method to select 1000 names randomly from the population of American voters, how would you find those 1000 people to survey in a timely and cost effective manner?

Sometimes statisticians are restricted to sampling strategies based on who is available to them, a practice known as convenience sampling. When this sampling technique is used, it is often impossible to make responsible claims about the original population. Consider these ideas as you work on the following problems with your team.",B_boundary,NA,high
1452,"9-31. Delilah is a pollster and she wants to know what American voters think about a possible federal income tax increase to fund education. She stands outside of a grocery store one evening and surveys every adult who is registered to vote. 62% of the voters Delilah surveyed support the tax increase.

a. Can Delilah claim that this result is representative of American voters in general? Be sure to justify your thinking.
b. With your team, think about the population that Delilah is actually finding information about. Whom can she responsibly claim her 62%-in-favor result represents?
c. How might Delilah improve her sampling technique to better represent the population of American voters? Discuss this with your team and be prepared to share your ideas with the class.",B_boundary,NA,high
1453,"9-32. Sometimes pollsters try to predict the sorts of bias that they are likely to introduce with their sampling methods so that they can report their results appropriately. For example, Delilah might notice that many of the voters she surveyed had school-age children with them, and she might reason that they are more likely than average to support policies that fund public education.

For each of the following sampling methods, consider the actual population it could represent. What sorts of biases might you expect from these groups about Delilah’s question from problem 9-31? What biases might you expect them to have about your own team’s research question? Be prepared to share your ideas with the class.

a. A call-in survey on a morning television talk show.
b. Questionnaires mailed to addresses found in an online phone list.
c. A survey of every student on the bus to school.",B_boundary,NA,high
1456,"9-35. LEARNING LOG

With your team, discuss what you have learned in Section 9.1 about survey design, sampling strategies and avoiding bias. What are the types of bias that can be present in a survey? How can you avoid them in the questions that you ask? How can you sample the population in which you are interested to best be able to confidently answer your question? Summarize your ideas and include examples in your Learning Log. Title this entry “Survey Design and Bias” and label it with today’s date.",B_boundary,NA,high
1462,"9-41. This problem is a checkpoint for writing and solving exponential equations. It will be referred to as Checkpoint 9A.

When rabbits were first brought to Australia, they had no natural enemies. There were about 80,000 rabbits in 1866. Two years later, in 1868, the population had grown to over 2,400,000!

a. Why would an exponential equation be a better model for this situation than a linear one? Would a sine function be better or worse? Why?
b. Write an exponential equation for the number of rabbits t years after 1866.
c. How many rabbits do you predict were present in 1871?
d. According to your model, in what year was the first pair of rabbits introduced into Australia? Is this reasonable?
e. Actually, 24 rabbits were introduced in 1859, so the model is not perfect, but is close. Is your exponential model useful for predicting how many rabbits there are now? Explain.

Check your answers by referring to the Checkpoint 9A materials located at the back of your book.

Ideally, at this point you are comfortable working with these types of problems and can solve them correctly. If you feel that you need more confidence when solving these types of problems, then review the Checkpoint 9A materials and try the practice problems provided. From this point on, you will be expected to do problems like these correctly and with confidence.",B_boundary,NA,high
1466,"9.2.1 How can an experiment show cause and effect?

Testing Cause and Effect with Experiments

METHODS AND MEANINGS: MATH NOTES

Observational Studies and Experiments

In an observational study, data is collected by observing but without imposing any kind of change. A survey is one type of observational study. Observational studies are often plagued by lurking variables, that is, hidden variables that are not part of the study, but that are the true cause of an association. For example, the number of firefighters at a fire is associated with the amount of damage at the scene of the fire. But of course firefighters are not the cause of the damage! The lurking variable, “size of the fire,” causes both the number of firefighters and the amount of damage to increase.

To determine cause and effect, often a randomized, controlled experiment is conducted. In an experiment, subjects are randomly divided between two or more groups, and a treatment (a change) is imposed on at least one of the groups. Randomized experiments can be used to determine cause and effect because the influence of lurking variables, even though they are unknown, has mostly been equalized among all the groups. If there is a difference among groups, it is most likely due to the treatment since everything else is mostly the same.",B_boundary,NA,high
1467,"9-45. Consider this question: “Does a new type of motor oil improve gas mileage?” Assuming this new motor oil was already available to the public, you could survey some car owners who use the oil and some who do not and compare their mean gas mileages.

a. What problems might arise from using this method? What are some possible lurking variables that could affect the outcome of the study?
b. After reading the Math Notes box in this lesson, design an experiment to help decide whether the new motor oil improves gas mileage.
c. Sometimes a group gets no treatment. If people are involved, they may get a placebo (a treatment with no effect) so the psychological effects of participating in an experiment are the same among the groups. If you have not already done so, include a no-treatment or placebo group in your experiment.",B_boundary,NA,high
1468,"9-46. Testing to see how many drops of water fit on a penny would be an observational study. You would simply look to see how much water ordinary pennies can hold.

Today, a treatment has been added to a random sample of pennies to make it an experiment. Your teacher has cleaned a sample of pennies using a mild acid. The research question is, “Does cleaning pennies cause them to hold a different amount of water than ordinary uncleaned pennies?”

You will be assigned a sample of pennies and a workstation to test your pennies. Use the test procedures outlined by your teacher. Make class histograms and boxplots for the clean pennies and the regular pennies.",B_boundary,NA,high
1469,"9-47. As a class, compare the histograms and boxplots, discuss your results, and write a brief conclusion.",B_boundary,NA,high
1470,"9-48. Suppose your results from problems 9-46 and 9-47 were seriously biased by a lurking variable. The effects of this lurking variable can be defeated by using proper experimental procedures. As a class, discuss improvements that could be made in the testing procedures.",B_boundary,NA,high
1472,"9-50. Statistical results can be affected by psychological issues. Researchers who conduct experiments need to eliminate sources of bias for their statistical analysis to be meaningful. What are some potential causes of bias in the following samples?

a. Super Cola paid for a taste test study comparing it to Amazing Cola. Participants were asked to taste both drinks and pick their favorite. Super Cola was labeled “m” and the Amazing Cola was “q.” The majority of participants picked the drink labeled “m,” which was Super Cola.
b. A survey was conducted in the following manner: “The Bill of Rights guarantees the right to bear arms so that we can protect our families and our country. Recently, attempts have been made to enact stricter gun controls. Do you want these restrictions?”
c. Another survey was conducted in the following manner: “Last year over 15,000 people were murdered by handguns, which accounted for 68% of all murders. Recently, attempts have been made to enact stricter gun controls. Do you want these restrictions?”",B_boundary,NA,high
1473,"9-51. As you discovered in the asteroid activity in Lesson 9.1.2, people are not very good at picking representative samples. Similarly, it is actually quite difficult to “fake” randomness.

In this problem, you will perform a brief survey to get an idea of people’s “random” behavior. For this particular survey, you are not concerned with any particular population, so you can choose any sample that is convenient. You should talk with at least 10 people among your friends and family, but try for more to make your results more interesting.

Use the same survey method for everybody: text messaging, phone call, or personal interview. Carefully record the responses you get.",B_boundary,NA,high
1475,"9-52. Because gathering data for entire populations is often impractical, most of the data we analyze are samples. In order to make the sample standard deviation more closely estimate the population standard deviation, statisticians modify the way they calculate the standard deviation for a sample.
Refer to the Math Notes box in Lesson C.1.3 in Appendix C to remind you of how to calculate standard deviation (for a population). The calculation of standard deviation of a sample is slightly different. When computing the mean of the distances squared, instead of dividing by the number of values in the data set, divide by one less than the number of values in the set.
A non-profit consumer health organization measured the fat content of five low fat raspberry muffins purchased at random Sunbucks coffee shops. Find the mean and standard deviation of the fat content in this sample. Do the computations step by step, without using the “standard deviation” function on your calculator. The fat content follows: 6, 8, 8, 9, 7 grams of fat. (Hint: After showing all of your computations, the correct sample standard deviation is 1.14g.)",B_boundary,NA,high
1485,"9-61. LEARNING LOG
With your team, discuss the similarities and differences between observational studies, surveys, and experiments. What are the advantages and disadvantages of each? What are some of the important things to consider when conducting an observational study versus a survey or designing an experiment? How confident can you be about your conclusions? Summarize your thoughts in your Learning Log. Title this entry “Surveys Versus Experiments” and label it with today’s date.",B_boundary,NA,high
1486,"9-62. Suppose you were conducting a survey to determine what portion of voters in your town supports a particular candidate for mayor. Consider each of the following methods for sampling the voting population of your town. State whether each is likely to produce a representative sample and explain your reasoning.
a. Call one number from each page of an online phone listing for your town between noon and 2 p.m.
b. Survey each person leaving a local grocery store.
c. Survey each person leaving a local movie theater.
d. Walk around downtown and survey every fourth person you see.
e. Could you make a representative sample by surveying a few people from each of the situations described in parts (a) through (d) above? Explain, and consider what problems might still remain.",B_boundary,NA,high
1488,"9-64. Suppose you were asked to find lurking variables that would be associated with the news headline: “Study: Kids who were spanked have lower IQs.” Certainly, there are plenty of lurking variables to cast doubt on cause and effect. Think about what it would take to do an experiment to determine if spanking causes lower IQs. Design an experiment and point out why it is not ethical.",B_boundary,NA,high
1495,"9-70. In order to make the standard deviation of a sample more closely estimate the population standard deviation, statisticians modify the way they calculate the standard deviation for a sample.
a. If the data set contains the entire population, you divide by n, the number of values in the data set, when finding the population standard deviation. If the data set is a sample from the population, you divide by n − 1 to find the sample standard deviation. Which standard deviation has a larger value?
b. One of the reasons the sample standard deviation needs to be increased has to do with outliers. Why might the presence of outliers in the population make the standard deviation of a sample too small compared to the standard deviation of the population?
c. Refer to problem 9-65. The amounts the five birds ate were: 60, 60, 50, 40, and 50 grams. Explore the functions on your calculator to find the mean and the sample standard deviation for the five birds.
d. What if the five birds were the entire population of birds? What would the mean and population standard deviation be? Use the correct symbols, referring as needed to the Math Notes box at the end of this lesson.",B_boundary,NA,high
1499,"9-74. LEARNING LOG
With your team, discuss the similarities and differences between a histogram and a relative frequency histogram as a way to represent a distribution of single-variable data. What is the meaning of the area of the bars on a relative frequency histogram? Summarize the directions for creating a relative frequency histogram, including examples. Title this entry “Relative Frequency Histograms” and label it with today’s date.",B_boundary,NA,high
1501,"9-75. Bias can take many forms. Sometimes it is created unintentionally by conditions in an experiment. Other times it is more intentional. For each example below, comment on possible bias.
a. In a TV commercial an interviewer asks people on the street to name their favorite radio station. All five that he asked claimed the same station as their favorite.
b. A university campus wants to increase fees in order to build a new recreation hall. It surveys students to determine support. Survey booths are placed outside the university gym. The resulting survey showed overwhelming support.
c. A study shows that many more accidents occur on I-95 during the day than at night. Is it therefore safer to drive at night?
d. An active citizens’ group claimed that a nuclear facility was operating at below average safety levels and therefore should be shut down.",B_boundary,NA,high
1506,"9-80. Denae and Gina were trying to solve √(x + 5) + √x = 5. They knew they would have to square the equation to get rid of the radicals, but when they tried it, they got x + 5 + 2√(x(x + 5)) + x = 25, which did not look much easier to deal with. Gina had an idea.
“Let’s start by putting the radicals on opposite sides of the equation and then squaring,” she said. Her work is shown at right.
√(x + 5) + √x = 5
√(x + 5) = 5 − √x
x + 5 = 25 − 10√x + x
“But there’s still a radical!” she exclaimed, disappointed.
“That’s okay,” said Denae, “there’s only one now, so we can get the term with the radical by itself and then square everything again.”
a. Follow Denae’s advice and solve this equation.
b. Use Denae and Gina’s method to solve √(2x − 2) − √x = 1.",B_boundary,NA,high
1514,"9-87. LEARNING LOG
With your team, discuss the similarities and differences between a relative frequency histogram as a way to represent a sample, and the normal distribution as a model for the population represented in the random sample. Review the directions and include some examples for drawing a normal distribution and for finding percents represented by areas under the normal distribution. Title this entry “Relative Frequency Histograms and Normal Distributions,” and include today’s date.",B_boundary,NA,high
1516,"9-89. Coach Pham claims that his new 6-week agility program will increase an athlete’s vertical leap by 10 centimeters more than traditional workouts.
a. Design an experiment to test the coach’s claim.
b. If the group using Coach Pham’s techniques improved their leaping significantly more than the group using traditional methods, would this provide evidence that the new agility program is the cause?",B_boundary,NA,high
1517,"9-90. A properly randomized and controlled experiment can determine cause and effect, unlike an observational study, which can be plagued by lurking variables. Why do we not conduct an experiment for every study? Why do observational studies at all?",B_boundary,NA,high
1529,"9-101. Rachna and her sister, Rakhi, were both in the same physics class. They made a bet with each other on whose rocket would go farther. The loser would have to wash the family dishes for a month! Unfortunately, Rakhi was assigned a very different style rocket from the one Rachna got, so it was difficult to make a fair comparison. They decided to compare the percentiles. Rakhi’s style of rocket had a mean flight distance of 30 m with a standard deviation of 6 m.
Rachna’s rocket went 66.74 m, while Rakhi’s went 28.17 m. Use percentiles to determine who had to wash the dishes for a month.",B_boundary,NA,high
1545,"Part 2: Compare your responses to this “Growth Over Time” problem. Write an evaluation of your growth based on your responses. Consider each of the following questions as you write your answer. If you only did the problem twice, then answer accordingly. • What new concepts did you include the second time you did the problem? In what ways was your response better than your first attempt? • How was your final version different from the first two? What new ideas did you include? • Did you omit anything in your later versions that you used in one of the earlier versions? Why did you omit it? • Rate your three attempts by making three bars like the ones below and shading each bar (left to right) to represent how much you knew on each attempt. First Attempt, Second Attempt, Final Attempt. • Is there anything you want to add to your current version? If so, add it and keep this version for future reference.",B_boundary,NA,high
1548,"CL 9-112. Stephanie is interested in laws concerning the death penalty. She gives the following survey question to her government class. “The constitution allows individual states the freedom to enact laws which are not contradictory to federal laws. For example, capital punishment is permissible in some states but not in others. Are you in favor of the U.S. Congress passing legislation to override every individual state law and ban the practice of capital punishment?” Thirty-eight percent of the students respond in favor of a federal law governing the use of capital punishment. Stephanie concludes that there is insufficient popular support to pass a federal law banning capital punishment. a. Is 38% a parameter or statistic? How do you know? What population is Stephanie making her conclusion about? b. What sources of bias are present in the wording of her question? c. What sampling technique did Stephanie use and how might it introduce bias into her conclusion?",B_boundary,NA,high
1555,CL 9-119. Check your answers using the table at the end of this section. Which problems do you feel confident about? Which problems were hard? Have you worked on problems like these in math classes you have taken before? Use the table to make a list of topics you need help on and a list of topics you need to practice more.,B_boundary,NA,high
1565,"10-6. TEAM CHALLENGE: How much information do you need to be able to write an arithmetic series and find its sum? For each arithmetic series described below, work with your team to write the series, find its sum, or both. If it is not possible, explain why not. a. What if you know that the first term is 18, the last term is 72, and the common difference is 4.5? What is the series? What is the sum? b. What if you know that there are 6 terms, the last and smallest term is 21, and the sum is 336? What is the series? c. What if you know that the series has 9 terms and the last term is 18? What is the series? What is the sum? d. What if the third term of an 18-term series is 29 and the terms are increasing by 10? What is the series? What is the sum?",B_boundary,NA,high
1586,"10-25. While trying to find the sum of an arithmetic series, Antonio rearranged the terms so that the last term is combined with the first term, the second-to-last term is combined with the second term, etc. (as shown at right). Use his graph to answer the questions below. a. How can Antonio be sure that the result of stacking the terms this way will be a rectangle? b. What is the sum of Antonio’s series? How do you know? c. Which terms of the series form the first column? What is the height of this column? d. Write out Antonio’s series and find the sum.",B_boundary,NA,high
1587,"10-26. With your team, create a series that has an odd number of terms. How could you apply Antonio’s method to this series? Be prepared to share your ideas with the class.",B_boundary,NA,high
1588,10-27. Will Antonio’s method work for all arithmetic series? Why or why not? Use an example to explain your conclusion.,B_boundary,NA,high
1589,"10-28. Do you think that Antonio’s method can be altered to find the sum of an arithmetic series without a graph? Work with your team to find the dimensions of the transformed rectangle for each arithmetic series below without graphing the series. Then find the sum. a. 11 + 18 + 25 + . . . + 74 b. 14 terms with t(1) = 8 and t(14) = 151 c. t(n) = 4 + 6(n − 1), for integer values of n starting at 1 and ending at 25",B_boundary,NA,high
1590,"10-29. Remember Angela from problem 10-1? Her Uncle Zachary has been depositing an increasing amount of money each month to be given to her for college on her 18th birthday. In her first month of life, he started by depositing $50 and then each month deposited an amount that was $3 more than the previous month. Use Antonio’s strategies and those that you used in problem 10-28 to determine how much money Uncle Zachary will have for Angela on her 18th birthday.",B_boundary,NA,high
1603,"10-41. David and Regina are competitive racers, and they both aim to break 2 minutes in their races. They are trying to figure out which who has the more difficult challenge, since they compete in different sports. David runs the 800-meter race and Regina swims the 200-meter freestyle. They agree to accept the following standards for high school boys and girls: boys’ 800-meter mean time is 149 seconds with a standard deviation of 13.6 seconds, girls’ 200-meter freestyle mean time is 145 seconds with a standard deviation of 8.2 seconds. Currently, David’s best time is 2:02 minutes and Regina’s best time is 2:10 minutes. Assuming times in their respective events are normally distributed, find the percentile in which each David and Regina fall. Which athlete is relatively faster for their sport?",B_boundary,NA,high
1608,"10-45. Terrell noticed that if he adds the first terms, second terms, third terms, etc., of the two arithmetic series at right, he gets a brand new series! original series: { 1 + 2 + 3 + 4 + . . . + n, { 2 + 4 + 6 + 8 + . . . + 2n; new series: 3 + 6 + 9 + 12 + . . . + 3n. a. Describe his new series. Is it arithmetic? How many terms does it have? b. Use the expressions for the sums of the original series to find an expression for the sum of the new series. c. Is there another way you could have found the expression for the sum of the series 3 + 6 + 9 + … + 3n? Be prepared to explain your strategy to the class. d. If you have not done so already, verify that your strategy in part (c) resulted in an expression equivalent to your expression from part (b).",B_boundary,NA,high
1610,"10-47. Flo saw the sum of odd numbers from part (b) of problem 10-44 differently. She decided to represent the arithmetic series with the tile pattern below, where the area of each figure is equal to the term of the series. a. How many tiles are in the nth term? Justify your conclusion. b. What is the sum of the first 3 terms? The sum of the first 5 terms? How can you represent this sum with the tiles? c. What is the sum of the first n terms? Represent the sum algebraically in terms of n and with a diagram with tiles. d. Based on Flo’s representation, what is the sum of the first (n + 1) odd numbers? Justify your answer.",B_boundary,NA,high
1615,"10-51. Lorna is looking at the series 5 + 3 + 10 + 8 + 15 + ... + 400 + 398. “The sequence definitely isn’t arithmetic, but it does have a pattern,” Lorna told her team, “I wonder if we can still find the sum of the series?” a. What patterns do you see in Lorna’s series? Describe them as completely as you can. b. Do you agree with Lorna’s statement that this sequence is not arithmetic? Justify your conclusion. Do you think it is still possible to find a sum for the series? c. “I think I see it!” Lorna exclaimed. “I think we can separate the terms into the two different arithmetic series shown below, kind of like unzipping a zipper.” Her work is shown below: 5 + 10 + 15 + ... + 395 + 400 and 3 + 8 + 13 + ... + 393 + 398. How can you use Lorna’s two series to find the sum of the original series? State the sum and describe your process.",B_boundary,NA,high
1617,10-53. Verify that 3 + i*sqrt(2) is a solution of x^2 − 6x + 11 = 0.,B_boundary,NA,high
1623,"10-58. Remember Gauss, the mathematician from Lesson 10.1.3, whose teacher tried to keep him busy by asking him to add up the numbers from 1 to 100? Legend has it that Gauss did not show any of his work (shocking!), but he is commonly said to have used a method that starts with the steps below: S = 1 + 2 + 3 + ... + 98 + 99 + 100; S = 100 + 99 + 98 + ... + 3 + 2 + 1; 2S = 101 + 101 + 101 + ... + 101 + 101 + 101. a. Examine his work. What is he doing? Discuss this with your team, and then summarize each step on your paper. b. How can you simplify his resulting equation to find the sum of the series 1 + 2 + 3 + ... + 100? Show and explain on your paper. c. How is the process from parts (a) and (b) related to how you have used a graph to find the sum of a series? Discuss with your team and write your conclusions. d. Show how to use this strategy to find the sum of the series below. Show all of your work: S = 2 + 5 + 8 + 11 + ... + 59",B_boundary,NA,high
1630,"10-64. For many years mathematicians have tried to find a formula to generate prime numbers. One candidate was the expression n^2 + n + 41, where n is a positive integer. Try at least 3 or 4 numbers. What do you think of the formula? Does it work? Could you prove it?",B_boundary,NA,high
1640,"10-73. While working on a strategy to solve the lottery problem, Luann’s team decided to try to find a strategy by looking at an easier sequence and using fewer terms: t(n) = 2 * 5^(n−1). They wrote out the series for the first six terms, represented the sum of the series as S(6), and then wrote the series in an equation: 2 + 10 + 50 + 250 + 1250 + 6250 = S(6). Then Luann remembered the algebraic strategy for finding the sum of an arithmetic series where she added the sequence to itself, and then manipulated the equations. Is there a similar method you can use for geometric series? Work on this as a team. Is there a way to write the equation down twice and then rewrite the second equation to eliminate some of the terms when the two equations are combined?",B_boundary,NA,high
1641,"10-74. “I’m sure that this can be simplified,” Luann reported to her team. “But when I try to add the series to itself, like we did with the arithmetic series, it just gets bigger, and there’s no clear pattern. If I subtract it from itself I’m left with 0 = 0.” a. What are some techniques for rewriting an equation that you use when solving systems of equations by elimination? Could these techniques be applied in this situation? b. “A ha!” Luann almost shouted. “Shhh!” her teammate cautioned. “What have you got?” “Look! I multiplied both sides of the equation by the sequence multiplier.” Luann was really excited about the result. How can you use her results and combine the equations to find the sum S(6)?",B_boundary,NA,high
1642,"10-75. Luann wondered if they could use the same method to write an expression for the general sum of any number of terms of the series: 2 + 10 + 50 + ... + 2 * 5^(n−1) = S(n). Show how to use her method to write a general expression for the sum. Make a note of what you multiplied by, what was left when you subtracted, and what you finally divided by to get the result.",B_boundary,NA,high
1644,"10-77. PICKING A PAYOUT, Part 2. Look back to your work on problem 10-72. For your convenience, the two payment options are reprinted below. Recall that the jackpot in question is $50,000,000. Option 1: Receive a single payment of 51% of the jackpot right away. Invest the money and earn 4% interest compounded annually. Option 2: Receive payments once a year for 20 years. The first payment would be $1,500,000 and the payments would increase by 5% each year. Your Task: Work with your team to determine which is the best way to collect the money. Should Hank take his winnings immediately and invest the money himself? Or should he choose the guaranteed payout each year for 20 years? With which option would he receive the most money? Be prepared to justify your decision with explanations and calculations. Discussion Points: How will the amount increase over time if he invests it himself? How can we represent the amount he would receive each year algebraically if he chooses the annual payout? How much will there be in total after 20 years in each situation?",B_boundary,NA,high
1647,10-80. With which option would you receive more money? How much more? Which option would you choose? Why?,B_boundary,NA,high
1648,"10-81. Scott and Greg are looking for summer jobs. Their father, who is head of the neighborhood beautification committee, says that if they pick up litter from around the neighborhood for a whole day, he will pay them $0.15 for each piece of trash they collect. Scott realizes that the more litter they pick up, the more difficult it will be to find more pieces, so he proposes a different payment scheme. “How about you give us $0.10 for the first piece, and increase our pay by 2% for each piece after that? Then we’ll get paid more for the pieces we work harder to find.” a. Write an equation to generate the series Scott is proposing. b. With Scott’s plan, how much will his dad have to pay him for the 100th piece of litter he finds? For the 200th? c. If Scott collects 150 pieces of litter, how much will he have earned in total? What if he picks up 200 pieces? d. Greg thinks Scott is crazy to propose an increase of just 2% per piece. After all 2% of 10 cents is just 2/10 of a cent! Instead, he plans to ask for a one-cent increase for every piece. If their father agrees to this, how much would Greg get paid for the 100th piece he collects? For the 200th piece? e. If the boys each collect 150 pieces of litter, which payment scheme will earn them the most money? f. What if they each pick up a total of 200 pieces?",B_boundary,NA,medium
1654,10-87. Antonio and Luann were trying to explain their strategy for finding the sum of a geometric series to their homework group. They decided to generate a sequence that would be easy to add up so they could convince the other students that their strategy really worked. They used t(n) = 3 * 10^(n−1). a. The sum of the first six terms of the series is easy to calculate. You can do it in your head. Write out the first six terms and find the sum. b. Now explain Luann and Antonio’s strategy for finding the sum and use your answer to part (a) to check your result. c. Represent the first n terms of the series in summation notation and write an expression for the total sum of n terms.,B_boundary,NA,high
1658,"10-91. Connie and Nora went into Ready Scoop to get ice cream cones, but Nora can’t make up her mind. They have 23 flavors and she wants 3 scoops. a. Nora is very particular about the order of the scoops. How many choices does she have if all of the scoops are different? b. Nora changes her mind. She wants a dish (in which the order does not matter), not a cone, but she still wants three different flavors. How many ways can she order? c. Connie says, “I want a cone with dark chocolate on the bottom and then any other flavor(s) for the two scoops on top.” How many cones are possible with dark chocolate on the bottom? d. Vlad came in as they were leaving and saw Connie’s cone. He said, “Oh, that’s what I want, a cone with chocolate on the bottom and then two other different flavors.” The clerk, said, “Okay, but we have four kinds of chocolate.” Vlad replied, “Any kind of chocolate will do.” How many different cones could fill Vlad’s order?",B_boundary,NA,high
1663,"10-96. Joe’s dad is only 40, but he’s already thinking about retiring. If he retires early at age 55, he will receive an annual pension starting at $30,000 and increasing at a rate of 3% each year to account for inflation. If he waits until he is 65, his pension will be a larger percentage of his salary at that time. He figures that it will be about $60,000 to start and the same 3% increase after that for inflation. He wants to know which plan will pay out the largest total by age 80. Show him how to find out the answer to his question.",B_boundary,NA,high
1676,10-108. Calculate the sums of each of the following geometric series for n = 10 and n = 30. What do you notice about the results? a. 200 + 100 + 50 + ... + 200(1/2)^(n−1) b. 16 + 24 + 36 + ... + 16(3/2)^(n−1) c. What makes the difference in the results for the series in parts (a) and (b)?,B_boundary,NA,high
1680,"10-112. It is believed that the Greek philosopher Zeno of Alea devised this in about 450 BCE: The tortoise challenged Achilles to a race. To be fair, Achilles, who is known for his tremendous speed, gave the tortoise a head start. Zeno proposed that as he ran the race, Achilles would run to the place that the tortoise had started. But by that time, the tortoise would have moved forward some distance. Then by the time Achilles travels that new distance between him and the tortoise, the tortoise will have moved forward again. This would happen over and over again. So, even though the tortoise is much slower than Achilles, it appears Achilles can never catch up to the tortoise! By this same reasoning, you would not ever be able to cross a street. To cross a street, you must first cross to the halfway point. After you have gone that far, you still have to cross halfway of the remaining distance (which is 1/4 of the whole distance). When you have crossed that, you still have to cross half of the remaining distance (1/8 of the whole distance). You always have halfway of some distance remaining in front of you. It appears you will never be able to cross the street! Investigate these two paradoxical dilemmas with series. a. Represent the distance you have travelled across the street as an infinite geometric series. b. What is the sum of the series? c. Zeno would point out that crossing the street would mean completing an infinite number of tasks, which would be impossible. What do you think?",B_boundary,NA,high
1682,10-114. Use Fannie’s method from problem 10-113 to write 0.143 as an infinite series. Then write the decimal as a fraction.,B_boundary,NA,high
1700,10-131. Dolores says that the solutions for x^2 - x + 1 = 0 are 1/2 ± i*sqrt(3)/2. Is she correct? Explain your answer.,B_boundary,NA,high
1709,"10-139. Joanna had written (a + b)^5 = (a + b)(a + b)(a + b)(a + b)(a + b) on her paper, when Sareen asked, ""Why did you write that?""
Joanna replied, ""I thought we could use it as an example. When we did (a + b)^3 the variable parts in the expanded form were: a^3, a^2*b, a*b^2, b^3. What do you think they will be for this one?""
a. For the fifth power make a list of the variable parts of the expressions that will appear in the expanded form.
b. Garth jumped in and said, ""I've got an idea, maybe we can look at one of the terms like a^3*b^2 and look back at the factors to see where it came from!""
""Wait, I think I see it,"" James chimed in. ""You just use an 'a' from three of the five factors and a 'b' from the other two.""
What counting formula gives the number of different ways to choose three a's from the five factors? What is the coefficient for a^3*b^2 and how could you figure it out without referring to Pascal's Triangle?",B_boundary,NA,high
1710,"10-140. For his homework assignment, Andrew had to expand (a + b)^9. He just realized that he did not have the coefficient for the term a^3*b^6. He started writing out the first nine rows of Pascal's Triangle when his friend Robbie said he could find the value using combinations. What combination should Andrew use, and what is the coefficient?",B_boundary,NA,high
1711,"10-141. Rebecca needs to write the 5th term in the expansion of (a + b)^11.
a. How many terms are in the expansion?
b. What is the 5th term of the expansion? (The term is of the form __ a^7*b^4.)
c. Now Rebecca needs to know the 5th term of (x - 2)^11. How can you use your result from part (b)?",B_boundary,NA,high
1721,"10-150. The Spirit Club recently got a call from the school executive council, asking them to make a committee. They now have 10 volunteers and will need to choose a three-person committee. They need to calculate 10C3, the number of possible committees, but they have no calculator with them.
a. Al had a thought: ""I remember that the number of three-person committees you can select from 9 volunteers is 84. This would be the number of committees the tenth volunteer will NOT be on because he or she would be selected from the other nine members."" How would you calculate this number?
b. ""I also know how many committees the new volunteer WILL be on because I can just add his name to each of the two-member committees I had already selected from 9."" How many possible committees would include the tenth volunteer?
c. Without using a calculator (and without multiplying or dividing), explain how Al used parts (a) and (b) to calculate 10C3.
d. How is this related to Pascal's Triangle?",B_boundary,NA,high
1737,"10-165. Tabitha was disappointed, but she decided the daily compounding would have to do. Her friend Veronica was more of a dreamer. She asked, ""What if you could earn 100% interest and compound that?""
""Wow, that should grow fast!"" said Tabitha. ""I've got my calculator. Let's just start with one dollar to make it easy, and we can multiply by any initial amount later.""
Veronica added, ""Yes, and that makes our formula easier.""
a. What is the easier version of the formula Veronica is thinking of?
b. With your team, make a table for at least 12 values of n, including some very large ones.
c. Did you try 1,000,000? What do you notice as you use larger numbers for n?",B_boundary,NA,high
1742,"10-169. Robin and Teryll each have $8,000 to invest and they disagree about the best place to start a savings account. Teryll found a savings and loan company that will guarantee a rate of 3.9% compounded monthly for the next 10 years. Robin says her bank is much better because they will give her 4% interest compounded semi-annually for the next ten years. In ten years, which account will end up with the greatest amount and how much difference is there?",B_boundary,NA,high
1743,"10-170. The use of e provides a shortcut for calculation of continuously compounded interest. The formula for continuous compounding is A = P*e^(rt), where A is the total amount at any time, P is the original principal, r is the rate of interest, and t is the time period.
a. Use this new formula to calculate the amount Tabitha had after investing her $10,000 for one year at 3% annual interest, compounded continuously. How does this compare with her hourly compounding result of $10,304.54?
b. Suppose a large investment group invested 10 billion dollars at 8% annual interest. Compare the amount they would have in one year if the interest were compounded continuously with the amount they would earn if the interest were compounded daily.
c. Which investors might benefit from continuous compounding, rather than daily compounding?",B_boundary,NA,high
1746,"10-173. Omar was 8 years old when he received $25,000 dollars from his grandmother's will. His father invested it for him in a fund that earned 6% annual interest compounded quarterly. He was hoping to see the investment double by the time Omar was ready for college. Another fund offered the same interest rate but the interest would compound continuously. This second fund was a little riskier, however.
a. Write an equation to represent each situation.
b. Which method of compounding the interest will double his money faster?
c. Is the difference in doubling time worth the extra risk?",B_boundary,NA,high
1749,"10-176. This problem is a checkpoint for rewriting expressions with and solving equations with logarithms. It will be referred to as Checkpoint 10.

In parts (a) through (b), rewrite each expression as a single logarithm.
In parts (c) through (f), solve each equation.
a. log2(30x) - log2(6)
b. 2*log3(x) + log3(5)
c. log7(3x - 2) = 2
d. log(2x + 1) = -1
e. log5(3y) + log5(9) = log5(405)
f. log(x) + log(x + 21) = 2

Check your answers by referring to the Checkpoint 10 materials located at the back of your book.

Ideally, at this point you are comfortable working with these types of problems and can solve them correctly. If you feel that you need more confidence when solving these types of problems, then review the Checkpoint 10 materials and try the practice problems provided. From this point on, you will be expected to do problems like these correctly and with confidence.",B_boundary,NA,high
1755,"BECOMING MATHEMATICALLY PROFICIENT
The Common Core State Standards for Mathematical Practice

This book focuses on helping you use some very specific Mathematical Practices. The Mathematical Practices describe ways in which mathematically proficient students engage with mathematics everyday.

Make sense of problems and persevere in solving them:
Making sense of problems and persevering in solving them means that you can solve problems that are full of different kinds of mathematics. These types of problems are not routine, simple, or typical. Instead, they combine lots of math ideas and everyday situations. You have to stick with challenging problems, try different strategies, use multiple representations, and use a different method to check your results.

Reason abstractly and quantitatively:
Throughout this course, everyday situations are used to introduce you to new math ideas. Seeing mathematical ideas within a context helps you make sense of the ideas. Once you learn about a math idea in a practical way, you can ""reason abstractly"" by thinking about the concept more generally, representing it with symbols, and manipulating the symbols. Reasoning quantitatively is using numbers and symbols to represent an everyday situation, taking into account the units involved, and considering the meaning of the quantities as you compute them.

Construct viable arguments and critique the reasoning of others:
To construct a viable argument is to present your solution steps in a logical sequence and to justify your steps with conclusions, relying on number sense, facts and definitions, and previously established results. You communicate clearly, consider the real-life context, and provide clarification when others ask. In this course, you regularly share information, opinions, and expertise with your study team. You critique the reasoning of others when you analyze the approach of others, build on each other's ideas, compare the effectiveness of two strategies, and decide what makes sense and under what conditions.

Model with mathematics:
When you model with mathematics, you take a complex situation and use mathematics to represent it, often by making assumptions and approximations to simplify the situation. Modeling allows you to analyze and describe the situation and to make predictions. For example, you model when you use multiple representations, including equations, tables, graphs, or diagrams to describe a situation. In situations involving the variability of data, you model when you describe the data with equations. Although a model may not be perfect, it can still be very useful for describing data and making predictions. When you interpret the results, you may need to go back and improve your model by revising your assumptions and approximations.",B_boundary,NA,high
1772,CL 10-192. Check your answers using the table at the end of this section. Which problems do you feel confident about? Which problems were hard? Have you worked on problems like these in math classes you have taken before? Use the table to make a list of topics you need help on and a list of topics you need to practice more.,B_boundary,NA,high
1773,"In this chapter, you will use computer simulations to model complex probabilities—probabilities that are often too difficult to compute mathematically. Then you will simulate sample-to-sample variability. Your knowledge of sample-to-sample variability will help you place a margin of error on your predictions about certain characteristics of populations and will help you make statistical decisions. Guiding Question: Mathematically proficient students model with mathematics. As you work through this chapter, ask yourself: How can I model this situation with a simulation in order to understand it better and to solve the problem?",B_boundary,NA,high
1780,11-5. Consider each of the survey questions below. Decide whether any bias may be influencing the survey results. a. Jolly Juice has twice the Vitamin E of other brands. Which brand of juice is the healthiest? b. Do you think that people who hurt defenseless animals should be punished? c. Do you agree that Hal Poppington is the best man to be elected Mayor? d. What is your favorite kind of juice?,B_boundary,NA,high
1785,"11-10. Natural logs and exponential functions with base e are often used in formulas. But many problems can be solved equally well using either a base-10 logarithm or a base-e logarithm. Solve each of the following problems, first using the [log] key (base 10) and then using the [ln] key (base e) on your calculator. a. 10,000(1.08)^x = 20,000 b. 30,000(0.8)^x = 15,000 c. Interpret the answer for part (a) if the equation represents an amount of money invested at 8% annual interest. d. Interpret the answer for part (b) if the equation represents the price paid for a car that depreciates at 20% per year.",B_boundary,NA,high
1790,"11-14. Players who watch play, and then make a bet are called “lurkers.” A commonly held belief among “lurkers” is that once they see the ball land on red three times in a row, they should join the game and bet a lot on the black (or vice versa). What do you think? Discuss this with your team. Be prepared to share your ideas with the rest of the class.",B_boundary,NA,medium
1796,"11-20. The term “curving” is often misused as it applies to test scores. Many believe it refers to adding points or otherwise adjusting test scores such that the highest paper is 100% or the average score is raised to some passing level. To curve is actually to model test scores with the normal distribution (normal “curve”) and then use percentiles to assign letter grades. a. A “curve” sometimes used is shown below: Grade D (–2 SD, 2nd percentile), C (–1 SD, 16th percentile), B (+1 SD, 84th percentile), A (+2 SD, 98th percentile). Using this curve, what percentage of students would earn each letter grade? b. The following statistics are from problem 9-98, the test scores on Mrs. Abraha’s Chapter 3 test in Geometry. The mean was 76.5, and the standard deviation was 17.4. If Mrs. Abraha used the curve in part (a), the minimum score for a B would be one standard deviation above the mean, or 93.9. What would be the minimum test scores for the other letter grades on Mrs. Abraha’s test? c. Shown at right is a histogram of the scores from Mrs. Abraha’s Chapter 3 test in Geometry. Is using the curve from part (a) reasonable to assign letter grades? What advice would you give students who want the test “curved”?",B_boundary,NA,medium
1806,"11-29. Sports announcers frequently get excited when basketball players make several free throw shots in a row. They say things like “He’s on a hot streak tonight!” or “He’s really in the zone—what an amazing performance!” Are these “hot” streaks really special, or are they just a natural run to be expected by probability? Assume a basketball player has a 50% free throw average, and a typical game has 20 free throw attempts. Use your calculator to set up a simulation for 20 free throws. a. Run the simulation 25 times, and each time record the length of the longest streak. b. How long would a streak have to be before you considered it unusual?",B_boundary,NA,high
1807,"11-30. A music company wants to know the music preference of people in Cleveland. Their surveyor asks people who are walking out of a business office building, “What is your favorite type of music?” What kind of problems may arise that will not produce accurate results? (List as many problems as you can.)",B_boundary,NA,high
1810,11-33. What do you notice about the two problems below when you simplify them? a. x^(1/2) / x^(-3/2) b. sqrt(x) ÷ (1/x)^3,B_boundary,NA,high
1813,"11-36. In the casino game of roulette, some players think that when the ball lands on red several times in a row that it will be more likely to land on black on the next spin. You can calculate probabilities to demonstrate that this is not the case. In other words, the outcome of one spin of a roulette wheel does not have any effect on the outcome of the next one. a. Make an area model for two spins of the wheel. Remember that there are 18 red numbers, 18 black numbers, and two greens. b. What is the probability that the ball will land on red twice in a row? c. Based on your diagram, what is the probability that the ball will land on red on the second spin? d. Calculate the conditional probability that the first spin was red given that the second spin is red. e. How do your answers to parts (c) and (d) compare to the simple probability of the ball landing on red for any single spin? If they are all the same, you have demonstrated that the probability of the ball landing on red is independent of where it landed before.",B_boundary,NA,medium
1815,"11-37. The principal of Algieres High School cancelled the Winter Formal dance because he believed that students preferred an all-school trip to an amusement park during spring break. However, he told the student council that if they could convince him that more than 50% of the school preferred the Winter Formal, he would reinstate it. The student council decided that they should select a random sample of students to respond to a survey, but they disagreed about how large the sample should be. Some thought they should ask at least 100 students, but others thought that 25 would be enough. For convenience, they decided to randomly survey 25 students. It turned out that 60% preferred to keep the dance. Unfortunately, the principal was not convinced. He said that because of natural sample-to-sample variability, the true proportion of dance supporters might not be more than 50%. a. To investigate the sample-to-sample variability of a survey that concludes 60% of students support the dance, work with a partner to set up a calculator or computer simulation. You could generate a sample of 25 random numbers between 1 and 100. Numbers from 1 to 60 can represent a student who supports the dance, while the numbers from 61 to 100 represent students who do not support the dance. Because of natural sample-to-sample variability, the proportion of students who support the dance in your random sample is probably not exactly 0.60. What proportion of students in your sample supported the dance? b. Each team member should repeat the simulation with 5 more trials and record the proportion of dance supporters each time. c. If you were to combine your proportions with those of your classmates, what do you suppose the mean of all the samples would be close to? Why? d. For the whole class, what are the lower and upper 5% bounds of your sample-to-sample variability? e. Predict the proportion of all the students at Algieres High that support the dance and give the margin of error.",B_boundary,NA,high
1817,"11-39. When the student council at Algieres High presented their results, the principal was not convinced that at least 50% supported the dance. However, the council is still determined to persuade him otherwise, so they have called an emergency meeting. They have agreed that they should survey a larger sample of 100 students. a. Why would the student council want to survey more students? b. Do you think the margin of error for a sample of 100 students will be larger or smaller than for the samples of 25? Discuss this with your team. c. With a partner, set up and run another simulation for 100 students. Assume that the student council finds the same 60% support for the dance in this larger sample. Record the results for 5 trials. d. Share your results from part (c) with the rest of the class and use the data to compute the lower and upper 5% bounds for the class data. Report the margin of error. e. Do you think this new evidence will convince the principal? Explain how you will make the case for or against the student council.",B_boundary,NA,high
1819,"METHODS AND MEANINGS: Sample-to-Sample Variability. We take samples to learn about a population when it is too time-consuming, expensive, or impractical to study the whole. Even if we are very careful to avoid bias so that our sample represents the whole population, statistics (measurements) vary naturally from sample to sample. To make an inference about the population, we need to quantify this sample-to-sample variability. With this knowledge, we can state a margin of error for our prediction of the true parameters of the whole population. In Lesson 11.1.3, Abigail wanted an estimate of the proportion of blue candy-coated chocolates in the population of all candies. One sample (one bag) was not very much information due to natural sample-to-sample variability. Since taking many samples is often not practical, computer simulations, like the one conducted in this lesson, are one way to estimate the sample-to-sample variability. In future courses, you will learn theoretical ways to predict sample-to-sample variability based on the normal distribution.",B_boundary,NA,high
1822,"11-43. Avra, Evan, and Tam were working on a survey. They each polled 25 people over the weekend to determine if the subject of a large new mural downtown should be wildlife, sports, or black history. Avra forgot about her homework until the last minute, so she quickly surveyed her family and any relatives she could reach on the phone. Evan talked to some of the people in the stands at his baseball game Saturday, and Tam questioned people leaving a local church. Each got very different results. Explain why.",B_boundary,NA,medium
1831,"11-51. LEARNING LOG: Create a Learning Log explaining the steps you would take to determine whether two results in an experiment are truly different. You can use Endangered Frogs as an example or create an example of your own. Title this entry ""Comparing Experimental Results"" and label it with today's date.",B_boundary,NA,high
1832,"METHODS AND MEANINGS: MATH NOTES - Margin of Error. Using a statistic from a representative random sample to make an inference about a population parameter is an important application of statistics, but because of natural sample-to-sample variability you cannot say for certain what the true value for the population is based on a statistic. But you can have confidence that the true value lies within an interval. The margin of error is half width of this interval. To compute a margin of error, a computer simulation can be used to estimate sample-to-sample variability. Then the middle 90% (or 95% or 99%) of the data is used to predict the interval in which we are confident the true value lies. By sorting the simulated samples from lowest to highest and determining where the lowest 5% and upper 5% of the data begin, we can find the margin of error. The margin of error is half this range. The larger the margin of error, the less confidence we have in our prediction. For example, data from 100 simulated samples from a population in which 48% support the president might look like this: 43% 44% 44% 45% 45% 45%...(88 more samples)...50% 51% 51% 52% 52% 54%. The lowest five samples (lowest 5% of 100 samples) are at 45% support and the upper five samples are at 50.5% support. The range is 5.5%, and therefore the margin of error is ± 2.75%. We would report that 48% ± 2.75% of the voters support the president.",B_boundary,NA,high
1844,"11-62. Consider the bounds you found in problem 11-61 to be the upper and lower bounds of a normal manufacturing process of ten dice. A set of ten dice that does not fall within this range will be considered defective and the entire case will be thrown out. a. Your teacher will have one or more samples of ten dice from P.C.I., each from a different case that was ""manufactured"" early this morning. Roll the sample of ten dice once and calculate the mean roll. Did your batch fall within the quality control bounds? If not, P.C.I. will need to discard the entire case they came from. b. Repeat part (a) for another sample of dice if you have one. Was this sample of dice within your quality control bounds?",B_boundary,NA,high
1846,"METHODS AND MEANINGS: MATH NOTES - Statistical Hypothesis Tests. You have looked at two different types of statistical hypothesis tests. In Lesson 11.2.1, you took a sample and compared the sample statistic to a claim about the population. Specifically, you compared the survey results of 60% to the principal's claim that the true value of the population was 50% or less. By simulating the sample-to-sample variability, you created a margin of error. If the claim was within the margin of error, you concluded that the claim was plausible. If the claim was not within the margin of error, you concluded that the claim was not plausible. In the experiment with frog tadpoles, you performed a different kind of statistical test. You had two samples, and you calculated the difference between those two samples. Then you looked at the sample-to-sample variability of the differences between the two samples. A margin of error was created for the true difference between the two populations. If a difference of zero was within that margin of error, you concluded that it was plausible that there was no difference between the two populations; you could not conclude that the two populations were in fact different. On the other hand, if a difference of zero was not within the margin of error, you could conclude that it was plausible that there was actually a true difference between the two populations. There are many other kinds of hypothesis tests you will learn about in future Statistics courses.",B_boundary,NA,high
1849,"11-66. As part of a lesson in survey design, Janette asks her study team of four students the following question: ""Given the association between movie violence and crime, what kind of movie would you rather watch: romantic comedy or action?"" All four indicate they would rather watch a romantic comedy. She states in her conclusion, ""It is obvious romantic comedies are the best."" a. If the population of movie goers is actually equally split between those who prefer romantic comedies versus action movies, what is the chance of finding a group of 4 who unanimously prefer one genre over the other? Is it plausible? b. Write a few sentences commenting on the validity of Janette's methods and her conclusion.",B_boundary,NA,medium
1857,"11-73. AN OUT-OF-CONTROL PROCESS. The mean ice cube size for today's data at Brrr! Ice is below. [hour 1-10 mean cube size (mm): 242.5, 277.1, 250.0, 234.2, 229.7, 243.6, 282.8, 303.0, 247.7, 217.0; hour 11-20 mean cube size (mm): 278.6, 244.2, 195.4, 224.3, 382.1, 242.4, 226.5, 284.4, 239.1, 288.2] checksum 5132.8. a. Create an x-bar process control chart. b. At which hour did the process go out of control? Consider the context and make conjectures about what might have happened during the manufacturing process this hour to make the process go out of control.",B_boundary,NA,high
1858,"11-74. The mean ice cube size for yet another day at Brrr! Ice is below. [hour 1-10 mean cube size (mm): 275.4, 213.8, 182.6, 250.1, 228.7, 275.3, 220.1, 166.0, 258.5, 240.9; hour 11-20 mean cube size (mm): 255.3, 309.1, 270.0, 255.7, 306.8, 338.2, 336.6, 311.3, 332.5] checksum 5026.9. a. Create an x-bar process control chart. b. What do you notice about the process control chart that might concern you as a quality control engineer at Brrr! Ice? Why would the engineers stop the process after the 19th hour? c. Even though a process is entirely within the process control limits, a process is considered out of control if nine consecutive points lie above or below the centerline of the process control limits. What size of ice cube is in the center between the UCL and the LCL? d. Add the centerline to your graph and determine whether this process is out of control. e. Make a conjecture in the context of the problem as to what in the manufacturing process may cause a ""nine points loss of control.""",B_boundary,NA,high
1859,"11-75. The principal at Algieres High School believes that over 20% of students are text-messaging at least once a week during class. He believes this is an impediment to effective learning. Students claim that the actual percentage is much lower and that stricter rules are not necessary. Mrs. Rahil secretly observed her homeroom class very carefully for a week; only 13% of students actually text-messaged during class. Assuming her homeroom is representative of the whole school, Mrs. Rahil's class did a computer simulation and determined a margin of error of 10%. Is it plausible that the principal is correct and 20% of the whole school is text-messaging?",B_boundary,NA,high
1860,"11-76. MINIATURE GOLF. Olivia loves playing putt-putt golf. In putt-putt golf you do not swing at a golf ball, but rather you only putt the golf ball (tap the ball with a club so that it rolls into a hole). Olivia experimented with her new club to determine whether or not she played better with it. Each time before she putted a golf ball, Olivia flipped a coin to determine whether she would use her new club or the old one. She experimented on 80 putts. With the new club, Olivia made 25% of the 40 putts, while with the old one, she made only 15% of the 40 putts. Using the steps below, help Olivia decide whether or not her new golf club is really better, or if this difference can be explained by sample-to-sample variability. a. What is the difference in the proportions (new club minus old club)? Express your answer as a decimal. b. Olivia needs a computer simulation to determine the sample-to-sample variability: i. Out of the 80 putts, how many went into the hole? ii. A model of this situation needs to represent 80 putts. What will the numbers 1 to 16 represent? What will the numbers 17 to 80 represent? iii. Conduct one simulation of 80 putts. What proportion of the putts in your simulation went into the hole? What proportion did not go into the hole? What is the difference in the proportion (proportion that went into the hole minus proportion that did not go in)? Olivia ran the simulation 50 times and calculated the difference in the proportion of putts that went into the hole and those that did not go into the hole for each simulation. From her results, she predicted the true difference in proportion of all her putts was 0.10 ± 0.146. c. What does a difference of zero mean in the context of this problem? Is a difference of zero a plausible result considering your margin of error? d. Are you convinced that there is a true difference between the new club and the old club?",B_boundary,NA,high
1861,"11-77. Because of natural variability in manufacturing, a 12-ounce can of soda does not usually hold exactly 12 ounces of soda. A can is permitted to hold a little more or a little less. The specifications for the soda-filling machine are that it needs to fill each can with 12 ± 0.25 ounces of soda. If a can of soda is filled with 11.97 ounces of soda, is the filling machine operating within specifications?",B_boundary,NA,high
1862,"11-78. Every hour, Katie's Konfections weighs a sample of chocolates from their manufacturing process. For each of the process control charts below, describe whether the process is in control, and if not, what in the manufacturing process could have led to the out-of-control state.",B_boundary,NA,high
1868,"11.3.1 When is probability counterintuitive? Analyzing Decisions and Strategies. In today's problems you will have the opportunity to see how probability can play an important role in decision-making. In Midnight Mystery, the results of your investigation will shed light on the accusation that one of the Measleys is guilty of the curling trophy prank, and in Testing for AIDS, your results can be used in an argument about mandatory testing. There are many other similar applications. As you work through this lesson, discuss the following questions: How can we find the probability? What model should we use? How should we set up the model? Which probabilities do we need to compute?",B_boundary,NA,high
1869,"11-84. SHIFTY SHAUNA. Shauna has a bad relationship with the truth—she doesn't usually tell it! In fact, whenever Shauna is asked a question, she rolls a die. If it comes up 6, she tells the truth. Otherwise, she lies. a. If Shauna flips a fair coin and you ask her how it came out, what is the probability that she says ""heads"" and is telling the truth? Use an area model to solve this problem and carefully record your work. Be ready to share your solution method with the class. b. Suppose Shauna flips a fair coin and you ask her whether it came up heads or tails. What is the probability that she says ""heads""? (Hint: The answer is not 1/12!)",B_boundary,NA,high
1870,"11-85. MIDNIGHT MYSTERY. Each year, the students at Haardvarks School randomly select a student to play a prank. Late last night, Groundskeeper Lily Smilch saw a student steal the school's National Curling Championship trophy from the trophy case. All Lily can tell the headmaster about the crime is that the student who stole the trophy looked like he or she had red hair. Unfortunately, of the 100 students at Haardvarks, the only ones with red hair are your friend Don Measley and his siblings. Groundskeeper Smilch insists that one of the five Measleys committed the crime and should be punished. Don is incensed: ""We Measleys would never play such a stupid prank! Groundskeeper Smilch claims to have seen someone with red hair, but it was so dark at the time and Smilch's eyes are so bad, there is no way she could have identified the color of someone's hair!"" The Headmaster isn't convinced, so he walks around with Lily at night and points to students one by one, asking her whether each one has red hair. Lily is right about the hair color 4 out of every 5 times. This looks like bad news for Don, but Professor McMonacle agrees to take up his defense. ""I think,"" McMonacle says, ""that the thief probably wasn't one of the Measleys."" Your Task: Develop the basis for McMonacle's argument as follows: a. Model the probabilities in this situation with an area model. The two chance events in your model should be ""The thief is/is not a redhead"" and ""Lily is/is not correct about the thief's hair color."" b. If you performed this experiment with 100 students, how many times would you expect Lily to say the student had red hair and be correct about it? c. Suppose that to help make Don's case, you perform the following experiment repeatedly: you pick a Haardvarks student at random, show the student to Lily late at night, and see whether Lily says the hair is red or not. If you performed this experiment with 100 students, how many times would you expect Lily to say the student had red hair? Which part(s) or your diagram can you use to answer this question? d. If you performed this experiment with 100 students, what percentage of the students Lily said had red hair would actually have red hair? e. How can you use these calculations to defend the Measleys? Is it likely that a Measley was the thief? f. Have you proven that none of the Measleys stole the Curling Trophy?",B_boundary,NA,high
1872,"11-87. A never-ending game? Jack and Jill are playing a game in which Jack has 2 pennies and Jill has 4 pennies. A coin is tossed. If it lands on heads Jill has to give a penny to Jack. If it lands on tails, Jack gives a penny to Jill. The game is won when one of them has all of the pennies. They think that they can keep playing all day since the coin has an equal chance of landing on heads or tails, so they will just keep passing coins back and forth. Simulate the coin tosses on your calculator and keep track of the pennies with pencil and paper. Can they keep playing all day, or does one player have a better chance of winning the game?",B_boundary,NA,high
1873,"11-88. Any system that is responsible for detecting relatively rare events is going to have problems with false positives. You saw this in problem 11-86 regarding testing for HIV. Consider other cases such as burglar alarms, smoke detectors, red light cameras and drug testing for athletes. All of these systems have proven accuracy and all have a persistent problem of false positives (false alarms). Consider a hypothetical situation. Suppose that rare event A occurs with a frequency of 1/1000. Suppose that a detection system for event A responsible for sounding an alarm is 96% accurate. The question is: if the alarm is sounding, what is the probability that event A has not occurred (false alarm)? a. Make a model for this situation. b. If the alarm has been activated, what is the probability that it is false? c. Are the test results mathematically independent of whether event A occurs or not? How could you check this? Explain.",B_boundary,NA,high
1887,"CL 11-97. Mr. Knolsen takes pride in his difficult chemistry tests, 60 multiple-choice questions with 4 possible answers for each question. He tells the students to study hard because the mean score is 15 correct, but just 20 correct is all you need to earn an A. Mr. Knolsen admits that only about 10% of the students earn an A on the test. Jeff is wondering the value of Mr. Knolsen's pep talk so he runs a simulation of 100 students taking Mr. Knolsen's exam who blindly guess the answers for each question. Questions correct in a simulation of 100 tests (the data is sorted): [8, 11, 14, 16, 18; 8, 11, 14, 16, 19; 8, 11, 14, 16, 19; 9, 12, 14, 16, 19; 9, 12, 14, 16, 19; 10, 12, 14, 16, 19; 10, 12, 14, 16, 19; 10, 12, 15, 16, 19; 10, 13, 15, 16, 19; 10, 13, 15, 17, 19; 11, 13, 15, 17, 20; 11, 13, 15, 17, 20; 11, 13, 15, 17, 20; 11, 13, 16, 17, 20; 11, 13, 16, 18, 20; 11, 13, 16, 18, 21; 11, 13, 16, 18, 22; 11, 13, 16, 18, 22; 11, 13, 16, 18, 22; 11, 14, 16, 18, 24] checksum 1489. a. What is the mean number of questions answered correctly by the simulated students? As a percent? b. What percentage of the simulated students earned an A? c. Compare Jeff's simulated students to Mr. Knolsen's claims about his actual students. d. What advice would you give Jeff about preparing for Mr. Knolsen's famous chemistry tests?",B_boundary,NA,high
1888,CL 11-98. A survey of 1024 people found 580 of them eat chicken soup when they have a cold or flu and concluded that a majority of the population believes that chicken soup helps relieve cold and flu symptoms. A computer simulation found the margin of error to be 3%. Does the conclusion seem reasonable? Why?,B_boundary,NA,high
1896,"CL 11-105. Bias is present in the following observational studies. a. Explain why the question is biased: A political pollster seeking information on public attitudes toward funding of pornographic art by the National Endowment for the Arts (NEA) asks an SRS of 2000 U.S. adults, “Instead of supporting government censorship of artistic expression, are you in favor of continuing federal funding for artists whose work may be controversial?” Eight-five percent of those surveyed answered “yes.” b. Explain why the sample is biased: A flour company in Minneapolis wants to know what percentage of local households bake at least twice a week. A company representative calls 500 households during the daytime and finds that 50% of them bake at least twice a week. c. What is a possible lurking variable? Dentists would like to determine if eating an apple a day keeps cavities away. Fifty patients who say they routinely eat an apple a day, and 50 patients who say they eat less than one apple a week, will have their dental records checked. The dentists will compare the number of cavities in the two groups.",B_boundary,NA,high
1897,CL 11-106. Check your answers using the table at the end of this section. Which problems do you feel confident about? Which problems were hard? Have you worked on problems like these in math classes you have taken before? Use the table to make a list of topics you need help on and a list of topics you need to practice more.,B_boundary,NA,high
1903,"12-2. WHEN IS IT TRUE? Your teacher will assign your team one of the following equations. Your task is to decide if the equation is always true, sometimes true, or never true, and to justify your decision using as many representations as you can. • If the equation is always true, explain how you know. Then look for ways you could change the equation so that it would never be true. • If the equation is sometimes true, find the exact values of x that make it true. Then decide how you could change the equation so that it would never be true. • If the equation is never true, explain how you know. Then decide how you could change the equation so that it would sometimes be true. a. sin (x) = 1/2 b. cos (x) = 2 c. sin (x) = cos(pi/2 − x) d. sin (x) = sin (pi/2 − x) e. tan (x) = 0 f. 2 sin (x) = sqrt(3) g. sin (x) = 3/2 h. cos (x) = sin (pi/2 − x)",B_boundary,NA,high
1906,"12-5. Decide if each of the following statements are always true, sometimes true, or never true. If a statement is always true, justify how you know; if it is sometimes true, give the exact values of x that make it true; and if it is never true, explain why it is never true. a. 3x − 2 − 4(x + 1) = −x − 6 b. 3x − 5 = 2(x + 1) + x c. sin (x) = cos (pi/2 − x) d. tan (x) = 1",B_boundary,NA,high
1912,"12-11. Every hour, Miguel’s Microchips measures the signal strength of a chip from their manufacturing process. For each of the process control charts below, say whether the process is in control, and if not, what in the manufacturing process could have led to the out-of-control state.",B_boundary,NA,high
1928,12-26. How do all of the solutions to cos (x) = 1/2 relate to the one given by cos^-1(1/2) on your calculator?,B_boundary,NA,high
1930,12-28. Jeremy used the sin^-1 button on his calculator to solve a trigonometric equation and got the solution 37˚. He knows that there must be more than one solution. What are the rest of the solutions to Jeremy’s equation? Explain how you found them. Use a unit circle and a graph in your explanation.,B_boundary,NA,high
1936,"12-34. Josephina thinks that she has discovered a new pattern, shown at right. (x−1)/(x−1) = 1, (x^2−1)/(x−1) = x + 1, (x^3−1)/(x−1) = x^2 + x + 1, (x^4−1)/(x−1) = x^3 + x^2 + x + 1. a. Check her equations by multiplying. Does her pattern work? b. Based on her pattern, what does (x^5 −1)/(x−1) equal? Is it true? Justify your answer. c. Make a conjecture about how to represent the result for (x^n −1)/(x−1). You will need “…” in the middle of your expression.",B_boundary,NA,high
1937,"12-35. A number of states are considering legislation that calls for people to get mandatory drug testing in order to qualify for public assistance money. Some argue that mandatory testing of welfare recipients would jeopardize the livelihood of many people who do not have substance abuse problems and is therefore an unwarranted invasion of their privacy. Consider a hypothetical situation. Suppose that the currently used test for illegal drugs is 99% accurate, and suppose that in the population to be tested (in this case it is the population of people on public assistance of a given state) 2,300 out of 100,000 people are substance abusers. The question is: what is the probability of a “false negative”? That is, the probability that the test identifies a person on public assistance as using drugs when they actually do not use drugs? a. Make a model for this situation. b. How does the proportion of people who are using drugs compare with the proportion of people who will be told they are using drugs but really are not? c. If a randomly tested recipient’s test comes back positive, what is the probability that he or she is not actually using drugs? d. Write up your statistical conclusions. e. Are the test results mathematically independent of using or not using drugs? How could you check this? Explain.",B_boundary,NA,high
1942,12-39. Now graph y = sin^-1(x) on your graphing calculator. How is the result different from the graph that you made? Does it make sense in terms of your answer to part (d) in the problem above? Highlight the portion of your graph that represents the inverse function and label it with its domain and range. Also highlight the portion of the unit circle (provided on the resource page) that shows the restriction on the domain of y = sin (x) required to make its inverse a function.,B_boundary,NA,high
1945,"12-42. For each of the following problems, find all of the solutions without using a calculator. Draw a graph or unit circle to support your answers. Then predict the solution that your calculator will give and use your calculator to check your prediction. a. 2 cos (x) − 1 = 0 b. tan (x) = sqrt(3) c. 2 sin (x) = sqrt(3) d. 4 sin^2 (x) − 3 = 0",B_boundary,NA,high
1946,"12-43. Solve each equation for 0º <= theta < 360º, or if you prefer, 0 <= theta < 2pi. You may need your calculator, but remember that it only gives one answer. a. sin (theta) = 0.5 b. cos (theta) = –0.5 c. 4 tan (theta) – 4 = 0 d. 3 sin^2 (theta) = 1",B_boundary,NA,high
1948,12-45. Solve each equation. Check for extraneous solutions. a. sqrt(x + 7) = x + 1 b. 2/(x+3) − 1/x = −6/(x^2+3x),B_boundary,NA,high
1951,"12-48. Governments and security companies are coming to rely more heavily on facial recognition software to locate persons of interest. Consider a hypothetical situation. Suppose that facial recognition software can accurately identify a person 99.9% of the time, and suppose the suspect is among 200,000 facial images available to a government agency. When the software makes a positive identification, what is the probability that it is not the suspect? a. Make a model for this situation. b. If a person has been identified as the suspect, what is the probability that he or she is not actually the suspect?",B_boundary,NA,high
1954,"12-51. A glass factory makes a continuous ribbon of glass by pouring a continuous stream of hot liquid silicon on a lake of molten tin. The liquid silicon spreads out evenly on the tin and then cools into glass. It is a process that must continue uninterrupted 24 hours a day, so adjustments to equipment and materials are ongoing. Assume that inspectors work eight-hour shifts, watching the glass ribbon as it flows from the lake of tin, marking and counting the number of defects on the new glass. The number of defects identified by the inspectors for a 24-hour period is shown below: [table] a. Create an x-bar process control chart with a UCL of 45 and an LCL of 35. b. What do you notice about the process control chart that might concern you as a quality control engineer?",B_boundary,NA,high
1955,"12-52. Hector missed the beginning of this lesson, and he is confused about domains for inverse functions. Explain why restrictions are needed. Describe specifically the restrictions that each trigonometric function (sine, cosine, and tangent) requires in order to find its inverse function.",B_boundary,NA,high
1963,"12-60. Another pizza parlor had a super special. The parlor had a rack of small pizzas, each with three or four different toppings. The price was really low because an employee forgot to indicate on the boxes what toppings were on each pizza. Eight toppings were available, and one pizza was made for each of the possible combinations of three or four toppings. a. How many pizzas were on the rack? b. What was the probability of getting a pizza that had mushrooms on it?",B_boundary,NA,high
1968,12-64. Is there an inverse cosecant button on your calculator? How could you use your calculator to solve csc (x) = 3.5 ?,B_boundary,NA,high
1984,"12-79. Use the sum or difference of cubes and what you already know about factoring to factor the following expressions as completely as possible. a. x^5 + 8x^2 y^3 b. 8y^6 - 125x^3 c. x^6 - y^6 (Note: This is tricky. If you start it as the difference of two cubes, you will not be able to factor it completely. Think of it as the difference of two squares and then factor the factors as the sum and difference of two cubes.)",B_boundary,NA,medium
1991,"12-85. Consider the equation 2 sin(x) cos(x) = 1/2 for the domain 0 ≤ x ≤ 2π. a. Do you have tools to solve this equation algebraically? b. Use your graphing calculator to graph y = 2 sin(x) cos(x) and y = 1/2 in the domain 0 ≤ x ≤ 2π. Copy the graph onto your paper and use it to approximate the solutions to 2 sin(x) cos(x) = 1/2. How many solutions are there in this domain? c. Crystal was working on this problem and noticed that the graph of y = 2 sin(x) cos(x) looked just like the graph of a regular cyclic function. She thought it must be possible to write a different equivalent equation for this graph. Work with your team to write a cyclic equation for this graph. Is there more than one? If so, which is the simplest? d. Using your equivalent equation from part (c), rewrite the equation 2 sin(x) cos(x) = 1/2 and solve it algebraically. How do your solutions compare to those you approximated from your graph? e. Write an algebraic statement showing that these two expressions are equivalent. This is called the Double Angle Identity for sine.",B_boundary,NA,high
2002,12-96. Which is greater: (5 - 2)! or (5 - 3)! ? Justify your answer.,B_boundary,NA,high
2005,12-99. Rewrite the Pythagorean Identity as many ways as you can. One way to change the identity is to solve the equation for one trigonometric function. Another way is to use factoring. Try several different ways.,B_boundary,NA,high
2015,"12-108. Polly Parabola has a cousin named Thomas Trig. The Functions of America and Professional Parabola Productions companies have enjoyed such huge success that Thomas has decided to open a company called Identity Island. However, to do this, he needs some help and has sent your team the following memo: ""Dear Study Team, My goal for Identity Island is to be able to offer a wide selection of trigonometric identities to interested customers. I found a list of identities on the Internet, but I know that lots of information on the Internet is false! I cannot afford to be embarrassed in front of my potential customers by offering identities that are not true. I need your help. I need a solid algebraic proof on file for each identity that we offer. Please submit a report by the end of the day that demonstrates each of the identities algebraically. I have the utmost faith in your team's abilities. Thank you for your time! Sincerely, Thomas Trig, CEO, Identity Island"" Your Task: Work with your team to demonstrate algebraically if each of the identities below is always true, never true, or sometimes true. To prove some of the identities, you will need to refer to the identities that you developed in Lesson 12.2.1. a. cot(x) + tan(x) = sec(x) csc(x) b. (1 - sin(x))(1 + sin(x)) = 1 / (1 + tan^2(x)) c. 1/sec^2(x) + 1/csc^2(x) = 1 d. sec^2(x) - csc^2(x) = tan^2(x) - cot^2(x) e. sec(x) / (tan(x) + cot(x)) = sin(x) f. sin^2(x) cot^2(x) + cos^2(x) tan^2(x) = 1 g. (csc^2(x) - 1) / csc^2(x) = cos^2(x) h. sin(x)/cos(x) + cos(x)/sin(x) = 2",B_boundary,NA,high
2035,"12-127. Danny and Damian were working on finding identities. They thought it would be useful to look at the sums and differences of angles. They started with a unit circle and created the angles α and β as shown at right. They recognized that they had formed a triangle, ΔPOQ. a. Write the measure of the obtuse angle in ΔPOQ in terms of α and β. b. Danny and Damian each realized that they could calculate the length of side PQ of their triangle, but they wanted to use two different methods. What are the two methods they could have been thinking of? c. Danny wanted to use the idea of distance between points P and Q to calculate the length. In order to do that, he needed to label the coordinates of points P and Q. Based on angles α and β, represent the coordinates of each point using trigonometric functions. d. Use your answer from part (c) to write an expression for the distance between points P and Q. e. Damian realized that since this is a unit circle, the lengths of OP and OQ are both one unit, so he wanted to use the Law of Cosines. Use the Law of Cosines to write an expression for the length of side PQ. f. Since the expressions you wrote for parts (d) and (e) both represent the length of PQ, what equation can you write? Simplify your equation to write a formula for cos(α - β). This is called the Angle Difference Identity for cosine. Add this to your Identity Toolkit (Lesson 12.2.1 Resource Page).",B_boundary,NA,high
2036,"12-128. Danny and Damian were so pleased with this result that they wanted to keep going. They wanted to know how they could rewrite cos(α + β). As they were thinking about this, Damian had a realization. ""I know how we could figure it out!"" he exclaimed. ""We could use the identity we already found to rewrite it as cos(α - (-β)), since that's the same thing as cos(α + β)."" Work with your team to use this idea to find the Angle Sum Identity for cosine.",B_boundary,NA,high
2037,"12-129. ""So now we have the sum and difference formulas for cosine, but what about for sine?"" Damian asked. Danny pondered this for a while and then remembered an identity he thought they could use to figure these out. ""Don't we have an identity that relates sine to cosine?"" he asked. a. Which identity is Danny thinking of? b. Danny and Damian realized that they could use this to rewrite sin(α + β). Work with your team to rewrite sin(α + β) and find the Angle Sum Identity for sine. c. Now work with your team to develop the Angle Difference Identity for the sine. Be prepared to share your strategies with the class.",B_boundary,NA,high
2044,"12-135. Latisha had graphed the polynomial y = x^3 - 5x^2 + 8x - 6 during class and remembered that it had one real root at x = 3. Explain how you could use division to find the other roots, and then find them.",B_boundary,NA,high
2051,"CL 12-138. Decide if each of the following statements is sometimes true, always true, or never true. If it is sometimes true, give the values for x that make it true; if it is always true or never true, explain how you know. a. cos(x) = 3/4 b. 2 tan(x) = 0 c. sin(x) = 5/2 d. sin(x) = cos(π/2 - x)",B_boundary,NA,high
2068,"A-3. Lennie and George want to raise as many rabbits as possible, so they have a few options to consider. They could start with a larger number of rabbits, or they could raise a breed of rabbits that reproduces faster. How do you think that each of these options would change the pattern of growth you observed in the previous problem? Which situation might yield the largest rabbit population after one year? a. To help answer these questions, model each case below with a table for the first five months. Case 2: Start with 10 rabbits; each pair has 2 babies per month. Case 3: Start with 2 rabbits; each pair has 4 babies per month. Case 4: Start with 2 rabbits; each pair has 6 babies per month. b. Which case would appear to give Lennie and George the most rabbits after one year? How many rabbits would they have in that case?",B_boundary,NA,high
2074,"A-9. Benjamin is taking Algebra 1 and is stuck on the problem shown below. Examine his work so far and help him by showing and explaining the remaining steps.
Original problem: Simplify (3a^(-2)b)^3.
He knows that (3a^(-2)b)^3 = (3a^(-2)b)(3a^(-2)b)(3a^(-2)b). Now what?",B_boundary,NA,high
2084,"A-18. Listed below are “bounciness” standards for different kinds of balls.
• Tennis balls: Must rebound approximately 111 cm when dropped from 200 cm.
• Soccer balls: Must rebound approximately 120 cm when dropped from 200 cm onto a steel plate.
• Basketballs: Must rebound approximately 53.5 inches when dropped from 72 inches onto a wooden floor.
• Squash balls: Must rebound approximately 29.5 inches when dropped from 100 inches onto a steel plate at 70º F.
Discuss with your team how you can measure a ball’s bounciness. Which ball listed above is the bounciest? Justify your answer.",B_boundary,NA,high
2098,"A-30. TESTING THE MANY-BOUNCE MODEL
Now you will test the accuracy of the predictions you made in problem A-29.
Your Task: Test your predictions by collecting experimental data. Use the same Team Roles as you used in problem A-19. Drop your ball, starting from an initial height of 200 cm, and record your data in a table. Then compare your experimental data to your predictions using your table and your graph. How do they compare? What might cause your experimental data to be different from your predictions? Do you think that your table and graph model the situation appropriately? Why or why not?
These suggestions will help you gather accurate data:
• Have a spotter catch the ball just as it reaches the top of its first rebound and have the spotter “freeze” the ball in place.
• Record the first rebound height and then drop the ball again from that new height.
• Catch and “freeze” it again at the second rebound height.
• Repeat this process until you have collected at least 6 data points (or until the height of the bounce is so small that it is not reasonable to continue).",B_boundary,NA,high
2099,"A-31. Compare your graph for the height of successive bounces in problem A-29 to the graph for drop height versus bounce height that you investigated in Lesson A.1.2.
a. Can you use the same kind of equation to model the two situations? That is, what family of functions do you think would make the best fit for each data set? Discuss this with your team and be ready to report and justify your choice.
b. Describe how the pattern of growth for successive bounces is the same as or different from other models that you have looked at previously.",B_boundary,NA,high
2101,A-33. Notice that your investigations of rebound patterns in Lessons A.1.2 and A.1.3 involved both a linear and an exponential model. Look back over your work and discuss with your team why each model was appropriate for its specific purpose. Be prepared to share your ideas with the class.,B_boundary,NA,high
2111,"A-42. SEQUENCE FAMILIES
Samantha and her teacher have been busy creating new sequence generators and the sequences they produce. Below are the sequences Samantha and her teacher created.
a. –4, –1, 2, 5, …
b. 1.5, 3, 6, 12, …
c. 0, 1, 4, 9, …
d. 2, 3.5, 5, 6.5, …
e. 1, 1, 2, 3, 5, 8, …
f. 9, 7, 5, 3, …
g. 48, 24, 12, …
h. 27, 9, 3, 1, …
i. 8, 2, 0, 2, 8, 18, …
j. 5/4, 5/2, 5, 10, …
Your teacher will give your team a set of Lesson A.2.1A Resource Pages with the above sequences on strips so that everyone in your team can see and work with them in the middle of your workspace.
Your Task: Working together, organize the sequences into families of similar sequences. Your team will need to decide how many families to make, what common features make the sequences a family, and what characteristics make each family different from the others. Read and carry out the directions that follow. As you work, use the following questions to help guide your team’s discussion:
How can we describe the pattern?
How does it grow?
What do the patterns have in common?
(1) As a team, initially sort the sequence strips into groups based on your first glance at the sequences. Remember that you can sort the sequences into more than two families. You will have a chance to revise your groups of sequences throughout this activity, so just sort them in a way that makes sense to start out with. Which seem to behave similarly? Record your groupings and what they have in common before proceeding.
(2) If one exists, find a sequence generator (growth pattern) for each sequence and write it on the strip. You can express the sequence generator either in symbols or in words. Also record the next three terms in each sequence on the strips. Do your sequence families still make sense? If so, what new information do you have about your sequence families? If not, reorganize the strips and explain how you decided to group them.
(3) Get a set of Lesson A.2.1B Resource Pages for your team. Then record each sequence in a table. Your table should compare the term number, n, to the value of each term, t(n). This means that your sequence itself is a list of outputs of the relationship and the inputs are a list of integers! The first term in a sequence is always n = 1. Attach each table to the sequence strip it represents. Do your sequence families still make sense? Record any new information or reorganize your sequence families if necessary.
(4) Now graph each sequence on a Lesson A.2.1C Resource Page. Include as many terms as will fit on the existing set of axes. Be sure to decide whether your graphs should be discrete or continuous. Use color to show the growth between the points on each graph. Attach each graph to the sequence strip it represents. Do your sequence families still make sense? Record any new information and reorganize your sequence families if necessary.",B_boundary,NA,high
2118,"A-49. Refer to sequences (c) and (i) in problem A-42.
a. How are these two sequences similar?
b. The numbers in the sequence in part (e) of problem A-42 are called Fibonacci numbers. They are named after an Italian mathematician who discovered the sequence while studying how fast rabbits could breed. What is different about this sequence than the other three you discovered?",B_boundary,NA,high
2128,"A-58. Consider the sequence t(n) = –4, –1, 2, 5, …
a. If the first term is t(1), what is t(0) for this sequence? What is the common difference?
b. Write an equation for t(n). Verify that your equation works for each of the first 4 terms of the sequence.
c. Is it possible for t(n) to equal 42? Justify your answer.
d. For the function f(x) = 3x − 7, is it possible for f(x) to equal 42? Explain.
e. Explain the difference between t(n) and f(x) that makes your answers to parts (b) and (c) different.",B_boundary,NA,high
2133,"A-63. Trixie is at it again. This time she wants an arithmetic sequence that has a graph with a slope of 22. She also wants t(8) = 164 and the 13th term to have a value of 300. Is it possible to create an arithmetic sequence to fit her information? If it is possible, find the equation. If it is not possible, explain why not.",B_boundary,NA,high
2135,"A-65. Trixie exclaimed, “Hey! Arithmetic sequences are just another name for linear functions.” What do you think? Justify your idea based on multiple representations.",B_boundary,NA,high
2137,A-67. Choose one of the sequences in problem A-66 for which you determined that 447 is not a term. Write a clear explanation describing how you can be sure that 447 is not a term of the sequence.,B_boundary,NA,high
2145,"A-74. Avery and Collin were trying to challenge each other with equations for sequences. Avery wrote:
t(n + 1) = (t(n))^2 − 1
t(1) = 3
a. Help Collin write the first 4 terms of this sequence.
b. Is Avery’s sequence arithmetic, geometric, or some other kind of sequence? How do you know?
c. Describe to Collin how he could find the 10th term of this sequence. You do not need to actually find the 10th term.",B_boundary,NA,high
2146,"A-75. Avery and Collin were still at it.
a. Collin wrote:
t(2) = 19
t(n + 1) = t(n) − 2
Help Avery write an explicit equation. Is the sequence arithmetic, geometric, or neither?
b. Then Avery wrote t(n) = 6n + 8. Help Collin write a recursive equation.",B_boundary,NA,high
2148,"A-77. Avery and Collin were challenging each other with more equations for sequences. Avery was looking at an explicit equation that Collin wrote.
t(n) = 4.5n − 8
a. Write the first 4 terms for the sequence.
b. What would Avery do to write the 15th term of this sequence?",B_boundary,NA,high
2156,"A-84. PATTERNS OF GROWTH
Sequence A: (1, 27), (2, 54), (3, 81), (4, 108)
Sequence B: (1, 9), (2, 36), (3, 81), (4, 144)
Sequence C: (1, 6), (2, 12), (3, 24), (4, 48)
Your Task:
• Represent these three sequences on a graph (the Lesson A.3.1A Resource Page). Use a different color for each sequence. Although the graph should be discrete, connect the lines so you can see the trends easier.
• Consider the discussion points below for each sequence as you investigate the growth of these three sequences. You can discuss the sequences in any order.
• Be prepared to share your results with the class.
Discussion Points:
How do the inputs, n, and the outputs of the sequence generator, t(n), increase?
How does the sequence grow? Is the rate of change constant or changing? How? (You can make growth triangles to help answer this question.)
If we know a specific term, how would we find the next term? For example, if we knew the 10th term, could we find the 11th term?
Which family of functions best models each sequence?",B_boundary,NA,high
2158,"A-86. WHICH GROWS THE MOST?
a. Will an exponentially growing bank account eventually contain more money than a linearly growing bank account for the same amount of initial savings, no matter how fast (steep) the rate of growth of the linear account? Use the slope triangles on your graph from problem A-85 to help you explain.
b. Sequence B shows quadratic growth. How does the growth of a quadratic sequence, like Sequence B, compare to exponential growth?",B_boundary,NA,high
2171,"A-98. Write an explicit and a recursive equation for each table below. Be sure to check that your equations work for all of the entries in the table. Table a: (0, 1600), (1, 2000), (2, 2500), (3, 3125), (4, 3906.25). Table b: (0, 3906.25), (1, 3125), (2, 2500), (3, 2000), (4, 1600). Table c: (0, 50), (1, 72), (2, 103.68), (3, 149.2992). Table d: (1, 50), (3, 72), (5, 103.68), (7, 149.2992). e. How are the tables in (a) and (b) related? How are the multipliers for (a) and (b) related? Why does this make sense? f. What strategies did you use to find the equation for part (d)? How is the table in part (d) related to the one in part (c)? g. In part (d), why is term 2 not 61?",B_boundary,NA,high
2180,"A.3.3 Is it a function? Comparing Sequences to Functions. Throughout this chapter, you have been learning about sequences. In Chapter 1, you worked with various function families. But what is the difference between a sequence and a function? In this lesson, you will compare and contrast sequences with functions. By the end of the lesson, you will be able to answer these questions: Is a sequence different from a function? What is the difference between a sequence t(n) and the function f(x) with the same equation?",B_boundary,NA,high
2181,"A-106. Consider sequence t(n) below. –5, –1, 3, 7, … a. Create multiple representations, including a table, a graph, and an equation (recursive or explicit), for the sequence t(n). b. Is it possible for the equation representing t(n) to equal 400? Justify your answer. c. Create the same multiple representations as you did in part (a) for the function f(x) = 4x − 9. How are f(x) and t(n) different? How can you see their differences in each of the representations? d. For the function f(x) = 4x − 9, is it possible for f(x) to equal 400? Explain why or why not.",B_boundary,NA,high
2182,"A-107. Let us consider the difference between t(n) = 2 ⋅ 3^n and f(x) = 2 ⋅ 3^x. a. Is f(x) = 2 ⋅ 3^x a function? Why or why not? Is t(n) = 2 ⋅ 3^n a function? b. Is it possible for t(n) to equal 1400? If so, find the value of n that makes t(n) = 1400. If not, justify why not. c. Is it possible for f(x) to equal 1400? Be prepared to share your justification with the class. d. How are the functions similar? How are they different?",B_boundary,NA,high
2184,"A-109. Janine was working on her homework but lost part of it. She knew that one output of p(r) = 2 ⋅ 5^r is 78,000, but she could not remember if p(r) is a sequence or if it is a regular function. With your team, help her figure it out. Be sure to justify your decision.",B_boundary,NA,high
2185,"A-110. Additional Challenge: Khalil is working with a geometric sequence. He knows that t(0) = 3 and that the sum of the first three terms (t(0), t(1), and t(2)) is 63. Help him figure out the sequence. Be prepared to share your strategies with the class.",B_boundary,NA,high
2189,"A-114. Consider the following sequences as you complete parts (a) through (c) below. Sequence 1: 2, 6, … Sequence 2: 24, 12, … Sequence 3: 1, 5, … a. Assuming that the sequences above are arithmetic with t(1) as the first term, find the next four terms for each sequence. For each sequence, write an explanation of what you did to get the next term and write an equation for t(n). b. Would your terms be different if the sequences were geometric? Find the next four terms for each sequence if they are geometric. For each sequence, write an explanation of what you did to get the next term and write an equation for t(n). c. Create a totally different type of sequence for each pair of values shown above, based on your own equation. Write your equation clearly (using words or algebra) so that someone else will be able to find the next three terms that you want.",B_boundary,NA,high
2208,"CL A-128. Check your answers using the table at the end of this section. Which problems do you feel confident about? Which problems were hard? Have you worked on problems like these in previous math classes? Use the table to make a list of topics you need to learn more about, and a list of topics you just need to practice more.",B_boundary,NA,high
2215,"B-5. Exponential functions have some interesting characteristics. Consider functions of the form y = b^x as you discuss the questions below. a. Exponential functions such as y = b^x are defined only for b > 0. Why do you think this is? That is, why would you not want to use negative values of b? b. Can you consider y = 1^x or y = 0^x to be exponential functions? Why or why not? How are they different from other exponential function?",B_boundary,NA,high
2218,"B-8. If two expressions are equivalent, they can form an equation that is considered to be always true. For example, since 3(x − 5) is equivalent to 3x − 15, then the equation 3(x − 5) = 3x − 15 is always true, that is, true for any value of x. If two expressions are equal only for certain values of the variable, they can form an equation that is considered to be sometimes true. For example, x + 2 is equal to 3x − 8 only when x = 5, so the equation x + 2 = 3x − 8 is said to be sometimes true. If two expressions are not equal for any value of the variable, they can form an equation that is considered to be never true. For example, x − 5 is not equal to x + 1 for any value of x, so the equation x − 5 = x + 1 is said to be never true. Is the equation (x + 3)^2 = x^2 + 9 always, sometimes or never true? Justify your reasoning completely.",B_boundary,NA,high
2230,"B-19. Let's look at some of the connections between the multiple representations of an exponential function. a. Arnold dropped a ball during the bouncing ball activity and recorded its height in a table. Part of his table is shown at right: Bounce 2: 84.5 cm, Bounce 3: 67.6 cm, Bounce 4: 54.1 cm. What was the rebound ratio of his ball? At what height did he drop the ball? Write an equation that represents his data. Explain your equation. b. A major technology company, ExpoGrow, is growing incredibly fast. The latest prospectus (a report on the company) said that so far, the number of employees, y, could be found with the equation y = 3(4)^x, where x represents the number of years since the company was founded. How many people founded the company? How can the growth of this company be described? c. A computer virus is affecting the technology center in such a way that each day, a certain portion of virus-free computers is infected. The number of virus-free computers is recorded in the table at right: Day 0: 27, Day 1: 18, Day 2: 12. How many computers are in the technology center? What portion of virus-free computers is infected each day? How many computers will remain virus-free at the end of the third day? Justify your answer. d. As part of a major scandal, it was discovered that several statements in the prospectus for ExpoGrow in part (b) were false. If the company actually had five founders and doubles in size each year, what equation should it have printed in its report?",B_boundary,NA,high
2235,"B-24. Brianna is working on her homework. Her assignment is to come up with four representations for an exponential function of her choosing. She decides it is easiest to start by writing an equation, so she chooses y = 1200(1/2)^x. Help Brianna create the other three components of the web.",B_boundary,NA,high
2236,"B-25. Sketch the graphs of y = x^2, y = 2x^2, and y = 1/2 x^2 on the same set of axes. Describe the similarities and differences among the graphs.",B_boundary,NA,high
2241,"B-29. SAVING FOR COLLEGE
Suppose you have $1000 to invest and know of two investment options. You can invest in bonds (which pay 8% simple interest) or put your money in a credit union account (which pays 8% compound interest). Will the option you choose make a difference in the amount of money you earn? Examine these two situations below.
Bonds with Simple Interest:
a. If you invest in bonds, your $1000 would grow as shown in the table at right. How does money grow with simple interest?
b. By what percent would your balance have increased by the 4th year? Show how you know.
Accounts with Compound Interest:
c. Instead, if you invest your $1000 in the credit union at 8% compound interest that is compounded once a year, its value would grow as shown in the table at right. Why is there $1166.40 in your account in the second year? Explain how the compound interest is calculated. How is it growing?
d. What will be the balance of the credit union account at the 4th year? By what percent would this account balance increase at four years? Show how you know.
e. Which type of account - a bond with simple interest or a credit union account with compound interest - grows most quickly?",B_boundary,NA,high
2242,"B-30. Assume that the interest is added at the beginning of a new year. Make one graph that shows how each type of investment (simple and compound) starts with $1000 and grows over 8 years. Discuss these questions in your team as you graph:
Discussion Points:
Can we make the graph clearer with color?
What happens to the money in between the years?
How can we represent the ""between"" amount on a graph?",B_boundary,NA,high
2243,"B-31. In previous courses you may have used models as an estimate of real behavior. Creating a best-fit line for scattered data is one example of a model. Models give you a mathematical way to describe the data and to make predictions.
The simple and compound interest situations in problem B-30 were both step functions. Writing equations for step functions can be very complicated. However, you can model the step functions with other equations with which you are already familiar.
a. Think about the growth and the starting point for the simple and compound interest situations from this lesson. Model each of the two step functions with an equation. Let y represent the money in the account after x years.
b. Check that your equation represents the tables in problem B-29. If your models do not match the tables, correct your equation.
c. Use your model to predict how much your original $1000 investment would be worth at the end of 20 years in the credit union.
d. Why are the equations considered models, instead of representations of the real behavior? Is there an advantage to using the model to make predictions?",B_boundary,NA,high
2251,"B-38. Solve the following systems of equations.
a. 3x - 2y = 14
-2x + 2y = -10
b. y = 5x + 3
-2x - 4y = 10
c. Which system above is most efficiently solved by using the Substitution Method? Explain.
d. Which system above is most efficiently solved by using the Elimination Method? Explain.",B_boundary,NA,high
2255,"B-41. Decide what your dependent and independent variables are for ""The Penny Lab"" data, clearly label them, and graph your data on your own graph paper. Then graph your data carefully on a team Lesson B.1.4 Resource Page transparency obtained from your teacher.
a. Stack your team's transparency with those from other teams on an overhead projector or document camera so that the axes are aligned. Then examine and describe the resulting scatterplot. Where does the graph cross the y-axis? Does the graph have any asymptotes? Should the graph be continuous or discrete?
b. Is this situation increasing or decreasing? What does this mean about the multiplier? Using what you know about the probability of flipping a fair coin, what would you expect or estimate the multiplier to be?
c. Write an equation for an exponential function that models the data. Make sure you also write a ""let"" statement for your variables.
d. What output does your function give for x = 0? What could this mean in relation to the situation?
e. Could there be an output value for x = -1? If so, what might it mean?
f. In the context of this situation, what should the domain of the model that you wrote in part (c) be? With the appropriate domain, what would a graph of your model look like?
g. What family of functions that you saw in previous chapters has graphs like the one you made in this problem? What are the first few values of this function? What is the equation?",B_boundary,NA,high
2258,"B-44. Use a graphing calculator to compare the graphs of y = (1/2)^x and y = 2^-x.
a. What do you notice? How does a negative exponent affect the base number?
b. Use this idea to rewrite each of the following expressions in a different form. If you and your team members disagree, check your results with the calculator.
i. (1/5)^-1
ii. 100^-1
iii. (5/8)^-1
iv. (1/3)^-2
v. (2/3)^-3
vi. 6^-3
vii. (3/2)^-1
viii. 2^-5",B_boundary,NA,high
2271,"B-56. Determine which of the following equations are true for all values (always true). For those that are not, decide whether they are true for certain values (sometimes true) or not true for any values (never true). Justify your decisions clearly.
a. (x - 5)^2 = x^2 + 25
b. (2x - 1)(x + 4) = 2x^2 + 7x - 4
c. (2x^2 y^3) / y^2 = 2x^2 y
d. (3x - 2)(2x + 1) = 6x^2 - x - 5",B_boundary,NA,high
2279,B-62. Graph y = x^2 + 3 and y = (x + 3)^2. What are the similarities and differences between the graphs? How do these graphs compare to the graph of y = x^2?,B_boundary,NA,high
2281,"B-64. Solve each equation for the variable. Check your solutions, if possible.
a. 8a + a - 3 = 6a - 2a - 3
b. 8(3m - 2) - 7m = 0
c. x/2 + 1 = 6
d. |x - 3| + 5 = 11",B_boundary,NA,high
2285,"B-67. GRAPH -> EQUATION
Suppose the annual fees for attending a public university were $7000 in 2010 and the annual cost increase is shown in the graph at right. Note that x represents the number of years after 2010.
a. Write an equation to describe this situation.
b. Use this model to predict the cost of attending a public university in the first year you would be eligible to enroll.
c. What was the cost in 2000, assuming the rate of increase was the same during the time period from 2000 to 2010?
d. Are you confident with your prediction in part (c)? Explain.
e. In 2012 the annual cost was actually $8244. How accurate was the model? What actually happened?",B_boundary,NA,high
2291,"B-73. Jack and Jill were working on simplifying the expression at right (3x^2 y^-3 / (x^-1 y^2)), but they were having some trouble. Then Jill had an idea.
""Can't we separate the parts?"" she said. ""That way, it might be easier to tell what we can simplify."" She rewrote the expression as shown at right (3 * x^2 * 1/x^-1 * y^-3 * 1/y^2).
""Okay,"" said Jack. ""Now we can rewrite each of the parts with negative exponents and simplify.""
a. Help Jack and Jill finish simplifying their expression.
b. Use their idea to rewrite and simplify (m^2 p q^-1) / (4m^-2 p q^3).",B_boundary,NA,high
2292,"B-74. A particular sequence can be represented by t(n) = 2(3)^n.
a. What are t(0), t(1), t(2), and t(3)?
b. Graph this sequence. What is the domain?
c. On the same set of axes, graph the function f(x) = 2(3)^x.
d. How are the two graphs similar? How are they different?",B_boundary,NA,high
2297,"B-78. Can you use an idea similar to the one you used in problem B-77 to find an exponential equation in y = ab^x form?
a. While trying to find the equation for the graph in part (c) of problem B-57 (shown again at right), Errol stated, ""I think 'a' must be 7 because the y-intercept is at (0, 7)."" Do you agree? Justify your answer.
b. ""But we still don't know what 'b' is,"" Errol noticed. His teammate, Sandy, had an idea. ""I think that 56 = 7(b)^3."" How did she get this equation? Is it valid? Explain.
c. If you have not done so already, solve 56 = 7(b)^3 for b. Explain how you solved this equation.
d. Use a and b to write the equation for this graph. Does it agree with the equation you found in part (c) of problem B-57?",B_boundary,NA,high
2298,"B-79. Use Errol's and Sandy's method from problem B-78 to find the equation of an exponential function with an asymptote at y = 0 that passes through the points (0, 5) and (3, 320).",B_boundary,NA,high
2299,"B-80. NEW NOTATION FOR ROOTS
a. Addison's teacher challenged her team to find a way to write root(3)(17) with exponents. Addison started by writing this equation: 17^x = root(3)(17). Her team needed to find what x was equal to. Do you have any guesses about what the exponent might be? Discuss this with your team.
b. Addison said, ""But we also know that (root(3)(17))^3 = 17, and we want to write root(3)(17) with an exponent instead, like 17^x. So why don't we combine this information and write (17^x)^3 = 17?"" Addison asked.
Addison continued, ""Oh, so (17^x)^3 = 17^(3x)?"" Is she correct? Is it true that (17^x)^3 = 17^(3x)? Be ready to share your reasoning with the class.
c. Addison wrote: 17^(3x) = 17^1. Complete Addison's work to find the value of x in this equation. What does this tell you about another way to write root(3)(17)? Check your result by finding decimal approximations with your calculator.
d. Use similar logic to find exponential expressions for sqrt(5) and root(5)(11). Show your reasoning. Then use your graphing calculator to find their decimal equivalents, rounded to the nearest 0.001.",B_boundary,NA,high
2301,"B-82. Fractional exponents can give surprising results when used with negative bases. Answer the following questions using what you now know rewriting fractional exponents and your mental math skills. Avoid using your calculator.
a. Show or explain why (-27)^(1/2) has no real solution but (-27)^(1/3) = -3.
b. Given that (-27)^(1/3) = -3, is (-27)^(2/3) positive or negative, or does it have no real solution? What about (-27)^(1/4)? And (-27)^(1/5)? Justify your answers.
c. Mischa was working with her team on the idea of negative bases, but she got confused. Consider her thinking below.
i. ""Wait,"" she said. ""Isn't it true that (-100)^(1/2) has no real solution?"" What does Mischa mean? Is she right?
ii. ""But,"" she continued, ""I can figure out that (-100)^(2/4) = 10."" Check her calculation. Is she correct?
iii. ""That doesn't make any sense, since 2/4 can be reduced to 1/2!"" What do you think?",B_boundary,NA,medium
2302,"B-83. Recall that when you investigated y = b^x in problem B-2, the graphing calculator produced graphs like the one at right for negative values of b when you used the ""zoom decimal"" option. Use what you have learned about the meaning of fractional exponents to explain why y = (-2)^x is impossible to graph accurately.",B_boundary,NA,high
2310,"B-90. Mitchell was working on his algebra homework, when suddenly he had an idea about finding linear equations. He was trying to find the equation of the line that passes through the points (5, 15) and (3, 7). “Look!” he exclaimed. “We know that the line can be written in the form y = mx + b, and we also know that the points (5, 15) and (3, 7) have to make the equation true. So we can substitute in these two points to create a system of equations. When we solve that, we’ll know the values of m and b, and we’ll have our equation!”
a. What is Mitchell talking about? Use his method to find the equation of the line through the points (5, 15) and (3, 7).
b. Will Mitchell’s method work to find the equation of a line through any two points? Justify your answer.",B_boundary,NA,high
2311,"B-91. Use Mitchell’s method from problem B-90 to find the equation of the line that passes through the points (2, 3) and (5, –6).",B_boundary,NA,high
2312,"B-92. Can Mitchell’s method from problem B-90 be used to find the exponential function that passes through the points (2, 16) and (6, 256)? Consider this as you answer the questions below.
a. What is the general form for an exponential function that has an asymptote at y = 0?
b. Use the two points that you know to create a system of equations.
c. Solve both equations for a. Then set the equations equal to each other to solve your system of equations for b. Next, find a, and write the equation that goes through the two points.",B_boundary,NA,high
2352,"C-2. LEARNING LOG
You had your choice of six graphical representations of data: dot plot, boxplot, circle graph (“pie chart”), scatterplot, histogram, or bar graph. Discuss with your team how to choose among them. Give examples. Consider the following discussion points.
What is the difference between single-variable data and two-variable data?
What is the difference between numerical and categorical data?
Do a lot of data values repeat?
What are the advantages?
Record your conclusions in your Learning Log. Be sure to include examples. Title this entry “Representing Data Graphically” and include today’s date.",B_boundary,NA,high
2353,"MATH NOTES: Interquartile Range and Boxplots
Quartiles are points that divide a data set into four equal parts (and thus, the use of the prefix “quar” as in “quarter”). One of these points is the median. The first quartile (Q1) is the median of the lower half, and the third quartile (Q3) is the median of the upper half.
To find quartiles, the data set must be placed in order from smallest to largest. Note that if there are an odd number of data values, the median is not included in either half of the data set.
Suppose you have the data set: 22, 43, 14, 7, 2, 32, 9, 36, and 12.
Ordered: 2, 7, 9, 12, 14, 22, 32, 36, 43
lower half: 2, 7, 9, 12 -> First Quartile (median of the lower half) = 8
upper half: 22, 32, 36, 43 -> Third Quartile (median of the upper half) = 34
The interquartile range (IQR) is the difference between the third and first quartiles. It is used to measure the spread (the variability) of the middle 50% of the data. The interquartile range is 34 – 8 = 26.
A boxplot (also known as a box-and-whisker plot) displays a five-number summary of data: minimum, first quartile, median, third quartile, and maximum. The box contains the middle half of the data and visually displays how large the IQR is. The right segment represents the top 25% of the data and the left segment represents the bottom 25% of the data. A boxplot makes it easy to see where the data are spread out and where they are concentrated. The wider the box, the more the data are spread out.",B_boundary,NA,high
2359,"C-8. Kiesha graphed y = x(6 − x) in a standard calculator viewing window.
a. What is the best name for her graph?
b. Jamal has bet Kiesha that with his graphing calculator he can make the graph look like a horizontal line without changing, adding, or deleting functions. Kiesha doesn’t think he can do this, but Jamal is sure he can. What strategy does Jamal have in mind?",B_boundary,NA,high
2371,"C.1.2 How can I compare results?
Comparing Data
In Lesson C.1.1 you tried to decide which team was close to the hole most consistently. Comparing sets of data is an essential part of the study of Statistics. Data is often not meaningful unless it is compared to other data. What does your batting average or free throw average mean if you are the only person who has one? If there are no other SAT scores to compare to then what does your score matter?",B_boundary,NA,high
2372,"C-20. As the Managing Grower at All-Organic Orchards, you know the farmer’s market will only accept fruit that is above average size for your orchard. However, they do not define how to calculate “average,” with a mean or with a median. You want to sell as much fruit as possible for premium prices at the farmer’s market.
a. Your apple crop is represented by the histogram and boxplot at right. To get the maximum amount of fruit to the market, should you use the mean or the median for the “average”?
b. Your lemon crop is represented by the histogram at right. Why do you suppose the right “whisker” is missing? Which average, mean or median, should you use?
c. Why might the farmers at other orchards feel like you were being deceptive by reporting the mean for your fruit?
d. To best represent numerically the center, or the “typical” value, of a large quantity of data, when would you use the mean and when would you use the median?",B_boundary,NA,high
2373,"C-21. Home sales in Fancyville and Smallville are shown in the tables below. Calculate the mean and median sales price in each town and compare Fancyville to Smallville. In which town does the “typical” home cost less?
Fancyville Home Sales (in thousands of dollars):
230, 270, 150, 305, 240, 280, 1100, 340, 160, 320, 440, 2800, 250, 210
Smallville Home Sales (in thousands of dollars):
255, 289, 275, 247, 299, 281, 272",B_boundary,NA,high
2375,"C-23. CREATING HISTOGRAMS AND BOXPLOTS ON THE CALCULATOR
The difference between life and death is often just minutes when it comes to stopping bleeding. Two emergency procedures are being compared for their speed in stopping bleeding at the scenes of accidents. The time from when 911 was called to the time that paramedics reported the bleeding stopped was recorded for each procedure. The data is shown below (in minutes).
Procedure C-2: 7, 6, 7, 4, 24, 8, 10, 3, 3, 5, 4, 17, 6, 5, 19, 29, 5, 6, 10, 4
checksum 182
Procedure C-7: 11, 13, 8, 9, 12, 10, 10, 9, 12, 7, 10, 6, 14, 11, 11
checksum 153
Your teacher will show you how to make a combination histogram and modified boxplot on your graphing calculator. (A modified boxplot displays the outliers separately from the boxplot.) You will need to choose an appropriate interval for each of the bins (“bars”) on your histogram. This interval is called the bin width. A very rough approximation of the number of bins your histogram should have is the square root of the number of values in the largest data set.
Obtain the Lesson C.1.2A Resource Page from your teacher. Make a sketch of the combination histogram and boxplot for each emergency procedure. Compare and contrast the two procedures. Which one would you recommend? Why?",B_boundary,NA,high
2376,"C-24. CENTER, SHAPE, SPREAD, AND OUTLIERS

It takes several statistics to get a meaningful description of single-variable data like the sales prices of houses in Fancyville and Smallville – comparing the medians alone does not tell a useful story about the difference in prices. Statisticians like to report the center, shape, spread, and outliers of single-variable data.

Your teacher will give you the data from a previous “Forty Holes of Golf” fundraiser on the Lesson C.1.2B Resource Page. Compare the center, shape, spread, and outliers of your team’s performance to the data on the resource page.",B_boundary,NA,high
2388,"C-35. The Dallas University Health Center is running a clinical trial comparing two medicines to treat fibromyalgia. They need to compare the ages of the two groups receiving the medicines. The ages follow:

Group 7A: 72, 71, 59, 62, 48, 70, 57, 48, 68, 68, 57, 49, 53, 72, 60
checksum 914

Group 7B: 64, 29, 75, 55, 85, 51, 74, 34, 80, 28, 49, 79, 68, 45, 94, 32
checksum 942

a. Use your calculator to make a sketch of the combination histogram and boxplot for each treatment group. Sketch the graphs. Compare and contrast the distributions of ages between the two groups, using the center, shape, spread, and outliers of the two groups.
b. When reporting the typical age in each group, which is a more appropriate measure of center, the mean or the median? Explain.",B_boundary,NA,high
2389,"C-36. For the function f(x) = 7x − 2:

a. Find the inverse function.
b. Show that your inverse function is correct. Choose an input number for the function and calculate the output. Use this output as the input for the inverse function. Is your final output the same as your original input?",B_boundary,NA,high
2394,"C-41. Your teacher has decided that one person in your class will get an extra 50 points of credit. The lucky person has been narrowed down, so now it is between you and Newton. The teacher says, “I’m thinking of a number between 0 and 10. Whoever can choose the number closest to it gets the 50 points.” Quickly, Newton yells out, “Three!” What number would you choose? Justify and explain your answer.",B_boundary,NA,high
2395,"C-42. Use your solving skills to complete parts (a) and (b) below.

a. Solve (x + 3)/(x − 1) − x/(x + 1) = 8/(x^2 − 1) for x.
b. In part (a), the result of solving the equation is x = 1, but what happens when you substitute 1 for x? What does this mean in relation to the solutions for this equation?",B_boundary,NA,high
2398,"C-44. A biologist is trying to determine which type of sugar is more successful in growing a particular eukaryotic cell. She measured the diameter of the cell and collected the data below (in micrometers, µm).

Sugar W: 10, 32, 32, 34, 34, 36, 37, 39, 39, 40, 41, 43, 43, 44, 45, 46, 46, 49, 70 checksum 760

Sugar P: 10, 10, 15, 20, 25, 28, 30, 32, 35, 40, 45, 48, 50, 52, 55, 60, 65, 70, 70 checksum 760

a. Make a combination histogram and boxplot for each type of sugar. (Use an interval of 10 to 80 with a bin width of 10.)
b. Find the mean and median of both collections of data.
c. The two sets of data are obviously not the same. Which statistic(s) differentiate between these two data sets? You do not need to calculate the statistic. If the biologist wants to consistently grow large cells, which sugar should she use?",B_boundary,NA,high
2399,"C-45. MEASURING SPREAD

a. One way to measure the spread of data is to calculate the range (maximum minus minimum). What range of cell sizes did each type of sugar grow in problem C-44? Why is the range often not a useful measure of spread?
b. Another method for measuring the spread is the average distance to the mean, called the mean absolute deviation. Find the distance each value is from the mean (remember to use absolute value because distances are positive!), and find the mean distance. Compare the mean absolute deviation of Sugar W to Sugar P.
c. A mean absolute deviation should not be calculated if the data has outliers or is not symmetric. Why?
d. When the data is not symmetric or has outliers, the interquartile range (IQR) can be used to measure spread. Find and compare the IQR of the two sugars. If you need a reminder, reread the Math Notes box at the end of Lesson C.1.1.",B_boundary,NA,high
2400,"C-46. STANDARD DEVIATION

In addition to the methods in the previous problem, standard deviation is yet another measure of how much variability there is in a data set. Standard deviation is the average of all the distances to the mean. Instead of taking the absolute value to force the distances to the mean to be positive, statisticians square the distances to make them positive. After finding the average, then the square root of the average is taken so that the units come out right.

Without using your graphing calculator, find the standard deviation of each sugar in problem C-44. Compare the variability (the spread) of the two sugars using the standard deviation.",B_boundary,NA,high
2401,C-47. Find the standard deviation for your team’s tosses from the “Forty Holes of Golf” event from problem C-1 in Lesson C.1.1. Compare your result with the other teams in your class. Now which team was most consistently close to the hole?,B_boundary,NA,high
2402,C-48. The standard deviation was probably not an appropriate way to report the spread of your team’s golfing data. Why not? What would have been better?,B_boundary,NA,high
2403,C-49. Your teacher will demonstrate how to find the standard deviation using your graphing calculator. Verify the standard deviations of the two sugars that you calculated in problem C-46 using your graphing calculator.,B_boundary,NA,high
2405,"MATH NOTES

Describing Spread (of a Data Distribution)

A distribution of data can be summarized by describing its center, shape, spread, and outliers. You have learned three ways to describe the spread.

Interquartile Range (IQR)
The variability, or spread, in the distribution can be numerically summarized with the interquartile range (IQR). The IQR is found by subtracting the first quartile from the third quartile. The IQR is the range of the middle half of the data. IQR can represent the spread of any data distribution, even if the distribution is not symmetric or has outliers.

Standard Deviation
Either the interquartile range or standard deviation can be used to represent the spread if the data is symmetric and has no outliers. The standard deviation is the square root of the average of the distances to the mean, after the distances have been made positive by squaring.

For example, for the data 10 12 14 16 18 kilograms:
• The mean is 14 kg.
• The distances of each data value to the mean are –4, –2, 0, 2, 4 kg.
• The distances squared are 16, 4, 0, 4, 16 kg^2.
• The mean distance-squared is 8 kg^2.
• The square root is 2.83. Thus the standard deviation is 2.83 kg.

Range
The range (maximum minus minimum) is usually not a very good way to describe the spread because it considers only the extreme values in the data, rather than how the bulk of the data is spread.",B_boundary,NA,high
2410,"C-55. Solve the equations and inequalities below. Check your solutions, if possible.

a. |5x + 8| ≥ −4
b. x^2 + x − 20 < 0
c. 2x^2 − 6x = −5
d. 5/9 − x/3 = 4/9",B_boundary,NA,high
2420,"CL C-60. Jet Set claims that they are more “on time” than National Airways because National was delayed over an hour a couple times. Arin did not believe Jet Set was more “on time” so he looked up the data for both airlines during the last two weeks. Below is the data he found for departure delays. Negative numbers indicate that a flight departed earlier than scheduled.

National Airways:
69, 22, –3, –7, 2, 25, 7, 0, –3, 14, –4, 0, –1, –9, –2, 4, 12, 25, 65, –10
checksum 206

Jet Set:
6, –5, 33, 4, 37, 10, 23, 5, 21, 31, 2, –5, 35, 42, 19 –8, 25, 15
checksum 290

a. Compare the center, shape, spread, and outliers of the data sets. Use the values you calculate to make an argument as to which airline is on time more often. Use a bin width of 10 minutes on your histograms.
b. Arin wants to summarize his findings with just two numbers: the center and spread. Can he use mean and standard deviation, or should he use median and IQR? Justify your choice, then summarize the data for Arin.",B_boundary,NA,high
2427,"Example: For the points (–1, –2) and (11, 2), find the distance between them and determine an equation of the line through them.

Solution: Using a generic right triangle, the legs of the triangle are 12 and 4. The distance between the points is the length of the hypotenuse.
d^2 = 12^2 + 4^2 = 160 ⇒ d = √160 = 4√10 ≈ 12.65

To calculate the slope of the line, compute m = (vertical change)/(horizontal change) = 4/12 = 1/3. Substituting this into the equation of a line, y = mx + b, gives y = (1/3)x + b. Next substitute the coordinates of any point that is on the line for x and y and solve for b. Using (11, 2), 2 = (1/3) · 11 + b, 2 = 11/3 + b, b = –5/3.

The equation is y = (1/3)x − 5/3.

Some people prefer to use formulas that represent the generic right triangle.
slope = (y2 − y1)/(x2 − x1) = (2 − (−2))/(11 − (−1)) = 4/12 = 1/3
distance = √((x2 − x1)^2 + (y2 − y1)^2) = √((11 − (−1))^2 + (2 − (−2))^2) = √(12^2 + 4^2) = √160

Notice that x2 – x1 and y2 – y1 represent the lengths of the horizontal and vertical legs respectively.",B_boundary,NA,high
2435,"Now we can return to the original problem.

Solve the following system of linear equations in two variables.
5x − 4y = 7
2y + 6x = 22

For this system, you can use either the Substitution or the Elimination Method, but each choice will require a little bit of work to get started.

Substitution Method:
Before we can substitute, we need to isolate one of the variables. In other words, we need to solve one of the equations for either x or for y. If we solve the second equation for y, it becomes y = 11 – 3x. Now we substitute 11 – 3x for y in the first equation and solve for x, as shown at right.
5x − 4(11 − 3x) = 7
5x − 44 + 12x = 7
17x − 44 = 7
17x = 51
x = 3
Then we can substitute the value for x into one of the original equations to find y. Thus we find that 2y + 6(3) = 22 ⇒ 2y = 22 − 18 = 4 ⇒ y = 4/2 = 2.

Elimination Method:
Before we can eliminate a variable, we need to rearrange the second equation so that the variables line up, as shown at right. Now we see that we can multiply the second equation by 2 and add the two equations to eliminate y and solve for x, as shown below right.
5x − 4y = 7
6x + 2y = 22

5x − 4y = 7
+ 12x + 4y = 44
17x = 51
x = 3
We can then substitute x = 3 into the first equation to get 5(3) − 4y = 7. Simplifying and solving, we get −4y = −8 and thus y = 2.

Answer: (3, 2)",B_boundary,NA,high
2437,"The following properties are useful for rewriting expressions with integral (positive or negative whole numbers) or rational (fractional) exponents.
x^0 = 1 Examples: 2^0 = 1, (−3)^0 = 1, (1/4)^0 = 1 (Note that 0^0 is undefined.)
x^{-n} = 1/(x^n) Examples: x^{-12} = 1/(x^12), y^{-4} = 1/(y^4), 4^{-2} = 1/(4^2) = 1/16
1/(x^{-n}) = x^n Examples: 1/(x^{-5}) = x^5, 1/(x^{-2}) = x^2, 1/(3^{-2}) = 3^2 = 9
x^{a/b} = (x^a)^{1/b} = (\sqrt[b]{x})^a or x^{a/b} = (x^{1/b})^a = (\sqrt[b]{x})^a Examples: 5^{1/2} = \sqrt{5}; 16^{3/4} = (\sqrt[4]{16})^3 = 2^3 = 8; 4^{2/3} = \sqrt[3]{4^2} = \sqrt[3]{16} = 2\sqrt[3]{2}
x^a x^b = x^{a+b} Examples: x^7 x^2 = x^9, y^{-4} y = y^{-3}, 2^3 2^2 = 2^5 = 32
(x^a)^b = x^{ab} Examples: (x^2)^3 = x^6, (a^6 b^4)^{1/2} = a^3 b^2, (3^3)^3 = 3^9 = 19683",B_boundary,NA,high
2459,"The product of polynomials can be found by using the Distributive Property. Using generic rectangles or, in the case of multiplying two binomials, the FOIL Method can help you to keep track of the terms to be sure that you are multiplying correctly.",B_boundary,NA,high
2460,"Example: Multiply (3x − 2)(4x + 5).

Solution 1: When multiplying binomials, such as (3x − 2)(4x + 5), you can use a generic rectangle. You consider the terms of your original binomials as the dimensions (length and width) of the rectangle. To find the area of each piece, you multiply the terms that represent the length and width of that piece. To get your final answer, you add the areas of each of the interior pieces and simplify by combining like terms. This process is shown in the diagram below.
12x^2 + 15x – 8x – 10 = 12x^2 + 7x – 10

Solution 2: You might view multiplying binomials with generic rectangles as a form of double distribution. The 4x is distributed across the first row of the generic rectangle. Then the 5 is distributed across the second row of the generic rectangle. Some people write it this way:
(3x − 2)(4x + 5) = (3x − 2)4x + (3x − 2)5 = 12x^2 − 8x + 15x − 10 = 12x^2 + 7x − 10",B_boundary,NA,high
2461,"Solution 3: Another approach to multiplying binomials is to the FOIL Method. This method uses the mnemonic “FOIL,” which is an acronym for First, Outside, Inside, Last, to help you remember which terms to multiply.
F. Multiply the FIRST terms of each binomial. (3x)(4x) = 12x^2
O. Multiply the OUTSIDE terms. (3x)(5) = 15x
I. Multiply the INSIDE terms. (–2)(4x) = –8x
L. Multiply the LAST terms of each binomial. (–2)(5) = –10
Finally combine like terms to get 12x^2 + 15x – 8x – 10 = 12x^2 + 7x – 10.
Answer: 12x^2 + 7x – 10",B_boundary,NA,high
2468,"Multiplication or division of rational expressions follows the same procedure used with numerical fractions. However, it is often necessary to factor the polynomials in order to simplify them. Factors that are the same in the numerator and denominator are equal to 1. For example: x^2/x^2 = 1, (x+2)/(x+2) = 1 and (3x−2)/(3x−2) = 1 but (5−x)/(x−5) = −(x−5)/(x−5) = −1.

When dividing rational expressions, change the problem to multiplication by inverting (flipping) the second expression (or any expression that follows a division sign) and completing the process as you do for multiplication.

In both cases, the simplification is only valid provided that the denominator is not equal to zero. See the examples below.",B_boundary,NA,high
2473,"Addition and subtraction of rational expressions uses the same process as simple numerical fractions. First, if necessary find a common denominator. Second, convert the original fractions to equivalent ones with the common denominator. Third, add or subtract the new numerators over the common denominator. Finally, factor the numerator and denominator and simplify, if possible. Note that these steps are only valid provided that the denominator is not zero.",B_boundary,NA,high
2495,Often the best way to solve a complicated equation is to use a method such as the Looking Inside or Undoing Methods. Checking your answer(s) is important because sometimes solutions are accurately found but will not work in the original equation. These answers are called extraneous solutions.,B_boundary,NA,high
2498,"Now we can go back and solve the original problems.

a. 2|x − 3| + 7 = 11
2|x − 3| = 4
|x − 3| = 2
x − 3 = 2 or −(x − 3) = 2
x = 5 or x = 1
checks:
2|5 − 3| + 7 = 11      2|1 − 3| + 7 = 11
2|2| + 7 = 11          2|−2| + 7 = 11
4 + 7 = 11 True        4 + 7 = 11 True
The solutions are x = 5, x = 1.

b. 4(x − 2)^2 = 16
(x − 2)^2 = 4
x − 2 = ±2
x = 2 ± 2 = 4 or 0
checks:
4(4 − 2)^2 = 16        4(0 − 2)^2 = 16
4(2)^2 = 16            4(−2)^2 = 16
4(4) = 16 True         4(4) = 16 True
The solutions are x = 4, x = 0.

c. √(x + 18) = x − 2
(√(x + 18))^2 = (x − 2)^2
x + 18 = x^2 − 4x + 4
0 = x^2 − 5x − 14
0 = (x − 7)(x + 2)
x = 7 or x = −2
checks:
√(7 + 18) = 7 − 2      √(−2 + 18) = −2 − 2
√25 = 5 True           √16 = −4 False
The only solution is x = 7.

d. |2x + 5| = 3x + 4
2x + 5 = 3x + 4 or −(2x + 5) = 3x + 4
x = 1 or x = −9/5
checks:
|2(1) + 5| = 3(1) + 4  |2(−9/5) + 5| = 3(−9/5) + 4
|7| = 7 True           |−18/5 + 25/5| = −27/5 + 20/5
                       |7/5| = −7/5 False
The only solution is x = 1.",B_boundary,NA,high
2500,"Exponential functions are equations of the form y = ab^x + c where a represents the initial value, b represents the multiplier, c represents the horizontal asymptote, and x often represents the time. Some problems simply involve substituting in the given information into the equation and then doing calculations. If you are trying to solve for the time (x), then you will usually need to use logarithms. If you need to find the multiplier (m), then you will need to find a root. Note that we often assume that c = 0, unless we are told otherwise.",B_boundary,NA,high
2515,"Now we can go back and solve the original problems.

a. log_2(30x) − log_2(6)
log_2(30x/6) = log_2(5x)

b. 2 log_3(x) + log_3(5)
log_3(x^2) + log_3(5)
log_3(x^2 ⋅ 5) = log_3(5x^2)

c. log_7(3x − 2) = 2
7^2 = 3x − 2
49 = 3x − 2 ⇒ x = 17

d. log(2x + 1) = −1
10^−1 = 2x + 1
1/10 = 2x + 1 ⇒ x = −9/20 = −0.45

e. log_5(3y) + log_5(9) = log_5(405)
log_5(3y ⋅ 9) = log_5(405)
log_5(27y) = log_5(405)
27y = 405 ⇒ y = 15

f. log(x) + log(x + 21) = 2
log(x^2 + 21x) = 2
x^2 + 21x = 10^2
x^2 + 21x − 100 = 0
(x + 25)(x − 4) = 0
x = −25, x = 4
x = 4
x = −25 is an extraneous solution",B_boundary,NA,high
2519,"Example 2: Solve 5/(2x) + 1/6 = 8.

Solution: Again, we multiply both sides of the equation by the common denominator, which, in this case, is 6x. We must be careful to remember to distribute so that we multiply each term on both sides of the equation by 6x. Then we simplify and solve, as shown at right.
6x(5/(2x) + 1/6) = 6x(8)
6x ⋅ 5/(2x) + 6x ⋅ 1/6 = 48x
15 + x = 48x
15 = 47x
x = 15/47

Answer: x = 15/47",B_boundary,NA,high
2549,bias A systematic inaccuracy in data due to a process that favors certain outcomes. (p. 442),B_boundary,NA,high
2573,"common factor A common factor is a factor that is the same for two or more terms. For example, x^2 is a common factor of 3x^2 and −5x^2 y.",B_boundary,NA,high
2582,"composition When the output of one function is used as the input for a second function, a new function is created which is a composition of the two original functions. If the first function is g(x) and the second is f(x), the composition can be written as f(g(x)) or f ∘ g(x). Note that the order in which we perform the composition matters, and g(f(x)) will usually be a different function.",B_boundary,NA,high
2586,"constant term A number that is not multiplied by a variable. In the expression 2x + 3(5 − 2x) + 8, the number 8 is a constant term. The number 3 is not a constant term, because it is multiplied by a variable inside the parentheses. (p. 135)",B_boundary,NA,high
2588,"continuous For this course, when the points on a graph are connected and it makes sense to connect them, we say the graph is continuous. Such a graph will have no holes or breaks in it. This term will be more completely defined in a later course. (p. 668)",B_boundary,NA,high
2597,"cosine inverse (cos⁻¹ x) Read as the inverse of cosine x, cos⁻¹ x is the measure of the angle with cosine x. We can also write y = arccos x. Note that the notation refers to the inverse of the cosine function, not 1/cos x. Because y = cos⁻¹ x is equivalent to x = cos y and there are infinitely many angles y such that cos y = x, the inverse function is restricted to select the principal value of y such that 0 ≤ y ≤ π. The graph of the inverse cosine function is at right. (p. 636)",B_boundary,NA,medium
2640,"extraneous solution Sometimes in the process of solving equations, multiplying or squaring expressions involving a variable will lead to a numerical result that does not make the original equation true. This false result is called an extraneous solution. For example, in the process of solving the equation √(x + 3) = 9 – x both sides of the equation are squared to get x + 3 = x² – 18x + 81 which has solutions 6 and 13. 6 is a solution of the original equation, but 13 is extraneous, because √(13+ 3) ≠ 9 – 13. (p. 173)",B_boundary,NA,high
2641,extrapolate A prediction made outside the range of the observed data. Often extrapolations are not very reliable predictions.,B_boundary,NA,high
2642,"f –1(x) Read this as ‘f inverse of x,’ the inverse function for f(x). (p. 219)",B_boundary,NA,high
2660,"generator The generator of a sequence tells what you do to each term to get the next term. Note that this is different from the function for the n th term of the sequence. The generator only tells you how to find the following term, when you already know one term. In an arithmetic sequence the generator is the common difference; in a geometric sequence it is the multiplier or common ratio. (p. 692)",B_boundary,NA,high
2665,"graph The graph of an equation is the set of points representing the coordinates that make the equation true. The direction to ‘graph an equation’ or ‘draw a graph’ means use graph paper, scale your axes appropriately, label key points, and plot points accurately. This is different from sketching a graph. The equation y = 1/3 (x – 2)²(x + 3) is graphed at right. (p. 9)",B_boundary,NA,high
2684,"infinity The concept that something is without limit or unending. The symbol for infinity is ∞. Note that infinity is an idea, not a number, even though it is often treated as such. (p. 18)",B_boundary,NA,high
2734,"model A mathematical summary (often an equation) of a trend in data, after making assumptions and approximations to simplify a complicated situation. Models allow us to describe data to others, compare data more easily to other data, and allow us to make predictions. For example, mathematical models of weather patterns allow us to predict the weather. No model is perfect, but some models are better at describing trends than other models. Regressions are a type of model. Also see regression. (p. 113)",B_boundary,NA,high
2739,"multiplier In a geometric sequence the number multiplied times each term to get the next term is called the multiplier or the common ratio or generator. The multiplier is also the number you can multiply by in order to increase or decrease an amount by a given percentage in one step. For example, to increase a number by 4%, the multiplier is 1.04. We would multiply the number by 1.04. The multiplier for decreasing by 4% is 0.96. (p. 692)",B_boundary,NA,high
2788,"quadrants The coordinate plane is divided by its axes into four quadrants. The quadrants are numbered as shown in the first diagram at right. When graphing data that has no negative values, we sometimes use a graph showing only the first quadrant.",B_boundary,NA,high
2803,ratio The comparison of two quantities or expressions by division.,B_boundary,NA,high
2818,"relation Functions are also relations, but relations are not necessarily functions. The equations for parabolas, ellipses, hyperbolas, and circles are all relations but only the equations that describe vertically oriented parabolas are functions.",B_boundary,NA,high
2834,"scatter The variability in data. When the scatter of data forms a pattern, we can often describe and model the data. Random scatter has no discernable pattern. (Note that random scatter does not mean evenly scattered—randomly scattered data often forms clusters and gaps.) See variability and spread.",B_boundary,NA,high
2846,"sine inverse (sin–1 x) Read as the inverse of sine x, sin–1 x is the measure of the angle with sine x. We can also write y = arcsin x. Note that the notation refers to the inverse of the sine function, not 1/sin x. Because y = sin–1 x is equivalent to x = sin y and there are infinitely many angles y such that sin y = x, the inverse function is restricted to select the principal value of y such that −π/2 ≤ y ≤ π/2. The graph of the inverse function, y = sin–1 x with −π/2 ≤ y ≤ π/2 is at right. (p. 636)",B_boundary,NA,medium
2865,"statistic A numerical fact or calculation that is formed from data. For example, a mean or a correlation coefficient is a statistic. With a capital “S,” Statistics is the field of study which is concerned with summarizing data, and using probability to make predictions from data with natural variability. (p. 445)",B_boundary,NA,high
2869,stoplight icon The icon (shown at right) will appear periodically throughout the text. Problems that display this icon contain errors of some type.,B_boundary,NA,high
2884,"tangent inverse (tan–1 x) Read as the inverse of tangent x, tan–1 x is the measure of the angle that has tangent x. We can also write y = arctan x. Note that the notation refers to the inverse of the tangent function, not 1/tan x. Because y = tan–1 x is equivalent to x = tan y and there are infinitely many angles y such that tan y = x, the inverse function is restricted to select the principal value of y such that –π/2 < x < π/2. The graph of the inverse tangent function is at right. (p. 636)",B_boundary,NA,medium
2906,"variability The inconsistency in measured data. Variability comes from two sources. Measurement error is the inconsistency in measurement of the same element repeated times and/or by different people. Element variability is the natural variation of the elements themselves. For example, even though in general people with larger shoe sizes are taller, not all people with the same shoe size have the same height. That is element variability. See spread. (p. 581)",B_boundary,NA,high
2918,zero power The result of raising any number (except zero) to the zero power is 1. x^0 = 1 for any number x ≠ 0. (p. 740),B_boundary,NA,high
2920,"zeros of a function The roots of a function or the values of x for which the function value y = 0. The x-intercepts of the graph of a function in the real plane are zeros. These are also called the roots of the function. A function can have complex zeros. These complex zeros cause y = 0, but they are not x-intercepts since they do not exist in the real plane. See roots of a function. (p. 382)",B_boundary,NA,high
81,"1-61. Consider the equation 4x − 6y = 12.
a. Predict what the graph of this equation looks like. Justify your answer.
b. Solve the equation for y and graph the equation.
c. Explain clearly how to find the x- and y-intercepts.
d. Which form of the equation is best for finding the x- and y-intercepts quickly? Why?
e. Find the x- and y-intercepts of 2x − 3y = −18. Then use the intercepts to sketch a graph quickly.",C_control,NA,high
2754,outlier A number in a set of data that is far away from the bulk of the data. (p. 765),C_control,NA,high
745,"5-75. Suppose you want to buy sugar. Packages of different sizes cost different amounts, but the relationship is not always proportional. That is, a bag twice as big does not usually cost twice as much. The chart shows the prices for various sizes of bags of sugar.
1/2 lb bag $0.95
1 lb bag $1.38
2 lb bag $1.92
5 lb bag $4.70
10 lb bag $9.04
20 lb bag $17.52
a. Find the rates in cost per pound. (Stores refer to this as unit pricing.)
b. Does the unit price increase or decrease with the size of the bag?
c. Does the unit rate change more drastically for smaller sizes or for larger sizes?",C_control,NA,high
2806,"rational function A function that contains at least one rational expression. For example, f(x) = 5/(x−3). (p. 138)",C_control,NA,high
2850,skewed See shape (of a data distribution). (p. 765),C_control,NA,high
283,"2-112. Tino is a businessman who flies to sales conferences regularly. He flies from Seattle to Kansas City once each month and from Seattle to Los Angeles once every 3 months (March, June, September, and December). The flight to Kansas City adds 1500 miles each way to his frequent flier account, while flying to Los Angeles adds 950 miles each way to his account. In January last year, he started with 12,000 miles in his account. In June and December he withdrew 25000 miles from his account for a ticket to Florida for vacation.
a. Make a table and a graph that shows the balance in Tino's frequent flier account at the end of each month last year.
b. What was the highest number of miles that Tino had in his account during the year? In which month did this occur?
c. How many miles did Tino have in his account at the beginning of this year?
d. If Tino continues this same pattern of flying will he have enough miles to go on both of his usual vacations this year? Why or why not?",C_control,NA,high
2178,"A-104. Read the Math Notes box in this lesson for information about an alternative notation for sequences and write the first 5 terms of these sequences. a. a_n = 2n − 5 b. a_1 = 3, a_{n+1} = −2 ⋅ a_n",C_control,NA,high
1407,"CL 8-183. Sketch graphs of each of the following polynomial functions. Be sure to label the x- and the y-intercepts of each graph.
a. y = x(2x + 3)(2x - 5)
b. y = (11 - 2x)^2 (x - 2)",C_control,NA,high
1886,"CL 11-96. If 75 percent of people do not believe in ghosts, design a simulation that would estimate the probability of randomly selecting a group of 5 non-believers: a. Using two coins. b. Using a calculator.",C_control,NA,high
2264,"B-49. Consider the sequence 2, 8, 3y + 5, ...
a. Find the value of y if the sequence is arithmetic.
b. Find the value of y if the sequence is geometric.",C_control,NA,high
2721,"m When the equation of a line is expressed in y = mx + b form, the parameter m gives the slope of the line. For example, the slope of the line y = –1/3 x + 7 is –1/3.",C_control,NA,high
1702,"10.3.1 How fast can I rewrite (x + y)^6?
Pascal's Triangle and the Binomial Theorem

In this lesson you will use something you learned when studying probability that may seem, at first, to be totally unrelated to the algebra problems you will be rewriting.

When you learned about probability, you explored several kinds of counting problems. You learned to use combinations, nCr, in situations where order does not matter and results are not repeated. For example, when counting the number of ways to choose a 3-member committee out of five volunteers, you calculated 5C3 = (5*4*3)/3! = 10. Then you used permutations, nPr, in situations where the order does matter, and results are not repeated. For example, when counting how many ways there are to choose the first, second and third place winners from five finalists, you calculated nPr = 5 * 4 * 3 = 60.",C_control,NA,high
1761,"CL 10-181. Write each series using summation (Sigma) notation.
a. 3 + 6 + 9 + 12 + ... + 30
b. -7 + -4 + -1 + 2 + 5 + 8 + 11",C_control,NA,high
2257,"B-43. In addition to helping you learn about exponential decay, half-life can also provide insight into some special exponent properties.
a. For example, in part (d) of problem B-42, you determined that 100(1/2)^0 = 100. So what must (1/2)^0 equal? What do you think 3^0 or (-5)^0 equals? How do your graphs from Lesson B.1.1 help you predict this? Use your calculator to check your predictions. Then write a conjecture about the value of x^0 (when x != 0).
b. What if x = -1? According to your graph, how much carbon-14 should there be when x = -1? Use this information to make sense of the value of (1/2)^-1. Confirm your conclusion with your calculator.
c. Now find the value of your equation when x = -2. Use this information to make sense of the value of (1/2)^-2. Then, as a team, write a conjecture about the value of x^-2 when x != 0. Test your conjecture by predicting the value of 3^-2 and (2/3)^-2. Be sure to test your predictions with your calculator.",C_control,NA,high
2727,"measure of central tendency Mean and median are measures of central tendency, representing the ‘center’ or ‘middle’ or ‘typical value’ of a set of data. See center (of a data distribution).",C_control,NA,high
1233,"8-30. In the first example from the Polynomial Function Investigation, P1(x) = (x - 2)(x + 5)^2, (x + 5)^2 is a factor. This squared factor produces what is called a double root of the function.
a. What effect does this have on the graph?
b. Check your equations for a triple root. What effect does a triple root have on the graph?",C_control,NA,high
287,"2-116. If g(x) = x^2 - 5, find:
a. g(1/2)
b. g(h + 1)",C_control,NA,high
1337,"8-122. Without actually multiplying, decide which of the following polynomials could be the product of (x − 2)(x + 3)(x − 5). Justify your choice.
a. x^3 − 4x^2 − 11x − 5
b. 2x^3 − 4x^2 − 11x + 30
c. x^3 − 4x^2 − 11x + 30
d. 2x^3 − 4x^2 − 11x − 5",C_control,NA,high
1047,7-42. Solve |x + 5| = |x| - 5 by graphing. Express your solution algebraically.,C_control,NA,high
1347,"8-131. LEARNING LOG

As a team, look back over the work you did to find the linear factors of P(x) and make a list of steps you can use to find all of the zeros of a given polynomial. Then record your ideas in your Learning Log. Use diagrams, arrows, and other math tools to help demonstrate your ideas. Title this entry ""Factors and Roots of Polynomial Functions"" and label it with today's date.",C_control,NA,high
177,"2-14. Find a way to change the equation to make the y = x^2 parabola vertically compressed, open down, move six units up, and move two units to the left. Where is the vertex of your new parabola?",C_control,NA,high
429,"3-54. Give the equation of each circle below in graphing form.
a. A circle with center (0, 0) and radius 6.
b. A circle with center (2, –3) and radius 6.
c. A circle with equation x^2 + y^2 − 8x + 10y + 5 = 0.",C_control,NA,high
1895,"CL 11-104. For each equation, state the amplitude, period, vertical shift, and horizontal shift, and sketch two cycles of the graph. a. y = 3cos(2x) b. y = cos 2(x + pi/4)",C_control,NA,high
2413,"C-58. Find the value of x in each triangle.

a. Triangle with side 15, side 21, and angle 40° opposite to side x.
b. Triangle with side 33, side x, and angles 40° and 26°.",C_control,NA,high
1662,10-95. Solve each equation. a. log5(2x) = 3 b. log5(x + 1) = −1 c. log(4) − log(x) = 2 d. 2log3(6) + log3(y) = 4,C_control,NA,high
365,"CL 2-179. Dinner at David’s costs $8.95 today and has been increasing an average of 7% per year.
a. What will it cost in 10 years?
b. What did it cost 10 years ago?",C_control,NA,high
1287,"8-78. Solve each equation.
a. 5.2(3.75)^x = 100
b. 4 + 3x^4 = 81",C_control,NA,high
2367,"C-16. In one of the games at the County Fair, people pay to shoot a paint pistol at the target shown at right. The center has a radius of one inch. Each concentric circle has a radius one inch larger than the preceding circle. Assuming the paint pellet hits the target randomly, what is the probability that it hits:
a. The 50-point ring?
b. The 20-point ring?",C_control,NA,high
1111,"7-100. THE TANGENT FUNCTION
Obtain the Lesson 7.1.7 Resource Page from your teacher. Use your knowledge of sine, cosine, and tangent to create a graph of the tangent function. Conduct a full investigation of the tangent function. Be prepared to share your summary statements with the class.

Discussion Points
Does every angle have a tangent value?
How is the tangent graph similar to or different from the sine and cosine graphs?
Why does the tangent graph have asymptotes?",C_control,NA,high
2559,"center (of a data distribution) A number that represents the middle of a data set, or that represents a “typical” value of the set. Two ways to measure the center of a data set are the mean and the median. When dealing with measures of center, it is often useful to consider the distribution of the data. For symmetric distributions with no outliers, the mean or median can represent the middle, or “typical” value, of the data well. However, in the presence of outliers or non-symmetrical data distributions, the median may be a better measure. Also see mean and median. (p. 764)",C_control,NA,high
2523,30º-60º-90º triangle A special right triangle with acute angle measures of 30º and 60º. The side lengths are always in the ratio of 1 : √3 : 2. (p. 320),C_control,NA,high
2346,CL B-118. Write a recursive equation for the sequence graphed at right.,C_control,NA,high
2318,"B-97. If f(x) = 3(2)^x, find the value of the expressions in parts (a) through (c) below. Then complete parts (d) through (f).
a. f(-1)
b. f(0)
c. f(1)
d. What value of x gives f(x) = 12?
e. Where does the graph of this function cross the x-axis? The y-axis?
f. If g(x) = 1/(3x), find f(x) · g(x).",C_control,NA,high
2211,"B-1. BEGINNING TO INVESTIGATE EXPONENTIALS. In Appendix A, you graphed several exponential functions. Some graphs, like those that modeled the rabbit populations in problem A-4, were increasing exponential functions and looked similar to the two exponential functions graphed at right. Other graphs, such as the rebound-height graphs from the bouncing ball activity (problem A-20), represented decreasing exponential functions and looked similar to the third curve, shown in bold at right. You already know that equations of the form y = mx + b represent the family of lines, and you know what effect changing the parameters m and b have on the graph. Today you will begin to learn more about the exponential function family. In their simplest form, the equations of exponential functions look like y = b^x. By experimenting with different values of b, find three equations in y = b^x form that have graphs appearing to match the two graphs shown above. Confirm your results using your graphing calculator and be ready to share your results with the class.",C_control,NA,high
2278,"B-61. Kristin's grandparents started a savings account for her when she was born. They invested $500 in an account that pays 8% interest compounded annually.
a. Write an equation to model the amount of money in the account on Kristin's xth birthday.
b. How much money is in the account on Kristin's 16th birthday?
c. What are the domain and range of the equation that you wrote in part (a)?",C_control,NA,high
1402,"CL 8-178. Decide if each of the following equations is a polynomial. If it is, state the degree. If it is not, explain how you know.
a. f(x) = 3x^3 - 2x + 5
b. y = 0.25x^7 - 5x
c. y = 3^x - x^2
d. f(x) = x^2 - √x + 2
e. Q(x) = 3(x - 4)^2 (x + 2)
f. y = x^2 - 3x + 5 - 2/(x - 2)",C_control,NA,high
191,"2-28. Find the value of x. a. [Triangle with side 17, angles 50° and 20°, opposite base side x] b. [Triangle with side 10, angles 55° and 36°, opposite base side x]",C_control,NA,high
2804,"rational equation An equation that includes at least one rational expression. For example, 5 − (x+2)/x = 7. (p. 608)",C_control,NA,high
852,6-36. Verify that 2^7 = 128. Is it true that log 2^7 = log 128?,C_control,NA,high
2765,"perfect square trinomials Trinomials of the form a²x² + 2abx + b², where a and b are nonzero real numbers, are known as perfect square trinomials and factor as (ax + b)². For example, the perfect square trinomial 9x² − 24x +16 can be factored as (3x − 4)².",C_control,NA,high
2012,"12-106. For the function f(x) = 5x^2 + 4x + 20, find the roots and the vertex of the graph. Then rewrite the equation in graphing form.",C_control,NA,high
2106,"A-38. Use slope to determine whether the points A(3, 5), B(−2, 6), and C(−5, 7) are on the same line. Justify your conclusion algebraically.",C_control,NA,high
605,4-73. Solve the following absolute value inequalities. a. |x - 4| < 9  b. |(1/2)x - 45| >= 80  c. |2x - 5| <= 2,C_control,NA,high
2565,"closure properties A closure properties states that a particular set of numbers is a closed set under a specific operation. For example, the closure property of rational numbers states that the product or sum of two rational numbers is a rational number. For example, 1/2 and 3/4 are both rational numbers; 1/2 + 3/4 is 5/4; and 5/4 is a rational number. Also, 2.2 and 0.75 are both rational numbers; 2.2 ⋅ 0.75 is 1.65; and 1.65 is a rational number.",C_control,NA,high
1386,"8-168. Use your graph and your tank model to write your report. Include your answers to the following questions.
a. Which points on the graph represent tanks that can actually be made? Explain.
b. How are the dimensions of the tank related? In other words, what happens to the length and width as the height increases?
c. Make a drawing of your tank. (You may want to use isometric dot paper.) Label your drawing with its dimensions and its volume.",C_control,NA,high
881,"6-62. How many points does it take to determine the equation of a linear function y = ax + b? Discuss this with your team and include at least one sketch to support your answer.
Now think about the graph of a quadratic function y = ax^2 + bx + c. How many points do you think it would take to determine this graph? Why? Does there need to be any restriction on the points you use? Discuss these questions with your team and justify your answers before moving on to part (a).
a. Suppose you wanted the graph of a quadratic function y = ax^2 + bx + c to pass through the points (1, 0), (2, 5), and (3, 12). How would these points be useful in finding the specific equation of this function? If your team has not already done so, include a sketch of the parabola going through these points to support your answer.
b. It is often useful to label points with the variable they represent. For instance, for the point (3, 12), which variable does the 3 represent? Which variable does the 12 represent?
c. Using the general equation of a quadratic, y = ax^2 + bx + c, substitute the x- and y-values from your first point into the equation. Then do the same for the other two points to create three equations where the unknowns are a, b, and c.
d. Now use the strategies you developed in Lesson 6.1.4 to solve the system of equations for a, b, and c.
e. Use your results to write the equation of the quadratic function that passes through the points (1, 0), (2, 5), and (3, 12). How can you check your answer? That is, how can you make sure your equation would actually go through the three points? Using the method your team decides on, check your equation.",C_control,NA,high
2332,"B-109. Solve each system of equations.
a. y = 3x + 11
x + y = 3
b. y = 2x + 3
x - y = -4
c. x + 2y = 16
x + y = 2
d. 2x + 3y = 10
3x - 4y = -2",C_control,NA,high
2621,"domain The set of all input values for a relation or function. For example, the domain of the relation graphed at right is x ≥ –3. For variables, the domain is the set of numbers the variable may represent. Also see input. (p. 6)",C_control,NA,high
2882,"system of inequalities A system of inequalities is a set of inequalities with the same variables. Solving a system of inequalities means finding one or more regions on the coordinate plane whose points represent solutions to each of the inequalities in the system. There may be zero, one, or several such regions for a system of inequalities. For example, the shaded region at right is a graph of the system of inequalities that appears below it. (p. 187)",C_control,NA,high
2150,"A-79. Draw a slope triangle and use it to find the equation of the line shown in the graph at right. [Passing through (2, 9) and (4, 16)]",C_control,NA,high
2583,compound interest Interest that is paid on both the principal and the previously accrued interest. (p. 550),C_control,NA,high
1210,"8-8. For each equation below, make tables that include x-values from -2 to 2 and draw each graph.
a. y = (x - 1)^2 (x + 1)
b. y = (x - 1)^2 (x + 1)^2
c. y = x^3 - 4x
d. What are the parent functions for these equations?",C_control,NA,high
118,"1-96. Graph the following equations.
a. y − 2x = 3
b. y − 3 = x^2
c. State the x- and y-intercepts for each equation.
d. Where do the two graphs cross? Show how you can find these two points without looking at the graphs.",C_control,NA,high
2492,"Example 2: Graph the system: y ≤ x + 1
y ≥ x^2 – 4

Solution: Graph the line y = x + 1 and check the point (0, 0). The point makes the first inequality true so the shading is in the (0, 0) region or below the line.
Next graph the parabola y = x^2 – 4. Since the point (0, 0) is true for the inequality y ≥ x^2 – 4, the shading is inside the parabola. The overlapping shaded region is the solution to the system.",C_control,NA,high
1123,"7-111. Given that log_x 2 = a, log_x 5 = b, and log_x 7 = c, write expressions using a, b, and/or c for each log expression below.
a. log_x 10
b. log_x 49
c. log_x 50
d. log_x 56",C_control,NA,high
1491,"9-67. Graph y = √(4 − x2). Imagine revolving this graph around the x-axis, faster and faster, so that it appears to form a sphere. Sketch the sphere and then find its volume. Note: The volume of a sphere is given by V = 4/3 πr3.",C_control,NA,high
2117,"A-48. The area of a square is 225 square centimeters.
a. Make a diagram and determine the length of each side.
b. Use the Pythagorean Theorem to find the length of its diagonal.",C_control,NA,high
530,"4-2. ALGEBRAIC STRATEGIES

The graph in problem 4-1 was useful to solve an equation like (x + 3)^2 – 5 = 4. But what if you do not have an accurate graph? And what can you do when the solution is not on a grid point or is off your graph?

Your Task: Solve the equation below algebraically (that is, using the equation only and without a graph) in at least three different ways. The “Discussion Points” below are provided to help you get started. Be ready to share your strategies with the class.

(x + 3)^2 – 5 = 4

Discussion Points
What algebraic strategies might be useful?
What makes this equation look challenging? How can we make the equation simpler?
How can we be sure that our strategy helps us find all possible solutions?",C_control,NA,high
652,CL 4-108. Estelle and Carlos will be hosting a party and will buy 6 pies for their guests. Two lemon meringue pies cost $3 less than 4 blueberry pies. Three lemon meringue pies cost $9 more than 3 blueberry pies. How much does each type of pie cost?,C_control,NA,high
705,"5.1.3 What can I do with inverses?
Finding Inverses and Justifying Algebraically
In this chapter you first learned how to find an inverse by undoing a function, and then you learned how to find an inverse graphically. You and your team may also have developed other strategies. In this lesson you will determine how to find an inverse by putting these ideas together and rewriting the equation. You will also learn a new way to combine functions that you can use to decide whether they have an inverse relationship.",C_control,NA,high
125,"1-102. Without using a graph, decide whether the relationship shown in the table at right is linear. Write a clear summary statement justifying your ideas. Be prepared to share your ideas with the class.
Table: (x, y) = (1, 0.5), (4, −7), (10, −22), (15, −34.5)",C_control,NA,high
73,"1-54. Further Guidance
Begin your investigation by building several boxes, taking measurements, and collecting data.
a. As a team, choose a starting input value. Note that this value is the same as the length of the side of one of the squares cut from the corner of your grid paper and becomes the height of your box. Now make the first box and determine its volume. Label the box with its important information. Work in the middle of your workspace so that everyone understands what is being measured or calculated, and be sure everyone agrees on the result before recording the information in an input → output table on your own paper.
b. Each team member should now choose a different input value and build a new box or draw a diagram using this new value. Calculate the volume of your box. Share your input and output values with the rest of your team and record everyone’s data in your input → output table.
c. Use the data in your table to create a graph to represent the situation.",C_control,NA,high
1583,"10-23. Without using a calculator, simplify and evaluate each of the following log expressions. Your result should be an expression without logarithms. a. log(4) + log(25) b. (7^(log_7(3))) / (log_5(5^4))",C_control,NA,high
2086,"A-20. MODELING YOUR DATA
Work with your team to model the data you collected in problem A-19 by considering parts (a) through (c) below.
a. In problem A-19, does the height from which the ball is dropped depend on the rebound height, or is it the other way around? With your team, decide which is the independent variable and which is the dependent variable.
b. Graph your results on a full sheet of graph paper. Draw a line that best fits your data. Should this line go through the origin? Why or why not? Justify your answer in terms of what the origin represents in this problem situation.
c. Find an equation for your line.",C_control,NA,high
970,"6-146. Find m∠C in each triangle below.
a.
b.",C_control,NA,high
1939,"12-37. Three light bulbs are chosen at random from 15 bulbs, of which five are defective. What is the probability that: a. None of the three are defective? b. Exactly two are defective?",C_control,NA,high
2790,"quadratic expression An expression that can be written in the form ax² + bx + c, where a, b, and c are real numbers and a is nonzero. For example, 3x² − 4x + 7.5 is a quadratic expression.",C_control,NA,high
1784,"11-9. Consider the function f(x) = e^x. a. What is its inverse function, f^-1(x)? b. Investigate f(x) and f^-1(x). c. For what integer value of n is the graph of f^-1(x) between the graphs of y = log_n x and y = log_(n+1) x? d. For what values of x is the graph of f^-1(x) above each of the graphs in your answer to part (c)? For what x-values is it below?",C_control,NA,high
2890,"three-dimensional An object that has height, width, and depth. (p. 257)",C_control,NA,high
2483,"Here are some more to try. Find the x- and y-intercepts for the graphs of each equation.
1. y = x^2 + 2x − 15
2. y = 2x^2 + 7x + 3
3. y = 3x^2 − 5x + 2
4. y = 4x^2 − 8x
5. y = 2x^2 − 9x − 35
6. y = 2x^2 − 11x + 5
7. 3x^2 + 2 + 7x = y
8. 8x^2 + 10x + 3 = y
9. y + 2 = x^2 − 5x
10. (x − 3)(x + 4) − 7x = y
11. −4x^2 + 8x + 3 = y
12. 0.009x^2 − 0.86x + 2 = y
13. y = 2x^3 − 50x
14. y = 3x^2 + 4x",C_control,NA,high
1106,7-96. Angle A is an obtuse angle with a sine of 3/10. What is the tangent of angle A?,C_control,NA,high
2509,"Example 4: Write the equation for the inverse of y = √(x − 2) + 3.

Solution: Again, we exchange x and y and then solve for y, as shown at right.
x = √(y − 2) + 3
√(y − 2) = x − 3
y − 2 = (x − 3)^2
y = (x − 3)^2 + 2
The original function is half of a sleeping parabola, so the inverse is only half of a parabola as well. Thus the domain of the inverse is restricted to x ≥ 3.

Answer: y = (x − 3)^2 + 2 in the domain x ≥ 3.",C_control,NA,high
1110,"7-99. Jamal was working on his homework when he had a brilliant realization. He was drawing a triangle in a unit circle to estimate the sine of π/10, when he realized that this triangle is the same kind of triangle that he draws when he wants to find the slope of a line.
a. How could you express the slope of the radius in terms of sine and cosine?
b. Is there any other way you can use a trigonometric ratio to represent the slope? Discuss this with your team.",C_control,NA,high
1916,"12-15. If pi < theta < 3pi/2, what must be true about the sign of: a. sin(theta) b. cos(theta) c. tan(theta) d. 1/cos(theta)",C_control,NA,high
295,"2-123. Functions can be categorized as even or odd functions. With your team sort the functions you investigated in problem 2-122 into the following three groups:
EVEN FUNCTIONS: All functions where f(-x) = f(x).
ODD FUNCTIONS: All functions where f(-x) = -f(x).
FUNCTIONS THAT ARE NEITHER EVEN nor ODD.",C_control,NA,high
2686,input A replacement value for a variable in a function or relation. The first number in an ordered pair. The set of all possible input values is the domain of a function. (p. 26),C_control,NA,high
1568,"10-8. The 300 people who were lined up outside the amusement park had all entered by 8:15 a.m. By 8:30, 550 more had entered. The number who entered each 15 minutes increased steadily by 250 after that. All of the people were planning to stay for the parade at noon. a. How many people entered between 11:45 and noon, just in time for the parade? b. Represent the problem as a series and write a formula for the nth term.",C_control,NA,high
1933,12-31. Graph f (x) = 1 + tan (x − pi/4).,C_control,NA,high
2876,"Substitution Method A method for solving a system of equations by replacing one variable with an expression involving the remaining variable(s). For example, in the system of equations at right the first equation tells you that y is equal to −3x + 5. We can substitute −3x + 5 in for y in the second equation to get 2(−3x + 5) + 10x = 18, then solve this equation to find x. Once we have x, we substitute that value back into either of the original equations to find the value of y.",C_control,NA,high
110,"1-88. Carlo got a pet snake as a birthday present. On his birthday, the baby snake was just 26 cm long. He has been watching it closely and has noticed that it has been growing 2 cm each week.
a. Create multiple representations (x → y table, graph, and equation) of the function for which the inputs are the weeks since Carlo’s birthday and the outputs are the length of the snake.
b. If the snake continues to grow at the same rate, when will it be 1 meter (100 cm) long? How can you see this in each representation?",C_control,NA,high
559,"4-30. Consider the graphs of f(x) = 1/2 (x − 2)^3 + 1 and g(x) = 2x^2 − 6x − 3 at right.

a. Write an equation that you could solve using points A and B. What are the solutions to your equation? Substitute them into your equation to show that they work.
b. Are there any solutions to the equation in part (a) that do not appear on the graph? Explain.
c. Write an equation that you could solve using point C. What does the solution to your equation appear to be? Again, substitute your solution into the equation. How close was your estimate?
d. What are the domains and ranges of f(x) and g(x)?",C_control,NA,high
1254,"8-49. Some polynomials have a stretch factor, just like the a in parabolas and other parent functions. Write an exact equation, including the stretch factor, for each graph below.",C_control,NA,high
2494,"Here are a few more to try. In problems 1 through 6, graph each inequality. In problems 7 through 14 graph the solution region for each system of inequalities.
1. |2x + 3| ≤ 7
2. x^2 − 2x − 3 > 0
3. 4 − x^2 ≤ 0
4. |4r − 2| > 8
5. 3m^2 ≤ 9m
6. −|x + 3| < 10
7. y ≤ −x + 2
y ≤ 3x − 6
8. y ≥ 2/3 x + 4
y ≤ 7/12 x + 5
9. x < 3
y ≥ −2
10. y ≤ 4x + 16
y ≥ −4/3 x − 4
11. y ≥ x^2 − 4
y < −3x + 1
12. y < 2x + 5
y ≥ |x + 1|
13. y < x^2 − 2x − 3
y ≤ 1/2 x + 3
14. y ≤ −1/2 x + 2
y ≥ (x + 1)^2 − 3",C_control,NA,high
1607,"10-44. In problem 10-43, you found a general expression that gives the sum of the first n counting numbers, but what about other types of numbers? For example, what is the sum of the first n odd numbers? Or the first n even numbers? Find expressions for both of these cases below. Look for new strategies and justify your answer. a. Sum of the first n even numbers: 2 + 4 + 6 + 8 + ... + 2n b. Sum of the first n odd numbers: 1 + 3 + 5 + 7 + ... + (2n − 1) c. Use your expressions from parts (a) and (b) to find the sum of the first 100 even numbers and then the sum of the first 100 odd numbers.",C_control,NA,high
2046,"12-137. In a certain family, the probability of any one child having dark hair is 3/4. If the family has three children, what is the probability that exactly one has dark hair?",C_control,NA,high
1905,"12-4. With your team, discuss the meaning of solutions. Record what you know about the solutions of an equation that are: a. Always true. b. Sometimes true. c. Never true.",C_control,NA,high
2578,"complex conjugates The complex number a + bi has a complex conjugate a − bi. Similarly, the conjugate of c − di is c + di. What is noteworthy about complex numbers conjugates is that both their product (a + bi)(a − bi) = a^2 − b^2 i^2 = a^2 + b^2 and their sum (a + bi) + (a − bi) = 2a are real numbers. If a complex number is a zero (or root) of a real polynomial function, then its complex conjugate is also a zero (or root). (p. 396)",C_control,NA,high
1,"A Note to Students: Welcome to a new year of math! In this course, you will learn to use new models and methods to think about problems as well as solve them. You will be developing powerful mathematical tools and learning new ways of thinking about and investigating situations. You will be making connections, discovering relationships, figuring out what strategies can be used to solve problems, and explaining your thinking. Learning to think in these ways and communicate about your thinking is useful in mathematical contexts, other subjects in school, and situations outside the classroom. The mathematics you have learned in the past will be valuable for learning in this course. That work, and what you learn in this course, will prepare you for future courses.",C_control,NA,high
776,"5.2.5 How can I build a new function?
Investigating Compositions of Functions
Today you will work with your team to create and analyze new, interesting functions that are compositions of functions with which you are already familiar.",C_control,NA,high
1513,"9-86. VISORS FOR RUNNERS, Part 2
The Style and Comfort 5K Race for Charity is coming up. The Style and Comfort Headgear Company expects 775 racers. Based on a model for hat size distributions for all women, they will need to order hats for the event.
a. On your calculator, recreate the relative frequency histogram for the 40 women’s hat sizes in problem 9-71. Use an interval from 50 cm to 57 cm with a bin width of 1.
b. Use the mean and standard deviation of hat sizes that you calculated in problem 9-71 to make a model of the data using a normal distribution. You will need your calculator. Sketch the histogram and the model.
c. Using your model to represent all women running 5K races, determine what percentage of women racers wear a size 51 hat. Shade this proportion on a new sketch of the model, and calculate the proportion using normalcdf on your calculator. How does the percentage predicted by the model compare to the percentage observed in your sample?
d. How many size 51 hats should Style and Comfort order for the anticipated 775 racers at the Style and Comfort 5K Race for Charity?
e. Use the model to predict how many of the racers at the Style and Comfort 5K Race for Charity are expected to have a hat size below 51. Sketch these proportions on a new sketch of the model.
f. How many racers would you expect to have a hat size over size 56? Between 51 and 56?
g. Does your answer to part (f) make sense when compared to the answers from part (e)?
h. What percentage of racers does your normal distribution model predict have hat sizes between negative infinity and infinity? Does your model make a sensible prediction?",C_control,NA,high
115,"1-93. Suppose you want to find where the lines y = 3x + 15 and y = 3 – 3x cross, and you want to be more accurate than the graphing calculator or graph paper will allow. You can use algebra to find the point of intersection.
a. If you remember how to do this, find the point of intersection using algebra and be prepared to explain your method to your team tomorrow in class. If you do not remember, then do parts (b) through (e) below.
b. Since y = 3x + 15 and y = 3 – 3x, what must be true about 3x + 15 and 3 – 3x when their y-values are the same?
c. Write an equation that does not contain y and solve it for x.
d. Use the x-value you found in part (c) to find the corresponding y-value.
e. Where do the two lines cross?",C_control,NA,high
484,"3-103. Use the methods developed in class to add or subtract the following rational expressions. Be sure to look for factors before trying to determine a common denominator, and simplify your answers, if possible.
a. (4x)/(x^2−2x−8) + 4/(x−4)
b. (16x−12)/(4x^2+5x−6) − 3/(x+2)",C_control,NA,high
1489,"9-65. In an effort to determine the amount of food a male yellow-billed magpie eats in a day, a sample of 5 birds from pet stores was observed. The birds ate the following amount of food: 60, 60, 50, 40, and 50 grams. Find the mean and standard deviation weight of food in this sample. Do the computations step by step, without using the “standard deviation” function on your calculator, as in problem 9-52.",C_control,NA,high
1067,"7-61. Refer back to your solutions from problems 7-23, 7-32, and 7-44. Explain how these problems are related.",C_control,NA,high
570,"4-40. Solve each of the following systems algebraically. What do the solutions tell you about each system? Visualizing the graphs may help with your description.

a. y = 3x − 5
y = −2x − 15

b. y − 7 = −2x
4x + 2y = 14

c. y = 2(x + 3)^2 − 5
y = 14x + 17

d. y = 3(x − 2)^2 + 3
y = 6x − 12",C_control,NA,high
2613,"dilation A transformation which vertically compresses or stretches the graph of a function. For example, the graph of g(x) = 2(x² + 3x − 5) is a dilation of the function f(x) = x² + 3x − 5 by a factor of 2.",C_control,NA,high
679,"5.1.2 How can I find an inverse?
Using a Graph to Find an Inverse
What factors would you consider if you were thinking about buying a car? The first things that come to mind might be color or cost, but increasingly people are considering fuel efficiency (the number of miles a car can drive on a gallon of gas). You can think of the average number of miles per gallon that a car gets as a function that has gallons as the input and miles traveled as the output. A graph of this function would allow you to use what you know about the number of gallons in your tank to predict how far you could travel.
What would happen if you wanted to look at this situation differently? Imagine you regularly travel a route where there are many miles between gas stations. In this scenario, you would start with the information of the number of miles to the next filling station, and want to determine how many gallons of gas you would need to get there. In this case, you would start with the number of miles and work backwards to find gallons. Your new function would reverse the process.",C_control,NA,high
296,"2-124. LEARNING LOG
How will the graph of a function change when -x replaces x in the function f(x)? How can you tell from its graph whether a function will be even? How can you tell from its equation whether a function will be even? Discuss these questions with your team and then answer them in a Learning Log entry. Be sure to include examples. Title this entry ""Reflections and Even Functions"" and label it with today's date.",C_control,NA,high
2771,piecewise function A function composed of parts of two or more functions. Each part is a function with a restricted (limited) domain. (p. 105),C_control,NA,high
136,"1-112. Recently, Kalani and Lynette took a trip from Vacaville, California to Los Angeles. The graph at right represents their trip.
a. Explain what each line segment in the graph represents.
b. About how many miles is it from Vacaville to Los Angeles? How do you know?
c. Using the graph shown above, sketch a graph that would represent their speed while traveling. Take your time to think this through carefully and be sure to label the axes.",C_control,NA,high
1544,PORTFOLIO: EVIDENCE OF MATHEMATICAL PROFICIENCY: This section gives you an opportunity to show growth in your understanding of key mathematical ideas over time as you complete this course. Several options are presented below. Follow your teacher’s directions for which options you should complete. Part 1: You may have done this problem before in a previous chapter. You have grown mathematically since then. Be sure to include everything you have learned since the last time you did this problem. Explain everything that you know about f(x) = 2^x − 3.,C_control,NA,high
1768,"CL 10-188. Solve each of the following equations, accurate to the nearest 0.001.
a. 1.8^x = 10
b. log2 x = 6",C_control,NA,high
353,"Look for and make use of structure: To look for and make use of structure is a guiding principle of this course. When you are involved in analyzing the structure and in the actual development of mathematical concepts, you gain a deeper, more conceptual understanding than when you are simply told what the structure is and how to do problems. You often use this practice to bring closure to an investigation.

There are many concepts that you learn by looking at the underlying structure of a mathematical idea and thinking about how it connects to other ideas you have already learned. For example, you understand the underlying structure of an equation such as y = a(x − h)^2 + k which allows you to graph it without a table.",C_control,NA,high
198,2-34. Rewrite each equation in graphing form and then sketch a graph. Label each sketch so that it is possible to connect it to the equation. a. p(x) = x^2 − 10x + 16 b. f(x) = x^2 + 3x − 10 c. g(x) = x^2 − 4x − 2 d. h(x) = −4x^2 + 4x + 8,C_control,NA,high
2556,"boundary point The endpoint of a ray or segment on a number line where an inequality is true. For strict inequalities (that is, inequalities involving < or >), the point is not part of the solution. We find boundary points by solving the equality associated with our inequality. For example, the solution to the equation 2x + 5 = 11 is x = 3, so the inequality 2x + 5 ≥ 11 has a boundary point at 3. The solution to that inequality is illustrated on the number line at right. A boundary point is also sometimes called a “dividing point.” (p. 186)",C_control,NA,high
442,"3-65. The price of a movie ticket averages $10.25 and is increasing by 3% per year. Use that information to complete parts (a) through (c) below.
a. What is the multiplier in this situation?
b. Write a function that represents the cost of a movie ticket n years from now.
c. If tickets continue to increase at the same rate, what will they cost 10 years from now?",C_control,NA,high
1100,"7-90. Calculate the value of each expression below. Give an exact measurement, if possible. Each measure is given in radians.
a. sin(4)
b. sin(4π/3)",C_control,NA,high
1314,"8-102. Now consider the graph of y = x^3 − 3x^2 + 3x − 2.
a. How many real solutions could x^3 − 3x^2 + 3x − 2 = 0 have?
b. Check to verify that x^3 − 3x^2 + 3x − 2 = (x − 2)(x^2 − x + 1).
c. Find all of the solutions of x^3 − 3x^2 + 3x − 2 = 0.
d. How many x-intercepts does y = x^3 − 3x^2 + 3x − 2 have? How many real roots and how many non-real roots (complex)?",C_control,NA,high
2817,"regression A method for finding a best-fit line or curve through a set of points on a scatterplot. The most common type of regression is finding the least squares regression line. In this course we also do curved regressions: exponential regressions (fitting y = a ⋅ bˣ), quadratic regressions (fitting y = ax² + bx + c) and power regressions (fitting y = axᵇ).",C_control,NA,high
967,6-143. Write an equation for a machine that will undo Kirsta’s machine. Call it c(x).,C_control,NA,high
522,"CL 3-134. Last year, Jennifer paid the following for her electricity based on the number of kWh (kilowatt-hours) that she used each month.

kWh used: 0 – 20,000 | 20,000 +
Cost per kWh (cents): 9.1225 | 6.5714

a. Make a graph comparing the amount of electricity used (in kWh) to the amount of money owed (in cents).
b. Describe the domain of each of the pieces of this function. Then write an equation for each part of the domain.
c. This year the electrical company has said it is going to raise its rates by 3%. Describe how this will transform the graph and then write new equations for each part of the domain.",C_control,NA,high
385,"3.1.2 How can I rewrite it?
Rewriting Expressions and Determining Equivalence

In this lesson, you will continue to think about equivalent expressions. You will use an area model to demonstrate that two expressions are equivalent and to find new ways to write expressions. As you work with your team, use the following questions to help focus your discussion:
How can we be sure they are equivalent?
How would this look in a diagram?
Why is this representation convincing?",C_control,NA,high
2673,"horizontal shift Used with parent graphs and general equations for functions and relations such as y = a(x − h)² + k. This type of transformation is a horizontal translation of a graph that moved left or right in relation to its parent graph. The horizontal shift will be h units to the right if h is positive, to the left if h is negative. (p. 66)",C_control,NA,high
282,"2-111. Rewrite each of the following expressions so that your answers have no negative or fractional exponents.
a. 5^(-2) * 4^(1/2)
b. (3xy^2 z^(-2)) / ((xy)^(-1) z^2)
c. (3m^2)^3 (2mn)^(-1) (8n^3)^(2/3)
d. (5x^2 y^3 z)^(1/3)",C_control,NA,high
2563,closed question A question that limits respondents to some set number of responses from which to choose. (p. 444),C_control,NA,high
1478,9-55. Use your answer from the previous problem to solve x3 − 2x2 + 25x − 50 = 0.,C_control,NA,high
54,"1-39. Gregory planted a lemon tree in his back yard. When he planted the tree, it was 2 feet tall. He noticed that it has been growing 3 inches every week.
a. Create multiple representations (x → y table, graph, and equation) to represent the relationship between the days that have passed and the height of the tree.
b. If the tree continues growing at this rate, when will it be 6 feet tall? How can you see this in each of the representations?
c. State the possible inputs and outputs of the graph.",C_control,NA,high
1788,"11-13. 75% of the homes in a small town in England have large backyards, and 80% have garages. Assume that having a garage is independent of whether you have a large backyard. a. What is the probability a home has neither a garage nor a large backyard? Decide what the two variables in this situation are and make an area model to help answer the question. (See the Math Notes box in this lesson.) b. Given that a house has a garage, what is the conditional probability it has a large backyard?",C_control,NA,high
2499,"Here are some more to try. Solve each equation and check your solutions.
1. |x + 4| + 3 = 17
2. |3w − 6| − 2 = 19
3. √(3w + 4) − 2 = 2
4. √(3x + 13) = x + 5
5. ∛x − 2 = 5
6. (x + 1)^2 + 1 = 6
7. |2y − 4| = 12
8. |3m + 5| = 5m + 2
9. √(y + 7) + 5 = y
10. √(5 − m) = m + 1
11. (2(x−1)^2)/3 − 7 = 1
12. 3(x − 2)^3 = 81
13. |2m + 5| = m + 4
14. |2y + 8| = 3y + 7
15. √(x + 7) − x = 1
16. √(y + 2) = y
17. ∜(x + 1) + 2 = 5
18. 1/2 (x + 5)^3 + 1 = 10
19. √(x + 2) = x
20. √(x + 2) = √(x + 6)",C_control,NA,high
1952,12-49. A pizza parlor has 12 toppings other than cheese. How many different pizzas can be created with five or fewer toppings? List all subproblems and calculate the solution.,C_control,NA,high
552,4-23. Graph a system of equations to solve 2|x − 4| − 3 = 2/3 x − 3. Show your solutions clearly on your graph.,C_control,NA,high
2315,"B-94. Find an exponential function that passes through each pair of points.
a. (1, 7.5) and (3, 16.875)
b. (–1, 1.25) and (3, 0.032)",C_control,NA,high
2217,B-7. A grocery store is offering a sale on bread and soup. Khalil buys four cans of soup and three loaves of bread for $11.67. Ronda buys eight cans of soup and one loaf of bread for $12.89. a. Write equations for both Khalil's and Ronda's purchases. b. Solve the system to find the price of one can of soup and the price of one loaf of bread.,C_control,NA,high
2210,"B.1.1 What do exponential graphs look like? Investigating y = b^x. In this lesson you will investigate the characteristics of the family of functions y = b^x. As a team, you will generate data for various functions in this family, form questions about your data, and answer each of these questions using multiple representations. Your team will show what you have learned on a stand-alone poster.",C_control,NA,high
1985,12-80. Write an equation for the curve at right. Then sketch the graph of the inverse of this function and write its equation.,C_control,NA,high
1841,"11-60. In a certain town, 45% of the population has dimples and 70% has a widow's peak (a hairline above the forehead that makes a ""V"" shape). Assuming that these physical traits are independently distributed, what is the probability that a randomly selected person has both dimples and a widow's peak? What is the probability that he or she will have neither? Use a generic area model or a tree diagram to represent this situation.",C_control,NA,high
2521,"Here are some more to try. Solve each of the following rational equations.
1. (3x)/5 = (x − 2)/4
2. (4x − 1)/x = 3x
3. (2x)/5 − 1/3 = 137/3
4. (4x − 1)/(x + 1) = x − 1
5. x/3 = x + 4
6. (x − 1)/5 = 3/(x + 1)
7. (x + 6)/3 = x
8. (2x + 3)/6 + 1/2 = x/2
9. 3/x + 5/(x − 7) = −2
10. (2x + 3)/4 − (x − 7)/6 = (2x − 3)/12",C_control,NA,high
844,"6-29. Given f(x) = −2x^2 − 4 and g(x) = 5x + 3, calculate:
a. g(−2)
b. f(−7)
c. f(g(−2))
d. f(g(1))",C_control,NA,high
2306,"B-87. Evaluate each expression below.
a. root(3)(-64)
b. root(5)(32)
c. root(3)(-8)
d. root(4)(10000)",C_control,NA,high
278,"2-107. Use the point (h, k) to help you write a possible equation for each graph shown below.
a.
b.
c.",C_control,NA,high
1982,12-77. Find all solutions to 2 sin (x) cos (x) + cos (x) = 0 . Give your answers in degrees or radians.,C_control,NA,high
1655,"10-88. According to the school secretary, the size of the graduating class of Gauss High has steadily increased since the school has opened. She claims that the number of graduates each year forms the sequence t(n) = 42 + 12(n − 1), where n is the number of years the high school has had students graduate. At the end of the year, the administration mails out invitations to all previous graduates to attend the upcoming graduation ceremony. a. In this situation, what does a sequence represent? What does a series represent? b. After the 10th graduation ceremony, how many total graduates should there be? Explain how you found your answer. c. The total number of Gauss High graduates after n years can be represented by the graph at right. If the alumni relations committee wants to invite all graduates to a party to celebrate the nth anniversary of the school, how may invitations will they need to send?",C_control,NA,high
1196,"CL 7-174. Solve each equation to the nearest thousandth.
a. 2 · 3^x = 40.8
b. 3x^4 = 27
c. log5(2x + 1) = 3
d. log(x) + log(2x) = 5",C_control,NA,high
1406,"CL 8-182. Make a sketch of a graph q(x) such that q(x) = 0 would have the number and type of solutions indicated below.
a. 7 real solutions
b. 5 real and 2 complex solutions
c. 4 complex solutions
d. 2 complex and 4 real solutions",C_control,NA,high
1731,"10-160. Find the equation of the line that is perpendicular to y = 1/2*x - 3 and passes through the point (10, 14).",C_control,NA,high
635,"4.2.4 What can I learn from a graph? Using Graphs to Find Solutions. You have seen that you can find solutions to problems, equations, inequalities and systems using graphs. In this lesson, you will apply this knowledge to a math competition challenge.",C_control,NA,high
2345,"CL B-117. Solve each system of equations.
a. 2x - y = 9
y = x - 7
b. -4x + y = 5
2x = -y - 13",C_control,NA,high
786,5-114. Find the value of x in the equation 2^x = 3. Make your answer accurate to three decimal places.,C_control,NA,high
468,"3-89. LEARNING LOG
In your Learning Log, explain how to multiply and divide rational expressions. Be sure to include an example of each. Title this entry “Multiplying and Dividing Rational Expressions” and include today’s date.",C_control,NA,high
805,"CL 5-129. Use the graph at right to help answer the questions below.
a. State the domain and range of the graph. Is this graph a function?
b. Draw the inverse of the graph. Is the inverse a function? Explain your answer.
c. State the domain and range of the inverse.",C_control,NA,high
2504,"Here are some more to try:
1. A DVD loses 60% of its value every year it is in the store. The DVD costs $80 new. Write a function that represents its value in t years. What is it worth after 4 years?
2. Inflation is at a rate of 7% per year. Evan’s favorite bread now costs $1.79. What did it cost 10 years ago? How long before the cost of the bread doubles?
3. A bond that appreciates 4% per year will be worth $146 in five years. Find the current value.
4. Sixty years ago, when Sam’s grandfather was a kid, he could buy his friend dinner for $1.50. If that same dinner now costs $25.25 and inflation was consistent, write an equation that models the cost for the dinner at different times.
5. A two-bedroom house in Omaha is now worth $110,000. If it appreciates at a rate of 2.5% per year, how long will it take to be worth $200,000?
6. A car valued at $14,000 depreciates 18% per year. After how many years will the value have depreciated to $1000?",C_control,NA,high
2860,"Standard Form (linear function) A linear equation written in the form Ax + By = C is written in standard form. For linear functions, B ≠ 0. (p. 10)",C_control,NA,high
412,"3-38. SOLVING BY REWRITING
Rewriting x^2 + 2.5x − 1.5 = 0 in problem 3-37 gave you a new, equivalent equation that was much easier to solve. With your team, find an equivalent equation or system that you think might be easier to solve for parts (a) through (f) below. Then solve your new equation or system and check your answer(s) using the original equations.
a. 100x^2 + 100x = 2000
b. 15x + 10y = −20
   7x − 2y = 24
c. 1/3 x^2 + x/2 − 1/3 = 0
d. 4/x^2 + 12/x + 9 = 0
e. (x−3)/x + 2/(x−1) = (5−x)/x
f. sqrt(x^2 − 15x) / 2y = 5
   3 sqrt(x^2 − 15x) − 3y = 27",C_control,NA,high
1285,"8-76. Calculate the value of each expression below.
a. √-49
b. √-2
c. (4i)^2
d. (3i)^3",C_control,NA,high
2207,"CL A-127. When a family with two adults and three children bought tickets for an amusement park, they paid a total of $56.50. The next family in line, with four children and one adult, paid $49.50. Find the adult and child ticket prices by writing and solving a system of equations.",C_control,NA,high
2836,secant The reciprocal of the cosine. (p. 651),C_control,NA,high
1463,9-42. Factor and reduce to simplify (3x + 6)/(x^2 + 7x + 10). Justify each step.,C_control,NA,high
1552,"CL 9-116. Consider the Integral Zero Theorem. a. Using only integers, list all the possible linear factors of (x^3 + 8). b. Is (x + 8) a factor of (x^3 + 8)? Is (x + 2) a factor of (x^3 + 8)? Show how you know without graphing.",C_control,NA,high
2088,"METHODS AND MEANINGS: Continuous and Discrete Graphs
When the points on a graph are connected, and it makes sense to connect them, the graph is said to be continuous. If the graph is not continuous, and is just a sequence of separate points, the graph is called discrete.
For example, the graph on the left represents the cost of buying x shirts and is discrete because you can only buy whole numbers of shirts. The graph on the right represents the cost of buying x gallons of gasoline and is continuous because you can buy any (non-negative) amount of gasoline.",C_control,NA,high
1619,"10-55. At McDugal’s Golden Parabola, Ramona bought four hamburgers and two milkshakes for $13.50. Inez bought three hamburgers and one milkshake and spent $9.25. What is the cost of a hamburger? A milkshake?",C_control,NA,high
860,"6.1.4 What is a solution in three dimensions?
Solving Systems of Three Equations with Three Unknowns
Today you will extend what you know about systems of equations to examine how to solve systems of equations with three variables. As you work with your team, look for connections to previous work. The focus questions below can help generate mathematical discussion.
What does a solution to a system in three variables mean?
What strategies can we use?
What does the intersection look like?",C_control,NA,high
78,"MATH NOTES: METHODS AND MEANINGS - Triangle Trigonometry
There are three trigonometric ratios you can use to solve for the missing side lengths and angle measurements in any right triangle: tangent, sine, and cosine.
In the triangle below, when the sides are described relative to the angle θ (the Greek letter “theta”), the opposite leg is y and the adjacent leg is x. The hypotenuse is h regardless of which acute angle is used.
tan θ = opposite leg / adjacent leg = y/x
sin θ = opposite leg / hypotenuse = y/h
cos θ = adjacent leg / hypotenuse = x/h
In general, for any uniquely determined triangle, missing sides and angles can be determined by using the Law of Sines or the Law of Cosines.
sin A / a = sin B / b = sin C / c
and
c² = a² + b² − 2ab cos C",C_control,NA,high
94,"1-74. Consider the points (−2, 5) and (5, 2) as you complete parts (a) and (b) below.
a. Plot the points and find the distance between them. Give your answer both in simplest radical form and as a decimal approximation.
b. Find the slope of the line that goes through the two points.",C_control,NA,high
2878,"sum of cubes A polynomial of the form x^3 + y^3. It can be factored as follows: x^3 + y^3 = (x + y)(x^2 − xy + y^2). For example, the sum of cubes 27y^3 + 64 can be factored as (3y + 4)(9y^2 − 12y + 16). (p. 427)",C_control,NA,high
72,"Discussion Points
How can we collect data for this relationship?
How much data is enough?
What are all the possible inputs for our function?
How are the different representations related?",C_control,NA,high
717,"5-50. Solve each of the following equations.
a. 3x/5 = (x−2)/4
b. (4x−1)/x = 3x
c. 2x/5 − 1/3 = 137/3
d. (4x−1)/(x+1) = x − 1",C_control,NA,high
2867,statistical test A method of making decisions based on a statistical analysis of data. (p. 581),C_control,NA,high
983,"Look for and make use of structure:
To look for and make use of structure is a guiding principle of this course. When you are involved in analyzing the structure and in the actual development of mathematical concepts, you gain a deeper, more conceptual understanding than when you are simply told what the structure is and how to do problems. You often use this practice to bring closure to an investigation.
There are many concepts that you learn by looking at the underlying structure of a mathematical idea and thinking about how it connects to other ideas you have already learned. For example, you understand the underlying structure of an equation such as y = a(x − h)^2 + k which allows you to graph it without a table.",C_control,NA,high
505,"3-122. Use each pair of points given below to write a system of equations in y = mx + b form to find the equation of a line that passes through the points.
a. (20, 2) and (32, –4)
b. (–3, –17) and (12, –7)",C_control,NA,high
2915,"y-intercept A point where a graph intersects the y-axis. In two dimensions the coordinates of the y-intercept are (0, y). In three dimensions, the coordinates are (0, y, 0). See intercept. (p. 10)",C_control,NA,high
1634,10-68. Graph each plane in three dimensions. a. 2x − 3y + 4z = 12 b. 2x − 3y = 12,C_control,NA,high
1953,12-50. Find (2x^5 − 6x^4 − 2x^2 + 7x − 4) ÷ (x − 3).,C_control,NA,high
2114,"A-45. Find the slope of the line you would get if you graphed each sequence listed below and connected the points.
a. 5, 8, 11, 14, …
b. 3, 9, 15, …
c. 26, 21, 16, …
d. 7, 8.5, 10, …",C_control,NA,high
1425,"METHODS AND MEANINGS: MATH NOTES

Population Parameters and Sample Statistics

The entire group that you are interested in studying and making conclusions about is called the population. Some questions can be investigated by studying every member of the population. For example, you can figure out how many students in your class have siblings by asking every student. This process of measuring every member of a population is called taking a census. Numerical summaries, such as mean and standard deviation, computed from a population census are called parameters of that population.

The United States government performs a census every ten years. The government uses this data to learn such things as how the population is changing, where people live, what types of families exist, and what languages are spoken. For example, the 2010 U.S. Census counted 308,745,538 people and 4,239,587 of them were over the age of 85.

To answer some questions, a census is not possible. It might be too expensive or impractical. For example surveying every math student in your state may be too time consuming. It might be that the object being measured is destroyed during the experiment, as when determining how strong bicycle tires are by filling every single bicycle tire with air until it explodes. When it is not possible or practical to take a census, a portion of the population, called a sample, is measured or surveyed. Numerical summaries of a sample are called statistics.

For example, if all of the people in this class make up our population, then every fifth member of our class is a possible sample. The whole-class (population) average on the final exam is a parameter. The average test score of the students in the sample is a statistic.",C_control,NA,high
2212,"B-2. INVESTIGATING y = b^x, Part One. What types of graphs exist for equations of the form y = b^x? Your Task: With your team, try different values of b to try to find as many different looking graphs as possible. (Stick to small values of b, for example, less than 10. Keep the window on your calculator set from –10 to 10 in both the x and y direction.) Decide as a team what different values of b to try so that you find as many different looking graphs as possible. Be sure to keep track of what you have tried with a sketch of the resulting graph so that you may refer to it later. Use the questions listed below to help get you started. Discussion Points: What special values of b should we consider? Are there any other values of b we should try? How many different types of graphs can we find? How do we know we have found all possible graphs?",C_control,NA,high
301,"2-128. For each equation below, find the x- and y-intercepts and the locator point (h, k), then write the equations in graphing form.
a. y = 7 + 2x^2 + 4x - 5
b. x^2 = 2x + x(2x - 4) + y",C_control,NA,high
1020,7-16. Find the measure of angle A in the diagram at right (right triangle ABC with hypotenuse AB = 1 and leg BC = 0.3 opposite to angle A).,C_control,NA,high
1173,"7-157. LEARNING LOG
In your Learning Log, write your ideas about the target questions for this lesson: Does it matter if I use sine or cosine? What do I need to know to make a complete graph or write an equation? Title this entry “Cyclic Equations and Graphs” and label it with today’s date.",C_control,NA,high
1845,11-63. How many cases of dice were rejected by the quality control engineers in your class? What percent of the cases were rejected?,C_control,NA,high
973,"TEAM BRAINSTORM
What have you studied in this chapter? What ideas were important in what you learned? With your team, brainstorm a list. Be as detailed as you can. To help get you started, a list of Learning Log entries and Math Notes boxes are below.
What topics, ideas, and words that you learned before this chapter are connected to the new ideas in this chapter? Again, be as detailed as you can.
Next consider the Standards for Mathematical Practice that follow “PORTFOLIO”. What Mathematical Practices did you use in this chapter? When did you use them? Give specific examples.
How long can you make your list? Challenge yourselves. Be prepared to share your team’s ideas with the class.

Learning Log Entries
• Lesson 6.1.1 – Plotting Points in xyz-Space
• Lesson 6.1.4 – Systems of Three Equations with Three Variables
• Lesson 6.1.5 – Finding the Equation of a Parabola Given Three Points
• Lesson 6.2.2 – Logarithm Properties

Math Notes
• Lesson 6.1.2 – Locating Points in Three Dimensions
• Lesson 6.1.4 – Graphing Planes in Three Dimensions
• Lesson 6.2.2 – Logarithm Properties",C_control,NA,high
2431,"Example 1: Solve the system of equations x = 4y − 7 and 3x − 2y = 1.

Solution: For this, we will use the Substitution Method. Since the first equation tells us that x is equal to 4y − 7, we can substitute 4y − 7 for x in the second equation. This allows us to solve for y, as shown at right.

3(4y − 7) − 2y = 1
12y − 21 − 2y = 1
10y − 21 = 1
10y = 22
y = 22/10 = 2.2

Then substitute y = 2.2 into either original equation and solve for x: Choosing the first equation, we get x = 4(2.2) − 7 = 8.8 − 7 = 1.8. To verify the solution completely check this answer in the second equation by substituting. 3(1.8) − 2(2.2) = 5.4 − 4.4 = 1

Answer: The solution to the system is x = 1.8 and y = 2.2 or (1.8, 2.2).",C_control,NA,high
2130,"A-60. Seven years ago, Kodi found a box of old baseball cards in the garage. Since then, he has added a consistent number of cards to the collection each year. He had 52 cards in the collection after 3 years and now has 108 cards.
a. How many cards were in the original box? Is this t(0) or t(1)? Write the first few terms of the sequence.
b. Kodi plans to keep the collection for a long time. How many cards will the collection contain 10 years from now?
c. Write an equation that determines the number of cards in the collection after n years. What does each number in your equation represent?",C_control,NA,high
2749,one-dimensional Not having any width or depth. Lines and curves are one-dimensional.,C_control,NA,high
1139,"7-125. Does the general equation y = asin(x − h) + k allow for every possible transformation of the graph of y = sin x? Are there any transformations possible other than the ones produced by varying values of a, h, and k? Look back at the graphs you made for the swinging bag of blood in the first lesson of this chapter. Discuss this with your team and be prepared to share your conjectures with the class.",C_control,NA,high
334,2-159. Write an equation for a function that is neither even nor odd. Show that it is neither.,C_control,NA,high
2229,"B.1.2 What is the connection? Multiple Representations of Exponential Functions. In Lesson 1.2.3 you looked at multiple representations (such as a table, graph, equation, or situation) of linear functions. In this chapter you will use multiple representations to learn more about the multiplier and starting point of exponential functions.",C_control,NA,high
1209,"MATH NOTES: Polynomials, Degree, Coefficients

Refer to the Math Notes box in Lesson 3.1.3 for an explanation of a polynomial in one variable.

Polynomials with one variable (often x) are usually arranged with powers of x in order, starting with the highest, left to right.

The highest power of the variable in a polynomial of one variable is called the degree of the polynomial. The numbers that multiply each term are called coefficients. See the examples below.

Example 1: f(x) = 7x^5 + 2.5x^3 - (1/2)x + 7 is a polynomial function of degree 5 with coefficients 7, 0, 2.5, 0, -1/2, and 7. Note that the last term, 7, is called the constant term but represents the variable expression 7x^0, since x^0 = 1.

Example 2: y = 2(x + 2)(x + 5) is a polynomial in factored form with degree 2 because it can be written in standard form as y = 2x^2 + 14x + 20. It has coefficients 2, 14, and 20.",C_control,NA,high
1633,"10-67. According to the National Health Statistics Report, the average height of adult women in the U.S. is 63.8 inches with a standard deviation of 2.7 inches. Heights can be modeled with a normal probability density function. a. What percent of women are under 4 ft 11 in. tall? b. Most girls reach their adult height by their senior year in high school. In North City High School’s class of 324 senior students, how many girls would you expect to be shorter than 4 ft 11 in.? (Note: Assume half of the senior students are girls.) c. How many senior girls do you expect to be taller than 6 ft at North City High?",C_control,NA,high
1693,10-124. Find the solutions to the system at right. The solutions may be real or complex: y = x^2 + 2x + 5; y = 2x^2 + 4x + 7.,C_control,NA,high
1131,"7-118. Which of the situations below (if any) is best modeled by a sinusoidal function? Explain your reasoning.
a. The number of students in each year’s graduating class.
b. Your hunger level throughout the day.
c. The high-tide level at a point along the coast.",C_control,NA,high
509,"3-126. Factor each expression completely.
a. 25x^2 − 1
b. 5x^3 − 125x
c. x^2 + x − 72
d. x^3 − 3x^2 − 18x",C_control,NA,high
2522,"3-dimensional coordinate system In three dimensions the z-axis is perpendicular to the x-y plane at (0, 0). Points in 3-dimensions are represented with coordinates (x, y, z). The first octant where x, y, and z are positive is shown at right with the point (2, 3, 1). (p. 257)",C_control,NA,high
1883,"② MAKING CONNECTIONS. Below is a list of the vocabulary used in this chapter. Make sure that you are familiar with all of these words and know what they mean. Refer to the glossary or index for any words that you do not yet understand. area model, claim, conditional probability, hypothesis test, in/out of control, Law of Large Numbers, margin of error, population, process control, quality control, random number, sample-to-sample variability, sampling distribution, simulation, streak, upper/lower bound, upper/lower control limit, x-bar chart. Make a concept map showing all of the connections you can find among the key words and ideas listed above. To show a connection between two words, draw a line between them and explain the connection. A word can be connected to any other word as long as you can justify the connection. While you are making your map, your team may think of related words or ideas that are not listed here. Be sure to include these ideas on your concept map.",C_control,NA,high
2134,"A-64. Find the equation for each arithmetic sequence represented by the tables below.
a. [Table: n = 7, t(n) = 54; n = 3, t(n) = 10; n = 19, t(n) = 186; n = 16, t(n) = 153; n = 40, t(n) = 417]
b. [Table: n = 100, t(n) = 10; n = 70, t(n) = 100]",C_control,NA,high
1725,"10-154. A parabola passes through the points (0, 5), (2, 1), and (6, 17).
a. What is its equation?
b. Where is its vertex?",C_control,NA,high
2361,"C-10. Find the real solutions to the equations below using any method of your choice.
a. 2x^2 = 2 - 3x
b. (2x - 3)^2 + 4 = 0",C_control,NA,high
980,"Model with mathematics:
When you model with mathematics, you take a complex situation and use mathematics to represent it, often by making assumptions and approximations to simplify the situation. Modeling allows you to analyze and describe the situation and to make predictions. For example, you model when you use multiple representations, including equations, tables, graphs, or diagrams to describe a situation. In situations involving the variability of data, you model when you describe the data with equations. Although a model may not be perfect, it can still be very useful for describing data and making predictions. When you interpret the results, you may need to go back and improve your model by revising your assumptions and approximations.",C_control,NA,high
1075,7-69. A 5' × 4' × 3' box is made for the purpose of storage. What is the longest pole that can fit inside the box?,C_control,NA,high
1203,"8-2. POLYNOMIAL FUNCTION INVESTIGATION

In this investigation, you will determine which information in a polynomial equation can help you sketch its graph.

Your Task: With your team, create summary statements explaining the relationship between a polynomial equation and its graph. To accomplish this task, first divide up the equations listed below so each team member is responsible for two or three of them. Make a complete graph of each of your functions. Whenever possible, start by making a sketch of your graph without using your graphing calculator. Then, as a team, share your observations including your responses to the Discussion Points. Choose two or three equations that can be used to represent all of your findings. You can choose them from the list below, or you can create new ones as a team.

The form of your presentation to the class can be on a poster, a display to be projected onto the board or as a PowerPoint™ presentation. Whichever format your teacher decides, make sure you include complete graphs and summary statements that are well justified.

P1(x) = (x - 2)(x + 5)^2
P2(x) = 2(x - 2)(x + 2)(x - 3)
P3(x) = x^4 - 21x^2 + 20x
P4(x) = (x + 3)^2(x + 1)(x - 1)(x - 5)
P5(x) = -0.1x(x + 4)^3
P6(x) = x^4 - 9x^2
P7(x) = 0.2x(x + 1)(x - 3)(x + 4)
P8(x) = x^4 - 4x^3 - 3x^2 + 10x + 8

Discussion Points
• What can we predict from looking at the equation of a polynomial? Why does this make sense?
• Which form of a polynomial equation is most useful for making a graph? What information does it give?
• How can we use the equation to help predict what a useful window might be?
• Which examples are most helpful in finding the connections between the equation and the graph?
• How does changing the exponent on one of the factors change the graph?",C_control,NA,high
2716,"logarithm The logarithm of a given number, x, with respect to a base, b, is the exponent to which b must be raised to give x. For example, since we know that 32 = 2⁵, it follows that 5 is the logarithm, base 2, of 32, or log₂ 32 = 5. (p. 233)",C_control,NA,high
381,"3-9. Solve this system for m and b:
342 = 23m + b
147 = 10m + b",C_control,NA,high
2700,"Law of Cosines For any △ABC, a² = b² + c² − 2bc cos A. (p. 29)",C_control,NA,high
599,"4-67. Solve each equation for y so that it could be entered into a graphing calculator.

a. 5 − (y − 3) = 3x
b. 4(x + y) = −2",C_control,NA,high
2077,"A-12. Jill is studying a strange bacterium. When she first looks at the bacteria, there are 1000 cells in her sample. The next day, there are 2000 cells. Intrigued, she comes back the next day to find that there are 4000 cells!
a. Should the graph of this situation be linear or curved?
b. Create a table and graph for this situation. The inputs are the days that have passed after she first began to study the sample, and the outputs are the number of cells of bacteria.",C_control,NA,high
14,"1-3. KEEPING A NOTEBOOK. You will need to keep an organized notebook for this course. Below is one method of keeping a notebook. Ask your teacher if you should follow these guidelines or if there is another system you should follow. • The notebook should be a sturdy, three-ring, loose-leaf binder with a hard cover. • The binder should have dividers to separate it into five sections: TEXT, TESTS AND QUIZZES, HOMEWORK, LINED AND GRAPH PAPER, CLASSWORK/NOTES. You should put your name inside the front cover of your notebook so it will be returned to you if you lose it. Put your phone number and address (or the school’s address, if you prefer) on the inside front cover. It will also help to put your name in large, clear letters on the outside so if someone sees it they can say, “Hey, Julia, I saw your notebook in the cafeteria under the back table.” Your notebook will be your biggest asset for this course and will be the primary resource you will use to study, so take good care of it!",C_control,NA,high
2676,"imaginary numbers The set of numbers created by multiplying the imaginary number i by every possible real number. The imaginary number i is defined as the square root of –1, or i = √(−1). Therefore i² = –1. They are not positive, negative, or zero. These numbers are solutions of equations of the form x² = (a negative number). In general, imaginary numbers follow the rules of real number arithmetic (e.g. i + i = 2i). (p. 392)",C_control,NA,high
1533,"9-104. Do you remember the students tardy to Ms. Greene’s class? Now that you have investigated how to create and use a normal distribution, model the number of tardy students Ms. Greene actually recorded using a normal distribution. The data Mrs. Greene gathered for 30 days is shown in the table below.
Number of tardy students per day:
2, 4, 3, 3, 4, 2
1, 3, 3, 4, 3, 2
2, 3, 1, 2, 3, 3
3, 0, 2, 3, 2, 5
5, 3, 3, 3, 4, 1
checksum 82
a. On your calculator, recreate the relative frequency histogram for the number of tardy students that is shown in problem 9-88.
b. Find the mean and standard deviation of the number of tardy students.
c. On your calculator, model the data with a normal distribution by pressing [Y=] and entering normalpdf(X, mean, standard deviation). Sketch the model with the histogram.
d. According to your model, on what percentage of days were 4 people tardy? Shade this proportion on a new sketch of the model, and calculate the proportion using normalcdf(lower, upper, mean, standard deviation) on your calculator.
e. Assume that the last 30 days in Mrs. Greene’s class were representative of the 180 days in the whole school year. According to your model, how many days this year can Mrs. Greene expect 4 or more tardy students? Sketch the area representing these days on a new graph of the model.",C_control,NA,high
2339,"CL B-111. Sam wants to create an arithmetic sequence and a geometric sequence, both of which have t(1) = 8 and t(7) = 512. Is this possible? If it is, help Sam create his sequences. If not, justify why not.",C_control,NA,high
218,2-51. Represent the number you would have to add to an expression of the form x^2 + bx to make a complete square.,C_control,NA,high
842,6-27. Sketch the graph of y = log5(x − 2) and describe how the graph is transformed from the parent graph.,C_control,NA,high
1734,"10-163. A small rocket is launched from five meters below ground level and reaches a height of 3 meters above the ground after 4 seconds. On the way down it is 3 meters above the ground after a total of 8 seconds.
a. What are three data points?
b. Draw a rough sketch of the height of the rocket over time.
c. Find the equation of the parabola based on the data.
d. When will the rocket hit the ground?
e. What is the domain for this function?
f. For what part of the domain is the rocket below ground?",C_control,NA,high
2489,"Here are some more to try. Write each equation in graphing form. If needed, complete the square to do so. Then state the vertex, y-intercept, and the stretch factor and sketch a graph.
1. y = x^2 − 6x + 9
2. y = x^2 + 3
3. y = x^2 − 4x
4. y = x^2 + 2x − 3
5. y = x^2 + 5x + 1
6. y = x^2 − 1/3 x
7. y = 3x^2 − 6x + 1
8. y = 5x^2 + 20x − 16
9. y = −x^2 − 6x + 10",C_control,NA,high
1993,12-87. Obtain the Lesson 12.2.1 Resource Page from your teacher. This resource page will be referred to as your Identity Toolkit. Record each identity you have discovered along with its justification.,C_control,NA,high
120,"1.2.3 What do they have in common?
The Family of Linear Functions
In Lesson 1.2.2, your team investigated functions of the form f(x) = 1/(x−h), where h could be any number. You learned that as you changed h, the graph changed, but the basic shape stayed the same. In this lesson, you will think about functions of the form f(x) = mx + b.",C_control,NA,high
1599,10-37. How many different bowling lineups of four players can be made in the previous problem if order does matter?,C_control,NA,high
822,"6-9. Solve the system of equations at right.
3x + 8 = 2
7x + 3y = 1",C_control,NA,high
2620,"Distributive Property We use the Distributive Property to write a product of expressions as a sum of terms. The Distributive Property states that for any numbers or expressions a, b, and c, a(b + c) = ab + ac. For example, 2(x + 4) = 2 ⋅ x + 2 ⋅ 4 = 2x + 8. We can demonstrate this with a generic rectangle.",C_control,NA,high
376,"3-4. LEARNING LOG
What does it mean for two expressions to be equivalent? How can you tell if two expressions are equivalent? Answer these questions in your Learning Log. Be sure to include examples to illustrate your ideas. Title this entry “Equivalent Expressions” and label it with today’s date.",C_control,NA,high
521,"CL 3-133. First, identify the parent graphs of the following equations. Then, describe how their graphs would be transformed from the parent graphs.
a. y = 0.25(x − 8)^3 + 2
b. (x + 3)^2 + y^2 = 25
c. y = |x − 5| + 3",C_control,NA,high
2661,"generic rectangle A type of diagram used to visualize multiplying expressions without algebra tiles. Each expression to be multiplied forms a side length of the rectangle, and the product is the sum of the areas of the sections of the rectangle. For example, the generic rectangle at right can be used to multiply (2x + 5) by (x + 3).",C_control,NA,high
79,"1-59. Make a table and graph for h(x) = x³ − 4. Find the domain, range, and intercepts.",C_control,NA,high
515,"CL 3-127. Solve the following systems algebraically. What does each solution reveal about the graph of the equations in the system?
a. x + 2y = 17
x − y = 2
b. 4x + 5y = 11
2x + 6y = 16
c. 4x − 3y = −10
x = 1/4 y − 1
d. 2x + y = −2x + 5
3x + 2y = 2x + 3y",C_control,NA,high
2183,"A-108. LEARNING LOG. Is a sequence a function? Justify your answer completely. If so, what makes it different from the functions that are usually written in the form f(x) = _________ ? If it is not a function, why not? Be prepared to share your ideas with the class. After a class discussion about these questions, answer the questions in your Learning Log. Title this entry ""Sequences vs. Functions"" and label it with today's date.",C_control,NA,high
665,"5-2. A picture of Anita’s function machine is shown at right. When she put 3 into the machine, 7 came out. When she put in 4, 9 came out, and when she put in -3, -5 came out. a. Make a table to organize the inputs and outputs from Anita’s function machine. Explain in words what this machine is doing to the input to generate an output. b. Anita’s function machine suddenly started working backwards: it began pulling outputs back up into the machine, reversing the machine’s process, and returning the original input. If 7 is pulled back into this machine, what value do you think will come out of the top? Anita sets up her new backwards function machine and enters the other outputs. What would you expect to come out the top if 9 is entered? If -5 is entered? Explain. c. Record the inputs and outputs of the backwards function machine in a table. Record the numbers going in as x, and the numbers coming out as y. Explain in words what Anita’s backwards function machine is doing. d. Write equations for Anita’s original function machine and for her backwards machine. How are the two equations related?",C_control,NA,high
870,"6-52. Suppose that a two-bedroom house in Nashville is worth $110,000 and appreciates at a rate of 2.5% each year.
a. How much will it be worth in 10 years?
b. When will it be worth $200,000?
c. In Homewood, houses are depreciating at a rate of 5% each year. If a house is worth $182,500 now, how much will it be worth two years from now?",C_control,NA,high
2546,"bar graph A bar graph is a set of rectangular bars that have height proportional to the number of data elements in each category. Usually the bars are separated from each other. It is a way of displaying one-variable data that can be put into categories (like what color you prefer, your gender, or the state you were born in). Also see histogram.",C_control,NA,high
2875,"substitution Replacing a variable or expression with a number, another variable, or another expression. For example, when evaluating the function f(x) = 5x – 1, for x = 3, substitute 3 for x to get f(3) = 5(3) − 1 = 14.",C_control,NA,high
2738,"Multiplicative Identity Property The Multiplicative Identity Property states that multiplying any expression by 1 leaves the expression unchanged. That is, a(1) = a. For example, 437x ⋅ 1 = 437x.",C_control,NA,high
2092,"A-25. Determine the domain and range of each of the following graphs. [Graphs a, b, c, and d shown]",C_control,NA,high
2487,"Example 3: Complete the square to change y = 2x^2 − 6x + 2 into graphing form and name the vertex.

Solution: This problem is different because the x^2-term has a coefficient. First factor the 2 out of the quadratic expression so that an x^2-term remains, as follows: y = 2x^2 − 6x + 2 = 2(x^2 − 3x + 1). Then make x^2 − 3x into a perfect square as before:
Since (x − 1.5)^2 = x^2 − 3x + 2.25, the original expression x^2 − 3x + 1 is 1.25 less than (x − 1.5)^2. You can write:
y = 2x^2 − 6x + 2
y = 2(x^2 − 3x + 1)
y = 2((x − 1.5)^2 − 1.25)
which can be distributed to give
y = 2(x − 1.5)^2 − 2.5
The vertex is (1.5, –2.5).",C_control,NA,high
901,"6-82. Change each of the following equations from logarithmic form to exponential form, or vice versa.
a. a = logb 24
b. 3x = log2y 7
c. 3y = 2^(5x)
d. 4p = (2q)^6",C_control,NA,high
2629,"equivalent Two expressions are equivalent if they have the same value. For example, 2 + 3 is equivalent to 1 + 4. Two equations are equivalent if they have all the same solutions. For example, y = 3x is equivalent to 2y = 6x. Equivalent equations have the same graph. (pp. 123, 133)",C_control,NA,high
2,"In meeting the challenges of this course, you will not be learning alone. You will cooperate with other students as a member of a study team. Being a part of a team means speaking up and interacting with other people. You will explain your ideas, listen to what others have to say, and ask questions if there is something you do not understand. In this course, a single problem can often be solved several ways. You will see problems in different ways than your teammates do. Each of you has something to contribute while you work on the lessons in this course.",C_control,NA,high
803,"CL 5-127. Given the function f(x) = 2 + √(x − 1):
a. Graph f(x) and state the domain and range.
b. Determine the equation for f^(-1)(x), that is, the inverse of f(x).
c. Graph f^(-1)(x) using the appropriate new domain and range.
d. Compute f^(-1)(f(5)) and f(f^(-1)(5)) to show that your answer is correct.",C_control,NA,high
2561,"circle graph A way of displaying data that can be put into categories (like what color you prefer, your gender, or the state you were born in). A circle graph shows the proportion each category is of the whole.",C_control,NA,high
2527,"amplitude The amplitude of a cyclic graph is one-half the distance between the highest and lowest points. In the graph at right, a is the amplitude. (p. 360)",C_control,NA,high
1978,12-73. Parts (a) through (d) of problem 12-72 represent a general pattern known as the sum and difference of cubes. Use this pattern to factor each of the following polynomials. a. x^3 + y^3 b. x^3 − 27 c. 8x^3 − y^3 d. x^3 + 1 e. Make up another problem involving the sum or difference of cubes and show how to factor it.,C_control,NA,high
1584,10-24. Consider the graph of f(x) = sin(x). a. Describe the graph. b. Could this graph be an example of any other function? Explain why f(x) = sin(x) cannot be a polynomial function.,C_control,NA,high
452,"3-74. Use what you know about the number 1 to simplify each expression below, if possible. State any value(s) of the variable that would make the denominator zero.
a. x^2/x^2
b. (x/x) · (x/x) · (x/3)
c. ((x−2)/(x−2)) · ((x+5)/(x−1))
d. (9/x) · (x/9)
e. (h · h · k)/h
f. ((2m−5)(m+6))/((m+6)(3m+1))
g. (6(n−2)^2)/(3(n−2))
h. (3−2x)/((4x−1)(3−2x))",C_control,NA,high
966,"6-142. Kirsta was working with the function machine shown at right, but when she turned her back, her little brother Caleb dropped in a number. She didn’t see what he dropped in, but she did see what fell out: 9. What operations must she perform on 9 to undo what her machine did? Use this to find out what Caleb dropped in. [Machine label: k(x) = √(x + 5)]",C_control,NA,high
1140,"7-126. THE RADAR SCREEN
Brianna is an air traffic controller. Every day she watches the radar line (like a radius of a circle) go around her screen time after time. On one particularly slow travel day, Brianna noticed that it takes 2 seconds for the radar line to travel through an angle of π/6 radians. She decided to make a graph in which the input is time and the output is the distance from the outward end of the radar line to the horizontal axis.

Your Task: Following the input and output specifications above, make a table and graph for Brianna’s radar.

Discussion Points
How can we calculate the outputs?
How is this graph different from other similar graphs we have made?
How long does it take to complete one full cycle on the radar screen?
How can we see that on the graph?",C_control,NA,high
985,"WHAT HAVE I LEARNED?
Most of the problems in this section represent typical problems found in this chapter. They serve as a gauge for you. You can use them to determine which types of problems you can do well and which types of problems require further study and practice. Even if your teacher does not assign this section, it is a good idea to try these problems and find out for yourself what you know and what you still need to work on.
Solve each problem as completely as you can. The table at the end of the closure section has answers to these problems. It also tells you where you can find additional help and practice with problems like these.",C_control,NA,high
113,"1-91. Solve each equation below for the indicated variable.
a. y = mx + b for x
b. A = πr^2 for r
c. V = LHW for W
d. 2x + 1/y = 3 for y",C_control,NA,high
2071,"A-6. What if the data for Lennie and George (from problem A-1) matched the data in each table below? Assuming that the growth of the rabbits continues as it did in problem A-1, complete each of the following tables. Show your thinking or give a brief explanation of how you found the missing entries. a. Table with Months 0 to 4: Months 0, 1, 2 have Rabbits 4, 12, 36. b. Table with Months 0 to 4: Months 0, 2, 4 have Rabbits 6, 24, 96.",C_control,NA,high
1871,"11-86. TESTING FOR AIDS. An understanding of probability is valuable in relation to important policy issues that are often decided for political reasons. As the issues get more complicated, knowledge of probability and statistics could make a big difference in the decisions each of us will help to make. For example, with the growing number of AIDS cases, some people have called for mandatory testing of healthcare professionals (doctors, dentists) for the HIV virus, with public disclosure of the results. Others argue that mandatory testing jeopardizes the lives and livelihood of many people who do not have the disease and is therefore an unwarranted and unjust invasion of their privacy. Furthermore, they argue that if results are not ever made public for anybody, more people who are not required to test (like health technicians) will volunteer for testing, increasing the likelihood of identifying and helping people who do have the disease. In order to explore these issues further we will consider a hypothetical situation. Suppose that the currently used test for HIV is 99% accurate, and suppose that in the population to be tested (in this case it is doctors, dentists, and other health practitioners) 100 out of 100,000 people actually are HIV positive. The question is: what is the probability that a health practitioner would be identified as having the AIDS virus who actually did not? a. Make a model for this situation. b. How does the number of people who are HIV positive compare with the number of people who will be told they are HIV positive but really are not? c. If a randomly tested health practitioner's test comes back positive, what is the probability that he is not actually HIV positive? (This is called a false positive.) In other words, if you are told that you are sick, what is the conditional probability that you are not sick? d. Write up your statistical conclusions about mandatory testing of health practitioners. How might your statistics change if the study was about subjects in the general population who volunteered for testing? e. Are the test results mathematically independent of the fact that the person tested does or does not have AIDS? How could you check this? Explain.",C_control,NA,high
2595,cosecant The cosecant is the reciprocal of the sine. (p. 651),C_control,NA,high
1659,"10-92. Using a graph of y = sin x as a reference, graph y = |sin x|.",C_control,NA,high
257,"2-88. Lilia wants to have a circular pool put in her backyard. She wants the rest of the yard to be paved with concrete. a. If her yard is a 50 ft. by 30 ft. rectangle, what is the radius of the largest pool that will fit in her yard? b. If the concrete is to be 8 inches thick, and costs $2.39 per cubic foot, what is the cost of putting in the concrete? No concrete will be used in the pool. (Reminder: Volume = (Base Area) · Depth).",C_control,NA,high
363,"CL 2-177. For each of the equations below, complete the following:
• Find the x- and y-intercepts.
• Find the vertex.
• Sketch a graph of each parabola on its own set of axes.
• Write the equation in graphing form.
a. y = x^2 + 8x + 12
b. y = (x − 4)(x + 2)
c. y = x^2 − 6x − 9
d. y = x^2 + 5x + 1",C_control,NA,high
1305,"8-94. Match each equation with the appropriate graph. Do this without using a graphing calculator.
a. y = sin(x + π/2)
b. y = sin(2x)
c. y = 2 sin(x/2)
d. y = sin(x) − 3
e. y = −sin[2(x − π/8)]",C_control,NA,high
2577,"completing the square A standard procedure for rewriting a quadratic equation from standard form to graphing (or vertex) form is called completing the square. Completing the square is also used to solve quadratic equations in one variable. For example, the expression x^2 − 6x + 4 starts with the first two terms of (x − 3)^2. To “complete the square” we need to add 9 to x^2 − 6x. Since the original expression only adds 4, completing the square would increase the expression by 5, so (x − 3)^2 − 5 is an equivalent form that is useful for solving or graphing. (p. 75)",C_control,NA,high
2415,"Appendix C Closure What have I learned?
Reflection and Synthesis

The activities below offer you a chance to reflect about what you have learned in this appendix. As you work, look for concepts that you feel very comfortable with, ideas that you would like to learn more about, and topics you need more help with. Look for connections between ideas as well as connections with material you learned previously.",C_control,NA,high
428,"3-53. Rewrite each radical below as an equivalent expression using fractional exponents.
a. sqrt(5)
b. cbrt(9)
c. 8th-root(17^x)
d. 7 * 4th-root(x^3)",C_control,NA,high
1179,"7-162. Find the exact value for each of the following trig expressions. For parts (g) and (h), solve the equations and assume that 0 ≤ θ ≤ 2π.
a. cos(3π/4) =
b. tan(4π/3) =
c. sin(11π/6) =
d. sin(3π/4) =
e. tan(5π/4) =
f. tan(17π/6) =
g. tan(θ) = 1
h. tan(θ) = −1",C_control,NA,high
2269,"B-54. Find the equation of the line with x-intercept (-4, 0) and y-intercept (0, 9).",C_control,NA,high
1428,"9-9. Consider the polynomial x^4 − 6x^3 − 6x^2 + 6x − 7.

a. Using only integers, list all the possible linear factors.
b. Is (x + 1) a factor of the polynomial? Is (x − 1) a factor? Show how you know without graphing.",C_control,NA,high
595,"4-63. For each of the following graphs, find an equation, inequality, or system that could have the solution shown. Note that the equations for the line and the parabola are given.

a. Line x + 2y = 4 and parabola y = −1/3 (x + 3)(x − 4)
b. Line x + 2y = 4 and parabola y = −1/3 (x + 3)(x − 4)
c. Line x + 2y = 4 and parabola y = −1/3 (x + 3)(x − 4)
d. Line x + 2y = 4 and parabola y = −1/3 (x + 3)(x − 4)",C_control,NA,high
1134,"7-121. Find the equation of the exponential function of the form y = ab^x that passes through each of the following pairs of points.
a. (1, 18) and (4, 3888)
b. (−2, −8) and (3, −0.25)",C_control,NA,high
900,"6-81. Find an equation for the parabola that passes through the points (–1, 10), (0, 5), and (2, 7).",C_control,NA,high
371,"Chapter Outline
Section 3.1 In this section, you will rewrite expressions and equations to create simpler versions. You will learn a new way to use substitution to rewrite an expression or equation in simpler form.
Section 3.2 You will study the properties of the number 1 and use them to rewrite and simplify rational expressions. You will multiply, divide, add and subtract rational expressions.",C_control,NA,high
225,2-58. Examine the diagram at right. Imagine spinning the rectangle around the y-axis. Think of a rectangular flap attached to the y-axis so that the rectangle will revolve around the y-axis. a. Draw the resulting shape. b. Find the volume of this shape.,C_control,NA,high
1350,"8-134. Use the procedures you developed to factor each of the following polynomial expressions. Each final answer should be a linear factor times a quadratic factor. Look for patterns in the factors.
a. x^3 - 1
b. x^3 + 8
c. x^3 - 27
d. x^3 + 125",C_control,NA,high
2308,"B-89. Find the equation of the line passing through the points (7, 16) and (2, -4). Then state the slope and x- and y-intercepts. Explain how you found them.",C_control,NA,high
