paragraph,tier,stage1_gemini_label,stage1_gemini_confidence
f. Measurement: Sam measured from the wrong end of the ruler. How long is his pencil?,A_positive,INCORRECT_TO_CORRECT,medium
* 4. (6) Explain Brandon said that 48 yards is equal in length to 4 feet. Explain why his statement is unreasonable. Forty-eight yards is equal to how many feet?,A_positive,INCORRECT_TO_CORRECT,high
"Example 2: Find 5/6 of $12.47.
Solution: Before multiplying, we choose to convert 5/6 to the decimal 0.83̄, rounding to 0.83.
0.83 × 12.47 = 10.3501
We round to the nearest cent, $10.35.
Explain: Marsha multiplied 5/6 and $12.47 and got $10.39. Which answer is more accurate? Why is there a difference in the two answers?",A_positive,COMPARE_AND_CONTRAST,high
"Practice Set
a. The diameter of a circle on the playground is 12 ft. What is the radius of the circle?
b. A spoke on the bike wheel is about 12 inches long. The diameter of the wheel is about how many inches?
c. What is the name for the perimeter of a circle?
d. How many diameters equal a circumference?
e. Write two formulas for the circumference of a circle.
f. Which of these terms does not apply to π?
A rational number B irrational number C real number
g. Justify Explain your choice for problem f.
h. Write a decimal number and a fraction commonly used as approximations for π.
i. What is incorrect about the following equation? π = 3.14
j. To roughly estimate calculations involving π or to check if a calculation is reasonable, we can use what number for π?
k. Estimate A bicycle tire with a diameter of 30 inches rolls about how many inches in one turn?",A_positive,EXPLICIT_ERROR_DETECTION,medium
"12. (32) If the spinner is spun once, Roger says the sample space is {A, A, A, B, B, C}. Simon says the sample space is {A, B, C}. Who is correct? Explain your answer.",A_positive,COMPARE_AND_CONTRAST,high
"8. Rita looks at the floor plan of a room that was drawn with scale factor 1 inch equals 4 feet. She multiplied the perimeter of the drawing by four and ordered that many feet of molding. She multiplied the area of the drawing by four and ordered that many square feet of carpeting. When the orders arrived, Rita had enough molding, but the carpet covered only 1/4 of the room. Explain the error.",A_positive,INCORRECT_TO_CORRECT,high
"When we solve a problem, it helps to ask ourselves some questions along the way.
Step 1: Understand
What information am I given?
What am I asked to find or do?
Step 2: Plan
How can I use the given information to solve the problem?
What strategy can I use to solve the problem?
Step 3: Solve
Am I following the plan?
Is my math correct?
Step 4: Check (Look Back)
Does my solution answer the question that was asked?
Is my answer reasonable?",B_boundary,NA,high
"As we consider how to solve a problem we choose one or more strategies that seem to be helpful. Referring to the picture at the beginning of this lesson, we might choose to swim, to take the boat, or to cross the bridge to travel from the mainland to the island. Other strategies might not be as effective for the illustrated problem. For example, choosing to walk or bike across the water are strategies that are not reasonable for this situation.",B_boundary,NA,high
"Other times, we will be asked to write a problem for a given equation. Be sure to include the correct numbers and operations to represent the equation.
11. Write a word problem for the equation b = (12 × 10) ÷ 4.",B_boundary,NA,high
"Example 2
Compare:
a. −3 ○ −1 b. |−3| ○ |−1|
Solution
a. We replace the circle with the correct comparison symbol. Negative three is less than negative one.
−3 < −1
b. The absolute value of −3 is 3 and the absolute value of −1 is 1, and 3 is greater than 1.
|−3| > |−1|",B_boundary,NA,high
"Analyze Decide if the statements in 9–11 are true or false, and explain why.
9. (1) All whole numbers are counting numbers.
10. (1) All counting numbers are whole numbers.
* 11. (1) If a number is a counting number or the opposite of a counting number, then it is an integer.",B_boundary,NA,high
* 17. (1) Evaluate Compare: |−3| ○ |−2|,B_boundary,NA,high
"Check We filled in all the missing digits. Using estimation our answer seems reasonable, since $4700 + $4300 = $9000. We can check our answer by performing the subtraction or by adding.
$9028 − $4321 = $4707
$4707 + $4321 = $9028",B_boundary,NA,high
"Example 2
Simplify and check:
a. 706 − 327 b. 450 ÷ 25
Solution
We simplify by performing the indicated operation.
a. 706 − 327 = 379
b. 450 ÷ 25 = 18
We can check subtraction by adding, and we can check division by multiplying.
a. 379 + 327 = 706
b. 25 × 18 = 450",B_boundary,NA,high
"Example 3
Show two ways to simplify this expression, justifying each step.
(25 · 15) · 4
Solution
There are three factors, but we multiply only two numbers at a time. We multiply 25 and 15 first.
Step: (25 · 15) · 4, Justification: Given
Step: 375 · 4, Justification: Multiplied 25 and 15
Step: 1500, Justification: Multiplied 375 and 4
Instead of first multiplying 25 and 15, we can use properties of multiplication to rearrange and regroup the factors so that we first multiply 25 and 4. Changing the arrangement of factors can make the multiplication easier to perform.
Step: (25 · 15) · 4, Justification: Given
Step: (15 · 25) · 4, Justification: Commutative Property of Multiplication
Step: 15 · (25 · 4), Justification: Associative Property of Multiplication
Step: 15 · 100, Justification: Multiplied 25 and 4
Step: 1500, Justification: Multiplied 15 and 100",B_boundary,NA,high
"Notice that the properties of addition and multiplication do not apply to subtraction and division. Order matters when we subtract or divide.
5 − 3 = 2 but 3 − 5 = −2
8 ÷ 4 = 2 but 4 ÷ 8 = 1/2",B_boundary,NA,high
"Example 4
Simplify 100 − 365.
Solution
Reversing the order of the minuend and the subtrahend reverses the sign of the difference.
365 − 100 = 265
so 100 − 365 = −265",B_boundary,NA,high
"Practice Set
Name each property illustrated in a–d.
a. 4 · 1 = 4 b. 4 + 5 = 5 + 4
c. (8 + 6) + 4 = 8 + (6 + 4) d. 0 · 5 = 0
e. What is the difference when the sum of 5 and 7 is subtracted from the product of 5 and 7?
f. Simplify: 36 − 87
g. Justify Lee simplified the expression 5 · (7 · 8). His work is shown below. What properties of arithmetic did Lee use for steps 1 and 2 of his calculations?
5 · (7 · 8) Given
5 · (8 · 7)
(5 · 8) · 7
40 · 7 (5 · 8 = 40)
280 (40 · 7 = 280)
h. Explain Explain how to check a subtraction answer.
i. Explain Explain how to check a division answer.
For j and k, find the unknown.
j. 12 + m = 48 k. 12n = 48",B_boundary,NA,high
"Justify Decide if the statements in 9–10 are true or false, and explain why.
9. (1) All whole numbers are counting numbers.
10. (1) All counting numbers are integers.",B_boundary,NA,high
"* 20. (1) Analyze Compare:
a. 0 ○ −1 b. −2 ○ −3 c. |−2| ○ |−3|",B_boundary,NA,high
"Example 1 shows one problem that we can make from the story about Heidi's game. We can use the same formula no matter which number is missing because the missing number does not change the plot. However, the number that is missing does determine whether we add or subtract to find the missing number.
• If the sum is missing, we add the addends.
• If an addend is missing, we subtract the known addend(s) from the sum.
s + m = t (Find s or m by subtracting. Find t by adding.)
Now we will consider word problems about separating. These problems have a subtraction thought pattern. We can express a separating plot with a formula.
starting amount − some went away = what is left
s − a = l
Here is a story about separating.
Alberto went to the store with a twenty dollar bill. He bought a loaf of bread and a half-gallon of milk for a total of $4.83. The clerk gave him $15.17 in change.",B_boundary,NA,high
"10. (1) Compare:
a. −5 ○ 1 b. −1 ○ −2",B_boundary,NA,high
"11. (1) Compare:
a. −10 ○ 10 b. |−10| ○ |10|",B_boundary,NA,high
12. (1) Compare: |−5| ○ (the distance from zero to −5 on a number line),B_boundary,NA,high
"16. (1, 2) Simplify, then compare:
36 − 17 ○ 17 − 36",B_boundary,NA,high
"problem solving
There are often multiple ways to solve a problem. We might find that certain solution methods are easier than others. Sometimes we can find a way to make it simpler. For example, to find the sum of 7, 8, 9, and 10, we can add 7 and 8 to get 15, then add 9 to get 24, and then add 10 to get 34. But notice how we can find the sum more simply:
7 + 8 + 9 + 10: 7 + 10 = 17, 8 + 9 = 17; 17 × 2 = 34
We paired addends that have equal sums. Then we multiplied the sums by the number of pairs.
Problem: What is the sum when we add 7, 8, 9, 10, 11, 12, 13, 14, 15, and 16?
Understand We are asked to find the sum of a set of numbers.
Plan We can pair the addends at the ends of the list to get a sum 23. We can work inward to form other pairs that each have a sum of 23. Then we can count the pairs and multiply that number by 23.",B_boundary,NA,high
"12. (1) Compare:
a. −7 ○ −8 b. 5 ○ −6",B_boundary,NA,high
"* 21. (1, 2) Analyze Simplify and compare: 12 − 5 O 5 − 12",B_boundary,NA,high
* 26. (3) Evaluate Which change in height is greater: 54 in. to 63 in. or 48 in. to 59 in.?,B_boundary,NA,high
* 27. (4) Analyze Which total cost is less: 25 tickets for $5 each or 20 tickets for $6 each?,B_boundary,NA,high
"We will learn many strategies to compare fractions. One strategy we can use is to determine if the fraction is greater than or less than 1/2. To estimate the size of a fraction, we compare the numerator to the denominator. For example, if Tyler has read 3/10 of a book, then he has read less than half the book because 3 is less than half of 10. If Taylor has read 3/4 of a book, then she has read more than half of the book because 3 is greater than half of 4.",B_boundary,NA,high
Example 3: Compare 2/3 of an hour and 2/5 of an hour. Explain why your answer is reasonable. Solution: 2/3 of an hour > 2/5 of an hour. The answer is reasonable because 2/3 of an hour is greater than half an hour and 2/5 of an hour is less than half an hour.,B_boundary,NA,high
"Explain Decide if the statements in 28–29 are true or false and explain why. If the answer is false, provide a counterexample (an example that disproves the statement).",B_boundary,NA,high
"Explain Decide if the statements in problems 27–29 are true or false, and explain why. If the statement is false, give a counterexample (an example that disproves the statement).",B_boundary,NA,high
* 29. (1) Every fraction is less than 1.,B_boundary,NA,high
"In the examples above, we used the term average speed. The speed of the truck in example 1 probably fluctuated above and below its average speed. However, the total distance traveled was the same as if the truck had traveled at a steady speed—the average speed. In common usage, the average of a set of numbers is a central number that is found by dividing the sum of the elements of a set by the number of elements. This number is more specifically called the mean.",B_boundary,NA,high
"Thinking Skill Predict: Without calculating, could we predict whether 35 is a reasonable answer for this problem? Explain.",B_boundary,NA,high
"Example 5: Below we show the prices of new homes sold in a certain neighborhood. Find the mean, median, and mode of the data. Which measure should a researcher use to best represent the data? Home Prices (in thousand $): 170, 191, 208, 175, 185, 175, 209, 187, 181, 195, 183, 219. Solution: Mean: mean = (170 + 191 + 208 + 175 + 185 + 175 + 209 + 187 + 181 + 195 + 183 + 219)/12; mean ≈ 190. Median: Order the numbers to find the central value: 170, 175, 175, 181, 183, 185, 187, 191, 195, 208, 209, 219. median = (185 + 187)/2 = 186. Mode: The most frequently occurring number is 175. If the researcher is reporting to someone interested in property tax revenue, the mean is a good statistic to report. It may be useful in predicting revenue from property taxes. However, if the researcher is reporting to prospective buyers, the median is a good statistic to report. It tells the buyer that half of the new homes cost less than $186,000. The mean may be misleading to a buyer—its value is greater than the median because of a few expensive homes. Only 1/3 of the homes were sold for more than $190,000.",B_boundary,NA,high
"The price per pound of apples sold at different grocery stores is reported below. Use this information to answer problems g–i: $0.99, $1.99, $1.49, $1.99, $1.49, $0.99, $2.49, $1.49. g. Display the data in a line plot. h. Compute the mean, median, mode, and range of the data. i. Verify Rudy computed the average price and predicted that he would usually have to pay $1.62 per pound for apples. Evaluate Rudy’s prediction based on your analysis of the data.",B_boundary,NA,high
"We often refer to the length and width of a rectangle. To find the perimeter of a rectangle, we add two lengths and two widths. To find the area of a rectangle, we multiply the length and width. Formulas for the Perimeter and Area of a Rectangle: P = 2l + 2w; A = lw",B_boundary,NA,high
"In example 2 we compare the effects of doubling the length and width of a rectangle on the perimeter and area. Example 2: The figures below show the dimensions of room A and room B (Room A: 5 yd by 4 yd; Room B: 10 yd by 8 yd). a. Find the perimeter of each room in yards. b. Find the area of each room in square yards. c. How does doubling the length and width affect the perimeter of the rectangle? d. How does doubling the length and width affect the area of the rectangle? Solution: a. The perimeter of room A is 18 yd, and the perimeter of room B is 36 yd. b. The area of room A is 20 sq. yd, and the area of room B is 80 sq. yd. c. Doubling the length and width also doubles the perimeter. d. Doubling the length and width results in an area four times as large.",B_boundary,NA,high
Thinking Skill Analyze: Describe another way we could find the area of the figure in example 3 by first finding the area of two different rectangles.,B_boundary,NA,high
"Explain For problems 25–27, state whether the sentence is true or false, and explain why. If the answer is false, provide a counterexample.",B_boundary,NA,high
"Check: It may seem unusual to consider that 1/7 of a whole can have the value 1/5, or that 5/7 of a whole can have the value 1, but drawing a diagram showed us that it is possible.",B_boundary,NA,high
Math Language: Remember that the set of whole numbers includes the counting numbers and zero.,B_boundary,NA,high
"Rational numbers are numbers that can be expressed as a ratio of two integers. Any integer can be written as a fraction with a denominator of 1, so integers are rational numbers. The set of rational numbers is closed under addition, subtraction, multiplication, and division. That means any sum, difference, product, or quotient of two rational numbers is a rational number, with one exception: we guard against division by zero. That is, we do not use zero as a divisor or denominator. Reasons for this provision appear later in the book.
On the number line, rational numbers include the integers as well as many points between the integers.",B_boundary,NA,high
"Writing fractions with common denominators is one way to compare fractions.
Example 4: Compare: 2/3 ◯ 3/5

Solution:
A common denominator for the two fractions is 15.
2/3 ∙ 5/5 = 10/15
3/5 ∙ 3/3 = 9/15
We see that 2/3 equals 10/15 and 3/5 equals 9/15. It is clear that 10/15 is greater than 9/15, therefore,
2/3 > 3/5",B_boundary,NA,high
"An improper fraction is a fraction equal to or greater than 1. These fractions are improper fractions:
5/2, 4/4, 10/3, 12/6
The following fractions are not improper fractions:
2/5, 1/4, 3/10, 6/12",B_boundary,NA,high
"* 15. Analyze: Compare:
a. |−4| ◯ −3
b. 4/5 ◯ 7/10",B_boundary,NA,high
"To read a decimal number, we read the whole number part (to the left of the decimal point), say “and” at the decimal point, and then read the fraction part (to the right of the decimal point). To read the fraction part of a decimal number we read the digits as though the digits formed a whole number, and then we name the place value of the final digit.",B_boundary,NA,high
"Note that converting a rational number to decimal form has three possible outcomes.
1. The rational number is an integer.
2. The rational number is a terminating decimal number.
3. The rational number is a non-terminating decimal number with repeating digits. We will learn more about this type of rational number in Lesson 30.",B_boundary,NA,high
"Example 5
Convert each number to a percent by multiplying each number by 100%
a. 0.2 b. 0.125 c. 1.5
Solution
a. 0.2 × 100% = 20%
b. 0.125 × 100% = 12.5%
c. 1.5 × 100% = 150%
Fractions and decimals greater than 1 convert to percents greater than 100%.",B_boundary,NA,high
Converting from a percent to a decimal shifts the decimal point two places to the left.,B_boundary,NA,high
"Example 8
a. How much money is 80% of $40?
b. How much money is 75% of $40?
c. Estimate 8.25% sales tax on a $19.95 purchase.
Solution
To find a percent of a number we change the percent to a decimal or fraction and then multiply. Usually one form or the other is easier to multiply.
a. We choose to change 80% to a decimal.
80% of $40
0.8 × $40 = $32
b. We choose to change 75% to a fraction.
75% of $40
3/4 × $40 = $30
c. We round 8.25% to 8% and 19.95 to $20.
Step: Justification:
8% of $20 Rounded
0.08 × $20 8% = 0.08
$1.60 Multiplied",B_boundary,NA,high
"19. (1, 10) Compare:
a. |-2| O 2 b. 3/4 O 3/8",B_boundary,NA,high
"Example 2
Simplify.
a. 2/3 + 3/4
b. 3/4 − 1/6
Solution
a. One way to find a common denominator is to multiply the denominators of the fractions that are being added or subtracted. The denominators are 3 and 4. Since 3 × 4 = 12, we rename the fractions so that both denominators are 12.
Find the common denominator: Rename the fractions:
2/3 = [ ]/12, 2/3 · 4/4 = 8/12
+ 3/4 = [ ]/12, + 3/4 · 3/3 = 9/12
17/12 or 1 5/12
b. The denominators are 4 and 6, and 4 × 6 = 24, so a common denominator is 24. However, 24 is not the least common denominator. Since 12 is the least common multiple of 4 and 6, the least common denominator of the two fractions is 12. We perform this subtraction twice using 24 and then 12 as the common denominator.
3/4 · 6/6 = 18/24, 3/4 · 3/3 = 9/12
− 1/6 · 4/4 = 4/24, − 1/6 · 2/2 = 2/12
14/24 = 7/12, 7/12
Using the least common denominator often makes the arithmetic easier and often avoids the need to reduce the answer.",B_boundary,NA,high
"Discuss Why did we arrange the fractions vertically in example 2 but not in example 1?
When adding and subtracting mixed numbers it is sometimes necessary to regroup.",B_boundary,NA,high
"24. (1) Compare:
a. |-5| O |-6|
b. -5 O -6",B_boundary,NA,high
"Example 1
Simplify:
a. 5^4
b. 10^4
Solution
The exponent, 4, indicates that the base is a factor four times.
a. 5 ∙ 5 ∙ 5 ∙ 5 = 625
b. 10 ∙ 10 ∙ 10 ∙ 10 = 10,000
Notice that the number of zeros in 10,000 matches the exponent of 10.
Thinking Skill Explain: Explain the difference between 5^4 and 5 ∙ 4.",B_boundary,NA,high
"* 13. (2, 13) Justify Compare and justify your answer with a property of addition.
(1/3 + 1/2 + 2/3) O (1/3 + 2/3 + 1/2)",B_boundary,NA,high
27. (1) Explain why the following statement is false: “Every whole number is positive.”,B_boundary,NA,high
"No matter how many digits a calculator displays, the displays for √2 and √3 will be filled with digits without a repeating pattern. The display fills because there is no rational number—no fraction or repeating decimal—that equals √2 or √3.
The numbers √2 and √3 are examples of irrational numbers. The prefix ir- means not, so “irrational numbers” means “non-rational numbers.” The square root of any counting number that is not a perfect square is an irrational number. Later we will consider other examples of irrational numbers.",B_boundary,NA,high
"11. (15) Analyze Compare:
a. √16 ◯ 7
b. √81 ◯ 3²",B_boundary,NA,high
"Example 1: Round 1,481,362 to the nearest hundred thousand.

Solution: The number is between the round numbers 1,400,000 and 1,500,000. To help us decide which round number is nearer, we inspect the digit in the ten-thousands place. If the digit is 5 or greater we round up. If the digit is less than 5 we round down.
1,481,362
The digit in the ten-thousands place is 8, so we round up to 1,500,000.",B_boundary,NA,high
We round decimal numbers by finding a decimal number with fewer decimal places. The procedure is similar to the one used for whole numbers except that we do not use trailing zeros.,B_boundary,NA,high
"Example 4: Estimate the length of one wall of your classroom in feet.

Solution: There are a variety of ways to estimate a length of several feet. Some people walk a distance using big steps counting three feet (one yard) to a step. Other people will use a reference, such as a door which is about seven feet high, to visually form an estimate. Make a thoughtful estimate, and then use a tape measure or yardstick to find the length of the wall, rounded to the nearest foot.

Discuss: Explain how you might estimate the perimeter of the classroom.",B_boundary,NA,high
"Estimating calculations helps us decide if an answer is reasonable.
For example, suppose we are calculating the cost of 48 square yards of carpeting priced at $28.95 per square yard. We could round the quantity to 50 square yards and the price to $30 per square yard. Multiplying these numbers mentally we get $1500. If the calculated product is very different, then the results are not reasonable and we will review our calculations.",B_boundary,NA,high
"Example 5: Ivan wants to tile the floor of a kitchen that is 12 feet long and 8 feet wide. The installed tile is $7.89 per square foot. Ivan calculates that the cost to tile the floor is $315.60. Is Ivan’s calculation reasonable?

Solution: The cost is based on the number of square feet. The area of the kitchen is 8 feet × 12 feet, or 96 square feet. We can estimate the cost of tiling the floor by multiplying 100 square feet by $8 per square foot. A reasonable estimate of the cost is $800, which is very different from Ivan’s calculation. Since Ivan’s calculation is not reasonable, he should check his calculations.",B_boundary,NA,high
"Practice Set
a. In 2000 the population of Dallas was 1,188,580. Round that number to the nearest hundred thousand.
b. Round 3.14159 to four decimal places.
c. The price of regular unleaded gasoline was $2.19 9/10. Round that price to the nearest cent.
d. Estimate Estimate the height of the ceiling in your classroom in meters and in feet.
e. Estimate the sum of 3879 and 5276.
f. Estimate the product of 12 3/8 and 9.75 by rounding each number to the nearest whole number before multiplying.
g. Evaluate Gus works 39 hours for $9.85 per hour. He calculates that his weekly paycheck should be $38,415. What is a reasonable estimate of what Gus earns? How do you suppose Gus arrived at his calculation?
h. A rectangular room is 11 3/4 feet long and 10 1/2 feet wide. Grace calculated the area to be about 124 square feet. Explain why her calculation is or is not reasonable.
i. It is 6:05 p.m. and Eduardo is driving to Dallas. If he is 157 miles away and driving at an average speed of 62 miles per hour, is it reasonable that he can reach Dallas by 9:00 p.m.? Explain your answer.",B_boundary,NA,medium
"11. (15) Compare:
a. √100 ◯ −10
b. √25 ◯ √36",B_boundary,NA,high
"problem solving: The Mystery Man gave interesting responses. When Erica said 5, the Mystery Man said 9. When Joseph said 8, the Mystery Man said 15. When Humberto said 12, the Mystery Man said 23. When Wally whispered, the Mystery Man said 19. What did Wally whisper?",B_boundary,NA,high
"New Concept Increasing Knowledge: Lines and Angles

A line is a straight path that extends without end in both directions. A ray is a part of a line that begins at a point and extends without end in one direction. A segment is part of a line with two endpoints.

line AB (AB) or line BA (BA)
ray AB (AB)
segment AB (AB) or segment BA (BA)

Justify: Can we change the order of the letters we use to name rays? Why or why not?",B_boundary,NA,high
"Example: Find m∠RST.

Solution: The abbreviation m∠RST means “measure of angle RST.” Protractors have two scales, one starting from the left side and one starting from the right side. Since side ST of this angle is on the right-side zero mark, we read the scale that counts up from zero from the right side. The angle measures 50°. Another way to decide which scale to use is to determine if we are measuring an acute angle or an obtuse angle. Since this angle is an acute angle, we use the scale with numbers less than 90.",B_boundary,NA,high
"10. (15, 16) Compare:
a. |−10| ◯ √100
b. √5 ◯ 2",B_boundary,NA,high
"20. (10, 12) Compare:
a. |4/5| ◯ |5/4|
b. 0.8 ◯ 7/10",B_boundary,NA,high
"Example 1: Which of these figures is a polygon?
A (closed figure with curved side)
B (open figure with straight segments)
C (3D cube)
D (closed plane figure with straight sides)

Solution: Figure A is closed but it has a curved side, so it is not a polygon.
Figure B is not closed, so it is not a polygon.
Figure C represents a cube, which is not a plane figure, so it is not a polygon.
Figure D is a plane, closed figure with straight sides, so it is a polygon.",B_boundary,NA,high
"Example 2: Which polygon is not regular?
A (equilateral triangle)
B (regular hexagon)
C (square)
D (rhombus)

Solution: The sides of each figure are equal in length. The angles in figures A, B, and C are of equal size. However, D has two acute angles and two obtuse angles, so the figure is not regular.",B_boundary,NA,high
"Practice Set
a. Name this polygon. Is it regular or irregular?
b. Which of the following is not a way to name this rectangle?
A ▭ ABCD
B ▭ ADCB
C ▭ BACD
D ▭ BADC
c. What is the name for the shape of a stop sign?
d. The block H shown is a polygon. Count the sides and name the polygon.
e. Represent Use four letters to correctly name the figure that looks like a square. Start the name with the letter A.
f. In example 3, which triangle appears to be a dilation of triangle A?
g. Which figures below appear to be similar and which appear to be congruent?",B_boundary,NA,high
"* 8. (10, 15) Analyze Compare:
a. 4 ◯ 7/2
b. 7 ◯ √49",B_boundary,NA,high
"Example 3: Find the area of each triangle.
a. A right triangle with legs 6 in. and 8 in., and hypotenuse 10 in.
b. A triangle with base 6 cm, height 6 cm, and other side 10 cm.
c. A triangle with base 8 m, height 7 m, and other sides 8 m.

Solution:
a. One angle is a right angle, so two sides are perpendicular. We multiply the perpendicular sides and find half the product.
A = 1/2 bh
A = 1/2 (8 in.)(6 in.)
A = 24 in.²

b. We multiply the perpendicular dimensions. As the triangle is oriented the base is 6 cm and the height is 6 cm. We find half the product of the base and height.
A = 1/2 bh
A = 1/2 (6 cm)(6 cm)
A = 18 cm²

c. The base does not need to be horizontal and the height vertical. The base is 8 m and the height is 7 m. (Turn the book to help you see the relationship.)
A = 1/2 bh
A = 1/2 (8 m)(7 m)
A = 28 m²",B_boundary,NA,high
9. Compare: a. 2/3 O 3/2 b. |-7| O |7|,B_boundary,NA,high
"Example 4
Cassidy sketched a triangle and carefully measured the sides. Is her triangle a right triangle?
Solution
The triangle might look like a right triangle, but to be a right triangle the side lengths must satisfy the Pythagorean Theorem.
a^2: 7^2 = 49
b^2: 7^2 = 49
c^2: 10^2 = 100
The sum of 49 and 49 is 98, which is nearly 100, but not quite. Therefore, the triangle is not a right triangle. (The largest angle of a triangle with these side lengths is about 91°.)",B_boundary,NA,high
"You can test your ability to draw a right angle with a pencil and ruler. Draw an angle with sides at least four inches long and mark one side at 3 in. and the other at 4 in. from the vertex.
Then measure from mark to mark to see if the distance is 5 inches. If the distance is less than 5 inches, the angle is less than 90°. You can use a protractor to confirm the size of the angle.",B_boundary,NA,high
"10. Britney is framing a wall. She wants the angle at C to be a right angle. She marks point A 8 feet from C and point B 6 feet from C. She measures from A to B and finds the distance is 10 ft 1 1/2 in. To make the angle at C a right angle, should Britney push B toward A or pull B away from A? Why?",B_boundary,NA,high
"These two formulas can be used to find the perimeter of a rectangle.
1. P = 2(l + w)
2. P = 2l + 2w
Using the first formula we add the length and width (12 cm + 8 cm = 20 cm). Then we double this sum (2 × 20 cm = 40 cm).
Using the second formula we double the length (2 × 12 cm = 24 cm) and double the width (2 × 8 cm = 16 cm). Then we add these products (24 cm + 16 cm = 40 cm).
Both formulas produce the same result because the formulas are equivalent.
2(l + w) = 2l + 2w",B_boundary,NA,high
"These two formulas illustrate the Distributive Property (sometimes called the Distributive Property of Multiplication over Addition). The Distributive Property gives us a choice when dealing with expressions such as this one.
2(12 + 8)
One choice is to add before multiplying, 2(20). The other choice is to multiply each addend before adding.
2(12 + 8) = 2 · 12 + 2 · 8
The second choice distributes the multiplication over the addition. Here we show in symbols the Distributive Property over addition and subtraction.
Distributive Property:
a(b + c) = a · b + a · c
a(b + c + d) = a · b + a · c + a · d
a(b - c) = a · b - a · c",B_boundary,NA,high
"order of operations
If there is more than one operation in an expression, we follow this order.
1. Simplify within parentheses.
2. Simplify exponent expressions.
3. Multiply and divide in order from left to right.
4. Add and subtract in order from left to right.
The first letters of the boldfaced words are also the first letters of the words in the following sentence, which can help us remember this order.
Please excuse my dear Aunt Sally.
If there are operations within the parentheses we follow the order of operations to simplify within the parentheses.",B_boundary,NA,high
"Example 3
Simplify: 20 - 2 · 3^2 + (7 + 8) ÷ 5
Solution
Step: Justification:
20 - 2 · 3^2 + 15 ÷ 5 Simplified within parentheses
20 - 2 · 9 + 15 ÷ 5 Applied exponent
20 - 18 + 3 Multiplied and divided
5 Added and subtracted",B_boundary,NA,high
"Example 6
Consider this expression: 3 + 3 × 3 - 3 ÷ 3
a. As written, this expression equals what number?
b. Copy the expression and place one pair of parentheses so that the expression equals 3. Justify your answer.
Solution
a. 11
b. 3 + 3 × (3 - 3) ÷ 3
3 + 3 × 0 ÷ 3 Simplified within parentheses
3 + 0 Multiplied and divided left to right
3 Added",B_boundary,NA,high
* 6. Formulate Linda reserved two hotel rooms for $75 each room plus a tax of $7.50 each. Illustrate the Distributive Property by writing two ways to compute the total. What is the total?,B_boundary,NA,high
"Example 5
Simplify: 3/4 ÷ 1/3
Solution
We show two methods.
First method: Find the number of 1/3s in 1.
1 ÷ 1/3 = 3
Then find 3/4 of this number.
3/4 · 3 = 9/4 = 2 1/4
Second method: Rewrite the division problem as a multiplication problem and multiply by the reciprocal of the divisor.
3/4 ÷ 1/3
3/4 · 3/1 = 9/4 = 2 1/4",B_boundary,NA,high
* 7. Compare: |6 - 19| O (6 - 19),B_boundary,NA,high
"21. Name this figure [ray EF extending towards F]
A EF
B FE
C either A or B",B_boundary,NA,high
"b. We write the mixed numbers as improper fractions. Instead of dividing, we multiply by the reciprocal of the divisor. 1 2/3 ÷ 2 1/2 = 5/3 ÷ 5/2 = 5/3 × 2/5 = 10/15 = 2/3. a and b could be reduced before multiplying. We may reduce (or cancel) to eliminate the need to reduce after multiplying. a. 7/3 × 3/2 = 7/2 = 3 1/2. b. 5/3 × 2/5 = 2/3.",B_boundary,NA,high
"* 17. (15, 21) Generalize Compare: a. (5 − 7) ○ |5 − 7|   b. √64 ○ ∛64",B_boundary,NA,high
"New Concept: Adding and Subtracting Decimal Numbers. Performing arithmetic with decimal numbers is similar to arithmetic with whole numbers. We follow a few more rules to keep track of the decimal point. When adding or subtracting decimal numbers, we first align the decimal points. By lining up the decimal points we assure that we are adding or subtracting digits with the same place value.",B_boundary,NA,high
"Practice Set: a. Arrange these numbers from least to greatest: 1/2, 0, –1, 2, 0.3, 1.75. b. Compare 0.036 ○ 0.0354. Simplify: c. 7.5 + 12.75   d. 4.2 + 12   e. 0.3 + 0.8   f. 11.46 − 3.6   g. 5.2 − 4.87   h. 3 − 2.94. i. Explain: How can you check your answers in problems f–h? j. The weather report stated that the recent storm dropped 1.50 inches of rain raising the seasonal total to 26.42 inches. What was the seasonal total prior to the recent storm? Explain how you found your answer.",B_boundary,NA,high
* 14. (21) Compare: |16 – 20| ○ (16 – 20),B_boundary,NA,high
"New Concept: Multiplying and Dividing Decimal Numbers. To multiply decimal numbers with pencil and paper we do not need to align the decimal points. We instead multiply to find the product and then count all the decimal places in the factors to locate the proper position for the decimal point in the product. (Decimal places are places to the right of the decimal point.) In part a of the example below, we show the same multiplication in decimal form and in fraction form.",B_boundary,NA,high
We distinguish between dividing by a whole number and dividing by a decimal number. Whole number divisor: 0.42 ÷ 6. Decimal number divisor: 0.42 ÷ 0.6. When dividing by a whole number the decimal point in the quotient is placed above the decimal point of the dividend. In this example the quotient and dividend have the same number of decimal places. We fill empty places with zero if necessary. 0.42 ÷ 6 = 0.07.,B_boundary,NA,high
When dividing by a decimal number we take an extra step to make an equivalent problem in which the divisor is a whole number. Multiplying the dividend and the divisor by 10 shifts the decimal points one place without changing the quotient. Instead of showing the multiplication we can shift both decimal points the same number of places before we divide. 0.42/0.6 · 10/10 = 4.2/6,B_boundary,NA,high
"Decimal Arithmetic Reminders: You may need to … Place a decimal point to the right of a whole number. Fill empty places with zeros. Operation + or −: line up. Operation ×: ×; then count. Operation ÷ by whole (W): up. Operation ÷ by decimal (D): over, over, up.",B_boundary,NA,high
"17. (15, 21) Compare: a. |1 − 9| ○ (9 − 1)   b. √9 + √16 ○ √9 + 16",B_boundary,NA,high
Example 1: Find the missing exponent: x⁵ · x³ = x^□. Solution: We apply the meaning of the exponents. x⁵ · x³ = (x · x · x · x · x)(x · x · x) = x⁸. We see that multiplying x⁵ and x³ means that x is a factor eight times. Notice that the exponent 8 is the sum of the exponents 5 and 3.,B_boundary,NA,high
"Thinking Skill Connect: Why does the table specify that for division, x ≠ 0? Examples 1, 2, and 3 illustrate the following three laws of exponents. Laws of Exponents for Multiplication and Division: xᵃ · xᵇ = xᵃ⁺ᵇ; xᵃ / xᵇ = xᵃ⁻ᵇ for x ≠ 0; (xᵃ)ᵇ = xᵃᵇ. Summarize: State the laws of exponents as shown in the table in your own words. We will expand on these laws in later lessons.",B_boundary,NA,high
18. (21) Compare: |16 − 20| ○ (16 − 20),B_boundary,NA,high
* 22. (19) Verify: Give a counterexample to disprove the statement “all squares are congruent.”,B_boundary,NA,high
"Simplify. Remember to follow the order of operations.
* 8. 1/3 + 1 1/3 · 2 1/4
* 9. 3/4 − 1/5 ÷ 4/5
* 10. (2 + 1.2) / (2 − 1.2)
* 11. (1.5)^2 − 1.5",B_boundary,NA,high
"Example 1: There are 9 girls and 15 boys in a class. What is the ratio of boys to girls in the class?
Solution: We write the ratio in the order stated—boys to girls.
boys / girls = 15/9 = 5/3
The ratio of boys to girls is 5 to 3. Notice that we reduce the ratio, but we do not write the ratio as a mixed number.",B_boundary,NA,high
"Example 4: Rosa kept a record of the number of pages and number of minutes she read each night. Find Rosa's approximate reading rate for the book in pages per minute.
[Reading Record:
M: 15 pages, 30 minutes
T: 11 pages, 20 minutes
W: 14 pages, 30 minutes
Th: 20 pages, 40 minutes
F: 27 pages, 50 minutes]
Solution: We are asked for the rate in pages per minute, so the units are pages and minutes. To find Rosa's reading rate we have some choices. We can find the rate for each day to see if the rate is consistent, or we can find the total number of pages and minutes and calculate an average rate. We show both methods in the table. We see that each ratio is equal or very close to 1 page every 2 minutes or about 1/2 page per minute.",B_boundary,NA,high
"Power Up F
mental math
a. Calculation: Ronald ran 7 laps of the park in an hour. Enrique ran 4 laps in half an hour. Whose average speed was faster?
b. Geometry: Rewrite and complete this congruence statement: △ABC ≅ △_____
c. Fractional Parts: Jackie rode his bike 20 miles per hour for 1 1/2 hours. How far did he ride?
d. Number Sense: 4.5 × 4
e. Scientific Notation: Write 750,000 in scientific notation.
f. Proportions: Gina earned $24 in 3 hours. At that rate, how much would she earn in 5 hours?
g. Power/Roots: What whole number is closest to √101?
h. Calculation: 28, ÷ 4, + 2, × 7, + 1, √ , + 5, × 2, − 1, √ , − 3, × 50",B_boundary,NA,high
"Thinking Skill Analyze: Write 1/6 as a decimal rounded to two decimal places. Double the result. Add 1/6 and 1/6 as fractions and write the sum as a decimal. Which decimal sum is more accurate?
Many calculators do not have functions that enable the user to perform arithmetic with fractions. To convert a fraction to a decimal, we enter the numerator, press the ÷ key, then key in the denominator and press =. Convert these fractions to decimals.
a. 10/11
b. 11/12
c. 17/80
To add fractions it is not necessary to enter long repeating decimals and it is not necessary to round the decimal equivalents. For example, to add 5/6 and 8/3 on a calculator that has algebraic logic (follows the order of operations), we can use this key stroke sequence:
[5][÷][6][+][8][÷][3][=]
If your calculator has algebraic logic, the final display should read 3.5, which equals 3 1/2. Try these operations and write the decimal result.
d. 11/12 + 11/6
e. 17/24 − 1/2
Many calculators do not have a percent key. To find a given percent of a number with a calculator, we mentally shift the decimal point two places to the left before we enter the number.
f. Estimate 6.25% of $72.59. Then use a calculator to perform the actual calculation and round the answer to the nearest cent. What decimal number did you enter for 6.25%?",B_boundary,NA,high
"We can show the addition of integers on a number line. We start at zero. Positive integers are indicated by arrows to the right and negative integers by arrows to the left. Here we show three examples.
A. (−3) + (+5) = (+2)
B. (+3) + (−5) = (−2)
C. (−5) + (−3) = −8
Look at number sentences A and B above and answer these questions:
• Do the addends have the same sign or opposite signs?
• How can we determine whether the sign of the sum will be positive or negative?
• How can we determine the number of the sum?
Now look at number sentence C and answer the same three questions. Then try completing the exercises in example 3 before reading the solution.",B_boundary,NA,high
"Math Language
Recall that the subtrahend is the number being subtracted.",B_boundary,NA,high
"collecting like terms
An algebraic term is an expression that includes a positive or negative number and may include one or more variables.
Here are some examples of terms:
3y, x, −w^2, 3x^2y, −2
The number part of a term is called its numerical coefficient or just coefficient for short. Each of the first four terms has a coefficient that is a positive or negative number.
The coefficient of 3y is +3.
The numerical coefficient of x is +1.
The numerical coefficient of −w^2 is −1.
The coefficient of 3x^2y is +3.
Notice that if the coefficient is 1, it is not written. It is understood to be 1.
A term without a variable, such as −2, is called a constant.",B_boundary,NA,high
"We can identify like terms by looking at the variables. Like terms have identical variable parts, including exponents. The variables may appear in any order.
 Like terms: −5xy and yx
 Unlike terms: 2xy and −5x^2y
Discuss Why are −5xy and yx like terms? Why are 2xy and −5x^2y unlike terms?",B_boundary,NA,high
"Thinking Skill
Justify
The Commutative Property of Addition does not apply to subtraction. Why can we use the Commutative Property of Addition to rearrange the terms in this expression that includes subtraction?",B_boundary,NA,high
11. (15) Simplify and compare: √9 + √16 [O] √(9 + 16),B_boundary,NA,high
"Example 5
Emily is a softball player who has 21 hits in 60 at-bats. Express the probability that Emily will get a hit in her next at-bat as a decimal number with three decimal places. Emily’s coach needs to decide whether to have Emily bat or to use a substitute hitter whose batting average is .300 (batting averages are usually expressed without a 0 in the ones place). How would you advise the coach?
Solution
The ratio of hits to at-bats is 21 to 60. To express the ratio as a decimal we divide 21 by 60.
21 ÷ 60 = 0.35
We write the probability (batting average) with three decimal places: .350. Since Emily’s batting average is greater than the batting average of the substitute hitter, we advise the coach to have Emily bat.",B_boundary,NA,high
"12. (15, 21) Simplify and compare:
 a. √(3^2 + 4^2) [O] √3^2 + √4^2
 b. |−1 + 5| [O] |−1| + |5|",B_boundary,NA,high
"24. (32) Jon and Meg play a game with the spinner from problem 23. They take turns spinning the spinner twice. Jon earns a point if a player spins at least one A in a turn. Meg earns a point if a player spins “doubles” (AA, BB, or CC). Predict who you think will win more often if they play several times, and justify your prediction.",B_boundary,NA,high
"Thinking Skill
Verify
Use a number line to prove that (−3) − (+2) and (−3) + (−2) are equal.",B_boundary,NA,high
"Example 2
Jocelyn has a checking balance of $1286. In the mail she receives a rebate check for $25 and a utility bill for $128. She deposits the rebate and writes a check for the bill. Write an equation with integers for the situation and find her checking balance after the transactions.
Solution
To find the balance b we add the rebate to and subtract the utility bill from her current balance.
b = 1286 + 25 − 128
Instead of subtracting 128, we may add negative 128.
b = 1286 + 25 + (−128)
Both methods result in a balance of $1183.",B_boundary,NA,high
"We can use proportions to solve problems where one of the numbers in the proportion is missing. A variable represents the missing number in the proportion.
2/8 = 6/x
One way to find the missing number in a proportion is to use the multiple between the terms of the ratios. This method is like finding equivalent fractions.
2 × 3 = 6
2/8 = 6/x
8 × 3 = 24
By multiplying 2/8 by 3/3, we find that the missing term is 24. Below we show another relationship we can use to find a missing number in a proportion.
2 × 4 = 8, 6 × 4 = 24
Again we find that the missing number is 24.",B_boundary,NA,high
"22. (28) Alfred was studying the mass of several planets. He found that Pluto’s mass is 4.960 × 10^27 kg, Neptune’s is 1.028 × 10^27 kg, Jupiter’s is 1.894 × 10^30 kg, and Earth’s is 5.976 × 10^27 kg. Order the planets from greatest to least mass.",B_boundary,NA,high
"problem solving
Find each missing digit. (Hint: If the remainder is 8, then the divisor must be greater than 8.)",B_boundary,NA,high
"The symbol ~ represents similarity. Since △ABC is similar to △GHI, we can write △ABC ~ △GHI.
The symbol ≅ represents congruence. Since △ABC and △DEF are congruent, we can write △ABC ≅ △DEF.
Notice that when we write a statement about the similarity or congruence of two polygons, we name the letters of the corresponding vertices in the same order. Below we define similar and congruent polygons in a way that enables us to draw conclusions about their side lengths and angle measures.",B_boundary,NA,high
"Example 2
Thinking Skill Analyze: Is the perimeter of the triangle on the right three times the perimeter of the triangle on the left? Is the area three times as great?
The triangles are similar. Find x.
Solution
We pick two sides from the right triangle to write a ratio and include x. We pick the two corresponding sides from the left triangle to write a ratio.
Left Triangle: 4, 3
Right Triangle: 12, x
Since the triangles are similar, the ratios form a proportion. We solve the proportion for x.
4/3 = 12/x
4 × 3 = 12, 3 × 3 = 9
The constant factor that relates the ratios of similar polygons is called the scale factor. In this case the scale factor is 3. Since 3 × 3 is 9, we find that the side of the triangle is 9 inches.",B_boundary,NA,high
"17. (35) Triangles ABE and ACD are similar.
a. Which side of △ABE corresponds to side CD?
b. Compare: m∠AEB [ ] m∠D",B_boundary,NA,high
"Since the product of two negative numbers is a positive number, squaring a negative number results in a positive number.
(−5)^2 = (−5)(−5) = 25
However, cubing a negative number results in a negative number.
(−2)^3 = (−2)(−2)(−2)
The product of −2 and −2 is 4.
[(−2)(−2)](−2) = (4)(−2)
The product of 4 and −2 is −8.
(4)(−2) = (−8)",B_boundary,NA,high
"Thinking Skill Connect: Use digits and symbols to show both square roots of 41.
We distinguish between the words “square root” and the (√ ). The radical indicates the principal square root, which is the positive square root of a positive real number.
• The square roots of 9 are 3 and −3.
• √9 = 3",B_boundary,NA,high
"Example 5
Simplify.
a. (6x^2y)(−2xyz)
b. 6x^2y / -2xyz
Solution
a. We can use the commutative and associative properties of multiplication to rearrange and regroup the factors.
Step: (6x^2y)(−2xyz) | Justification: Given expression
(6)(−2)x^2 · x · y · y · z | Commutative and associative properties
−12x^3y^2z | Multiplied and grouped with exponents
b. We can factor the dividend and divisor and then reduce. The quotient assumes that no variables are zero.
Step: 6x^2y / -2xyz | Justification: Given expression
2 · 3 · x · x · y / -2 · x · y · z | Factors
2^1 · 3 · x^1 · x · y^1 / -2_1 · x_1 · y_1 · z | Reduced
-3x/z | Simplified
Notice that in example 5, part b, we expressed the quotient as a negative fraction. The following three forms are equivalent; however, we avoid expressing a denominator as a negative number.
3x/-z = -3x/z = -(3x/z) (Preferred: -3x/z)",B_boundary,NA,high
"Example 6
Expand.
a. 3x(2x − 4)
b. −3x(2x − 4)
Solution
a. We apply the distributive property and multiply the terms within the parenthesis by 3x.
3x(2x − 4) = 6x^2 − 12x
b. We multiply by −3x. Notice that −3x times −4 is +12x.
−3x(2x − 4) = −6x^2 + 12x",B_boundary,NA,high
"Justify Solve for x. Check your solution.
* 5. (34) x/12 = 2/3
* 6. (34) 1/5 = 4/x",B_boundary,NA,high
* 10. (17) Analyze What is the probability of rolling an odd number on a number cube? How does that compare to the probability of rolling an even number?,B_boundary,NA,high
"Example 1
Find the area of this figure.
Solution
One way to find the area of this figure is to divide the polygon into a rectangle and a triangle. Then we find the area of each part and add the areas.
Area of rectangle = 6 cm · 4 cm = 24 cm^2
+ Area of triangle = 1/2 · 4 cm · 2 cm = 4 cm^2
Area of polygon = 28 cm^2
Evaluate There is another way to find the area of the polygon by dividing it into parts. Describe this way and use it to find the area of the polygon. Compare the result to the answer above.",B_boundary,NA,high
"* 29. (32) Evaluate The teacher asked for two volunteers. Andy, Benito, Chen, and Devina raised their hands. If the teacher picks two of the four volunteers,
a. what is the sample space?
b. what is the probability Benito will be picked?",B_boundary,NA,high
"Example 3
Solve: 2/3w = 3/4
Solution
Thinking Skill Connect: When the variable is multiplied by a fraction, why do we multiply by the reciprocal to help us isolate the variable?
The variable is multiplied by 2/3. Instead of dividing by 2/3, we multiply both sides by the multiplicative inverse (reciprocal) of 2/3.
Step: 2/3w = 3/4 | Justification: Given equation
3/2 · 2/3w = 3/2 · 3/4 | Multiplied both sides by 3/2
1w = 9/8 | Simplified
w = 9/8 | Simplified",B_boundary,NA,high
"These are two commonly used formulas for the circumference of a circle.
Circumference of a Circle
c = πd
c = 2πr
To find a circle's circumference using the formula on the left, we multiply its diameter by π.
Explain How would you use the formula on the right to find circumference?",B_boundary,NA,high
"Reading Math Recall that when numbers are approximate, we use ≈ in place of =.",B_boundary,NA,high
"Multiplying by π involves approximation, because π is an irrational number. There is no decimal or fraction that exactly equals π. This book will use two commonly used approximations for π.
π ≈ 3.14
π ≈ 22/7
Applications that require greater precision may use closer approximations for π, such as 3.14159. For rough mental estimations or to check the reasonableness of a calculation we may use 3 for π.",B_boundary,NA,high
"Some calculators have a key or keystroke sequence for π.
a. If your calculator displays π, write its value to the number of places shown.
b. Arrange these numbers in order from least to greatest.
3.14, 22/7, π",B_boundary,NA,high
"Example 1 The diameter of the truck wheel is 35 inches. About how far does the wheel roll in one turn? (Use 22/7 for π.)
Solution
The distance the wheel rolls in one turn equals the circumference of the wheel. To find the circumference we multiply the diameter by the given approximation for π.
c = πd
c ≈ 22/7 · 35 inches
c ≈ 110 inches
We calculate that the wheel rolls about 110 inches in one turn. The answer seems reasonable because π is a little more than 3, and 3 × 35 in. is 105 in.
Discuss Why might you choose to use 22/7 for π instead of 3.14?",B_boundary,NA,high
"Example 4 George Ferris designed a Ferris Wheel for the 1893 World Columbian Exposition in Chicago. The wheel was 75 meters in diameter. Calculate the circumference of the wheel to the nearest meter. (Use a calculator if available.)
Solution
Using a calculator we can multiply 75 m by 3.14 or by using the π function. Here we show sample displays.
Using 3.14 = 235.5
Using π key = 235.619449
Rounding to the nearest meter we find the circumference of the wheel was about 236 m.",B_boundary,NA,high
2. Name each figure. Which is not a polyhedron? Explain your choice.,B_boundary,NA,high
"To draw pyramids and cones we can begin by sketching the base. To represent a square base of a pyramid we can draw a parallelogram. To represent the circular base of a cone we can draw an ellipse, which looks like a stretched or tilted circle.",B_boundary,NA,high
"Example 2 Xavier and Yolanda are playing a game. When Xavier says a number, Yolanda performs an operation with Xavier’s number and says the result. The table shows four numbers Xavier said and Yolanda’s replies. Describe the rule Yolanda uses, and write the rule as an equation. Then graph the (x, y) pairs from the table and all other pairs of numbers Xavier and Yolanda could say.
Solution
Yolanda adds 2 to the number Xavier says. The equation is
y = x + 2.
We graph the x, y pairs from the table and see that the points are aligned. We suspect other points along this line also meet the conditions of the problem. We draw a line through and beyond the graphed points and test some x, y pairs on the line to see if they fit the equation y = x + 2. Any point we choose on the line satisfies the equation. We conclude that the graph of all possible pairs of numbers Xavier and Yolanda could say using the rule are represented by points on the graphed line.",B_boundary,NA,high
"However, there is an important difference between the functions in example 1 and example 2. Notice that the ratio of output to input in example 2 is not constant.

Example 1: P = 3s (Proportional)
Example 2: y = x + 2 (Not Proportional)",B_boundary,NA,high
"This means the relationship of perimeter to side length is proportional, but the relationship of Yolanda’s number to Xavier’s number is not proportional.
Graphs of proportional functions have these two characteristics.
1. The function is linear.
2. The points are aligned with the origin (0, 0).",B_boundary,NA,high
Practice Set d. State why the relationship between the numbers in this table is not a function.,B_boundary,NA,high
"* 30. Evaluate: Xena and Yanos played a number game. In the table are four numbers Xena said and the numbers Yanos said in reply.
a. Use words to describe the rule Yanos followed.
b. Write an equation that shows the rule.
c. Sketch a graph that shows all the pairs of numbers that fit the rule. Then draw a line through the points to show other x, y pairs of numbers that fit the rule.",B_boundary,NA,high
Thinking Skill Analyze: Why are the formulas V = Bh and V = lwh equivalent formulas for the volume of a rectangular prism?,B_boundary,NA,high
Analyze: Why are the formulas V = Bh and V = s^3 equivalent formulas for the volume of a cube?,B_boundary,NA,high
"* 30. Recall that the graph of a proportional relationship has these characteristics:
1. The graph is a line or aligned points.
2. The graph is aligned with the origin.
Which graph below indicates a proportional relationship? Explain why the other graphs do not show a proportional relationship.",B_boundary,NA,high
Justify: Explain how we can check the solution.,B_boundary,NA,high
"slope of a line: In Lesson 41 we graphed lines to illustrate the relationship between two variables. Lines on a coordinate plane may be horizontal, vertical, or slanted one way or the other. We use a number called the slope to indicate the steepness of the line and whether the line is slanted “uphill” (positive) or “downhill” (negative).

Slope: The slope of a line is the ratio of the rise to the run between any two points on the line.
slope = rise/run

The run starts from a point on the line and moves over to the right.
The rise starts at the end of the run and moves up or down to meet the line.
Train your eyes to read lines on graphs from left to right like you read words.
“Uphill” lines have a positive slope.
“Downhill” lines have a negative slope.",B_boundary,NA,high
Infer: Which of the two graphs on the previous page has the steeper slope? Support your answer.,B_boundary,NA,high
Thinking Skill Explain: Can we use the words uphill and downhill to describe a line with a slope of zero? Explain.,B_boundary,NA,high
"Note that the slope of a horizontal line is zero. We do not assign a slope to a vertical line. Instead, we say that the slope of a vertical line is undefined.
Discuss: Why is the slope of a vertical line undefined? (Hint: Think about the run of a vertical line.)",B_boundary,NA,high
"17. (32) Francisco and Rafael are baseball players. Francisco has had 31 hits in 75 at-bats, while Rafael has had 40 hits in 83 at-bats. Between the two, who is more likely to get a hit in his next at-bat? Explain your answer.",B_boundary,NA,high
"24. (11)
a. Write 4% as a reduced fraction and as a decimal.
b. Which form would you find most convenient to answer the following question? “If 4% of a class of 25 students were absent, how many were absent?”",B_boundary,NA,high
"problem solving Three friends ordered 3 different sandwiches and 3 different drinks. Annie ordered tuna, but didn’t order water. Bernice ordered lemonade. Calvin did not order grilled cheese. Who ordered the cranberry juice? Who ordered the chicken sandwich?",B_boundary,NA,high
Connect What is the relationship between the ratios and the actual counts in example 1? How could you use this information to solve the proportion a different way?,B_boundary,NA,high
"19. (21, 31) Simplify and compare: (-5 + √(25 - 16))/2 O (-5 - √(25 - 16))/2",B_boundary,NA,high
"* 20. (11, 25) Simplify and compare: 0.5% of 1000 O 101% of 5",B_boundary,NA,high
"* 28. (39) Venus and Earth are often called twin planets because they are almost the same size. Earth has a circumference of 40,070 km. Venus has a diameter of 12,100 km. Which planet is larger? Hint: find the circumference of Venus.",B_boundary,NA,high
"New Concept Increasing Knowledge To multiply numbers written in scientific notation, we multiply the coefficients to find the coefficient of the product. Then we multiply the powers of 10 by adding the exponents.

Steps: Justification:
(1.2 × 10^6)(4 × 10^8) Given
(1.2 × 4)(10^6 × 10^8) Assoc. and Comm. Properties
4.8 × 10^14 Simplified

If the product is not in the proper form of scientific notation, we revise the product so that there is one digit to the left of the decimal point.",B_boundary,NA,high
"Steps: Justification:
(7.5 × 10^4)(2 × 10^3) Given
(7.5 × 2)(10^4 × 10^3) Assoc. and Comm. Properties
15.0 × 10^7 Simplified (but incorrect form)
1.5 × 10^1 × 10^7 15.0 = 1.5 × 10^1
1.5 × 10^8 Proper form (10^1 × 10^7 = 10^8)

Look carefully at the last three steps. The coefficient 15.0 is not the correct form. We write 15.0 in scientific notation (1.5 × 10^1) and simplify again.",B_boundary,NA,high
"Example 1 Find each product
a. (1.2 × 10^5)(3.0 × 10^5)
b. (4.0 × 10^4)(5.0 × 10^5)
Solution
a. We multiply the coefficients and add the exponents.
(1.2 × 10^5)(3.0 × 10^5) = 3.6 × 10^10
b. We multiply the coefficients and add the exponents.
(4.0 × 10^4)(5.0 × 10^5) = 20.0 × 10^9
The answer is not in proper form because the coefficient has two digits left of the decimal point. We reposition the decimal point.
20.0 × 10^9 = 2.0 × 10^10",B_boundary,NA,high
Conclude Can the coefficient for a number written in scientific notation ever be greater than or equal to 10? Explain your answer.,B_boundary,NA,high
"Example 2 Light travels at a speed of about 300,000 kilometers per second. An hour is 3600 seconds. Write both numbers in scientific notation. Then estimate the distance light travels in an hour using scientific notation.
Solution
The rate 300,000 km/sec is equal to 3.0 × 10^5 km/sec.
The measure 3600 sec is equal to 3.6 × 10^3 sec.
The product of 3.0 × 10^5 km/sec and 3.6 × 10^3 sec is 10.8 × 10^8 km. The product is not in proper form for scientific notation, so we adjust the answer. The distance light travels in one hour is about 1.08 × 10^9 km, which is more than 1 billion kilometers.",B_boundary,NA,high
"Example 3 Find each quotient
a. (1.44 × 10^12) / (1.2 × 10^8)
b. (3.0 × 10^8) / (4.0 × 10^4)
c. (7.5 × 10^6) / (2.5 × 10^6)
Solution We divide the coefficients and subtract the exponents.
a. (1.44 × 10^12) / (1.2 × 10^8) = 1.2 × 10^4
b. (3.0 × 10^8) / (4.0 × 10^4) = 0.75 × 10^4
The quotient is not in proper form. We move the decimal point one place to the right and subtract 1 from the exponent.
0.75 × 10^4 = 7.5 × 10^3
c. (7.5 × 10^6) / (2.5 × 10^6) = 3 × 10^0
Recall that 10^0 equals 1. Thus the quotient is simply 3.",B_boundary,NA,high
"Notice how the graph in example 2 is different from the graph in example 1. The graph in example 2 is not interrupted with gaps. This means that the function P = 4s is a continuous function.
Notice two more important features of the graph in example 2.
1. The graph begins at the origin.
2. All points in the graph are aligned.
Together, these two features indicate that the function is a direct proportion. We will be studying direct proportions in many lessons in this book. Any two pairs from a direct proportion form a proportion. Take (2, 8) and (3, 12) for example.
2/8 = 3/12",B_boundary,NA,high
Thinking Skill Analyze How could we use the answer to find what percent of the questions Shanna answered incorrectly?,B_boundary,NA,high
"Recall that a rate is a ratio of two measures. For example, speed is a rate that is a ratio of distance to time. If an object’s speed is constant, then the ratio of its distance traveled to time of travel is constant. A car traveling at an average speed of 50 miles per hour travels the following distances in the given time periods.
50 miles / 1 hour
100 miles / 2 hours
150 miles / 3 hours
200 miles / 4 hours
These ratios are equivalent, and each reduces to 50 miles/1 hour, which is the unit rate. Therefore, the relationship is proportional, and any two of these ratios form a proportion. Thus we may solve rate problems two ways: with proportions or by multiplying by the unit rate.",B_boundary,NA,high
"These two methods are based on two forms of the rate equation.
1. The ratio is constant: y/x = k
2. The unit rate is constant: y = kx
All proportional relationships can be expressed with these two equations. Examples 1 and 2 show how we can use a proportion or multiplying by the unit rate to solve the same problem.",B_boundary,NA,high
"22. (41) Yanos and Xena play a numbers game. The table shows some numbers Xena says and the numbers Yanos says in response.
X: 6, 2, 1, −2
Y: 3, 1, 1/2, −1
a. Describe the rule Yanos uses.
b. Write the rule as an equation beginning with y =.
c. Sketch a graph that shows all the pairs of numbers Xena and Yanos could say using the rule.",B_boundary,NA,high
"Practice Set
Justify: Solve. Check your work.
a. 3x + 5 = 50
b. 4x − 12 = 60
c. 30n + 22 = 292
d. x/5 + 4 = 13
e. −2x + 17 = 3
f. 3m − 1.5 = 4.2
g. 4x + 10 + x = 100
h. 7x − 12 − x = 24
i. A computer repair shop charges $40 per hour plus the cost of parts. If a repair bill of $125 includes $35 in parts, then how long did the repair shop work on the computer ? Solve this equation to find the answer. (Express your answer in both decimal form and in hours and minutes.)
40x + 35 = 125",B_boundary,NA,high
"* 27. (50) Evaluate: If the bowling alley charges $3.50 for a pair of shoes and $5.50 per game, how many games will Rita be able to play with a $20 dollar bill? Write and solve an equation and check the solution.",B_boundary,NA,high
2. Describe how the coordinates of the reflection across the x-axis compare with the coordinates of the original triangle.,B_boundary,NA,high
"Math Language Recall that counterclockwise means “in the opposite direction as the movement of the hands of a clock,” or “to the left.”",B_boundary,NA,high
"Example 1
Which of the following does not equal 10^(−3)?
A 1/10^3
B 1/1000
C 0.001
D −1000
Solution
An exponential expression with a negative exponent is the reciprocal of the expression with the opposite exponent, as shown in A. Since 10^3 equals 1000, B is just an alternate form of A. Choice C is the decimal equivalent of B. The only number that does not equal 10^(−3) is choice D, −1000.
A negative exponent does not imply a negative number. Actually, 10^(−3) is a positive number.",B_boundary,NA,medium
"Example 3
Simplify:
a. 2^(−3)
b. (−2)^3
Solution
We distinguish between negative powers and powers of negative numbers.
a. To simplify 2^(−3) we rewrite the expression with a positive exponent.
2^(−3) = 1 / 2^3
Then we apply the positive exponent to the base.
1 / 2^3 = 1 / (2 · 2 · 2) = 1/8
b. The expression (−2)^3 is written with a positive exponent. Three negative factors produce a negative product.
(−2)^3 = (−2)(−2)(−2) = −8",B_boundary,NA,high
Thinking Skill - Explain: Is canceling units of measure like canceling numbers? Explain.,B_boundary,NA,high
"Practice Set f. Carter claims he can run 10,000 centimeters in 14 seconds. Express his claim in more appropriate terms.",B_boundary,NA,high
"At the end of a season, Neilsen Ratings reports the mean season rating as a measure of a show’s success. For various types of data, the mean is a frequently reported statistic. It is commonly referred to as the “average,” even though the median and mode are other averages.",B_boundary,NA,high
"Example 3: Consider the salaries of the employees of a small business. In an interview, a prospective employee was told that the average salary of employees is $50,000. How might this information be misleading?
Yearly Salary (in thousands $)
32 43
34 45  mean: 50
32 67  median: 40
30 85  mode: 32
37 95  range: 65
Solution: The interviewer reported the mean salary, which is much higher than the median because of a few salaries which are greater than most of the others. A prospective employee who heard that the average salary is $50,000 would be disappointed if his or her starting salary is near $30,000.",B_boundary,NA,high
"Example 4: Josiah sells three different hats to test their popularity. His sales are reported in a bar graph below. The height of each bar corresponds to the number of hats of that type Josiah sold.
Find the mode of the data. Why are we not interested in the mean or median?
Solution: The mode of the types of hats is Type 1, the most popular choice. In this case, the data Josiah collected was qualitative data (hat type), not quantitative data (numbers), so mean and median are not important.",B_boundary,NA,high
"* 26. (52) Sergio claims he can lift 10,000 grams over his head. Is his claim reasonable? Justify your answer.",B_boundary,NA,high
"* 27. (32) A coin is flipped and the spinner is spun. Which sample space is most useful? Why?
A Sample Space {H1, H2, H3, T1, T2, T3}
B Sample Space {H1, H1, H1, H2, H2, H3, T1, T1, T1, T2, T2, T3}
Find P(H and 1).",B_boundary,NA,high
"Early Finishers Real-World Application: While traveling on vacation, Mr. and Mrs. Rodriguez decide to spend an afternoon biking. There are two bike-rental companies nearby to choose from. Buck’s Bikes charges $10 per hour per bike. Cycles Galore charges $4 per hour per bike plus an initial fixed fee of $15 per bike. Let x represent the time (in hours) that the bikes are rented and y represent the total cost.
a. Write an equation to represent the total amount it would cost Mr. and Mrs. Rodriguez to rent two bikes from Buck’s Bikes.
b. Write an equation to represent the total amount it would cost Mr. and Mrs. Rodriguez to rent two bikes from Cycles Galore.
c. Graph both equations on the same coordinate plane.
d. Use your graph to determine which company would be cheaper if Mr. and Mrs. Rodriguez want to ride for three hours.",B_boundary,NA,high
"Notice that the measures of angles 2 and 3 in example 1 total 90°. Two angles whose measures total 90° are complementary angles, so ∠3 is the complement of ∠2, and ∠2 is the complement of ∠3.
Angles Paired by Combined Measures:
Supplementary: Two angles totaling 180°
Complementary: Two angles totaling 90°",B_boundary,NA,high
Extend: An alternate method for calculating the area of the lateral surface of a cone is to calculate the area of the portion of a circle represented by the net of the lateral surface. Use a protractor to measure the central angle of the lateral surface of the cone you created. The measure of that angle is the fraction of a 360° circle represented by the lateral surface. Use a ruler to measure the radius. Find the area of a whole circle with that radius. Then find the area of the sector by multiplying the area of the whole circle by the fraction central angle / 360.,B_boundary,NA,high
23. (12) a. Write 1/100 as a decimal and percent. b. How does 1/100 compare to 0.009?,B_boundary,NA,high
"28. (51) A human hair measures 50 millionths (50 × 10^-6) of a meter. Which is thicker, 100 human hairs or a nickel that is 2/10^3 meter thick?",B_boundary,NA,high
"Notice that a horizontal line has zero slope and can be expressed with slope-intercept form, y = 0x + 2, which simplifies to y = 2. A vertical line cannot be expressed in slope-intercept form.",B_boundary,NA,high
The Laws of Exponents implied on the previous page apply to negative exponents as well. We exercise care adding and subtracting the exponents. Here we show some examples. 10^-5 · 10^-3 = 10^-8; 10^5 · 10^-3 = 10^2; 10^-5 / 10^-3 = 10^-2; 10^5 / 10^-3 = 10^8,B_boundary,NA,high
Solution to Example 2: a. (2.4 × 10^-6)(2 × 10^-2) = 4.8 × 10^-8 b. (2.4 × 10^-8) / (2 × 10^-2) = 1.2 × 10^-6 c. (4 × 10^-6)(5 × 10^-4) = 20 × 10^-10 (improper form); Adjustment: 20 × 10^-10 = 2 × 10^1 × 10^-10 = 2 × 10^-9 d. (4 × 10^-8) / (5 × 10^-2) = 0.8 × 10^-6 (improper form); Adjustment: 0.8 × 10^-6 = 8 × 10^-1 × 10^-6 = 8 × 10^-7,B_boundary,NA,high
* 16. (22) Simplify and compare: (1/2)^2 O (-1/2)^2,B_boundary,NA,high
"22. (15) Simplify, then compare: √(4/9) O √4 / √9",B_boundary,NA,high
"problem solving: A store sells three sizes of the same candle—a “regular” size with radius r and height h. Candle B is twice as tall as Candle A but has the same radius. Candle C is just the reverse, with twice the radius of Candle A but the same height. If both large Candles B and C are made of the same material, which of them is heavier? Why?",B_boundary,NA,high
Example 1: Thirty-two ounces is 25% of a gallon. How many ounces is a gallon? Solution: We are given the percent and the part. We are asked for the whole. We write the percent as a decimal or as a fraction and solve for the unknown. As a decimal: 32 oz is 25% of a gallon; 32 = 0.25g; 32 / 0.25 = g; g = 128. As a fraction: 32 oz is 25% of a gallon; 32 = 1/4 g; 4/1 · 32 = 4/1 · 1/4 g; g = 128. A gallon is 128 ounces.,B_boundary,NA,high
"Example 3: For the following percent problems, decide whether it is better to express the percent as a decimal or as a fraction. a. The sales-tax rate is 8.25%. What is the sales tax on a $18.97 purchase? b. Shirts are on sale for 33 1/3% off the regular price. How much is saved on a $24 shirt?",B_boundary,NA,high
"Solution to Example 3: a. Whether we change the percent to a fraction or decimal, we must multiply a 4-digit number by a 3-digit number. Converting the percent to a fraction further complicates the arithmetic. To calculate an exact answer we would convert the percent to a decimal and use a calculator if one was readily available. b. To write the percent as a decimal we would need to round. Expressing the percent as the fraction 1/3 is more accurate, and we can perform the calculation mentally. We would express the percent as a fraction.",B_boundary,NA,high
"If we want to experimentally determine the probability that a flipped coin will land heads up, we would flip the coin a number of times, counting the number of trials and the number of heads. As the number of trials grows, the experimental probability tends to approach the theoretical probability of an experiment. Therefore, we want a large number of trials when conducting probability experiments.",B_boundary,NA,high
* 13. (37) Evaluate Compare the figure to a 4 m by 8 m rectangle. a. Is the area of the figure greater than or less than the area of the rectangle? b. Is the perimeter of the figure greater than or less than the perimeter of the rectangle?,B_boundary,NA,high
"Likewise, to find the area of a parallelogram we multiply the perpendicular base and height. Again, the product is the area of a rectangle, but the area of the rectangle is equal to the area of the parallelogram. In the figure below, notice that the part of the parallelogram outside the rectangle matches the missing portion of the rectangle.",B_boundary,NA,high
Connect: Repeat this activity by drawing a parallelogram and one of its diagonals. How does this area of each triangle you formed compare to the area of the parallelogram? How does the formula for the area of a triangle compare to the formula for the area of a parallelogram?,B_boundary,NA,high
f. Justify: How do you know your answer to problem e is correct?,B_boundary,NA,high
"* 21. (55) Analyze: Which of these nets is not a net of a cube? A, B, C, D",B_boundary,NA,high
"The group of people that researchers want to study is called the population of the study. In the case of the theme park, the population would be all park visitors. Often it is not practical to survey an entire population, so researchers select a smaller sample of the population to survey. Researchers use sampling methods to ensure that the sample is representative of the larger population and to avoid bias or slant toward a particular point of view. For example, the managers of the theme park might ask every 100th person who walks through the gates to participate in the survey.",B_boundary,NA,high
Thinking Skill Discuss: Why would a bar graph not represent the data well?,B_boundary,NA,high
Reading Math: Recall that the three dots is called an ellipsis. The ellipsis indicates that the sequence continues without end.,B_boundary,NA,high
"Notice that the graphed points are aligned for the arithmetic sequence. Visually we could easily predict the value of the next term or terms. The graphed points are not aligned for the geometric sequence. Instead the distance from the x-axis to the point triples from term to term. We could not plot the 4th term, 27, on the graph because it far exceeded the scale of the graph.",B_boundary,NA,high
"Example 3: Write a formula that describes this sequence.
3, 6, 9, 12, . . .
Solution: First we make a table that shows the number and the value of the terms.
Studying the table we see that the value (a) is three times the number (n). We write this formula.
an = 3n
The little n after the a is called a subscript. The expression an means the value of the nth term. (It does not mean that a and n are multiplied.) On the right side of the formula we see that the constant difference, 3, is multiplied by n. The formula tells us that to find the nth term of the sequence, multiply n by 3. For example, the tenth term of the sequence is 3 · 10, which is 30. Using the formula, it looks like this:
a10 = 3(10)
a10 = 30",B_boundary,NA,high
"Example 4: Write a formula that describes this sequence.
1, 3, 9, 27, . . .
Solution: First we make a table.
The rule of this sequence involves a constant ratio, 3, as the base, and an exponent related to the number of the term. We try an = 3^n:
3^1 = 3, 3^2 = 9, 3^3 = 27
We see that these terms are one place out of position, so we modify the formula and try again.
an = 3^(n−1)
a1 = 3^(1−1) = 3^0 = 1
a2 = 3^(2−1) = 3^1 = 3
a3 = 3^(3−1) = 3^2 = 9
a4 = 3^(4−1) = 3^3 = 27",B_boundary,NA,high
problem solving: Jaime knows that 30^2 is 900. He wonders if knowing 30^2 can help him find 29 × 31. Raquel knows what 25^2 equals. How can she use that knowledge to find 24 × 26?,B_boundary,NA,high
"Tom is thinking of a number between 1 and 10. Of what possible numbers could he be thinking?
We might assume that Tom is thinking of a counting number greater than 1 and less than 10, such as 3, 6 or 7. However, Tom could be thinking of 2 1/2 or π or √20, because each of these numbers is also between 1 and 10.
We can write an inequality to indicate the range of possible numbers. Letting x represent a possible number, we write 1 < x < 10.
We read this inequality in both directions from x, “x is greater than 1 and less than 10.” Notice that both the description and the inequality exclude 1 and 10.",B_boundary,NA,high
Explain: Why do we choose a number that is in the solution set and one that is not when testing our solution?,B_boundary,NA,high
"When applying inequalities to situations in the real world, we might be limited to positive numbers or whole numbers, as we see in the following example.",B_boundary,NA,high
Justify: Is 5 part of the solution? How do you know?,B_boundary,NA,high
"We do not perform computations with a decimal number that has a bar over the repetend. Instead we use the fraction equivalent, or we round the decimal number to an appropriate number of decimal places.",B_boundary,NA,high
"Analyze: Which produces a more exact product for multiplying by 0.09 (with bar over 09), multiplying by 1/11 or by 0.0909?",B_boundary,NA,high
"Written Practice 6 (43, Inv. 4) - Lesson 65: Justify: a. Sketch a rectangular prism with a 10 mm square base and a height of 20 mm. b. Find the surface area of the prism in a. c. Sketch a pyramid with a 10 mm square base and a height of 20 mm. Which has the greater volume, the prism or the pyramid? How do you know?",B_boundary,NA,high
"All 45-45-90 triangles have side lengths in the ratio of 1:1:√2. All 30-60-90 triangles have side lengths in the ratio of 1:√3:2. (Some students remember this ratio as 1, 2, √3 noting that the longest side is 2.)",B_boundary,NA,high
Notice that the “original” percent is 100%. Also notice that we add or subtract the “change” number depending on whether the change is an increase (+) or a decrease (−).,B_boundary,NA,high
"Analyze: Knowing the dollar increases, what are two ways we can find the original price? Discuss: Compare and contrast the percent columns in examples 1 and 2. How are they the same? How are they different?",B_boundary,NA,high
"A tree diagram can be used to display and count outcomes of experiments with multiple stages. If an experiment has only two stages, we can use a rectangular table or area model. For example, we can display the sample space of rolling two number cubes this way.
[Table of First Cube 1..6 vs Second Cube 1..6 pairs]
We see that the 6 by 6 rectangle has 6 · 6 possible outcomes, even though there are only 11 different sums. This sample space display is preferable to listing the 11 different outcomes because the table shows equally-likely outcomes. If we were to simply list the outcomes from 2 to 12, we would not be able to tell which outcomes are more/less likely.
The multiplication counting principle also helps us count ways that an event can occur.",B_boundary,NA,high
"Example 3
Suppose a bag contains 2 red and 3 blue marbles. Robert selects a marble from the bag, looks at it, then replaces it. Then he selects a second marble from the bag. What is the probability he selects a red marble and then a blue marble?
Solution
P(red and blue) = P(red) · P(blue)
= 2/5 · 3/5
= 6/25
Verify What is the probability Robert selects a red and blue marble in either order? Calculate the probability then verify the results by drawing a 5 by 5 table.",B_boundary,NA,high
"Example 4
Maribel holds a stack of 52 alphabet cards: 26 uppercase cards (A, B, C, . . . Z) and 26 lowercase cards (a, b, c, . . . z). She shuffles the stack, and selects one card. What is the probability that it is an uppercase vowel?
Solution
There are five uppercase vowel cards (A, E, I, O, U) in the 52 cards.
P(uppercase vowel) = 5/52
We can also find this probability by considering the independent events “uppercase” and “vowel”. (Even if the letter on the card is uppercase, the probability it is a vowel remains 5/26.) Since one-half of the cards are uppercase cards, and there are 10 total vowel cards, the probability can be computed:
P(uppercase vowel) = P(uppercase) · P(vowel)
P(uppercase vowel) = 1/2 · 5/26
P(uppercase vowel) = 5/52",B_boundary,NA,high
"Example 1
Which of the following is an example of direct variation? (The variables are underlined.)
A A taxi company charges three dollars to start the ride plus two dollars per mile.
B The area of a square is the square of the length of its side.
C The perimeter of a square is four times the length of its side.
Solution
We make a table for the three relationships and check for a constant ratio.
[Tables for D = 2m + 3, A = s^2, P = 4s]
Of these three, the only example of direct variation is the relationship between the perimeter of a square and its side length. In every number pair, the ratio reduces to 4. The relationship is proportional. In the other examples, the ratios vary. The relationships are not proportional.",B_boundary,NA,high
"We can also identify direct variation from a graph. The three relationships from example 1 are graphed below.
A Taxi: D = 2m + 3
B Area: A = s^2
C Perimeter: P = 4s
Thinking Skill Analyze How do A = s^2 and D = 2m + 3 differ from y = kx?
A graph indicates a proportional relationship only if all the points fall along a straight line that intersects the origin. Graph B is not linear. Graphs A and C are linear, but graph A does not align with the origin.",B_boundary,NA,high
"Characteristics of Graphs of Direct Variation
Quantities which vary directly have pairs of points which lie on the same line, and the line intersects the origin.
Connect Look at the perimeter graph and follow the line. How many units does the line rise for each unit it moves to the right?
Analyze Are paired quantities whose points are aligned always proportional?",B_boundary,NA,high
"Solution
Eunice and Doubleday could go on endlessly saying numbers. The graphed line shows all the numbers they could say that fit their rule. The arrowheads show that the possible pairs of numbers extend without end.
This relationship is an example of direct variation. We see that the possible pairs of numbers form a straight line that passes through the origin. Any two pairs of numbers from the relationship form a proportion.
An equation for the relationship is
d = 2e
in which e is the number Eunice says and d is the number Doubleday says. The constant of proportionality is 2 because every value of d is 2 times the given value of e. Every d-to-e ratio equals 2.",B_boundary,NA,high
"An alternate method for solving this problem is to write a proportion. In one case we know the charge and number, $780 and 60. In the second case, the number is known and the charge is unknown. For each case we write a ratio. We know the ratios are equal because we are told the quantities vary directly.
charge / number: 780/60 = x/100
Now we can solve using cross products.
$780(100) = 60x
$78000 = 60x
$1300 = x",B_boundary,NA,high
"Focus on Probability Simulation
A cereal company claims on its box, “One in three win a free movie pass!” If you decide to purchase this cereal, what is the probability it contains a movie pass?
The cereal box indicates that the probability of selecting a winner is 1/3. This theoretical probability means that, out of all the cereal boxes produced for the contest, one-third contain a free pass. Thus, on average, one in three boxes is a winner.
Does this mean that if you buy three boxes you are guaranteed a winner? We can simulate the purchase of 3 boxes to determine the probability of buying at least one winner.
For the simulation we will need a spinner that looks like this:
Each spin will represent the purchase of one cereal box. The probability of landing on a “winner” is 1/3, since the winning region fills 1/3 of the circle.",B_boundary,NA,high
"Thinking Skill Explain
If one in three boxes contains a free pass, does buying three boxes guarantee a free pass? Why or why not?
Simulation
1. For each trial, simulate the “purchase” of 3 cereal boxes by spinning the spinner 3 times. For each spin, record W (for winner) or N (for not winner). Then in the “At least one winner?” column write “yes” or “no,” depending on whether there were any winners in the three-spin trial.
2. Repeat step 1 until the table is complete. Below are some sample results.
[Sample Results table: Trial 1: W, N, N, yes; Trial 2: N, N, N, no; Trial 3: N, W, W, yes]
3. To compute the experimental probability of having at least one winner after purchasing 3 cereal boxes, add the number of successes (“yes” in the last column) and divide by the total number of trials. For our sample results above, this would be:
P(at least one winner in 3 boxes) ≃ 2/3",B_boundary,NA,high
"New Concept Increasing Knowledge
Projectors, copy machines, and graphics software can dilate and reduce the size of images by scale factors that are often expressed as percents.
Here we show two squares. The larger square is 20% larger than the smaller square.
Statements about percents of increase or decrease should be read carefully. A small word or single letter can affect the meaning.
Dilation: Percent of original = 100% + percent of increase
Reduction: Percent of original = 100% − percent of decrease",B_boundary,NA,high
"Referring to the square above, increasing the size of the smaller square 20% means that the size of the larger square is 120% of the smaller square. Notice that 120% is related to the scale factor. We find that the scale factor from the smaller square to larger square is 1.2 by converting 120% to a decimal.",B_boundary,NA,high
"Solution
Assuming that the towel shrunk uniformly, the length was reduced 10% and the width was reduced 10%. Since the length and width are both 90% of the original size, the scale factor from the original size to the reduced size is 0.9. To find the effect of the contraction on the area we square the scale factor.
(0.9)^2 = 0.81
This number means that the area of the reduced towel is 81% of the area of the original towel. Thus the area was reduced by 19%.
To provide a before and after example we select multiples of 10 for the dimensions so that a reduction of 10% is easy to calculate.",B_boundary,NA,high
"Early Finishers Real-World Application
A small accounting firm has seven employees. Their annual salaries are as follows:
$38,500 $41,500 $45,000 $52,000 $43,500 $34,000 $45,000
The employees are voting on two different plans for salary raises for the coming year. Both plans are one-year proposals and apply to all employees.
Plan 1: Each employee receives a raise of $1,800.
Plan 2: Each employee receives a raise of 4.2%.
a. Make a table of current salaries and proposed salaries under both plans.
b. Write a brief explanation of how the two plans differ and their potential financial impact on the highest- and lowest-paid employees.",B_boundary,NA,high
"Solution
To convert square feet (ft^2) to square yards (yd^2), we need to cancel feet twice. We will use two unit multipliers to perform the conversion.
855 ft^2 · (1 yd / 3 ft) · (1 yd / 3 ft) = (855 yd^2) / 9 = 95 yd^2
The Ortegas will need about 95 square yards of carpet.
To understand visually why it is necessary to cancel feet twice in the example above, consider this diagram of a square yard.
We see that one square yard is equivalent to 9 square feet. Therefore, 855 ft^2 = (855/9) yd^2 = 95 yd^2",B_boundary,NA,high
"When a formula is not given, be creative when looking for the rule or pattern of a sequence. The rule may include addition, subtraction, multiplication, division, powers, arithmetic between several previous terms, or other patterns that are not immediately obvious.",B_boundary,NA,high
"10. (63) Write 1/12 as a a decimal and b percent. c If 1/12 of the customers pay cash, which of these statements is correct:
A More than one in ten pay cash
B Less than one in ten pay cash",B_boundary,NA,high
"In example 2 we estimated the length of the shortcut using √2 ≈ 1.41. It is helpful to remember some approximate values of frequently encountered square roots to one or two decimal places.
Approximate Values of Square Roots:
√2 ≈ 1.41
√3 ≈ 1.73
√5 ≈ 2.24
√10 ≈ 3.16",B_boundary,NA,high
"Thinking Skill Discuss
How are parallelograms and trapezoids similar? How are they different?",B_boundary,NA,high
"To find the area of a trapezoid we can find the area of a rectangle with the equivalent area. A trapezoid has two bases, which are the parallel sides. The perpendicular distance between the bases is the height. If we multiply either one of the bases by the height the result is a rectangle that is either too small or too large.
Instead of multiplying one of the bases by the height, we multiply the average length of the bases by the height. The average length of the bases is the length halfway between the length of the shorter base and the length of the longer base.
Notice that the parts of the trapezoid outside the rectangle match the “holes” inside the rectangle.
We can express this method for finding the area of a trapezoid with a formula.
Area of trapezoid = average length of the bases · height
A = 1/2 (b_1 + b_2) · h
The expression 1/2 (b_1 + b_2) indicates a way to find the average length of the bases.",B_boundary,NA,high
"problem solving: Theodore counted by threes, saying one number every second. Franklin started 12 seconds later and counted by fives, saying one number every second. Will they ever say the same number at the same time? If so, what will that number be?
Hint: What number did Theodore say right before Franklin started? How much does Franklin gain on Theodore each second?",B_boundary,NA,high
"Analyze Notice that in the formulas in example 1, the variable representing base appears in both lower-case form (b) and upper-case form (B). What is the difference in the meanings of b and B?",B_boundary,NA,high
"Solving inequalities is similar to solving equations. However, there is one important difference: when solving inequalities, we reverse the comparison symbol when multiplying or dividing by a negative number.
In the table below we summarize properties of inequalities. Notice the distinction in the table between positive and negative multipliers and divisors.",B_boundary,NA,high
"Properties of Inequalities
If a > b, then
a + c > b + c
a − c > b − c
ac > bc if c is positive
a/c > b/c if c is positive and c ≠ 0
ac < bc if c is negative
a/c < b/c if c is negative and c ≠ 0",B_boundary,NA,high
Connect: Why can c not equal zero in the inequalities a/c > b/c and a/c < b/c?,B_boundary,NA,high
"Example 1: Multiply both sides of this inequality by negative one and explain how to preserve the truth of the inequality.
6 > 5
Solution: The given inequality is true. Six is greater than five. However, if we multiply both sides of the inequality by −1, then the numbers become −6 and −5. Since −6 is less than −5, we must reverse the sign of the inequality to preserve the truth of the statement.
−6 < −5",B_boundary,NA,high
"Example 3: Solve and graph.
−5(x − 3) > 5(x − 3)
Solution:
Step: Justification:
−5(x − 3) > 5(x − 3) (Given inequality)
−5x + 15 > 5x − 15 (Distributive Property)
−10x + 15 > −15 (Subtracted 5x from both sides)
−10x > −30 (Subtracted 15 from both sides)
x < 3 (Divided both sides by −10 and reversed the comparison symbol.)",B_boundary,NA,high
"Example 4: Marci sees a shirt she likes that costs $50. She will not buy it unless it is $30 or less. To find the percent decrease in the price required, she solves the inequality:
50 − 50x ≤ 30
Solve the inequality to find the minimum discount Marci requires.
Solution: First we solve the inequality.
Step: Justification:
50 − 50x ≤ 30 (Given inequality)
−50x ≤ −20 (Subtracted 50 from both sides)
x ≥ 20/50 (Divided both sides by −50 and reversed comparison symbol)
Now we express the result as a percent.
x ≥ 40%
Marci will not buy the shirt unless it is discounted 40% or more.",B_boundary,NA,high
"problem solving: Karina and Kristina are facing each other. Karina turns around once every 3 seconds. Kristina turns around once every 4 seconds. How long will it take for Karina and Kristina to face each other again? If they turn at this rate for a minute, how many times will they face each other?",B_boundary,NA,high
"Example 1: Find the length and width of this rectangle. Then find its area.
Solution: Using the Pythagorean Theorem we find that the length is √18, which simplifies to 3√2, and the width is √8, which simplifies to 2√2. To find the area we multiply the length and width.
√18 · √8 = 3√2 · 2√2
√144 = 6√4
12 = 12
Using either the unsimplified or the simplified square roots, we find that the area is 12 square units.",B_boundary,NA,high
"problem solving The first three terms of the arithmetic sequence a_n = 10n are 10, 20, and 30. The first three terms of the sequence of squares, a_n = n^2, are 1, 4, and 9. The first term of the first sequence is 10 times the first term of the second sequence (10 to 1). The second term of the first sequence is 5 times the second term of the second sequence (20 to 4).
a. Which numbered term of the two sequences is equal?
b. For which numbered term is the number in the second sequence twice the number in the first sequence?
c. For which numbered term is the number in the second sequence three times the number in the first sequence?",B_boundary,NA,high
"When we subtract we often need to regroup units.
Example 2
Junior weighed 7 pounds 12 ounces when he was born. Now he weighs 12 pounds 5 ounces. How much weight has Junior gained since he was born?
Solution
In order to subtract ounces we rename 1 pound as 16 ounces. Combining the 16 ounces and 5 ounces, we get 21 ounces. Then we subtract.
  11 lb 21 oz
  12 pounds 5 ounces
− 7 pounds 12 ounces
  4 pounds 9 ounces
Junior has gained 4 pounds 9 ounces.",B_boundary,NA,high
"Although the points do not lie on a straight line, we see that the points have a somewhat linear relationship. That is, a line can be drawn on the graph that passes near all of the points.
This means that there is a correlation between the number of laps completed and the total time completing laps. That is, there is a linear relationship between the quantities. As we follow the line above we see that as the number of laps increase, the total time increases.
Many lines can be drawn passing near these points. We choose a line that minimizes the distance between data points and the line; we call it a best-fit line or line of best fit. For now, we choose a best-fit line by visual inspection.
There is one data point that lies apart from the rest. The point (6, 7) does not seem to follow the trend of the other data points. It represents 6 laps in 7 minutes, a very fast run compared to the rest of the class. Points like these that lie away from the others are called outliers and are not taken into consideration when plotting a best-fit line. In this situation, the slope of the best-fit line indicates the average running pace of the students. That is, it indicates the average rate in minutes per lap.",B_boundary,NA,high
"Thinking Skill
Generalize
Should the best-fit line intersect the origin?",B_boundary,NA,high
"Activity Make a Scatterplot and Graph a Best-fit Line
Materials needed:
• multiplication worksheet
• stopwatch
Are the time you spend working and the number of math problems you complete positively correlated?
To study this correlation, conduct the following experiment:
5. Complete a multiplication worksheet while a timer keeps track of how long you work. Work in order—you may skip problems but not go back to complete previously skipped problems. The timer will say “time” at 30-second intervals and “stop” after 3 minutes. When the timer says “time,” circle the most recently completed problem. When the timer says “stop,” put down your pencil.
6. Correct your work and record data. After checking your answers, fill in the chart to indicate how many problems (in total) you completed correctly after 1/2 min, 1 min, 1 1/2 min, etc.
7. Model Make a scatterplot and if the quantities are correlated, determine the equation of a best-fit line. The slope is indicative of how many problems per minute you completed.",B_boundary,NA,high
"Thinking Skill
Verify
Look back at the original problem. Do 5 and −2 satisfy the conditions described in the hints?",B_boundary,NA,high
"Thinking Skill Predict In an experiment, two marbles are drawn from a bag with two white marbles and three blue marbles. Do you think you will be more likely to select two blue marbles if the marble is replaced after the first draw, or if the marble is not replaced after the first draw? Explain your reasoning.",B_boundary,NA,high
"This differs from independent events in which one event does not change the probability of future events. For example, consider an experiment in which a marble is selected from a bag, its color is recorded, and it is replaced. Then another marble is drawn, recorded, and replaced. The events, ""blue"" (for the first marble) and ""blue"" (for the second marble), are independent because every time a marble is selected the probability of selecting a blue marble remains 3/5.
However, if a blue marble is drawn and not replaced, the conditions have changed and the probability of selecting another blue marble changes to 1/2.",B_boundary,NA,high
"* 2. (49) Explain Greg rode his bike 30 miles to the summit averaging 10 miles per hour. Then, he rode back down averaging 30 miles per hour. How far did he ride? How long did it take him? What was his average speed? Explain why Greg’s average speed is not 20 miles per hour.",B_boundary,NA,medium
"* 20. (56, 82) Explain Graph y = −x − 1 using slope-intercept. Then on another coordinate plane graph x + y = −1 using the standard form method. What do you notice about the two graphs? Explain your observation.",B_boundary,NA,high
"New Concept Increasing Knowledge
Consider how you would calculate the answers to these two questions.
• The tax rate is 7%. How much money is 7% of $12.60?
• The discount is 33 1/3%. How much money is 33 1/3% of $12.60?
To find a percent of a number, we usually convert the percent to a decimal or fraction before we multiply. Sometimes we choose to use the decimal form and sometimes we choose to use the fraction form. The better choice depends upon the situation. To answer the two questions above, many people would convert 7% to a decimal because it is relatively easy to multiply by 0.07. Since 33 1/3% is a repeating decimal, many people would convert it to the fraction 1/3 to perform the calculation.",B_boundary,NA,high
"Example 1
a. How much is 40% of 1/2 of $12.60?
b. How much is 66 2/3% of 5/6 of $12.60?
Solution
a. Both 40% and 1/2 easily convert to decimal form. We rewrite the numbers as decimals and perform the calculations.
Step: Justification:
40% of 1/2 of $12.60 Given
0.4 × 0.5 × $12.60 Converted 40% and 1/2 to decimals
0.2 × $12.60 Multiplied 0.4 and 0.5
$2.52 Multiplied
b. Both 66 2/3% and 5/6 convert to repeating decimals. We choose to convert the percent to a fraction before performing the calculations.
Step: Justification:
66 2/3% of 5/6 of $12.60 Given
2/3 · 5/6 · $12.60 Convert to fraction
5/9 · $12.60 Multiplied 2/3 and 5/6
$7.00 Multiplied",B_boundary,NA,high
"Thinking Skill Discuss The question says that 180 of the 280 women and 150 of the 275 men surveyed ""agree or strongly agree"" with the mayor. Each answer choice only says ""agree."" Why might we combine these two categories?",B_boundary,NA,high
"Example 2
In a public opinion survey, 180 of the 280 women surveyed agree or strongly agree with the mayor, while 150 of the 275 men surveyed agree or strongly agree with the mayor. Which choice listed below is the most appropriate way to describe the results of the survey?
A 9/14 of the women and 6/11 of the men agree with the mayor.
B 0.643 of the women and 0.545 of the men agree with the mayor.
C 64% of the women and 55% of the men agree with the mayor.
Solution
When stating comparisons it is appropriate to use forms of numbers that are easy to compare and are readily understood.
• Choice A uses two fractions with different denominators, which makes it difficult to compare.
• Choice B states the comparison with decimals, which is a less common way to express a comparison.
• Choice C expresses the comparison to the nearest percent. The numbers are easy to compare and understand.",B_boundary,NA,high
"Example 1
Aidan built two cones out of sand on the beach. The diameter of the smaller cone is 6 in. and its height is 5 in. The diameter of the larger cone is 12 in. and its height is 10 in. How many cubic inches of sand did Aidan use for each cone? How many times greater is the volume of the larger cone than the volume of the smaller cone? (Express π as π.)
Solution
We draw diagrams of the two cones, one with a radius of 3 in. and a height of 5 in., the other with a radius of 6 in. and a height of 10 in.
Smaller Cone
Step: Justification:
V = 1/3 π r^2 h Formula
V = 1/3 π (3)^2 (5) Substituted for r and h
V = 1/3 π · 9 · 5 Evaluated 3^2 and 6^2
V = 15π in.^3 Simplified
Larger Cone
Step:
V = 1/3 π r^2 h
V = 1/3 π (6)^2 (10)
V = 1/3 π · 36 · 10
V = 120π in.^3
Dividing 120π in.^3 by 15π in.^3, we find that the larger cone has a volume 8 times as large as the smaller cone.
(120π in.^3) / (15π in.^3) = 8",B_boundary,NA,high
"* 8. (67) Errin bought stock in XYZ Corporation for $100 per share. One month later the stock was up 10%. After another month the stock fell 10%.
a. What was the price of the stock after the first month?
b. What was the price of the stock after the second month?",B_boundary,NA,high
"19. (56, 82) a. Whatever number Xavier says, Yanos says the opposite. Graph y = −x.
b. The numbers Xena and Yolanda say always total 4. Graph x + y = 4.
c. Describe the relationship of the two graphed lines.",B_boundary,NA,high
Thinking Skill Explain: Explain two different methods we can use to solve a proportion.,B_boundary,NA,high
"Written Practice 3. Mariya charged three purchases on her credit card. The charges were $19.53, $12.99, and $26.90. She estimated to total by adding $20, $13, and $27. Without performing the addition, explain how you know whether the actual total is greater than or less than her estimate.",B_boundary,NA,high
"Let us review three important ideas about proportional relationships.
1. Proportional relationships involve two variables—two quantities that can change values—such as the distance traveled and the time spent traveling or the quantity of items and the total cost. As one variable increases, the other changes by a constant factor k: y = kx.
2. In a table of values for the two variables, all pairs form equal ratios. That is, in a proportional relationship, the ratio is constant. This idea is expressed by the equation y/x = k, in which k (think k for “konstant”) is the constant of proportionality.
3. A graph of a proportional relationship is linear and aligns with the origin (if one variable is zero, the other variable is zero). The graph may be a continuous line or may simply be aligned points.",B_boundary,NA,high
"Example 3: The heights of similar triangles are proportional to their bases. As a triangle is dilated, its base and height increase proportionally.
Predict the height of the triangle shown when its base is 15.
Solution: We will show two methods for finding the height. Since the relationship is proportional, one way to find the unknown height is to write and solve a proportion. We select any row of numbers from the table to write one ratio for the proportion. We use 15 as the base for the second ratio and h for the unknown height.
base/height: 2/3 = 15/h
We solve the proportion using cross products.
2h = 3 · 15
h = 45/2
h = 22.5
Another way to find the height is to multiply the base by the constant of proportionality. Notice that the ratio of height to base is constant. Therefore, we can multiply the base (15) by the constant of proportionality (1.5) to find the height.
height = 1.5 × base
h = 1.5 × 15
h = 22.5",B_boundary,NA,high
"Notice the equation we wrote at the end of example 3.
height = 1.5 × base
h = 1.5b
This form of equation is typical of proportional relationships. Here we show the general form of the equation. Look at it carefully.
y = kx
We see two variables (x and y) on either side of the equals sign with a constant (k) multiplying one variable. We do not see addition, subtraction, or exponents.",B_boundary,NA,high
"Example 5: Which of these problems can be solved with proportional thinking?
A It takes 2 workers 5 hours to complete the job. How long would it take 4 workers to complete the job?
B The shipping charge is $2 per item plus a $3 flat fee, so it costs $13 to ship 5 items. What is the shipping charge on 10 items?
C Each student read the same number of books. Thirty students read a combined total of 150 books. How many books were read by 60 students?
Solution: Only in C are the quantities related by a constant factor. We can find the number of books read by 60 students by solving the proportion:
30/150 = 60/x
x = 300",B_boundary,NA,high
"Practice Set c. The equation y = kx transforms to y/x = k, which means that the ratio of y to x is constant. If y/x = 3, then which pair of numbers does not fit the relationship?
A (4, 12)    B (6, 18)    C (9, 3)",B_boundary,NA,high
"Practice Set d. Conclude Which of the following is not an example of a proportional relationship?
A Distance and time when driving at a constant speed
B Quantity and price when the unit price remains the same
C Hours awake and hours asleep when the number of hours in a day remains the same",B_boundary,NA,high
Written Practice 2. Estimate To estimate the area of a pond Gerard added the areas of two trapezoids. What is the approximate area of the pond? (Dimensions are in yards.),B_boundary,NA,high
"Theo is thinking of two numbers. He says that the sum of the two numbers is 6. He also says that one number is 10 more than the other number. What are the two numbers?
We could solve this problem by guessing and checking, but there are other strategies we can use.
Notice we are given two pieces of information about two numbers. One piece of information is that their sum is 6. We can write that information as an equation. We will use x and y to represent the two numbers.
x + y = 6
The other piece of information is that one number is ten more than the other number. We can write an equation for this information also. We let y represent the larger number.
y = x + 10
We have written two equations using the same two variables. Together the equations form a system of equations, which is two or more equations with common variables. We often use a brace to indicate a system of equations:
{ x + y = 6
{ y = x + 10
Systems of equations are sometimes called simultaneous equations. We solve a system of equations by finding the values that satisfy both equations simultaneously. There are several ways to solve a system of equations. The method we will practice in this lesson is solving by graphing.",B_boundary,NA,high
Verify: Look back. Do these two numbers satisfy the condition of the original problem?,B_boundary,NA,high
"Written Practice 3. If value of a $100 stock drops 10% one year, then increases 10% the next year, what is the value of the stock after the increase?",B_boundary,NA,high
"Written Practice 16. Model Bingham and Gridley each thought of a number. Bingham’s number was 5 less than Gridley’s number. The sum of their numbers was 3. Find their two numbers by graphing this system of equations.
{ y = x − 5
{ x + y = 3",B_boundary,NA,high
"Written Practice 17. Explain Adam counted by twos to twelve. Beverlee counted by threes to twelve.
A = {2, 4, 6, 8, 10, 12}
B = {3, 6, 9, 12}
a. Find A ∩ B and describe what the answer means.
b. Find A ∪ B and describe what the answer means.",B_boundary,NA,high
"Early Finishers Real-World Application: Mr. Tham needs to rent a car for an upcoming vacation. Cars R Us charges an initial fee of $10.00 plus $15.00 a day. Roger’s Rental charges an initial fee of $15.00 plus $10.00 a day.
a. If d represents the number of days one car is rented and y represents the total cost of renting the car, write one equation for each rental car company to represent the cost of renting a car.
b. Graph both equations for values of d from 1–5. Which rental car company offers the best price for a five-day rental?
c. On which day do both shops charge the same amount?",B_boundary,NA,high
"1. Use a random number table to imitate the selection of sample subjects. A random number table is a random listing of integers 0 to 9. (A random number table is provided for this exercise in Saxon Math Course 3 Instructional Masters Investigation Activity 8, or you may create your own.) Start at any number on the table, then record all the numbers that follow in the same row or column. Write the list as pairs of numbers, but discard pairs that do not fall in the range 00–19. List the corresponding customer names with each remaining number pair. Repeat these steps, if necessary, until five subjects are chosen.

Customers:
00 Strickler; 10 Smith
01 Sanchez; 11 Zamora
02 Tsing; 12 McNelly
03 LaBrado; 13 Jensen
04 Poth; 14 Gomez
05 Barrell; 15 Rathod
06 Jo; 16 O’Grady
07 Joslen; 17 Barreto
08 Cheung; 18 Davis
09 Clark; 19 Lee

Our results may look like this:
0781351205941609
Write the list as pairs of numbers, and eliminate numbers that do not apply:
07 81 35 12 05 94 16 09
Then find the corresponding name:
07: Joslen
12: McNelly
05: Barrell
16: O’Grady
09: Clark",B_boundary,NA,high
"In the previous activity, we used random sampling methods. An alternative is systematic sampling, in which subjects are chosen from a list with equal spacing between selected subjects. For example, to choose five subjects from the customer list, we could have chosen every fourth customer: 03, 07, 11, 15, 19. With either method, a certain amount of sampling error is introduced. Error is minimized when we use objective methods to ensure an equal probability for any population member to be selected. In an actual study, we would select a much larger sample of a population.",B_boundary,NA,high
"Example 1: Identify a problem with each sampling method described below. Describe a better sampling method for each situation.
a. Matthew wants to know the percentage of students at his middle school who favor school uniforms. He decides to ask everyone in his English class whether or not they favor school uniforms.
b. In response to requests for a new softball diamond, the city council would like to know how important building a softball diamond is to the residents. They ask researchers to conduct a phone survey by randomly selecting 20 names from the city’s phone book.

Solution:
a. Matthew’s survey is not a random sampling of the entire school. This type of sampling is sometimes called convenience sampling, because subjects are chosen for their convenience rather than randomly. Instead, he could arrange the names of all of the students in his school alphabetically, number them, then use a random number generator to choose subjects for his sample. He could also use another sampling method called stratified sampling. With this method, the researcher identifies groups within the population and randomly chooses a sample within each group, called a stratum. Matthew could take a random sample from each of the grades (6th, 7th, and 8th) of his middle school.
b. Surveying only 20 people in a large city would not give a highly reliable result. The greater the sample size, the greater confidence we have that the results from the sample would match the results from the desired population. For example, it would be better for the city to sample 200 people.",B_boundary,NA,medium
"Once a representative sample is selected, care is taken to assure that information is gathered without bias. For a study involving a survey, we choose questions carefully to avoid bias. The survey questions should not sway the persons answering them one way or another.",B_boundary,NA,high
"Example 2: Consider the following questions proposed for a survey about a new softball diamond. Select the most appropriate (least biased) question and explain your choice.
1. Wouldn’t you like a new softball diamond at Filly Park?
2. Which of these describes your desire for a softball diamond at Filly Park: I do not want one / I feel indifferent to the idea / I would like one / I want one built soon.
3. The city pays for many services under a tight budget, like street lighting, crossing guards in front of schools, and park maintenance. How important is it to you that the city build a softball diamond at Filly Park?

Solution:
Only question 2 would be an appropriate survey question. With question 1, many people would agree to a new softball diamond. Question 3 sets a tone that may dissuade respondents from stating that they want a new softball diamond.",B_boundary,NA,high
Formulate: Write a question that Matthew could ask in example 1a that would be an appropriate survey question. Then write a question that he could ask that may sway the responses.,B_boundary,NA,high
"Example 1: Vince was asked to paint a mural near the city park based on a painting he made in art class. The mural was to be ten times the length and width of his original canvas painting. Vince bought ten times as much paint as he used for his original painting, yet he ran out of paint after only a fraction of the mural was painted. Why did Vince run out of paint so quickly? How much paint did he need? Explain.

Solution:
The dimensions of his painting are increased by a factor of 10, so the area of the mural is 100 times (10^2) the area of the canvas. He needs to buy 100 times as much paint as he used for his original painting.
We can say, “Vince is increasing two dimensions (both length and width) by a factor of 10. This results in an increase of the area by a factor of 10 × 10, which is 100. Therefore, painting the mural is like painting 100 canvases.”",B_boundary,NA,medium
"Example 2: Irene works with stained glass. She wants to make a replica of a stained glass window. Her replica will be related to the original window by a scale factor of 1/3. The original window is made of 3456 square inches of glass and has a perimeter of 240 inches. How much glass will Irene use in the replica? What will be the perimeter of her replica?

Solution:
Irene’s replica will have 1/3 the linear dimensions of the original window, and (1/3)^2, or 1/9 the area. We multiply the amount of glass in the original window by the square of the scale factor to find the amount of glass Irene will use:
1/9(3456 in.^2) = 384 in.^2
Now we consider the perimeter of the replica. The side lengths of the window are scaled down by a factor of 1/3. Regardless of the shape of the window, each corresponding side of the replica is 1/3 the length of the side of the window. Therefore, the sum of the lengths of the sides will be 1/3 the perimeter of the window.
1/3(240 in.) = 80 in.",B_boundary,NA,high
"Example 3: Expand: (x + 3)(x + 2)

Solution:
First we will use an arithmetic model to find the product.
  (x + 3)
  (x + 2)
  -------
  2x + 6
x^2 + 3x
---------
x^2 + 5x + 6
Connect: Compare the results of this multiplication to the solution to example 2.",B_boundary,NA,high
"We must pay attention to the signs when multiplying binomials. Multiplying binomials involves multiplying terms. Every term has a sign. Like signs result in a positive product. Unlike signs result in a negative product. Refer to Lesson 36 to review the method for properly multiplying terms.
The acronym FOIL can help us remember the four multiplications that occur when multiplying two binomials.
product of two binomials = products of First + Outside + Inside + Last",B_boundary,NA,high
"Problem Solving: The original price was $100. For a sale, an employee marked the item down 20%. After the sale, the employee marked the item up 20% from its sale price. What is its current price?",B_boundary,NA,high
"Example 2: Solve: 2x^2 = 16

Solution:
2x^2 = 16 (Given)
x^2 = 8 (Divided both sides by 2)
x = ±√8 (Found square roots of 8)
x = ±2√2 (Simplified √8)

Note that the radical sign indicates only the positive square root, also called the principal square root.
√9 = 3
In Examples 1 and 2 we used ± to indicate both the positive and negative solutions.",B_boundary,NA,high
"Example 3: The two rectangles are similar. Find x by solving this proportion.
Solve: 9/x = x/16

Solution:
Solve for x.
9/x = x/16 (Given equation)
x^2 = 9 · 16 (Cross multiplied)
x^2 = 144 (Multiplied 9 and 16)
x = ±12 (Found the square roots of 144)
Both 12 and −12 are solutions of the proportion.
Check x = 12: 9/12 = 12/16 -> 3/4 = 3/4
Check x = −12: 9/(−12) = −12/16 -> −3/4 = −3/4
For applications of quadratic equations, often only one of the solutions will make sense. We must consider physical reality when reporting solutions. In this situation, only +12 applies because lengths are positive. The dimension is 12 cm.",B_boundary,NA,high
"Example 4: Jaime is making a mosaic using 100 one-inch square tiles. If the shape of his mosaic is to be a square, about how long should each side be?

Solution:
Since the area of Jaime’s mosaic will be 100 in.^2, we can use the area formula to solve for the length of each side.
A = s^2 (Formula for area of a square)
100 in.^2 = s^2 (Substituted 100 in.^2 for A)
±10 in. = s (Found square roots of 100 in.^2)
Although we find two solutions of the equation, only the principal square root makes sense in this situation—a side length must be positive. Jamie should make his mosaic 10 in. on each side.",B_boundary,NA,high
Discuss: Why is it a good idea to reread the problem after solving for x?,B_boundary,NA,high
"Practice Set: Evaluate Solve and check both solutions to each quadratic equation.
a. 2x^2 − 3 = 29
b. 5x^2 + 6 = 16
c. −7x^2 + 8 = −13
d. 8 = 4w^2 − 24
e. 4/x = x/9
f. x/3 = 4/x
g. Yoli arranges 121 square tiles into one larger square. How many tiles are along each edge of the larger square?",B_boundary,NA,high
"To summarize, when we graph a pair of solutions with an “and” statement we graph the intersection. When we graph a pair of solution with an “or” statement, we graph the union. Discuss: How is an intersection different from a union?",B_boundary,NA,high
* 9. The heating and cooling system forces air through cylindrical ducts. A 10-inch diameter line branches into an 8-inch and 6-inch line. Find the area of each circular opening in terms of π and describe the relationship of the areas.,B_boundary,NA,high
problem solving: Use the relationships shown by the equations to fill in the comparison symbols (assume all variables represent positive numbers): A O B O C O D. 1/A + 1/B + 1/C = 1/D; 1/A + 1/B = 1/C; 1/A = 1/B,B_boundary,NA,high
1. Only thirty percent of the ten contestants had the correct answer. How many did not have the correct answer?,B_boundary,NA,high
"* 7. The lamp shade is in the shape of part of a cone. Todd finds the lower diameter is 15 in. and the upper diameter is 6 in. The slant height of the lamp shade is 12 in. Todd wonders where the apex of the cone would be, so he sketches similar triangles (cross sections) and writes the following proportion and cross multiplies. Diameter / Slant height : 6/x = 15/(12 + x); Cross multiplied: 15x = 72 + 6x. Solve the equation to find x. Then find the slant height from the bottom of the lamp shade to where the apex of the cone would be.",B_boundary,NA,high
19. Evaluate: a. Find the lengths of the sides of the rectangle. b. Compute the perimeter and area of the rectangle. c. Verify the area by adding the full square units and half-square units covered by the rectangle.,B_boundary,NA,high
"4. Joe completed the painting in a week. The number of hours Joe worked on his painting each day are listed here: 2, 3, 4, 6, 5, 9, 6. a. Find the mean, median, mode, and range of the data. b. A fan of Joe’s work wonders how many hours a day Joe spent painting the piece. Which of these measures would not help answer the fan’s question? c. Select one of these measures to answer the fan’s question.",B_boundary,NA,high
"problem solving: A standard number cube is designed so that the sum of the numbers on the opposite faces will always be 7. If you fold this net into a cube, will the sum of the numbers on each pair of opposite faces be 7? If not, use this net as a guide to draw a possible net for a standard number cube.",B_boundary,NA,high
Thinking Skill Analyze: Find another pair of points that demonstrate this relation is not a function.,B_boundary,NA,high
Thinking Skill Explain: How do graphs of direct and inverse variation differ? How do the relationships between their number pairs differ?,B_boundary,NA,high
"The lateral surface area of a pyramid is composed of triangles. To find the area of one triangular face we multiply the length of a side of the base and the slant height and divide the product by two.
Area of triangular face = (length of side of base ∙ slant height) / 2
To find the lateral surface area we have a choice. For this pyramid, we could find the area of one face and then multiply it by four. Alternately, we could multiply the perimeter of the base by the slant height (s) and divide the product by two.
Lateral surface area = (4 ∙ length of side of base ∙ s) / 2 = (perimeter ∙ s) / 2",B_boundary,NA,high
"Example 1: Find the lateral surface area of a right pyramid with a slant height of 10 cm and a regular hexagonal base with sides 5 cm long.

Solution:
The base is a regular hexagon with sides 5 cm long, so the perimeter of the base is 30 cm (6 × 5 cm). We show two ways to find the lateral surface area:
Area of each face:
A = bh/2
A = (5 cm)(10 cm) / 2
A = 25 cm^2
Total area of 6 faces:
6 × 25 cm^2 = 150 cm^2

Lateral surface area:
A_s = ps/2
A_s = (30 cm)(10 cm) / 2
A_s = 150 cm^2",B_boundary,NA,high
"Total Value of $100 at 5% Interest
Number of Years | Simple Interest | Compound Interest
3 | $115.00 | $115.76
10 | $150.00 | $162.89
20 | $200.00 | $265.33
30 | $250.00 | $432.19
40 | $300.00 | $704.00
50 | $350.00 | $1146.74",B_boundary,NA,high
8. Compare the growth rates between 6% in example 2 and exercise 7.,B_boundary,NA,high
"9. A property owner was going away on business for three weeks and wanted to hire a person to care for the property. Two people applied for the job. The first person wanted to be paid $100 per day. The second person wanted a penny the first day, two cents the second day, four cents the third day, and so on, doubling every day for three weeks. Which person should the property owner hire? Explain your choice.",B_boundary,NA,high
"New Concept Increasing Knowledge
When playing a target game, we usually aim for the center, which increases the probability of a hit near the center than very close to the edges. Suppose instead there is an equal probability of a hit anywhere on the target. In this case, the probability of hitting the bull’s-eye depends on the size of the bull’s-eye relative to the size of the target. The smaller the bull’s-eye, the smaller the probability of hitting it. If the target is hit, we measure the probability of hitting the bull’s-eye in this way:
probability of hitting bull’s-eye = area of bull’s-eye / area of target
Notice that the probability is zero if the area of the bull’s-eye is zero. The probability increases as the size of the bull’s-eye increases. When the bull’s-eye is the size of the target, the probability of hitting the bull’s-eye (if the target is hit) is 1.",B_boundary,NA,high
"Probability based on the area of the regions is called geometric probability. Assuming an object lands with equal probability at any point in a known region, the geometric probability that it lands in a specific region is:
Probability = area of specific region / area of known region",B_boundary,NA,high
"Example 2: What is the probability that an object that lands in the circle also lands in the square?

Solution:
Using π = 3.14:
Probability = s^2 / (πr^2) ≈ (10 cm)^2 / (3.14(10 cm)^2) = 100 / 314 ≈ 0.32
Leaving π as π:
Probability = s^2 / (πr^2) = (10 cm)^2 / (π(10 cm)^2) = 100 / (100π) = 1/π",B_boundary,NA,high
"problem solving A planner designs a city block in the shape of a hexagon, as shown. If a car drives around the block, how many degrees has the car turned in total? How does that compare to a rectangular city block?",B_boundary,NA,high
"13. Consider the two solids formed by four cubes.
a. Find and compare their volumes.
b. Find and compare their surface area.",B_boundary,NA,high
"Example 3
In this lesson, we constructed a line plot and a box-and-whisker plot of the same data.
a. Which plot would you use to convey quickly the mode of the data?
b. Which plot would you use to convey quickly the median of the data?
Solution
a. The mode is easily seen on a line plot. It is the number with the greatest number of X’s above it. (In this case, the mode is 40.)
b. The median is seen in a box-and-whisker plot. It is represented by a dot within the box, which in this case is 40.",B_boundary,NA,high
"Example 1
Blanca bought 200 shares of XYZ stock at an average price of $54 per share. Later she bought 100 more shares at $60 per share. What was the average price per share Blanca paid for all 300 shares of XYZ?
Solution
Blanca purchased different quantities of stock at different prices, so we cannot simply find the average of $54 and $60. Instead we find the amount Blanca paid for all the shares and divide by the total number of shares.
  200 shares at $54 = $10,800
+ 100 shares at $60 = $ 6,000
  300 shares at x   = $16,800
We find that 300 shares cost $16,800. Now we can find the average cost (x) per share.
x = $16,800 / 300 = $56
The average cost per share was $56.",B_boundary,NA,high
"Example 3
Because of the heavy traffic, the 120-mile trip to San Diego took 3 hours. The traffic was lighter on the return trip, which took 2 hours. Find the average speed for each trip and for the round trip.
Solution
The average speed on the trip to San Diego was 40 miles per hour.
120 mi / 3 hr = 40 mph
The average speed for the return trip was 60 miles per hour.
120 mi / 2 hr = 60 mph
To find the average speed for the round trip we divide the total distance by the total time.
(120 mi + 120 mi) / (3 hr + 2 hr) = 240 mi / 5 hr = 48 mph
The average speed for the round trip was 48 miles per hour.",B_boundary,NA,high
"* 9. Eight slips of paper, numbered 1 to 8, are placed in a hat.
a. If two numbers are drawn without replacement, what is the probability that both numbers drawn are less than 3?
b. If the numbers are drawn one at a time and the first draw is replaced in the hat, then what is the probability that both numbers drawn are less than 3?
c. How do the two probabilities compare?",B_boundary,NA,high
"New Concept Increasing Knowledge
We have considered the effects of scaling on perimeter, area, surface area, and volume. The shape of the figure does not affect the relationship.
Mabel collects marbles. Her marble jar is full, so to make room for more, she finds another jar with twice the height and diameter of the first. She figures that when she transfers the marbles, the new jar will be half full, yet she is surprised to find that it is only 1/8 full.
Recall that the volume of a scaled object does not increase proportionally to changes in edge lengths.",B_boundary,NA,high
Thinking Skill Explain: Why are the payments on a 15-year loan not twice the payments on a 30-year loan?,B_boundary,NA,high
"Auto loans: Auto loans are usually at a higher interest rate than home loans and are for a shorter duration, such as 36 months or 60 months. A person who borrows $20,000 for 36 months at 7.5% annual percentage rate (APR) pays about $622 per month. The interest paid totals about $2,400. Borrowing $20,000 at 7.5% for 60 months reduces the monthly payment to about $400 but increases the total interest paid to over $4000.",B_boundary,NA,high
"Practice Set a. Two families repaid their 30-year $300,000 mortgages. One loan was repaid at about $1800 per month at 6%, and the other at about $2000 per month at 7%. What is the difference in interest charges over the life of the loans?",B_boundary,NA,high
"Practice Set c. Evaluate Two friends each had an auto loan of $20,000. One was repaid at 8% in 3 years at about $625 per month, and the other at 8% in 5 years at about $405 per month. The total of the payments for the 5-year loan is how much more than the total for the 3-year loan?",B_boundary,NA,high
"Practice Set d. The table shows the approximate monthly payments on a 5-year auto loan of $20,000 at two different interest rates: Rate 8%, Payment 405; Rate 9%, Payment 415. Over the life of the loan, how much more is paid at 9% than at 8%?",B_boundary,NA,high
"Example 2: The theoretical probability of rolling 12 with two number cubes is 0.02\bar{7}. About how many times would you expect to roll 12 in 180 rolls? Solution: We have a choice of rounding 0.02\bar{7} or converting to an equivalent fraction. Since rounding introduces small errors we choose to convert to a fraction. One digit repeats so we multiply by 10: f = 0.02\bar{7}; 10f = 0.27\bar{7}. Now we subtract the first equation from the second equation and reduce: 10f = 0.27\bar{7} - f = 0.02\bar{7} gives 9f = 0.25; f = 0.25/9. To clear the decimal we multiply by 100/100, forming an equivalent fraction without decimals. We reduce this fraction to find the answer: 0.25/9 * 100/100 = 25/900 = 1/36. The decimal probability 0.02\bar{7} is equivalent to the fraction 1/36. This means we would expect 12 as the outcome 1/36 of the times we roll a pair of number cubes. We find 1/36 of 180: 1/36 * 180 = 180/36 = 5. In 180 rolls we would expect to roll 12 five times.",B_boundary,NA,high
"To solve the puzzle, Uriel drew a rectangle and named one side length x. Since half the perimeter of the rectangle is 10 yards, he reasoned that the other side length, must be 10 − x.",B_boundary,NA,high
"25. Although it is said that 1 dog year is the equivalent of 7 human years, some people use the following rule: A dog ages 10.5 human years for both of its first two years and 4 human years for each year afterwards. Using this rule, calculate in human years the ages of dogs that are the following ages. a. 3 dog years b. 10 dog years",B_boundary,NA,high
"14. Betty drew a point at (0, 8). From that point she counted down two units and right one unit and drew another point, then she drew a line through both points. What is the equation of the line Betty drew in slope-intercept form?",B_boundary,NA,high
25. Suppose you have enough money to buy either one 12-inch pizza or two 8-inch pizzas. Which choice gives you more pizza? Explain your answer.,B_boundary,NA,high
"Recall that the lateral surface area of a cylinder is represented by the label of a can. We can calculate the lateral surface area of a cylinder as a sweep. We show two ways. • Method 1: Sweep with the circumference. Imagine the upper rim of a can is a circular broom. As it slides down the can it sweeps the entire lateral surface of the can. The length of the broom is the circumference of the can. The distance the broom moves is the height of the can. • Method 2: Sweep with the height. Imagine segment AB sweeping around the can. The length of the “broom” is the height of the can. The distance it moves is the circumference of the circle. With both methods we find the lateral surface area by multiplying the circumference of the can and the height of the can: lateral surface area of cylinder = circumference × height, S = 2πrh or S = πdh.",B_boundary,NA,high
"Example 3
If we know the length of side AC, how could we find the length of side WY? Find WY if AC = 6 cm.
Solution
The sum of the angle measures of a triangle is 180º, so we know that m∠A = 55º and m∠X = 40º. We see that the three angles of △WXY are congruent to the corresponding angles of △ABC. Therefore, the two triangles are similar and their lengths of sides are proportional.
Thinking Skill Explain: How do we determine the scale factor for example 3?
The scale factor from the larger triangle to the smaller triangle is 6/8 (or 3/4). If we know AC, we can find WY by multiplying AC by the scale factor or by solving a proportion. We show both methods for finding WY when AC is 6 cm.
Multiplying by Scale Factor:
WY = scale factor × AC
= 3/4 · 6
= 4.5 cm
Solve Proportion:
8/6 = 6/x
8x = 36
x = 4.5 cm",B_boundary,NA,high
"1. (48) Connie was confused and filled forty-four percent of the flower pots with flour. If she did not fill 28 of the pots, how many pots were there in all?",B_boundary,NA,high
"New Concept Increasing Knowledge
When performing algebraic operations, we guard against dividing by zero. For example, the following expression reduces to 3 only if x is not zero:
3x/x = 3 if x ≠ 0
We substitute 0 for x and find that when x is 0, the expression equals 0/0. What is the value of 0/0? Try the division with a calculator. Notice that the calculator displays an error message when division by zero is entered. The display is frozen and other calculations cannot be performed until the erroneous entry is cleared.
We say that division by zero is undefined. In this lesson we will consider why division by zero is not possible.
As we know, zero lies on the number line with negative numbers to its left and positive numbers to its right.",B_boundary,NA,high
"As the divisors approach zero from the positive side, the quotients get greater and greater toward positive infinity (+∞). However, as the divisors approach zero from the negative side, the quotients become lesser and lesser toward negative infinity (−∞). In other words, as the divisors of a number approach zero from opposite sides, the quotients do not become closer, but grow infinitely farther apart.
Considering this growing difference in quotients as divisors approach zero from opposite sides can help us understand why division by zero is not possible.",B_boundary,NA,high
"Considering the relationship between multiplication and division can also help us see why division by zero is not possible. Recall that multiplication and division are inverse operations. The numbers that form a multiplication fact may be arranged to form two division facts. For the multiplication fact 4 × 5 = 20, we may arrange the numbers to form two division facts.
20/4 = 5
20/5 = 4
We see that if we divide the product of two factors by either factor, the result is the other factor.
product / factor₁ = factor₂
product / factor₂ = factor₁",B_boundary,NA,high
This relationship between multiplication and division breaks down when zero is one of the factors.,B_boundary,NA,high
"Example 2
The numbers in the multiplication fact 2 × 4 = 8 can be arranged to form two division facts.
8/4 = 2
8/2 = 4
If we attempt to form two division facts for the multiplication fact 2 × 0 = 0, one of the arrangements is not a fact. Which arrangement is not a fact?
Solution
The product is 0 and the factors are 2 and 0. So the possible arrangements are:
Fact: 0/2 = 0
Not a Fact: 0/0 = 2
Division by 0 is not defined. The arrangement 0 ÷ 0 = 2 is not a fact.
The multiplication fact 2 × 0 = 0 does not imply 0 ÷ 0 = 2. Similarly, 3 × 0 = 0 does not imply 0 ÷ 0 = 3. This breakdown in the inverse relationship between multiplication and division when zero is one of the factors is another indication that division by zero is not defined.",B_boundary,NA,high
"Example 3
If we were asked to graph the following equation, what number could we not use in place of x when generating a table of ordered pairs?
y = 12 / (x + 2)
Solution
This equation involves division. Since division by zero is not defined, we need to guard against the divisor, x + 2, being zero. When x is 0, the expression x + 2 equals 2, so we may use 0 in place of x. However, when x is −2, the expression x + 2 equals zero.
Step: Justification:
y = 12 / (x + 2) Equation
y = 12 / ((-2) + 2) Replaced x with −2
y = 12 / 0 Simplified (Not permitted)
We may not use −2 in place of x in this equation. Using symbols, we can write our restriction this way:
x ≠ −2",B_boundary,NA,high
"Practice Set
a. Use a calculator to divide several different numbers of your choosing by zero. Remember to clear the calculator between calculations. What answers are displayed?
b. If we attempt to form two division facts for the multiplication fact 5 × 0 = 0, one of the arrangements is not a fact. Which arrangement is not a fact and why?
c. Explain Under what circumstances does the following expression not equal 1? Why?
(x − 1) / (x − 1)
For the following expressions, find the number or numbers that may not be used in place of the variable.
d. 5/x
e. 2 / (x − 3)
f. 6 / (2w)
g. (y + 3) / (2y − 8)
h. 16 / (x² − 4)
i. 3ab / c",B_boundary,NA,high
"10. (116) In the following expression, the value of x cannot be which numbers?
2y / (x(2 − x))",B_boundary,NA,high
"New Concept Increasing Knowledge
The length of this segment is 8.9 centimeters.
We use two digits to write the length. We use one decimal place because the ruler is divided into tenths. Using this ruler, we may be able to estimate the digit in the hundredths place of the length, but it would only be a rough guess. We cannot estimate the digit in the thousandths place.
We distinguish between counts and measures. We can count the exact number of students in the classroom or the exact number of books in the library. Measures, however, are not exact. A measure can be expressed only to a degree of precision.",B_boundary,NA,high
"To measure the segment in the beginning of the lesson, we compare its length to a standard scale and use a number of units to refer to its length. We are confident that the segment is about 9 cm long. We are also confident that the segment is about 8.9 cm long. However, we cannot say with confidence that the segment is 8.916 cm long, because our measuring tool does not measure with that type of precision. The number of digits we use to express a measure with confidence is called the number of significant digits. For example, the length of the segment above, 8.9 cm, has two significant digits.
Below are rules for counting significant digits.
1. Count all non-zero digits. (The number 2.54 has 3 significant digits.)
2. Count zeros between non-zero digits. (The number 10.7 has 3 significant digits.)
3. Count trailing zeros in a decimal number. (The decimal 1.20 has 3 significant digits.)
4. Do not count zeros if there is not a non-zero digit to the left. (The number 0.023 has 2 significant digits.)
5. Trailing zeros of whole numbers are ambiguous. The number of significant digits in 1200 might be 2, 3, or 4. Expressing a number in scientific notation removes the ambiguity. (The number 1.20 × 10³ has 3 significant digits.)
6. Exact numbers have an unlimited number of significant figures, so we do not count any digits when dealing with exact numbers. Exact numbers include counts and exact conversion rates like 3 ft/yd and 2.54 cm/in.",B_boundary,NA,high
"When performing calculations with measures, scientists are careful not to include more digits in the results than are justified. We follow this rule to determine the correct number of significant digits when we multiply and divide.
A product or quotient of two measurements may only have as many significant digits as the measurement with the least number of significant digits.",B_boundary,NA,high
"Example 2
If the segment at the beginning of the lesson is divided into 4 equal segments, what would be the length of each segment?
Solution
We divide 8.9 into four equal parts.
8.9 ÷ 4 = 2.225
The number 4 is an exact number and does not affect the count of significant digits. The measure 8.9 cm has two significant digits, so the quotient should have no more than two significant digits. We round the quotient to two significant digits. Each small segment is 2.2 cm long.",B_boundary,NA,high
"Example 3
What is the volume of a cube with edges 1.2 mm long?
Solution
Thinking Skill Explain Why is 1.728 mm³ reduced to 1.7 mm³?
We calculate the volume by finding the cube of the length of the edge.
V = (1.2 mm)³
= 1.728 mm³
We report the volumes as 1.7 mm³",B_boundary,NA,high
"We follow this rule to determine the correct number of significant digits when we add and subtract.
A sum or difference may show no more decimal places than the measurement with the fewest number of decimal places.",B_boundary,NA,high
"* 15. (116) Conclude In the following expression, what number cannot be substituted for x? (x + 4)/(2x − 6)",B_boundary,NA,high
"25. (86) Suppose you could buy ice cream in either a cylindrical cup 3 inches high or a cone 6 inches high. If the cup and the cone have the same radius, then which could hold more ice cream? Explain.",B_boundary,NA,high
"Name | Abbreviation
sine | sin
cosine | cos
tangent | tan
If you have a calculator with these three keys, practice using them for the triangle in Example 2.
To find the sine of a 30° angle use this key sequence: 3 0 SIN
The display should read 0.5. Use a similar key sequence to find the cosine and tangent of a 30° angle. Compare the results to the solutions in Example 2.",B_boundary,NA,high
"problem solving
Which two of these statements are possible? Give examples of both.
A The product of two primes can be a prime number.
B The sum of two prime numbers can be a prime number.
C The quotient of two prime numbers can be a prime number.
D The difference of two prime numbers can be a prime number.",B_boundary,NA,high
"Example 1
Simplify: (1/5)/(2/3)
Solution
Thinking Skill Analyze: What is the result of multiplying the numerator and denominator by the common denominator?
The complex fraction is composed of the fractions 1/5 and 2/3 which have a common denominator of 15. We multiply the complex fraction by 15/15. We perform the multiplication in the numerator and the multiplication in the denominator separately.
(15 · 1/5) / (15 · 2/3) = 3/10
Notice that we multiplied the complex fraction by a fraction equivalent to 1, so the resulting fraction is equal to the original complex fraction.
An alternative method for simplifying some complex fractions is to treat the complex fraction as a fraction division problem. We can express the division problem with a division sign instead of a fraction bar.
(1/5)/(2/3) -> 1/5 ÷ 2/3
We simplify the division using the method described in Lesson 22.
1/5 ÷ 2/3 = 1/5 · 3/2 = 3/10",B_boundary,NA,high
"Example 2
Simplify: (1/2 + 1/3) / (1/3 + 1/4)
Solution
We cannot cancel because the fractions in the numerator and denominator are added, not multiplied. First we simplify the numerator and denominator by adding the fractions.
(1/2 + 1/3) / (1/3 + 1/4) = (5/6) / (7/12)
Now we can express the complex fraction as a division of fractions.
5/6 ÷ 7/12 = 5/6 · 12/7 = 10/7
We could have used the method of multiplying by the common denominator (12) even before adding.
12/12 · (1/2 + 1/3) / (1/3 + 1/4) Multiplied by 12/12
= (12(1/2) + 12(1/3)) / (12(1/3) + 12(1/4)) Distributive property
= (6 + 4) / (4 + 3) Simplified
= 10/7 Simplified",B_boundary,NA,high
"New Concept Increasing Knowledge
There are customs we follow in mathematics, such as reducing fractions to lowest terms and writing common fractions with integers. Another custom we follow is expressing fractions with rational denominators. Specifically, if a fraction’s denominator contains a radical, we take steps to form an equivalent fraction that does not. (Note: Radicals in the numerator are acceptable.)
Recall that we rename a fraction by multiplying it by a fraction equivalent to 1. In the following example we multiply the given fraction by the fraction √2/√2.",B_boundary,NA,high
"2. It is customary to refer to the lengths of the sides of a right triangle by the lowercase form of the letter of the opposite vertex. So along segment AB write a lower case c, along segment BC write a lowercase a, and along segment CA write a lowercase b. Remember these lowercase letters refer to the lengths of the sides. Since this is a generic right triangle, we do not know the lengths of the sides. However, it is not necessary to know the lengths of the sides in order to establish the relationship among the sides.",B_boundary,NA,high
"Check your drawing with the following description: If you have performed steps 1–4 correctly, you should have drawn a right triangle ABC and divided the right triangle into two smaller right triangles named △BCD and △ACD. The hypotenuse and one leg of △BCD should be labeled a and x. The hypotenuse and one leg of △ACD should be labeled b and c − x. The hypotenuse of △ABC should be labeled c and is equal to length x plus length c − x. (Note that you may need to position c on your drawing to indicate that it represents the entire length of AB.)",B_boundary,NA,high
"Example 2: Solve: 5.1/0.3 = 34/x
Solution:
Since both 5.1 and 0.3 have one decimal place, multiplying by 10/10 results in an equivalent ratio with whole numbers:
(5.1/0.3) * (10/10) = 51/3
We use this equivalent ratio to solve the proportion.
51/3 = 34/x (Equivalent proportion)
51x = 3 · 34 (Multiplied cross products)
x = (3 · 34)/51 (Divided both sides by 51)
x = 2 (Simplified)
We check the solution using the original proportion:
5.1/0.3 = 34/2 (Substituted 2 for x)
17 = 17 (Divided)
The ratios are equal. The solution is correct.",B_boundary,NA,high
"Practice Set: Solve the following equations.
a. 0.25 − 0.5x = 0.05
b. 0.03 + 0.3x = 3
c. 4 = 0.1x − 0.02
d. 0.009x − 0.4 = −0.31
e. x/11 = 1.8/6.6
f. 3.2/2.4 = x/18
g. 15/x = 0.3/0.12
h. 0.17/0.51 = 3/x
i. Justify Show how to check your solution to problem g.",B_boundary,NA,high
"LESSON A63 Simplifying Equations with Fractions
New Concept: Recall that a first step we may take when solving equations with decimals is to convert all decimal numbers to whole numbers. We may use a similar method to remove fractions from an equation. We multiply both sides of the equation by a common denominator of the fractions to convert them to whole numbers.",B_boundary,NA,high
"Math Language: We commonly refer to the coefficient, a number that multiplies the variable(s) in an algebraic term. In the term 5/3 x, the coefficient is 5/3.",B_boundary,NA,high
"Example 1: Solve: 5/3 x − 1/2 = 3/4
Solution:
We can form an equivalent equation without fractions by multiplying both sides of the equation by a number that is a common denominator of the fractions. A common denominator of the fractions is 12, so we begin by multiplying both sides by 12. To multiply the left side by 12, we group the two terms with parentheses and use the Distributive Property.
5/3 x − 1/2 = 3/4 (Given equation)
12(5/3 x − 1/2) = (3/4)12 (Multiplied both sides by 12)
20x − 6 = 9 (Simplified)
20x = 15 (Added 6 to both sides)
x = 15/20 (Divided both sides by 20)
x = 3/4 (Simplified)
Discuss: What are other common denominators of the fractions? Using another common denominator, solve the equation. Is the value of x the same?",B_boundary,NA,high
"Example 2: Solve: 5/3 = 2x − 1/2
Solution:
We can choose to solve this equation by adding 1/2 to both sides and then dividing both sides by 2. We can also choose to make and solve an equivalent equation without fractions. We choose to multiply both sides of the equation by 6 to form an equivalent equation without fractions.
6(5/3) = (2x − 1/2)6 (Multiplied both sides by 6)
10 = 12x − 3 (Simplified)
13 = 12x (Add 3 to both sides)
13/12 = x (Divided both sides by 12)
Check by substituting 13/12 for x in the original equation.",B_boundary,NA,high
"Example 1: Write the equation of a line that passes through (1, −2) with a slope of −3.
Solution:
The slope is −3, so we can write −3 in place of m.
y = mx + b (Slope-intercept form)
y = −3x + b (Substituted −3 for m)
To complete the equation we need to find the y-intercept.
Method 1: Graph the line to see the y-intercept. One way to find the intercept is to graph the given point, and then draw a line with a slope of −3 through the point. We see that the line passes through the y-axis at +1. So the equation of the line is:
y = −3x + 1
Method 2: Substitute for x and y and solve for b. The graphing method is not always accurate enough. A more accurate method uses substitution. The given point has values for x and y that satisfy the equation since the coordinates of any point on the line make the equation true. We substitute these x- and y-values in the equation and solve for b. For this equation, the slope is −3 and the x and y values are 1 and −2.
y = mx + b (Slope-intercept equation)
y = −3x + b (Replaced m with −3)
−2 = −3(1) + b (Replaced x, y with 1, −2, respectively)
Now b is the unknown. We solve for b.
−2 = −3 + b (Multiplied −3 and 1)
1 = b (Added 3 to both sides)
Since b is 1, the equation for the line is
y = −3x + 1 (Substituted −3 for m and 1 for b)
One method can serve as a check for the other method.",B_boundary,NA,high
"LESSON A68 Finding a Slope from Two Given Points
New Concept: Recall that the slope of a line is the ratio of its rise to run. If we are given the coordinates of two points on a line, we can find the slope of the line. Here we show two ways to find the slope of a line through (−2, 1) and (6, −3).
Method 1: Graph the points and count units to find the rise and run. The number of horizontal units between the points is the run, and the number of vertical units is the rise. Beginning at the point on the left, we count horizontally to the right until we are directly above or below the second point. Then we count units up (positive) or down (negative) to the second point. We write the ratio and reduce if possible.
slope = rise/run = (change in y)/(change in x) = −4/8 = −1/2",B_boundary,NA,high
"Example 1: Use the second method to find the slope of a line through points (−2, 1) and (6, −3) by subtracting the coordinates (6, −3) from (−2, 1).
Solution:
Changing the order of subtraction does not change the slope. However, the subtractions to find the rise and run must start from the coordinates of the same point.
(-2, 1) - (6, -3) -> -8, 4
slope = rise/run = (change in y)/(change in x) = 4/-8 = -1/2
Explore: Reverse the order of subtraction. How does the answer change? Does the slope change?
Infer: If the y-coordinates of two points on a line are equal, what is the slope of the line? Explain.",B_boundary,NA,high
"Example 2: Suppose a six-mile taxi ride costs $15, and a 12-mile taxi ride costs $27. Use the data points (6, 15) and (12, 27) to find the slope, which is the cost per mile.
Solution:
We may graph the points, or we may subtract the coordinates to find the slope. We choose to subtract.
Point B: (12, 27), Point A: (6, 15) -> diff: 6, 12
slope = (change in y)/(change in x) = 12/6 = 2
For this situation, y-values are numbers of dollars and x-values are numbers of miles. Dividing y by x results in dollars per mile. Thus, the slope 2 means the charge per mile is $2. Taxi service usually has a start charge (in this case $3) as well as a distance charge. Because of the start charge, we cannot find the charge per mile simply by dividing $15 by 6 miles or $27 by 12 miles.",B_boundary,NA,medium
"Practice Set: Use both methods described in this lesson to find the slope of a line through the given points.
a. (−1, 2) and (2, −4)
b. (−1, −2) and (5, 1)
c. (−5, −7) and (3, −1)
d. (−2, 3) and (3, 3)
e. (3, −2) and (3, 4)
f. Connect Water freezes at 0° on the Celsius scale and at 32° on the Fahrenheit scale. Water boils at 100° on the Celsius scale and 212° on the Fahrenheit scale. If a line is drawn to represent the relationship between Fahrenheit and Celsius through the data points (0, 32) and (100, 212), then what would be the slope of the line? What is the meaning of this slope?",B_boundary,NA,high
"LESSON A71 Finding the Equation of a Line Given Two Points
New Concept: Two points determine a line. In this lesson we describe two methods to find the equation of a line given two points.
Method 1: Graph the points, draw the line, and visually determine the slope and y-intercept. Then substitute the slope and y-intercept into the slope-intercept equation:
y = mx + b
Method 2: A more accurate method is to use the two points to calculate the slope of the line. Then substitute the coordinates of one of the points for x and y in the equation to calculate the y-intercept. In this lesson we will practice this method.",B_boundary,NA,high
"Another way to check our work is by graphing the points and sketching a line through the points (Method 1). The graph allows us to visually check the slope and y-intercept.
Justify: How can we use this graph to show that our equation is reasonable?
Explain: When you are given two points on a line, how can you find the equation of the line?",B_boundary,NA,high
"Practice Set Formulate: Find the equation of the line which includes the given pairs of points in a–d. Check your work.
a. (−4, 5) and (−2, 2)
b. (3, −4) and (−3, 4)
c. (8, 5) and (2, 5)
d. (−9, 5) and (6, 0)",B_boundary,NA,high
"Practice Set: Solve and check.
a. 3x/(4x + 1) = 2/3
b. x/12 = (x − 3)/8
c. 1/(x − 1) = 2/(x + 5)
d. 1/(3m) = 2/(3m + 1)",B_boundary,NA,high
Radical expressions with the same radicands are like terms and can be combined. Step: 3√2 + √2 (Given expression); 4√2 (Added 3√2 + √2). Radical expressions with different radicands are unlike terms and cannot be combined. Radical terms also cannot be combined with constants: 5 + 5√3 + 5√2 Cannot be simplified.,B_boundary,NA,high
"Practice Set. Solve each system of equations by substitution. Check solutions in both equations. a. { 4x - 3y = 9, x = 3  b. { 2b + 2h = 28, b = h + 2  c. { 3x - 2y = -7, y = 2  d. { p = q - 4, 3p - 2q = 8  e. Evaluate: Denise participated in a marathon—a race of just over 26 miles. She ran part of the way averaging 7 miles per hour and walked part of the way averaging 3 miles per hour. It took Denise 6 hours to complete the marathon. For how many hours did Denise run and for how many hours did Denise walk? Solve this system of equations to find the answer: { w = 6 - r, 3w + 7r = 26",B_boundary,NA,high
"Thinking Skill Verify: How can you check that (5, 2) is the solution of the system of equations?",B_boundary,NA,high
"Discuss: In a previous lesson, we solved systems of equations by using substitution. This method involves solving one equation for a variable and substituting this solution into the second equation. When we are given a system of equations to solve, how might we decide whether to use elimination or substitution?",B_boundary,NA,high
"Example 1. Factor: x^2 + 5x + 6. Solution: The task is to find the two binomials whose product is x^2 + 5x + 6. The x^2 term is the product of x and x, so we begin by writing (x )(x ). For the last terms of the binomials, we find two numbers whose product is positive 6 and whose sum is positive 5. Justify: Which factor pair for 6 should we choose, 6 and 1 or 3 and 2? We complete the two binomials: (x + 3)(x + 2). We can check the factors by multiplying the binomials to see if the product is the original quadratic expression. Step: (x + 3)(x + 2) (Binomial factors); x^2 + 2x + 3x + 6 (Multiplied); x^2 + 5x + 6 (Simplified).",B_boundary,NA,high
Practice Set. Evaluate: Factor each quadratic polynomial. Check your work by multiplying the binomials. a. x^2 + 7x + 10  b. x^2 + 12x + 35  c. x^2 - 3x + 2  d. x^2 - 8x + 12  e. x^2 - 4x - 5  f. x^2 + 2x - 8  g. x^2 - 9  h. x^2 - 100,B_boundary,NA,high
Thinking Skill Conclude: Could we chose to solve the equation -x + y = 2 for x instead of for y? Would this have affected the solution of the system?,B_boundary,NA,high
"Practice Set. Solve the following systems. a. { 2x + y = 4, -x + 3y = -2  b. { x + 4y = 3, 2x - y = 15  c. { 2x + 6y = -8, x + 4y = -4  d. { x - 7y = 15, -2x + 5y = -3  e. Justify: How do you know that your solution of the system in problem d is correct?",B_boundary,NA,high
"Now we add this modified equation and the second equation: { -x - y = -5 (First equation modified), 2x + y = 7 (Second equation); x = 2 (Added equations; y is eliminated). We find that x is 2. Substituting 2 for x in either original equation gives a y-value of 3. Instead of eliminating y, we could have eliminated x by multiplying the first equation by -2 and adding. Step: x + y = 5 (First equation); -2x - 2y = -10 (Multiplied both sides by -2); 2x + y = 7 (Second equation); -y = -3 (Added modified first and second equation); y = 3 (Divided both sides by -1). By substituting 3 for y in either original equation, we find x = 2. Using either method, we find the solution to the system of equations is (2, 3). There are many ways to eliminate one variable in a system of equations. The strategy is to make the coefficients of one variable opposites by multiplying both sides of one or both equations by selected factors.",B_boundary,NA,high
"We check the two solutions by substituting each solution in the original equation. We will show the steps using both solutions on either side of each step’s justification.

Check x = −3: Justification: Check x = −2:
x² + 5x + 6 = 0 Equation x² + 5x + 6 = 0
(−3)² + 5(−3) + 6 = 0 Substituted (−2)² + 5(−2) + 6 = 0
9 + (−15) + 6 = 0 Simplified 4 − 10 + 6 = 0
0 = 0 ✓ Simplified 0 = 0 ✓",B_boundary,NA,high
"Example 3
Solve x² + 3x − 4 = 0 by factoring.

Solution
Step: Justification:
x² + 3x − 4 = 0 Given equation
(x + 4)(x − 1) = 0 Factored
x + 4 = 0 or x − 1 = 0 Zero Product Property
x = −4 or x = 1 Solved

Verify How can we be sure that both −4 and 1 are solutions?",B_boundary,NA,high
"LESSON 106A Graphing Linear Inequalities on the Coordinate Plane, Part 1
New Concept
Consider the following situation.
When Xavier says a number, Yoli says a greater number. Graph all the pairs of numbers Xavier and Yoli could say.
Some pairs of numbers Xavier and Yoli could say are shown below.
Xavier | Yoli
3 | 7
5 | 200
1/2 | 27
−3 | −1
This list could continue endlessly because any pair of numbers in which Yoli’s number is greater than Xavier’s number meets the conditions described. If we let y equal Yoli’s number and x equal Xavier’s number, we can write the relationship this way:
y > x",B_boundary,NA,high
"We can check our results by selecting points inside or outside the shaded region to determine whether or not the (x, y) values satisfy the inequality.
The point (0, 0) is not shaded, so we should get a false statement when we substitute 0 for x and 0 for y in the inequality. The point (4, 2) is shaded, so we should get a true statement substituting 4 for x and 2 for y.

Check (0, 0): Justification: Check (4, 2):
y ≤ 3x − 6 Given inequality y ≤ 3x − 6
0 ≤ 3(0) − 6 Substitute 2 ≤ 3(4) − 6
0 ≤ −6 False Simplified 2 ≤ 6 True
The results support the solution.",B_boundary,NA,high
"Example 1
Graph the solution set of the inequality 5x − 2y ≤ 4.

Solution
We isolate y, being careful to reverse the inequality when we multiply or divide by a negative number.
Step: Justification:
5x − 2y ≤ 4 Given inequality
−2y ≤ −5x + 4 Subtracted 5x from both sides
y ≥ −1/2 (−5x + 4) Multiplied both sides by −1/2
y ≥ 5/2 x − 2 Simplified

Check: The point (0, 0) is shaded and so should yield a true statement.
Check (0, 0): Justification:
5(0) − 2(0) ≤ 4 Substituted (0, 0)
0 ≤ 4 True Simplified",B_boundary,NA,high
"Example 1
Solve by factoring. 2x² + 3x − 2 = 0

Solution
The first terms of the binomial factors multiply to equal 2x², so we make one x and the other 2x.
2x² + 3x − 2 = 0
(x )(2x ) = 0
We need to be thoughtful when finding the second terms of the binomials. Since the last term of the quadratic is −2, one factor is positive and the other is negative. The following pairs of numbers produce −2 for the third term of the quadratic.
+1 and −2, −1 and +2, +2 and −1, −2 and +1
We need to identify the pair of numbers that results in +3x for the middle term of the quadratic. Recall that the middle term is the sum of the inner and outer products when the binomials are multiplied. Below we try the four options.
(x + 1)(2x − 2) = 0; Middle term is −2x + 2x = 0
(x − 1)(2x + 2) = 0; Middle term is +2x − 2x = 0
(x + 2)(2x − 1) = 0; Middle term is −x + 4x = +3x
(x − 2)(2x + 1) = 0; Middle term is +x − 4x = −3x
We find that the factors are (x + 2) and (2x − 1).
2x² + 3x − 2 = 0 Given Equation
(x + 2)(2x − 1) = 0 Factored
x + 2 = 0 or 2x − 1 = 0 Zero Product Property
x = −2 or x = 1/2 Solved

We check both solutions in the original equation.
Check x = −2: Justification: Check x = 1/2:
2x² + 3x − 2 = 0 Equation 2x² + 3x − 2 = 0
2(−2)² + 3(−2) − 2 = 0 Substituted 2(1/2)² + 3(1/2) − 2 = 0
8 − 6 − 2 = 0 Simplified 1/2 + 3/2 − 2 = 0
0 = 0 ✓ Simplified 0 = 0 ✓",B_boundary,NA,high
"Example 2
Solve by factoring: 4x² − 25 = 0

Solution
There are many possible factors that produce a first term of 4x² and third term of −25. However, only one pair of factors gives a second term of 0. Notice that 4x² and 25 are both squares whose difference is zero. Such quadratics are sometimes referred to as a difference of squares. We can factor difference-of-squares equations by writing the square root of the first term of the quadratic as the first terms of the binomials plus and minus the square root of the second term of the quadratic.
4x² − 25 = 0 Given equation
(2x + 5)(2x − 5) = 0 Factored
Notice that 2x is a square root of 4x² and that 5 is a square root of 25. For the equation to be true, one of the binomials must equal zero.
2x + 5 = 0 or 2x − 5 = 0 Zero Product Property
x = −5/2 or x = 5/2 Solved
Remember that not all quadratic equations can be solved by factoring. Equations that cannot be solved by factoring can be solved by other methods such as by using the quadratic formula.",B_boundary,NA,high
"Example 1
Determine a, b, and c for the equation x² = −15 − 8x. Then use the quadratic formula to solve the equation.

Solution
We begin by expressing the equation in the standard form for a quadratic equation. Be sure that one side equals zero.
Step: Justification:
x² = −15 − 8x Given equation
x² + 8x + 15 = 0 Added 8x and 15 to both sides

Now the equation is in standard form. We see that a = 1, b = 8, and c = 15. We substitute these values into the quadratic formula and simplify to find the solution.
Step: Justification:
x = (−8 ± √(8² − 4 · 1 · 15))/(2 · 1) Substituted
= (−8 ± √4)/2 Simplified under radical
= (−8 ± 2)/2 Simplified radical
= −3 or −5 Simplified

Justify How can we check our work?",B_boundary,NA,high
"Example 2
Write the equation of the line parallel to y = 2x − 5 that passes through (2, 1).

Solution
The line has a slope of 2, so its equation takes the form
y = 2x + b
To complete the equation we only need to find b, which is the y-intercept. We will show two ways. One way is to graph a line through (2, 1) that has a slope of 2. Then we inspect the graph to find the y-intercept of the line.
Since the y-intercept is −3, the equation of the line is y = 2x − 3.

Another way to find b is to substitute (2, 1) for x and y in the equation and solve for b. Since (2, 1) satisfies the equation, we substitute 2 for x and 1 for y and solve for b.
Step: Justification:
y = 2x − 5 Given equation
y = 2x + b Equation of parallel line
1 = 2(2) + b Substituted (2, 1) for x and y
1 = 4 + b Simplified
−3 = b Solved for b
We find that b is −3, so the equation of the line is
y = 2x − 3",B_boundary,NA,high
"associative property of addition (propiedad asociativa de la suma) (1)
The grouping of addends does not affect their sum. In symbolic form, a + (b + c) = (a + b) + c. Unlike addition, subtraction is not associative.
(8 + 4) + 2 = 8 + (4 + 2) (8 − 4) − 2 ≠ 8 − (4 − 2)
Addition is associative. Subtraction is not associative.",B_boundary,NA,high
"associative property of multiplication (propiedad asociativa de la multiplicación) (1)
The grouping of factors does not affect their product. In symbolic form, a × (b × c) = (a × b) × c. Unlike multiplication, division is not associative.
(8 × 4) × 2 = 8 × (4 × 2) (8 ÷ 4) ÷ 2 ≠ 8 ÷ (4 ÷ 2)
Multiplication is associative. Division is not associative.",B_boundary,NA,high
"bias (sesgo) (Inv. 6)
A slant toward a particular point of view caused by a sampling procedure.
To avoid any bias in a survey about the candidates for mayor, the researchers chose a representative sample and used neutral wording for the survey questions.",B_boundary,NA,high
"commutative property of addition (propiedad conmutativa de la suma) (1)
Changing the order of addends does not change their sum. In symbolic form, a + b = b + a. Unlike addition, subtraction is not commutative.
8 + 2 = 2 + 8 8 − 2 ≠ 2 − 8
Addition is commutative. Subtraction is not commutative.",B_boundary,NA,high
"commutative property of multiplication (propiedad conmutativa de la multiplicación) (1)
Changing the order of factors does not change their product. In symbolic form, a × b = b × a. Unlike multiplication, division is not commutative.
8 × 2 = 2 × 8 8 ÷ 2 ≠ 2 ÷ 8
Multiplication is commutative. Division is not commutative.",B_boundary,NA,high
"counting numbers (números de conteo) (1)
The numbers used to count; the members of the set {1, 2, 3, 4, 5, …}. Also called natural numbers.
1, 24, and 108 are counting numbers.
−2, 3.14, 0, and 2 7/9 are not counting numbers.",B_boundary,NA,high
"dependent event (evento dependiente) (1)
An event is dependent if the outcome of another event affects the probability that the other event will occur.
Whitney draws a card from a regular deck and does not replace it. Then Chad draws a card from the same deck. The probability of Chad’s drawing the queen of hearts is dependent on what card Whitney draws. If Whitney draws the queen of hearts, the probability of Chad’s drawing it is 0. If Whitney draws a different card, the probability of Chad’s drawing the queen of hearts is 1/51.",B_boundary,NA,high
"laws of exponents (leyes de exponentes) (1)
Rules that describe relationships between exponents for certain operations.
Laws of Exponents for Multiplication and Division:
x^a · x^b = x^(a+b)
x^a / x^b = x^(a-b) for x ≠ 0
(x^a)^b = x^(a·b)
x^0 = 1 for x ≠ 0
x^(−a) = 1/x^a for x ≠ 0",B_boundary,NA,high
"like terms (términos semejantes) (31)
Algebraic terms with identical variable factors.
−3x^2 y, 2yx^2 (like terms)
−2x^2 y, 3xy^2 (not like terms)",B_boundary,NA,high
"monomial (monamio) (80)
An algebraic expression that contains only one term.
3x, 4ab, 21mn (monomials)
2 + a, x + y + z, 2r + 3 (not monomials)",B_boundary,NA,high
2. (4) Olga bought five cartons of one dozen eggs. How many eggs did she buy?,C_control,NA,high
"line (línea) (18)
A straight path that extends without end in both directions.
line AB or line BA",C_control,NA,high
"Written Practice Strengthening Concepts
* 1. (23) Analyze Marc’s cell phone company charges users 33 1/3 cents for every minute they go over their plan. If Marc goes 27 minutes over his plan, how much money will his cell phone company charge him?",C_control,NA,high
"sine In a right triangle, the ratio of the opposite leg to the hypotenuse. sin ∠A = 6/10 = 0.6",C_control,NA,high
"Example 3: Name each decimal number. Then write the decimal number as a reduced fraction.
a. 2.8
b. 0.75",C_control,NA,high
"Example 3 illustrates another volume-capacity-mass equivalent for the metric system.
For Water Under Standard Conditions
Volume: 1 m^3 = Capacity: 10^6 mL = Mass: 10^3 kg",C_control,NA,high
"Written Practice 11 (42, 43) - Lesson 64: Represent: a. Sketch a rectangular prism with dimensions 2 cm by 3 cm by 4 cm. b. What is the volume? c. What is the surface area?",C_control,NA,high
Written Practice 23. Solve: 0.4 − 0.02x = 1.2,C_control,NA,high
"Simplify. 20. (27, 51) (20x^4 m^-2) / (4x^3 m^-2)",C_control,NA,high
"decay (decaimiento) (102)
A pattern of change that results in a decrease in value over time.
The effect of inflation on the value of the dollar is an example of decay.",C_control,NA,high
"Practice Set Add.
a. 3 hr 32 min 45 sec + 1 hr 43 min 27 sec
b. 5 lb 8 oz + 8 lb 9 oz",C_control,NA,high
21. (21) Use the distributive property to factor −3 from −3x^2 − 9x − 42.,C_control,NA,high
"Refer to the two cones for problems 8 and 9. Units are inches. * 8. (91, 100) a. What is the scale factor from the larger to smaller cone? b. What is the ratio of the surface areas of the larger to smaller cones? c. What is the ratio of the volumes of the larger to smaller cones?",C_control,NA,high
"element (elemento) (1)
A member of a set denoted by the symbol ∈.
Each letter from A to Z is an element of the set called the alphabet.
A ∈ {alphabet}",C_control,NA,high
"15. (31, 36) Collect like terms: x(x + 2) + 2(x + 2)",C_control,NA,high
"2. (7) The players on the junior high basketball team had heights of 71″, 69″, 69″, 67″, and 64″. What was the average height of the players on the team?",C_control,NA,high
"The terms of a numerical sequence have a position and a value. The position of the term, such as 1st, 2nd, 3rd, etc., is often called the number of the term. The number of the term is found by counting and may be abbreviated with the letter n. The value of the term, which is the actual number that appears in the sequence, may be abbreviated with the letter a.",C_control,NA,high
"* 30. (41) Evaluate: What relationship does the graph show? Is the relationship proportional? How do you know? Using the information given, calculate the number of revolutions per minute at one mile per hour. Then write an equation for the relationship. If it is proportional, state the constant of proportionality, k.",C_control,NA,high
"Analyze Solve:
* 10. (50) 0.4x + 1.3 = 1.5",C_control,NA,high
Practice Set d. Analyze The length and width of the rectangle in c are three times the length and width of the rectangle in b. The perimeter and area of the rectangle in c are how many times those measures in b?,C_control,NA,high
"problem solving: Find the next three numbers in the sequence:
1/16, 1/8, 3/16, 1/4, 5/16, ___, ___, ___",C_control,NA,high
"Practice Set: Solve each problem by graphing the system of equations and checking the solution.
a. Together Xena and Yolanda have $12. Yolanda has 6 dollars more than Xena. How much money does each person have? Graph this system of equations to find the answer.
{ x + y = 12
{ y = x + 6",C_control,NA,high
"problem solving
In calculus we sometimes find the derivative of an expression. The derivative of x³ + 5x + 3 is 3x² + 5. The derivative of 2x³ + 4x² + 3x is 6x² + 8x + 3. The derivative of x⁴ + x² + 1 is 4x³ + 2x. Find the derivative of x² + 6x + 9.",C_control,NA,high
"Analyze Solve. If there is no solution, write, “no solution.”
9. 4/x = 0.22/0.55",C_control,NA,high
"25. (1, 9) List the even prime numbers.",C_control,NA,high
"23. (7) The Wilsons traveled the 2400 miles of Route 66 from Chicago, IL to Santa Monica, CA. If their total driving time was 50 hours, what was their average rate?",C_control,NA,high
"24. Find the mean and median of 10.4, 10.6, 10.8, 10.0 and 9.8. Round each to one decimal place.",C_control,NA,high
"Generalize Simplify:
18. (31) b + h + b + h",C_control,NA,high
"Practice Set. a. Use words to show how this expression is read: f(x) = 2x - 1. Evaluate each function for the indicated value: b. For f(x) = 4x + 1, find f(5). c. For g(x) = 1/2 x + 2, find g(10). d. The parking lot is open from 7 a.m. to 6 p.m. The lot charges $1.50 per hour or fraction thereof. That is, the time in the lot is rounded up to the next hour: f(x) = 1.5x. Find f(3).",C_control,NA,high
"Written Practice LESSON A88: 30. (A87) If y = 2x + 1, find x in 2x + y = 13. Then find y.",C_control,NA,high
6. Simplify: (3r + 5p − 4) + (2r − 4p + 4),C_control,NA,high
"Activity 3 Maximization: Uriel has 20 yards of fencing, and he would like to use it to enclose a rectangular plot of land for a garden. He wonders what the rectangle’s dimensions would have to be to contain the maximum area with his length of fence.",C_control,NA,high
* 2. Evaluate Winifred earns 2 dollars for each carnation bouquet she delivers and 3 dollars for each rose bouquet. This equation shows that she earns 18 dollars: 2c + 3r = 18. The following equation shows she delivers 8 bouquets: c + r = 8. Use guess and check or graphing to find the number of each type of bouquet she delivers.,C_control,NA,high
"14. (68, 83) A bag contains three red marbles and six blue marbles. Find the probability of drawing a red marble and then a red marble in two draws a. with replacement. b. without replacement.",C_control,NA,high
"Written Practice 2 (48) - Lesson 64: Analyze: Sixty percent of the students voted in the student elections. If there are 300 students, how many did not vote?",C_control,NA,high
23. (1) What is the opposite of 3?,C_control,NA,high
"set A collection of elements, such as numbers, ordered pairs, variables, or polygons denoted with braces { }. The set of whole numbers is expressed as {0, 1, 2, 3, 4, ...}.",C_control,NA,high
"* 8. Arrange the numbers in order from least to greatest:
A 2/5 B 0.88 C 0.8 D 0.44",C_control,NA,high
"origin 1. The location of the number 0 on a number line.
2. The point (0, 0) on a coordinate plane.",C_control,NA,high
"* 8. Analyze: Set A contains multiples of fives that are less than fifty. A = {5, 10, 15, 20, 25, 30, 35, 40, 45}; Set B contains multiples of fifteen that are less than fifty. B = {15, 30, 45}. a. Find A ∪ B b. Find A ∩ B",C_control,NA,high
* 6. The corresponding sides of a pair of similar hexagons are 3 inches and 15 inches. What is the ratio of their perimeters? What is the ratio of their areas?,C_control,NA,high
"3. The Great Wall of China is about 1500 miles long. If there are about 8 towers distributed along each mile, about how many towers are on the Great Wall of China?",C_control,NA,high
Written Practice LESSON A99: 28. (A97) Basic items (x) cost $4. Deluxe items (y) cost $8. Daisy spends $24 on the items. Show this in an equation. She buys 5 items. Show this in another equation.,C_control,NA,high
Written Practice 5 (54): Which angle corresponds to ∠3?,C_control,NA,high
Practice Set b. Yolanda played a new number game with Xavier. She used this equation to generate her response to each number Xavier said: y = x − 2. Describe with words the rule Yolanda uses. Then make a function table that shows the numbers Yolanda says for four numbers Xavier might say. Use 0 for one of Xavier’s numbers and three more numbers of your choosing. Is the function linear? Is it proportional?,C_control,NA,high
8. Analyze Factor: 36x^2y − 24xy^2,C_control,NA,high
32. Solve by elimination. { 9x − y = 0; x + y = 10,C_control,NA,high
"9. Two cards are drawn one at a time with replacement from a deck of 12 cards. Find the probability of drawing a green card and then a gray card if there are 4 green, 2 yellow, and 6 gray cards.",C_control,NA,high
Written Practice LESSON A102: 31. (A101) Factor: x^2 + 9x + 20,C_control,NA,high
* 14. (21) Factor: a. 2x^2 + 14x b. 15x − 20,C_control,NA,high
"* 21. (2) Use the numbers 2, 3, and 4 to provide an example of the Associative Property of Multiplication.",C_control,NA,high
"Calculator Activity: Sequences are easily graphed with a graphing calculator. The following instructions are for the TI-83+:
1. Press MODE, down arrow, right arrow, and ENTER to select “Seq” (for sequence mode).
2. Press Y= to enter the equation of the sequence. For the nMin, enter 1. For u(n), enter the equation of the sequence, 3^n, using ^ and X,T,θ,n.
3. Press WINDOW to change the numbers of the terms you want graphed (nMin and nMax) and to change the graphing window. For example, to graph the first 3 terms, set nMin to 1, nMax to 3, PlotStart to 1, and PlotStep to 1. Then set Xmin to −1, Xmax to 4, Ymin to −5 and Ymax to 30.
4. Press GRAPH to view the graph.
5. Press TRACE and left or right arrow to view how the pairs from the graph match to the value pairs in table of the sequence.",C_control,NA,high
Thinking Skill - Analyze: Which measure of central tendency would most accurately convey the salary a prospective employee could expect from the company? Why?,C_control,NA,high
"problem solving Theo is thinking of two numbers. He gives these two hints: the sum of the numbers is 6, and one number is ten more than the other number. What are the numbers?",C_control,NA,high
"3. Use a calculator with an exponent key for the following problem:
Although the average rate of return for the stock market has been about 10%, the market rises more some years and falls in others. Thus, stocks are usually considered a long term investment. If a 25-year-old invested $1000 in a mutual fund that averaged 10% return per year, what would be the value of the investment when the person was 65? Round the answer to the nearest thousand dollars.
Use the compound interest formula. Substitute 1000 for the principal (P), 0.1 for the interest (i), and 40 for the number of compounding periods (n).
V = P(1 + i)^n Compound interest formula
V = 1000(1.1)^{40} Substituted
The keystroke sequence is:
• What number is displayed?
• What is the value rounded to the nearest thousand dollars?",C_control,NA,high
18. (19) Which of these is regular? A   B   C   D all of the above,C_control,NA,high
"* 30. Analyze: In the figure, AC is 1 unit and BC is 2 units. Use the Pythagorean Theorem to find AB.",C_control,NA,high
Simplify. 21. (84) 250% of 5/6 of $0.48,C_control,NA,high
20. (1) What numbers are members of both the set of whole numbers and the set of integers?,C_control,NA,high
Reading Math: The symbol ≈ means “approximately equal to.”,C_control,NA,high
"22. (2) If 2 · 4 = 8, then what other multiplication fact and two division facts are true for 2, 4, and 8?",C_control,NA,high
"Example 1
Find the 8th and 9th terms of the sequence generated by the formula a_n = 3n.
Solution
The eighth and ninth terms correspond to n = 8 and n = 9.
a_8 = 3(8) = 24
a_9 = 3(9) = 27",C_control,NA,high
"The product is 120 for every pair of numbers, so the variables are inversely proportional. An equation that describes the rate and time relationship from example 1 is: r ∙ t = 120",C_control,NA,high
"* 9. (41) Write an equation for the function shown in the table:
x: -1, 0, 1, 2
y: .5, 1.5, 2.5, 3.5",C_control,NA,high
"Written Practice 14. At the airport, Andre surveyed passengers and asked how many trips in the last year they had taken by air. The data he collected is shown below:
3, 1, 2, 1, 5, 6, 2, 2, 3, 4
a. Find the mean, median, mode, and range of the data.
b. Which of these measures would you report to someone interested in knowing the most common number of trips people at this airport take in a year?",C_control,NA,high
"reduce To rewrite a fraction in lowest terms. If we reduce the fraction 9/12, we get 3/4.",C_control,NA,high
"* 7. (77) This number line shows the solution set to which of these inequalities?
A x > 3    B −x < 3    C x + 1 ≥ 2    D 1 − x ≤ −2",C_control,NA,high
"LESSON A66 Writing the Equation of a Line Given the Slope and a Point on the Line
New Concept: Remember the slope-intercept form of a linear equation is y = mx + b
Math Language: Recall that slope is the ratio of a line’s change in the vertical direction (rise) to its change in the horizontal direction (run).
Recall that the letter m stands for the slope and b stands for the y-intercept. In this lesson we write an equation given the slope and a point on the line. We replace m with the slope number, and then we find the y-intercept. We will show two ways to find the y-intercept.",C_control,NA,high
"Analyze Solve.
* 8. (50) x/3 + 5 = 7",C_control,NA,high
Written Practice LESSON A84: 28. (A80) (3x + 2y + 6) + (-2x - y + 3),C_control,NA,high
15. (42) Find the volume of a box with dimensions 5 in. by 5 in. by 8 in. Sketch the box resting on a square face and indicate its dimensions.,C_control,NA,high
c. Number Sense: What digit is in the ones place in the product 1528 × 432?,C_control,NA,high
22. (2) The product of two numbers is 6. Their difference is 1. Name the numbers.,C_control,NA,high
31. Solve by factoring: x² − x − 2 = 0,C_control,NA,high
"Example 1
The Ortegas want to replace the carpeting in some rooms of their home. They know the square footage of the rooms totals 855 square feet (ft^2). Since carpeting is sold by the square yard (yd^2), they want to find the approximate number of square yards of carpeting they need. Use unit multipliers to perform the conversion.",C_control,NA,high
"Written Practice 6. Describe the rule of this sequence and express the rule with an equation. Then use your rule to find the 20th term.
5, 10, 15, 20, . . .",C_control,NA,high
"* 5. (4) To prepare for the banquet, Ted bought eleven packages of rolls with 24 rolls in each package. How many rolls did he buy?",C_control,NA,high
22. (2) Name the properties illustrated: a. 4 + (3 + 1) = (4 + 3) + 1   b. 0.5 × 1 = 0.5,C_control,NA,high
* 11. (50) Analyze Solve. x − 3x = 18,C_control,NA,high
"LESSON A75 Written Practice:
26. 0.007 + 0.001x = 0.4
27. 1/3 m − 2/3 = 0
28. Write an equation for the line that passes through point (3, −4) with slope −4/3.
29. What is the equation of the line that intercepts the y-axis at 2 and the x-axis at −4?
30. Graph the following sequence: 1/2, 2/3, 3/4, 4/5, . . .",C_control,NA,high
"Written Practice Strengthening Concepts
1. (45) At basketball practice, every five players shared two basketballs. If there were 45 players, how many basketballs were there?",C_control,NA,high
20. Write an expression using a variable for the area and perimeter of a square with side 2x − 9.,C_control,NA,high
Written Practice 12. Simplify: 2√6 · √15,C_control,NA,high
"LESSON A102 Solving Systems of Equations by Substitution, Part 2. New Concept: We have solved systems of equations with the substitution method. For some systems of equations we need to manipulate an equation before we can substitute. We begin by solving one of the equations for one of the variables. Then we substitute for this variable in the other equation.",C_control,NA,high
"As we study mathematics we learn how to use tools that help us solve problems. We face mathematical problems in our daily lives, in our careers, and in our efforts to advance our technological society. We can become powerful problem solvers by improving our ability to use the tools we store in our minds. In this book we will practice solving problems every day.",C_control,NA,high
27. (17) Estimate: (39)(1.9) + 1.1 / 8.89,C_control,NA,high
"Practice Set
a. Trinny drew some equilateral triangles and measured their side lengths and perimeters. She decided that the perimeter of an equilateral triangle varies directly with its side length. Write an equation for the relationship and identify the constant of proportionality.
b. Analyze The relationship between Sergio’s age and Fernando’s age is illustrated in the graph. Are their ages proportional? Is the relationship an example of direct variation? Why or why not?
c. Formulate The weight of water in a trough is directly proportional to the quantity of water in the trough. If 20 gallons of water weigh 166 pounds, what is the weight of 30 gallons of water? Find the constant of proportionality in pounds per gallon. Then write an equation for the relationship using p for pounds and g for gallons. Start the equation p =.",C_control,NA,high
"15. (3) The water level in the beaker was 10 mL before the small toy was placed into it. After the toy was submerged in the water, the level was 23 mL. The toy has as much volume as how many mL of water?",C_control,NA,high
21. Find the two values for r which make this statement true: |r| = 2.,C_control,NA,high
"19. (22, 63) 5/12 − 3/4 · (9/5)^(-1)",C_control,NA,high
"6. Draw triangle ABC as illustrated on a coordinate plane. Then draw its image △A′B′C′ translated 7 units to the right and 8 units down, or (7, −8). Label the coordinates of △A′B′C′.",C_control,NA,high
Math Language: The word “isometries” comes from the Greek words “iso” (meaning “equal”) and “meter” (meaning “measure”). The three transformations described above do not change the size of the figure. These transformations are called isometries or congruence transformations because the original figure and its image (result of the transformation) are congruent. One transformation that does change the size of a figure is a dilation. Recall that a dilation is a transformation in which the figure grows larger. (A contraction is a transformation in which the figure grows smaller.) An example of a dilation is a photographic enlargement.,C_control,NA,high
"LESSON A107 Written Practice
26. Write an equation for the line that passes through (−7, 4) and (7, −2).",C_control,NA,high
"* 14. (31) Conclude The addition of the absolute values of two negative integers will always be
 A a negative integer.
 B a positive integer.
 C zero.
 D any positive number.",C_control,NA,high
* 25. (9) List all the prime numbers between zero and twenty.,C_control,NA,high
plane A flat surface that extends without end. The flat surface of a desk is part of a plane.,C_control,NA,high
"11. (4, 6) How many hours are in a week?",C_control,NA,high
"Activity 2 Design and Conduct a Simulation
Materials needed:
• coins
• number cubes
• spinners
• decks of cards
• color tiles or cubes available for students to select
Read each of the following descriptions of events and explain how you would simulate each one. Then choose one of the events and conduct a simulation. Select a simulation tool for the experiment. Draw the chart you would use to organize your results.
1. A basketball player makes an average of 4 in 6 free throws. If he shoots 3 free throws in a game, what is the probability he makes all of them?
2. John has 2 blue socks and 4 black socks in a drawer. On a dark morning, he reaches in and pulls out 2 socks. What is the probability that he has a matching pair?
3. One-half of the chairs at a party have stickers secretly placed under the seats entitling the person sitting in the chair to a door prize. What is the probability that Tina and her two friends will all sit in chairs with stickers under the seats?",C_control,NA,high
"* 6. (42, 72) a. How many cubic feet of concrete is needed to build a walkway 36 feet long, 3 feet wide, and 3 inches thick?
b. The number of cubic feet needed equals how many cubic yards?",C_control,NA,high
"Practice Set b. Which of the following numbers is irrational?
A −3
B √9
C 9/2
D √7",C_control,NA,high
"e. Geometry: In this triangle, x must be greater than what number? (Sides: 10, 13, x)",C_control,NA,high
"LESSON A98 Function Notation. New Concept: Consider the following scenario: Fernando manufactures crayons. His machine produces twelve crayons for every block of crayon mixture he puts into the machine. To show how many crayons his machine produces with one, two, and three blocks of mixture, Fernando writes: 1 block into Fernando's machine: f(1) = 12 produces 12 crayons; 2 blocks into Fernando's machine: f(2) = 24 produces 24 crayons; 3 blocks into Fernando's machine: f(3) = 36 produces 36 crayons. Fernando writes this general rule to represent that when x blocks are put into the machine 12x crayons are produced: f(x) = 12x. Fernando's expression is an example of a function, and it is written in customary function notation. The letter f is the name of Fernando's function. To read the function we say, 'f of x equals 12x.' Using function notation we replace y with the name of the function.",C_control,NA,high
"* 21. Write in exponential form:
a. a · a · a · a · b · b
b. 2xyxyxyx",C_control,NA,high
Practice Set d. An inch is 2.54 cm. A bookcase that is 50 inches high is how many centimeters high? Use a unit multiplier to perform the conversion.,C_control,NA,high
"* 18. (Inv. 5, 60) Evaluate: Find the area of a parallelogram with vertices at (−2, 0), (6, 0), (1, 3), and (9, 3). What is the area of a dilation of this parallelogram with a scale factor of 2?",C_control,NA,high
"theoretical probability Probability of an outcome that is found by analyzing a situation; the ratio of favorable outcomes to all possible outcomes. The theoretical probability of tossing heads with a single coin toss is 1 out of 2 because there are 2 outcomes, heads and tails, and both are equally likely, but only 1 is a favorable outcome.",C_control,NA,high
"* 3. (45) The ratio of hours that the power is on to the hours that the power is off is 5 to 7. If there are 720 hours in the month, how many hours is the power on?",C_control,NA,high
"Early Finishers Real-World Application: To complete the bookcase he is building for his mother, Tucker needs 10 pieces of wood each measuring 2 3/4 ft long. Each piece must be whole; he cannot splice together two smaller pieces to create a piece 2 3/4 ft long. One 8-foot length of lumber costs $14.95 and one 10-foot length costs $16.95. a. If Tucker only purchased 8-foot lengths of wood, how much money would he spend? How much wood would he waste? b. If Tucker only purchased 10-foot sections of wood, how much money would he spend? How much wood would he waste? c. What is the most economical combination of 8-foot and 10-foot lengths Tucker could buy? What would be the cost and how much wood would be wasted?",C_control,NA,high
29. (12) Estimate 8.25% sales tax on a $789 computer.,C_control,NA,high
34. Use the quadratic formula to solve: 5x² − 6x + 1 = 0,C_control,NA,high
"Example 2: Order these numbers from least to greatest.
0.5 0.41 0.05 0.405

Solution:
Writing the numbers with decimal points aligned helps us compare the digits in each place.
0.5
0.41
0.05
0.405
All four numbers have a zero in the ones place. In the tenths place 0.05 has a zero, so it is least, and 0.5 has a 5 so it is greatest. Two numbers have 4 in the tenths place so we look at the hundredths place to compare. We see that 0.405 is less than 0.41. In order, the numbers are:
0.05, 0.405, 0.41, 0.5",C_control,NA,high
"Example. Solve by elimination: { 2y + 3x = 7, -2y - x = -9. Solution: Step 1: We add the two equations to make a third equation. Since the coefficients of the y-terms are opposites, the sum of the y-terms is zero, and the y-term is eliminated. Step: 2y + 3x = 7 (First equation); -2y - x = -9 (Second equation); 2x = -2 (Third equation). Step 2: We solve the third equation: 2x = -2 (Third equation); x = -1 (Divided by 2). Step 3: Now we substitute -1 in place of x in either the first or second equation. Here we show substitution in the first equation. Step: 2y + 3x = 7 (First equation); 2y + 3(-1) = 7 (Substituted -1 for x); 2y - 3 = 7 (Simplified); 2y = 10 (Added 3 to both sides); y = 5 (Divided both sides by 2). We find that x is -1 and y is 5. We can write the solution this way: (-1, 5). Step 4: We check the system by substituting -1 for x and 5 for y in the other original equation. Step: -2y - x = -9 (Second equation); -2(5) - (-1) = -9 (Substituted (-1, 5) for x and y); -10 + 1 = -9 (Simplified); -9 = -9 (Simplified).",C_control,NA,high
"Written Practice 2 (58) - Lesson 67: Ten percent of the class period was spent taking roll and making announcements. If there were 45 minutes that remained, how long is the class period?",C_control,NA,high
"New Concept Increasing Knowledge
When we read a novel or watch a movie we are aware of the characters, the setting, and the plot. The plot is the storyline. Although there are many different stories, plots are often similar.
Many word problems we solve with mathematics also have plots. Recognizing the plot helps us solve the problem. In this lesson we will consider word problems that are solved using addition and subtraction. The problems are like stories that have plots about combining, separating, and comparing.
Problems about combining have an addition thought pattern. We can express a combining plot with a formula, which is an equation used to calculate a desired result.
some + more = total
s + m = t",C_control,NA,high
16. (63) Write 1 1/3 as a a decimal and b a percent.,C_control,NA,high
"Example 1: Add (3x^2 − x + 1) + (x^2 − 5)
Solution:
3x^2 − x + 1
+ x^2 − 5
--------------
4x^2 − x − 4",C_control,NA,high
Thinking Skill Discuss: What population does the health food store want to survey? Why might the store want to survey this particular population?,C_control,NA,high
"15. (18) a. Name a pair of angles in this figure that form a linear pair. b. If ∠AGB measures 120°, and if ∠BGD is a right angle, then what is the measure of ∠BGC and ∠CGD?",C_control,NA,high
"The quadratic function y = -16x^2 + 48 comes from the study of physics and the force of gravity. When we only consider the force of gravity and ignore other forces such as wind and friction, the height of any falling object on the earth can be described by a quadratic equation.",C_control,NA,high
"* 12. (80, 100) Use your answer to problem 11 to find the lateral surface area of the cone.",C_control,NA,high
"Thinking Skill Formulate
Find the weight of the larger brick by writing and solving a proportion using the ratios of volumes and weights. (Hint: The ratio of volumes is expressed as a decimal.)",C_control,NA,high
18. (12) One of the 25 students was absent. Write 1/25 as a a percent and b a decimal.,C_control,NA,high
"Written Practice 1. Analyze Arthur is drawing the floor plan of his home. The scale is 1 inch equals 2 feet.
a. If he draws his hallway 5 inches long, how long is the actual hallway?
b. If the kitchen is 12 feet wide, how wide should the drawing of the kitchen be?",C_control,NA,high
"Written Practice LESSON A87: 30. (A87) If y = x - 2, find x in 2x + 3y = 19. Then find y.",C_control,NA,high
"Example 2 Express the answers to a and b in terms of π.
a. What is the circumference of this circle?
b. What is the area of this circle?
Solution
Instead of multiplying by an approximation for π, we leave π in the answer as a factor. The parts of the answer are written in this order: rational number, irrational number, units.
a. The circumference is π times the diameter. The diameter is 12 inches. Thus the circumference is 12π in.
b. The area of a circle is π times the radius squared. The square of the radius is 36 in.^2. Thus the area of the circle is 36π in.^2.",C_control,NA,high
Expand. 18. (92) (2x + 5)(2x - 5),C_control,NA,high
* 26. List all the prime numbers between 50 and 70.,C_control,NA,high
"* 13. (20, 40) Evaluate A triangle with a base and height of 12 in. is enclosed in a circle which has a diameter of 20 in.
a. Visually estimate the percent of the area of the circle occupied by the triangle.
b. Find the area of the triangle and the area of the circle. (Use 3.14 for π.)
c. Calculate to the nearest percent the portion of the circle occupied by the triangle.",C_control,NA,high
"Example 2: Solve and graph −3x − 10 > 8.
Solution:
Step: Justification:
−3x − 10 > 8 (Given inequality)
−3x > 18 (Added 10 to both sides)
x < −6 (Divided both sides by −3 and reversed comparison symbol)
We graph the result.
Only numbers less than −6 satisfy the original inequality. To check the solution we can substitute a number less than −6 in place of x and simplify. The resulting inequality should be true. We can also substitute a number equal to or greater than −6 in place of x. The resulting inequality should be false.
Substitute −7: −3(−7) − 10 > 8 → 21 − 10 > 8 → 11 > 8 (true)
Substitute −5: −3(−5) − 10 > 8 → 15 − 10 > 8 → 5 > 8 (false)",C_control,NA,high
Generalize Can the slope of a vertical line be determined? Why or why not?,C_control,NA,high
Written Practice 9 (64) - Lesson 64: Use a unit multiplier to convert 1200 feet per minute to feet per second.,C_control,NA,high
"1. (67) Between the starting line and finish line there was an 8% decrease in the number of runners. If there were 75 runners at the starting line, how many made it to the finish line?",C_control,NA,high
"Early Finishers Real-World Application: Computers are able to perform complex and repetitive procedures quickly and reliably by breaking the procedures down into a series of simple instructions. The clock rate of a Central Processing Unit (CPU) measures how many instructions per second a computer can process. Northwood Mid-High is upgrading their office's computer system from a CPU that runs at a clock speed of 1,300,000 cycles/second to a CPU that runs at 2,000,000 cycles/second. What is the difference in clock speed between the two processors? Write your answer in standard form and in scientific notation.",C_control,NA,high
3. Which is the best estimate of the volume of the globe described in problem 2? A 450 in.^2 B 900 in.^3 C 1200 in.^3 D 7000 in.^3,C_control,NA,high
"9. (21, 36) a. Expand: −2(3x − 4) b. Factor: 7x − 21",C_control,NA,high
Explain How can we factor the expression 15 + 10? Explain and rewrite the expression.,C_control,NA,high
"Collect like terms.
20. (36) x^2 + x + 1 + 3x + x^2 + 2
21. (36) 5x − x + 2y − y",C_control,NA,high
"Example: Solve for x. (x + 1)/7 = x/6
Solution:
Cross multiply first.
6(x + 1) = 7 · x (Cross-multiplied)
6x + 6 = 7x (Distributive Property)
6 = x (Subtracted 6x from both sides)
Check:
(6 + 1)/7 = 6/6 (Substituted 6 for x)
7/7 = 6/6 (Added 6 + 1)
1 = 1 (Simplified)",C_control,NA,high
"2. (3) In the 1968 Olympics in Mexico City, Bob Beamon broke Ralph Boston’s long jump world record by leaping 890 cm. The former record was 835 cm. How much greater was Beamon’s record than Boston’s record?",C_control,NA,high
18. (27) Simplify. (h^3 p^2) / ph,C_control,NA,high
"Power Up Building Power
facts Power Up V
mental math
a. Algebra: Solve: 90p + 5 = 50
b. Estimation: 697 miles + 206 miles + 151 miles
c. Number Sense: A perfect square has a 5 in the ones place. Its square root has a __ in the ones place.
d. Powers/Roots: (y^3)^3
e. Rate: Two minutes per page is how many pages per minute?
f. Statistics: The number that appears most often in a set of data is the
A mean. B median.
C mode. D range.
g. Geometry: The sum of the measures of the angles in a triangle is ___.
h. Calculation: 53 - 9, ÷ 4, × 7, + 2, - 19",C_control,NA,high
Written Practice 19 (27) - Lesson 66: Simplify: (z^3 b^4 r)/(x^2 b^2 z^3),C_control,NA,high
"Written Practice
1. (45) Pencils outnumbered pens in the drawer 17 to 3. If there were 80 pens and pencils in all, how many were pens?",C_control,NA,high
"Practice Set: Describe each equation or graph in a–d as inverse variation or direct variation.
a. y/x = k
b. x ∙ y = k
c. [linear graph through origin]
d. [hyperbolic graph in first quadrant]
e. Justify Determine if the variables in tables 1 and 2 are inversely proportional and explain how you made that determination.
1. x | y: 1 6, 2 3, 3 2
2. m | n: 1 3, 2 2, 3 1
f. Analyze If it takes 3 people, working at an equal rate, 5 hours to complete a job, how long would it take 5 people to complete the same job?
g. The volume of air in a balloon and the air pressure in the balloon are inversely proportional. If the balloon is squeezed to 1/2 its original volume, by what factor does the air pressure increase?",C_control,NA,high
"25. (Inv. 4) Draw the front, top, and right-side views of this figure.",C_control,NA,high
29. Evaluate: Find Fd when F = 2.2 and d = 10.,C_control,NA,high
"New Concept Increasing Knowledge
In Lesson 3 we considered word problems that involve addition and subtraction. In this lesson we will look at problems that involve multiplication and division. Many word problems have an equal groups plot that can be expressed with this formula.
number of groups × number in group = total
n × g = t
See how the numbers in the following story fit the formula.
In the auditorium there were 24 rows of chairs with 15 chairs in each row. There were 360 chairs in all.
The words “in each” are often used when describing the size of a group (g). We write the numbers in the formula.
n × g = t
24 × 15 = 360
An equal groups story becomes a problem if one of the numbers is missing. If the missing number is the product, we multiply. If the missing number is a factor, we divide the product by the known factor.
n × g = t (Find n or g by dividing. Find t by multiplying.)",C_control,NA,high
"23. (2) If 2 + 4 = 6, then what other addition fact and what two subtraction facts are true for 2, 4, and 6?",C_control,NA,high
"20. (2) When 15 is subtracted from 10, what is the difference?",C_control,NA,high
"Early Finishers Real-World Application
To award door prizes at the winter carnival, the Anderson Intermediate School principal drew the names of five students from a hat. Only seventh and eighth graders go to Anderson Intermediate School.
 a. One possible outcome is the principal drawing five seventh-grade students. What are the other possible outcomes? (Order does not matter, so 7-7-7-8-7 is the same as 8-7-7-7-7.)
 b. If sixty percent of the names drawn were eighth graders, how many names drawn were seventh graders?",C_control,NA,high
"* 1. (45) The ratio of the cat’s weight to the rabbit’s weight is 7 to 4. Together, they weigh 22 pounds. How much does the rabbit weigh?",C_control,NA,high
24. Estimate the product (17.89)(9 7/8).,C_control,NA,high
"Example 1: Sketch the base of this triangular prism. Find the volume.
Solution: The base of the triangular prism is a right triangle. The perpendicular sides are 6 cm and 8 cm, so the area of the triangular base is 24 cm^2.
A = 1/2 bh (Area formula for triangle)
A = 1/2(8 cm)(6 cm) (Substituted)
A = 24 cm^2 (Simplified)
The height of the prism is the distance between the bases, which is 12 cm. We find the volume by multiplying the area of the base times the height.
V = Bh (Volume formula)
V = (24 cm^2)(12 cm) (Substituted)
V = 288 cm^3 (Simplified)
The volume of the triangular prism is 288 cm^3.",C_control,NA,high
"2. Now we will repeat the selection process using a random number generator instead of a table. A graphing calculator generates one random number with these commands: MATH, PRB, rand, ENTER.
The word “rand” is displayed on the screen above a decimal number between 0 and 1. Take the first two digits displayed, and discard numbers not in the range 00–19. Record the corresponding customer names.
If the random number is .9518983326, we discard it.
If the random number is .1081104624, we write:
10: Smith
Press ENTER to produce more random numbers until the sample size reaches 5.",C_control,NA,high
"Early Finishers Real-World Application: The intensity I of light follows an “inverse variation squared” law. This means that if P is the brightness of a light source (measured in units called lumens) and D is the distance from the light source to an object (measured in feet), then the intensity of the light reaching the object is given by the equation I = P / D^2.
If a light source in a photography studio has a brightness of 100 lumens, what is the intensity of light that hits an object 5 feet away from this source? (Note: The units of your answer should be lumens per square foot.)",C_control,NA,high
Discuss: Discuss other situations in which you might use indirect measure.,C_control,NA,high
"3. Twenty-five percent of the students had forgotten the year of the Declaration of Independence. If 57 students had not forgotten, how many students were there in all?",C_control,NA,high
"Example 3
Simplify:
a. 3 1/2 + 1 3/4
b. 3 1/2 − 1 3/4
Solution
It is helpful to arrange the numbers vertically. We rewrite the fractions with common denominators.
a. We add the fractions, and we add the whole numbers.
3 1/2 = 3 2/4
+ 1 3/4 = + 1 3/4
= 4 5/4
In this case the sum includes an improper fraction. We convert the improper fraction to a mixed number and combine it with the whole number to simplify the answer.
4 5/4 = 4 + 5/4 = 4 + 1 1/4 = 5 1/4
b. We rewrite the fractions with common denominators.
3 1/2 = 3 2/4
− 1 3/4 = − 1 3/4
In this case we must rename a whole number as a fraction so that we can subtract, because 2/4 is less than 3/4. We sometimes call this process regrouping.
We rename 3 2/4 as 2 6/4.
3 2/4 = 2 + 4/4 + 2/4 = 2 6/4
Now we can subtract.
2 6/4 − 1 3/4 = 1 3/4",C_control,NA,high
"Analyze Solve.
* 9. 1/4 x = 5
* 10. 2.9 + x = 3.83",C_control,NA,high
"3. (5) At back-to-school night, 1/2 of the algebra students came, and 1/3 of the pre-algebra students came. If there are 62 algebra students and 66 pre-algebra students, how many of the students came to back-to-school night?",C_control,NA,high
"Power Up Building Power
facts: Power Up K
mental math:
a. Number Sense: 1.5 × 8
b. Statistics: Find the mean of 16 and 20.
c. Fractional Parts: 66 2/3% of $81
d. Probability: What is the probability of rolling a number less than 3 on a number cube?
e. Geometry: Two angles of a parallelogram measure 80° and 100°. Find the measure of the other two angles.
f. Measurement: The odometer read 2388 mi at the end of the trip. At the beginning, it had read 1208 mi. How long was the trip?
g. Rate: Ronnie ran 1/4 mile in 1 minute. At that rate, how long would it take him to run a mile?
h. Calculation: 200 ÷ 2, √ , × 5, − 1, √ , × 2, + 2, √ , × 2, + 1, √
problem solving: Two brothers are 5 years apart, and the sum of their ages is 41. What are the ages of the brothers?",C_control,NA,high
"Written Practice 9. In an alphabet tile game there are six tiles face down on the table, and two of the tiles are A. If Gabbie selects two tiles randomly, what is the probability that both tiles will be A?",C_control,NA,high
"22. (89, 40) A chalk artist draws the earth as a circle with a diameter of 14 m. Find the a area and b circumference of the circle. Express the measures in terms of π.",C_control,NA,high
17. (56) Write the equation of a line with a slope of 2/3 and a y-intercept of 19/3.,C_control,NA,high
"7. Find the mean, median, and mode of 40, 45, 50, 55, and 60. How can we find the mean of these numbers by inspection?",C_control,NA,high
"interior angle (ángulo interno) (maintenance)
An angle that opens to the inside of a polygon.",C_control,NA,high
* 25. (51) Express with all positive exponents: 6x^−1 y y z^−2,C_control,NA,high
"Example 5
Simplify:
a. √144
b. 3√27
Solution
a. We find the number which, when multiplied by itself, equals 144. Since 12 ∙ 12 = 144, √144 equals 12.
b. We find the number which, when used as a factor three times, equals 27. Since 3 ∙ 3 ∙ 3 = 27, 3√27 equals 3.
A number that is a square of a counting number is a perfect square. For example, 25 is a perfect square because 5^2 = 25.
Analyze The number 64 is both a perfect square and a perfect cube. Is √64 less than or greater than 3√64?",C_control,NA,high
1. (49) Jo Ann sold 30 cups of lemonade in 45 minutes. Which of these is an equivalent rate? A 15 cups in 1/2 hr B 35 cups in 1 hr C 60 cups in 1 1/2 hr D 50 cups in 1 hr,C_control,NA,high
* 12. (50) Solve. 7m − 9m = −12,C_control,NA,high
"25. Kathy has a prepaid phone card worth $6.00. Every minute, m, she uses the phone, $0.02 is deducted from the phone card balance, b. The graph indicates this relationship. Is this relationship an example of direct variation? If so, what is the constant of proportionality? If not, why?",C_control,NA,high
"20. A slab of concrete with these dimensions will support a gazebo at the park. What volume of concrete is needed? (Use π ≈ 3.14) (Cylinder with radius 10 ft, height 1 ft)",C_control,NA,high
"11. (52) A meter is about 3.3 ft, so 4.9 m is about
A 2 ft  B 8 ft  C 16 ft  D 20 ft",C_control,NA,high
"Example 1
Simplify:
a. 2 1/3 × 1 1/2
b. 1 2/3 ÷ 2 1/2
Solution
a. First we rewrite each mixed number as an improper fraction. Then we multiply.
2 1/3 × 1 1/2
7/3 × 3/2 = 21/6 = 3 3/6 = 3 1/2
The product is an improper fraction which we can convert to a mixed number. We reduce the fraction.",C_control,NA,high
Written Practice LESSON A88: 27. (A63) 4/5 - 2/3 x = 14/15,C_control,NA,high
"Written Practice 17. Evaluate Joshua completed tasks and recorded the time it took to complete them. Does this table show a proportional relationship? If so, give the constant of proportionality. Use words to describe the relationship between the number of tasks and the time necessary to complete them.",C_control,NA,high
* 14. Two of the lines are parallel. Find x.,C_control,NA,high
"9. Shayna conducted a survey to find out how much money her customers are willing to pay for a new item. She charted the number of people willing to buy the item for each proposed price.
Proposed Price ($) | Number of Purchasers
1.00 | 10
1.50 | 9
2.00 | 6
2.50 | 5
Represent Make a scatterplot of the data. Are the quantities positively or negatively correlated? Sketch a best-fit line.",C_control,NA,high
"1. The number of pretzels in the jar had been decreased by 15%. If there were 12 fewer pretzels than before, how many were left?",C_control,NA,high
"To divide numbers in scientific notation we divide the coefficients, and we divide the powers of 10 by subtracting the exponents.
(4.8 × 10^6) / (4.0 × 10^3) = 4.8/4.0 × 10^6/10^3 = 1.2 × 10^3
If the quotient is not in the proper form, we reposition the decimal point and change the exponent.
(1.0 × 10^8) / (4.0 × 10^3) = 0.25 × 10^5 = 2.5 × 10^4
When changing the exponent of a number written in scientific notation, first decide whether the shifting decimal point makes the coefficient larger or smaller, then compensate by changing the exponent.
0.25 × 10^5 ⟶ 2.5 × 10^4
The coefficient becomes 10 times larger, so we remove one power of ten.",C_control,NA,high
"Very small numbers may exceed the display capabilities of a calculator. One millionth of one millionth is more than zero, but it is a very small number. On a calculator we enter .000001 × .000001 =
The product, one trillionth, contains more digits than can be displayed by many calculators. Instead of displaying one trillionth in standard form, the calculator displays the number in a modified form of scientific notation: 1. -12 or perhaps 1. × 10^-12",C_control,NA,high
"2. (3, 4) A lamp costs $10 and a package of 4 light bulbs costs $3. How much would it cost to buy 8 lamps and one light bulb for each lamp?",C_control,NA,high
"constant of proportionality (constante de proporcionalidad) (69)
The number that relates two variables in a direct variation. See also direct variation.
In the function y = kx, k is the constant of proportionality.",C_control,NA,high
"22. (2) Rearrange the numbers to make the calculations easier. What properties did you use? What is the sum?
17 + 28 + 3",C_control,NA,high
"adjacent sides (lados adyacentes) (1)
In a polygon, two sides that intersect to form a vertex.
AB and BC are adjacent sides. They meet at vertex B.",C_control,NA,high
"New Concept: Scientific notation is a method of writing a number as a decimal number times a power of 10. Scientific notation is a useful way to express and manipulate very large or very small numbers that take many places to express in standard form. For example, the speed of light is about 300,000,000 meters per second. In scientific notation, we write this number as follows:
3.0 × 10^8
""Three point zero times ten to the eighth.""
The first number (3.0) is the coefficient. The coefficient is written with one non-zero digit to the left of the decimal point. The power of 10 is the multiplier that turns 3.0 into 300,000,000. Notice that the exponent, 8, corresponds to the number of places the decimal point shifts when the number is written in standard form.",C_control,NA,high
* 13. The ratio of corresponding sides of similar triangles is 5 to 3. What is the ratio of their areas?,C_control,NA,high
"New Concept Increasing Knowledge
The numbers we use in this book can be represented by points on a number line.
Points to the right of zero (the origin) represent positive numbers. Points to the left of zero represent negative numbers. Zero is neither positive nor negative.
The tick marks on the number line above indicate the locations of integers, which include counting numbers (1, 2, 3, . . .) and their opposites (. . . −3, −2, −1) as well as zero. Thus all whole numbers (0, 1, 2, . . .) are integers, but not all integers are whole numbers. We will study numbers represented by points between the tick marks later in the book.",C_control,NA,high
"28. Three vertices of a square are (1, 1), (0, −1), and (−2, 0). What is the perimeter of the square?",C_control,NA,high
"* 3. (67) Robert bought a component for his computer at 15% off. If the sale price was $42.50, what was the price before the reduction?",C_control,NA,high
"Early Finishers Real-World Application: Isaam, a swimming pool repairman, has been hired to fill a rectangular wading pool that is 10 yards long and 20 feet wide with specially treated water. If the pool holds 2,100 cubic feet of water, what is its depth? If Isaam charges $0.20 per cubic foot for the specially treated water, how much will Isaam charge to fill the wading pool?",C_control,NA,high
"14. Find the perimeter and area of this figure: a polygon with given dimensions: bottom 9 in., left step 3 in., top step horizontal 4 in., right height 6 in.",C_control,NA,high
"problem solving The mystery man listened and replied. When Bobby said 7, the mystery man said 16. When Jack said 11, the mystery man said 24. When Bao said 99, the mystery man said 200. Wally whispered. The mystery man said 40. What did Wally whisper?",C_control,NA,high
"Generalize Simplify.
* 7. (74) √50
* 8. (74) 5√20
9. (25, 51) (5x^4 m^-1) / (3mx)
10. (36) (−5)(−10) / ((−5) − (−10))",C_control,NA,high
"Example: Write the equation of the line through (1, 2) and (−3, −4).
Solution:
First we calculate the slope (m) by subtracting the points’ coordinates.
slope = (change in y)/(change in x) = (−4 − 2)/(−3 − 1) = −6/−4 = 3/2
Next we substitute 3/2 for m and substitute the coordinates of one of the given points for x and y in the equation. Then we solve the equation to find b. We will use the point (1, 2), but either point may be used.
y = mx + b (Slope-intercept form)
2 = 3/2(1) + b (Substituted for m, x, and y)
2 = 3/2 + b (Simplified)
1/2 = b (Subtracted 3/2 from both sides)
We found that the y-intercept is 1/2. Now that we know both the slope (m) and the y-intercept (b), we are ready to write the equation of the line.
y = 3/2 x + 1/2 (Substituted for m and b)
One way to check our work is by substituting the coordinates of the second point into the equation to see if the x- and y-values satisfy the equation.
y = 3/2 x + 1/2 (Given equation)
(−4) = 3/2(−3) + 1/2 (Substituted (−3, −4))
−4 = −9/2 + 1/2 (Simplified)
−4 = −4 (Simplified)
We see that both points satisfy the equation of the line.",C_control,NA,high
"* 5. (1, 16) On a number line, graph all the real numbers that are greater than or equal to −1 that are also less than 5.",C_control,NA,high
"25. (2) If 6 × 5 = 30, what other multiplication fact and what two division facts are true for 6, 5, and 30?",C_control,NA,high
"Solve.
* 18. (50) Analyze 2/3 − 1/6 x = 1/2
* 19. (50) 4/5 x + 1/10 = 1/2
20. (44) 4/3 = 6/x
21. (38) 3/4 x = 12
22. (50) 0.09x + 0.9 = 2.7
23. (50) 3(2x − 1) = 45",C_control,NA,high
31. Solve by substitution. { x + y = 13; 4x + 2y = 40,C_control,NA,high
"28. Dharma has a bag that contains six pens; three are black, two are blue and one is red. If Dharma takes one pen out of the bag without looking,
a. what is the probability of selecting a blue pen?
b. what is the complement of selecting a blue pen?",C_control,NA,high
30. Simplify: (x² − 3x + 4) − (1 + 2x − 5x²),C_control,NA,high
"Generalize Simplify.
* 5. (15) 11²
* 6. (15) √121
* 7. (13) 1/2 + 3/4
* 8. (13) 1 2/3 + 5/6",C_control,NA,high
* 30. (Inv. 2) A steel cable providing tension on a power pole is anchored 16 ft from the pole and reaches 12 feet up the pole. How long is the cable?,C_control,NA,high
"Example 1
If the equation is quadratic, identify a, b, and c.
a. x² − 5x + 6 = 0
b. 3x² − 27 = 0
c. x + 3 = 0
d. x³ + 2x² + 4 = 0

Solution
a. Quadratic: a = 1, b = −5, c = 6
b. Quadratic: a = 3, b = 0, c = −27
c. Not quadratic, since it contains no squared variables.
d. Not quadratic, since it contains an x³ term.",C_control,NA,high
"problem solving If 0 < r < 1, arrange these numbers from least to greatest: r, r^2, 2r.",C_control,NA,high
"Example 1
In the auditorium the chairs were arranged in rows with 15 chairs in each row. If there were 360 chairs, how many rows of chairs were there?
Solution
Analyze What information are we given? What are we asked to find?
We use the formula to write an equation:
n × g = t
n × 15 = 360
To find the missing factor in the equation, we divide 360 by 15. We find that there were 24 rows.",C_control,NA,high
18. (1) Find the two values that make this statement true: |x| = 12,C_control,NA,high
"Written Practice Strengthening Concepts
1. Transform the formula c = π d to solve for d. Use the transformed formula to find the approximate diameter of a basketball that has a circumference of 77 cm. (Use 22/7 for π.)",C_control,NA,high
"Example 3
Find each sum.
 a. (−6) + (+2)
 b. (+6) + (−2)
 c. (−6) + (−2)
 d. (−6) + (+6)",C_control,NA,high
"extensions
1. Build a figure from unit cubes and create a multiview projection for the figure.
2. Create a multiview projection for a building on your school’s campus or in your school’s neighborhood.",C_control,NA,high
Written Practice LESSON A96: 27. (A80) (9x - 8y + 7) + (6y - 5 + 4x),C_control,NA,high
"geometry (geometría) (1)
A major branch of mathematics that deals with shapes, sizes, and other properties of figures.
Some figures we study in geometry are angles, circles, and polygons.",C_control,NA,high
"8. Use the distributive property.
a. Factor: 48x^2 − 24x − 36
b. Expand: 24(3/8 x + 5/6)",C_control,NA,high
"Method 2: Use subtraction to find the rise and run. Notice that the rise is the change in the y numbers and the run is the change in the x numbers. To calculate the change we subtract the coordinates of one point from the coordinates of the other point.
slope = rise/run = (change in y)/(change in x)
The change in y is (−3) − (1), or −4.
The change in x is (6) − (−2), or 8.
The slope is the change in y over the change in x.
slope = −4/8 = −1/2",C_control,NA,high
"The cube in example 4 is a special cube. The metric system relates volume to capacity. The capacity of this cube (1000 cm^3) is equal to one liter. That means a container of this size and shape will hold one liter of liquid. Furthermore, if the liter of liquid is water, then in standard conditions its mass would be one kilogram.",C_control,NA,high
34. Solve by factoring: 2x² + 9x + 10 = 0,C_control,NA,high
"Problem-Solving Process
Step 1: Understand Know where you are and where you want to go. (Taking a Trip: We are on the mainland and want to go to the island.)
Step 2: Plan Plan your route. (Taking a Trip: We might use the bridge, the boat, or swim.)
Step 3: Solve Follow the plan. (Taking a Trip: Take the journey to the island)
Step 4: Check Check that you have reached the right place. (Taking a Trip: Verify that you have reached your desired destination.)",C_control,NA,high
"11. (8, 37) Find the a area and b perimeter of this pentagon. Dimensions are in ft.",C_control,NA,high
Written Practice LESSON A98: 30. (A98) Use the function f(x) = 3x - 1 to find f(10).,C_control,NA,high
"Written Practice LESSON A90: 27. (A71) Write an equation for the line that passes through (-1, 0) and (5, 0).",C_control,NA,high
"* 2. (87) Analyze Joseph’s workshop is 12 feet by 7 feet. If the drawing of the workshop has a scale of 1 inch = 2 feet, what are the dimensions of the drawing?",C_control,NA,high
"Example 3
A rule for the sequence in Example 2a is: a_n = 2^n
Find the tenth term in the sequence.
Solution
The first term in the sequence corresponds with n = 1, so the tenth corresponds with n = 10.
a_10 = 2^10
To use your calculator to compute this power, press 2 y^x 1 0 =. We find that the tenth term is 1024.",C_control,NA,high
1. Write the name of the property of right triangles illustrated in examples 1 and 2.,C_control,NA,high
"2. (24) If it was 113.5 degrees in Amarillo and 95.7 degrees in Phoenix, how much hotter was it in Amarillo than it was in Phoenix?",C_control,NA,high
"29. (14, 36) Find all values of x which are solutions.
a. x^2 + 2 = 27
b. −5|x| = −15",C_control,NA,high
* 4. (46) Simplify: (3.36 × 10^7) / (1.6 × 10^3),C_control,NA,high
"11. (4) The children sold lemonade for 25¢ per cup. If they sold forty cups of lemonade, how much money did they collect?",C_control,NA,high
"* 3. A bag contains two colors of marbles; 8 are blue and 2 are green.
a. What is the probability of drawing a blue marble, replacing it, and drawing a blue marble again?
b. What is the probability of drawing two blue marbles in two draws if the marble drawn first is not replaced?",C_control,NA,high
"Practice Set a. Explain In a proportional relationship, there are how many variables? The graph of the relationship is what shape? When one variable is zero, what number is the other variable?",C_control,NA,high
Written Practice LESSON A104: 29. (A97) George found 48 nickels and dimes on the ground. They totaled $4.40 in value. Write two equations that express this.,C_control,NA,high
"3. Dena ordered a $8.40 meal and Jules ordered a $9.20 meal. If the sales tax is 8% and they leave a 20% tip on the price of the meal including tax, then what is the total?",C_control,NA,high
"10. A pint is half of a quart. Letting x represent the number of pints and y the number of quarts, we can make a table of x, y pairs: (0, 0), (2, 1), (4, 2), (6, 3). Graph the pairs from this table on a coordinate plane.",C_control,NA,high
22. (2) What is the product of the sum of 10 and 5 and the difference of 10 and 5?,C_control,NA,high
"Written Practice 11. Evaluate On a sunny day Jason sees that the shadow of a flag pole is about four times as long as his own shadow. If Jason is about 5 1/2 feet tall, about how tall is the flagpole?",C_control,NA,high
* 2. (51) Scientists know that the diameter of a normal cell is 0.000025 cm. How is that number written in scientific notation?,C_control,NA,high
Written Practice LESSON A101: 34. (A101) Factor: x^2 - 81,C_control,NA,high
"* 2. (40, 100) Analyze Beau cut a paper cone along the slant height and unrolled the cone. Answer a and b in terms of π.
a. What was the lateral surface area of the cone?
b. What was the circumference of the base of the cone?",C_control,NA,high
"Power Up Building Power
facts: Power Up D
mental math:
a. Calculation: Glenda takes 20 breaths per minute. How many breaths does she take in 4 1/2 minutes?
b. Estimation: 35.8 ÷ 3.9
c. Measurement: If the loop of string is cut and laid out lengthwise, about how long will it be?
d. Number Sense: 1.5 × 2 inches
e. Geometry: ∠A corresponds to ∠X. ∠B corresponds to which angle?
f. Calculation: 7 − 8, + 2, + 10, × 7, − 2, ÷ 3, √ , × 7, + 7, ÷ 7, − 7",C_control,NA,high
"Practice Set d. Sketch the back, top, and right side views of this triangular prism. Then sketch a net for the figure and label the dimensions.",C_control,NA,high
"Example: Jason has a credit card balance of $1200. The card company charges 2% interest on the unpaid balance each month. a. What is the interest charge on Jason’s current balance? b. Jason has a choice of paying the balance plus interest in full, or making a minimum payment of $50. If Jason makes only the minimum payment each month, what balance will he carry to the next month? c. If Jason makes only the minimum payment and makes an additional $800 in purchases during the next month, what will be Jason’s approximate balance after the next month’s interest is applied? Solution: a. To find the interest charge we multiply the $1200 by 2%. 0.02 × $1200 = $24. b. The $24 charge is added to $1200 making the total $1224. If Jason makes a $50 payment the balance carried to next month is $1224 - $50 = $1174. c. If Jason makes the minimum payment, carries over the $1174 balance, and adds $800 in charges, then his balance is $1174 + $800 + interest. The interest charge is 2% of $1174 plus 2% from the date of purchase for new purchases: 2% of $1174 = $23.48; up to 2% of $800 = $16.00. Since we do not know when the purchases were made, we know only that the total interest charges will range from about $24 to about $40. $1174 + $800 + $24 = $1998; $1174 + $800 + $40 = $2014. Jason’s balance will be about $2000.",C_control,NA,high
Written Practice 5 (54) - Lesson 65: Lines a and b are parallel. Find m∠x.,C_control,NA,high
"27. Name a set of numbers that includes −2, but does not include −2.3.",C_control,NA,high
15. (42) Find the volume of a crate with dimensions 4 ft by 3 ft by 2 ft.,C_control,NA,high
Written Practice 18. Siti registered to run in a 10k (a 10 km race). Use a unit multiplier to write the distance in miles. (One mile is just over 1.6 km.) Round down to the tenth of a mile.,C_control,NA,high
"Activity: Volume of a Box
Find a box in the classroom such as a tissue box. Measure the length, width, and height of the box and estimate its volume after rounding the dimensions to the nearest inch.",C_control,NA,high
"To estimate is to determine an approximate value. We make estimates in our activities throughout the day. In a baseball game, for example, the batter estimates the speed and location of the pitch and swings the bat to arrive at the expected location at just the right time. The awaiting fielder hears the crack of the bat and—in a split second—estimates the ball’s trajectory and begins moving to the point where the ball is expected to land. Both players adjust their estimates as they visually gather more information about the path of the baseball.
The estimates we make in athletics are extremely complex, yet with practice we perform them with ease. We can also become proficient at estimating measures and calculations as we practice these skills.",C_control,NA,high
"Power Up Building Power (Lesson 10):
facts: Power Up B
mental math:
a. Calculation: The windmill rotated once every 15 seconds. How many rotations per minute is this?
b. Number Sense: 324 + 16
c. Algebra: Solve for x: 5 + x = 14.
d. Measurement: Francisco measured the roll of paper with a yardstick. How wide is the roll of paper?
e. Geometry: In this triangle, x must be less than what number? (Sides 11, 4, x)
f. Number Sense: 2 × 64
g. Power/Roots: √81 − √1
h. Calculation: |−10| − 1, √ , × 5, + 1, √ , √ , − 2",C_control,NA,high
"19. (12) a. Write 17/100 as a decimal and as a percent.
b. Select one of these three forms and use it in the following sentence replacing the underlined words. Seventeen out of 100 customers registered for the discount card.",C_control,NA,high
"Solve. 24. (25, 44) 1.6 / 3.6 = x / 27",C_control,NA,high
* 8. Find a the area and b circumference of the circle with a radius of 6 in. Express your answer in terms of π.,C_control,NA,high
"A prime number has only one factor pair, so a prime number of tiles can only form a “by 1” rectangle. The rectangles above illustrate that 7 is prime and that 6 is not prime.",C_control,NA,high
"Consider the three triangles below. They have corresponding angles with equal measures.
Analyze How can you determine whether or not these triangles are similar?
We might make the conjecture that these triangles are similar and that any triangle with the same angle measures would be similar to these. We will accept this basic assumption about similar triangles: all triangles with the same set of angle measures are similar. Thus, knowing that two triangles have congruent corresponding angles is sufficient information to conclude that the triangles are similar.",C_control,NA,high
13. A coin is tossed and a number cube is rolled. What is the probability of heads and a composite number?,C_control,NA,high
14. (7) Mr. Osono was paid $168 for 8 hours of work. What was his hourly rate of pay?,C_control,NA,high
"* 10. Evaluate Refer to the answer to problem 9 for a–d.
a. What is the area of the larger square?
b. What is the area of the smaller square?
c. What is the probability that an object that lands in the larger square also lands in the smaller square?
d. What percent of the larger square is shaded?",C_control,NA,high
"Power Up Building Power facts: Power Up V. mental math: a. Algebra: Solve: 40j + 8 = 128 b. Fractional Parts: 9/10 of 70 c. Percent: 50% less than $30 d. Probability: One fourth of the athletes wore jerseys. The rest wore sweats. Find the probability that an athlete selected at random is wearing sweats. e. Ratio: Last night 6 of the 8 frogs had enough to eat. What was the ratio of full to hungry frogs? f. Statistics: Benton has read 30 pages of a 310-page book. To finish the book in one week, Benton needs to read an average of how many pages per day? g. Measurement: Find the mass of the mystery box. h. Calculation: 60 - 47, + 1, ÷ 2, × 6, - 3",C_control,NA,high
"19. (21) Factor:
a. 2x^2 + 6x + 10
b. x^3 − x^2",C_control,NA,high
"Written Practice 6. In terms of π, what is the total surface area of the cylinder in problem 5?",C_control,NA,high
3. (89) Quentin had $1.10 in nickels and quarters. He had 10 nickels and quarters in all. Write equations to show this information. Use this information to help you find the number of quarters and nickels Quentin has.,C_control,NA,high
"* 18. (9, 10) Generalize Use prime factorization to reduce 75/125. Show your work.",C_control,NA,high
* 11. (111) An inflated playground ball is about 8 inches in diameter. What is the surface area of the ball rounded to the nearest ten square inches?,C_control,NA,high
"9. (8) Find the perimeter and area of this figure: an L-shaped polygon with top side 7 m, right side 4 m, bottom side 4 m, inner vertical side 4 m, upper indent 2 m.",C_control,NA,high
"Written Practice Strengthening Concepts
Evaluate For problems 1–6, identify the plot, write an equation, and solve the problem.
* 1. (3) The seventh-grade winner ran the mile in 5 minutes and 8 seconds. The eighth-grade winner ran the mile in 4 minutes and 55 seconds. How many more seconds did it take for the seventh-grade winner to run a mile?
* 2. (3) Laurie, Moesha, and Carrie went to the mall. Laurie spent $20, Moesha spent $25, and Carrie spent $30. How much did they spend in all?
* 3. (3) Karl bought a foot-long sandwich. After he cut off a piece for his friend, his sandwich was 8 inches long. How much did he cut off for his friend?
* 4. (3) Irina and her sister put their money together to buy a gift. Irina contributed $15. Together, they spent $32. How much did Irina’s sister contribute?
* 5. (3) Last week, Benji read 123 pages. This week Benji read 132 pages. How many more pages did Benji read this week than last week?
* 6. (3) Ahnly’s mother bought a dozen eggs. Ahnly ate two eggs on her salad. How many eggs are left?",C_control,NA,high
"25. (Inv. 6) The graph shows the growth in the populations of California and New York from 1920 to 1990.
a. About how much did the population of California increase between 1980 and 1990?
b. In which decade were the populations of California and New York about the same?
A 1920−1930
B 1940−1950
C 1960−1970
D 1970−1980",C_control,NA,high
Written Practice 3. The $45 price was increased by 8% for sales tax. What was the total price including tax?,C_control,NA,high
"j. Arrange the terms in descending order.
5 − 4x^2 + x^3 − 6x",C_control,NA,high
"6. (39, 40) Find the a area and b circumference of the circle with radius 1. Use 3.14159 for π.",C_control,NA,high
Written Practice LESSON A92: 29. (A84) Simplify: 4√5 + √180,C_control,NA,high
"1. Graph and label the following points on a coordinate plane:
a. (3, 4)
b. (2, −3)
c. (−1, 2)
d. (0, −4)
2. Explain: Explain how you located each point in problem 1.",C_control,NA,high
"Example 3
In the figure, AD is 40 cm and DC is 30 cm. Point B is the midpoint of AC and Point E is the midpoint of AD. Find the perimeter and area of quadrilateral BCDE.
Solution
Since triangle ACD is a right triangle we can find that AC is 50 cm. A midpoint of a segment divides a segment in half. We sketch the figure again recording the dimensions (in cm) we are given and have calculated.
To find the length of segment EB we can use the Pythagorean Theorem or we can solve a proportion since the smaller and larger triangles are similar.
Thinking Skill Analyze: By what number did we multiply 30 to solve the proportion for x?
Longer Leg: △ACD = 40, △ABE = 20; Shorter Leg: △ACD = 30, △ABE = x; 40/30 = 20/x
Since the dimensions of the smaller triangle are half the dimensions of the larger triangle, segment EB is 15 cm long.
We find the perimeter of BCDE by adding the lengths of the four sides.
Perimeter of BCDE = 25 cm + 30 cm + 20 cm + 15 cm = 90 cm
We can find the area of figure BCDE by subtracting the area of the smaller triangle from the area of the larger triangle. The dimensions of the larger triangle are 2 times the dimensions of the smaller triangle, so the area is 2^2 times the area of the smaller triangle.
Area of △ACD: (1/2)(40 cm)(30 cm) = 600 cm^2
− Area of △ABE: (1/2)(20 cm)(15 cm) = 150 cm^2
Area of figure BCDE = 450 cm^2",C_control,NA,high
"For problems 7 and 8, write an expression representing the area of each rectangle.
7. (92) Rectangle with dimensions (x + 3) and (x + 3)
8. (62) Rectangle with dimensions (4x + 2) and (x − 1)",C_control,NA,high
"4. Explain In the table are shown the number of hours Wendy works and the amount of pay she receives. Does this table show direct variation? If so, give the constant of variation. What does the constant mean in this situation?
Hours: 3, 4, 5, 6
Pay: 27, 36, 45, 54",C_control,NA,high
"* 24. (44) Analyze Find the slope of the line that passes through points (0, 0) and (2, −4).",C_control,NA,high
scatterplot A graph showing data points on a coordinate plane that represent pairs of related values from two sets of data. This scatterplot shows data collected on the number of mid-size cars relating to the horsepower of the engine and the gas milage of the car in city driving.,C_control,NA,high
"problem solving Find the next three numbers in this sequence: 1, 1, 2, 4, 7, 13, 24, 44
(Hint: Look at the previous terms.)",C_control,NA,high
"A quadrilateral with four equal-length sides is a specific kind of parallelogram called a rhombus.
9. Which figure in A–G is both a rectangle and a rhombus?",C_control,NA,high
"Example 4: In the four 8th grade classrooms at Keeler School there are 28, 29, 31, and 32 students. What is the average number of students in an 8th grade classroom at Keeler School? Solution: The average is a central number in a range of numbers. The average is more than the least number and less than the greatest number. We add the four numbers and then divide the sum by four. Average = (28 + 29 + 31 + 32)/4 = 120/4 = 30. The average number of students in an 8th grade classroom at Keeler School is 30 students.",C_control,NA,high
"Written Practice Strengthening Concepts
* 1. (34) Mr. Connors drives his car 11 miles each day to and from work. Is the distance Mr. Connors drives commuting to work proportional to the number of days he works? How do you know?",C_control,NA,high
"10. (Inv. 2, 40) Find the area of the figure to the right. Round to the nearest square inch. (Units are in inches.)",C_control,NA,high
* 3. (67) An item was regularly $90. It was marked 20% off. What was the new price?,C_control,NA,high
"* 4. (4) Represent Fadi bought 3 pounds of apples at $1.98 per pound. The total cost of the apples can be found using which equation?
A C = $1.98/3
B C = 3 × $1.98
C $1.98 = C · 3
D 3/C = $1.98",C_control,NA,high
"Problem Solving - Lesson 67: Kurt rides his bike 18 miles per hour south. Andrew starts at the same place and rides 17 miles per hour north. If they keep on riding at these rates, about how long will it take them to be 210 miles apart?",C_control,NA,high
"Example The pyramids of Egypt have square bases. A pyramid with a square base has how many faces, edges, and vertices?
Solution
A pyramid with a square base has 5 faces (one square and four triangles), 8 edges, and 5 vertices.
Conclude How do the number of faces of a pyramid relate to the shape of its base? How do the number of faces of a prism relate to the shape of its base?",C_control,NA,high
"* 6. (52) A light is left on for 40 days. Convert 40 days to hours using a unit multiplier. If the light bulb has an estimated life of 1400 hours, is the light likely to still be on after 40 days?",C_control,NA,high
"27. Refer to the diagram.
a. Find m∠a.
b. Find m∠b.",C_control,NA,high
"Written Practice 4 (7) - Lesson 67: Find the mean, median, mode and range of these diving scores: 9.6, 9.5, 9.5, 9.7, 9.8.",C_control,NA,high
"LESSON A80 Written Practice:
26. 0.2 − 0.02x = 0.08
27. Write an equation for the line that passes through (4, 6) with slope 12.
28. Write an equation for the line that passes through (2, 0) and (−4, 0).
29. (x + 7) − (2x − 3)
30. (6x^2 − 3x) − (5x^2 + 1)",C_control,NA,high
"* 3. Analyze Mariya and Irina folded laundry. Mariya folded 10 items per minute. After 8 minutes, they had folded 164 items. How many items per minute did Irina fold?",C_control,NA,high
2. Last month the snake had a mass of 6.6 kilograms. Its mass is now 60% more than it was last month. What is the snake’s mass now?,C_control,NA,high
"26. (31, 36) Combine like terms: x(x + 1) − 1(x + 1)",C_control,NA,high
"Example 1: Write a recursive formula for the following sequence: {2, 4, 8, 16, 32, …} Solution: The first term is 2. Each term that follows is twice the preceding term. Therefore, we find the nth term (an) by multiplying the preceding term (an−1) by 2. an = 2an−1. Since the first term is 2, we can express the recursive formula this way: a1 = 2, an = 2an−1",C_control,NA,high
8. (39) Polly’s pie shop is famous for its 12-inch blueberry pies. Is the circumference of Polly’s pie greater or less than 1 yard?,C_control,NA,high
"New Concept Increasing Knowledge
The area of a circle is related to the area of a square on the radius. The area of a circle is π times the area of a square on the radius. A formula for the area of a circle is
A = πr^2
The area of a circle is related to the area of a square on its radius. The area is greater than the area of three of these squares but less than the area of four such squares. The area of the circle is π times the area of the square of the radius as we see in the formula above.
area of circle > 3r^2
area of circle < 4r^2",C_control,NA,high
"A positive rotation turns a figure counterclockwise about (around) a point. Here we show a 90° rotation about point B. Point B is the point of rotation; its location is fixed, and the figure spins around it. If we trace the path of any other point during this rotation, we find that it sweeps out an arc of 90°.",C_control,NA,high
"Work backwards. Finding a route through a maze is often easier by beginning at the end and tracing a path back to the start. Likewise, some problems are easier to solve by working back from information that is given toward the end of the problem to information that is unknown near the beginning of the problem.",C_control,NA,high
Written Practice 17 (21) - Lesson 66: Use the Distributive Property to a. Factor: 15x^2 - 10x b. Expand: 7(x - 3).,C_control,NA,high
"* 19. (33, 36) Simplify: (−15)(−12) / ((−15) − (−12))",C_control,NA,high
"Since similar triangles have sides whose measures are proportional, we can write proportions that relate the lengths of the sides of the triangles. Because we are referring to the lengths of the sides, we will use the lowercase letters on the diagram: a, b, c, x, and c − x.
Recall that we began with the largest triangle, △ABC, and that we divided this triangle into two smaller triangles. We will write two proportions that each relate the largest triangle to one of the smaller triangles.",C_control,NA,high
"Example 4
President John F. Kennedy was elected in 1960 at the age of 43. In what year was he born?
Solution
A person's age is the difference between the given date and their birth. We are missing the year of birth, which is the earlier date.
l − e = d
1960 − e = 43
We subtract and find that John F. Kennedy was born in 1917.",C_control,NA,high
"Written Practice 22 (50) - Lesson 66: Solve. If there is no solution, write no solution: 0.9 + 0.3x = 2.4",C_control,NA,high
* 6. Evaluate: Sketch a net of the cylinder. Find the lateral surface area of the cylinder. Then find the total surface area. Use 3.14 for π.,C_control,NA,high
"LESSON A101 Factoring Quadratics. New Concept: Consider the following problems: • Max is thinking of two numbers. Their product is six and their sum is five. What are the two numbers? • Briana is thinking of two numbers. Their product is six and their sum is negative seven. What are the two numbers? • The product of two numbers is negative six and their sum is negative one. What are the two numbers? The mental process we use to solve these problems can also be used to factor quadratic expressions. Since Lesson 92 we have multiplied binomials. Often the products have been quadratic equations. For example, (x + 1)(x + 2) = x^2 + 3x + 2. In this lesson we will reverse the process. We will find the two binomials that produce the quadratic expression: (?) (?) = x^2 + 3x + 2. To factor quadratics we need to understand how the terms of the quadratic are formed. If the coefficient of the x^2 term is 1, then the following applies: Constant is product of last terms; Coefficient of x is sum of last terms; Product of first terms; x^2 + 3x + 2.",C_control,NA,high
f. Percent: 100% more than $60,C_control,NA,high
"For problems 11 and 12, refer to the figure at right.
11. (8) Find the perimeter.
12. (8) Find the area.",C_control,NA,high
17. (63) Write 1 1/6 as a a decimal and b percent. c Round the decimal form to the nearest thousandth.,C_control,NA,high
"Analyze Solve.
* 9. (50) x + 5 + x = 25",C_control,NA,high
"Focus on Classifying Quadrilaterals: Recall that a four-sided polygon is called a quadrilateral. Refer to the quadrilaterals shown below to answer the problems that follow.
[Figures A, B, C, D, E, F, G]
1. Which figures have two pairs of parallel sides?
2. Which figure has just one pair of parallel sides?
3. Which figures have no pairs of parallel sides?",C_control,NA,high
Predict: Would a drawing of Bedroom 2 with a scale of 1 inch = 1 foot fit on this page? Explain.,C_control,NA,high
"Analyze For 12–14 refer to this illustration. The illustration shows a platform. The front and back are parallel congruent trapezoids. The top and bottom are parallel rectangles.
12. (Inv. 4) Draw the front top and right side views.
* 13. (107) Find the volume of the platform.
* 14. (107) a. The six faces of the platform are covered with plywood. How many square feet of plywood are used to cover the platform?
b. Plywood is available in 4 ft by 8 ft sheets. What is the minimum number of sheets needed to cover the platform?",C_control,NA,high
"Simplify:
* 19. (36) (2xy)(3x^2 y) / (6xy^2)
* 20. (33) −6 − (−5)
21. (13, 23) 2 1/2 · 1 3/5 − 2 3/8
* 22. (46) (2.3 × 10^4)(1.5 × 10^3)",C_control,NA,high
"Written Practice 4 (53) - Lesson 66: a. Find the mean, median, mode and range of these measurements: 2.5 cm, 2.6 cm, 2.5 cm, 2.4 cm, 2.6 cm. b. Display the data in a line plot.",C_control,NA,high
Thinking Skill Analyze: Why is the word “proportional” used to describe a relationship between two variables whose ratios are constant?,C_control,NA,high
LESSON 73 Formulas for Sequences,C_control,NA,high
"21. (1) Graph these numbers on a number line.
−3, 0, 3",C_control,NA,high
23. (42) Find the volume of each prism. The two rectangular prisms are similar figures. Units are in inches. Refer to these figures for problems 24–25.,C_control,NA,high
"Written Practice 4 (53) - Lesson 64: The weights of the puppies at birth were: 16 oz, 18 oz, 17 oz, 10 oz, 15 oz, 13 oz, 16 oz. a. Find the mean, median, mode, and range of this data. b. Which measure would you use to report the spread of the birth weights?",C_control,NA,high
1. Analyze A store purchases an item for $80. It marks up the item by 50%. What is the customer’s price?,C_control,NA,high
27. (25) Chef Lorelle has a 79.5 ounce block of cheese. She asks her assistant to slice the cheese into 0.75 ounce slices. What is the maximum number of slices they can get from the block of cheese?,C_control,NA,high
"25. Round 7,654,321 to the nearest hundred thousand.",C_control,NA,high
"3. (4) Practicing quick shots, Roberto made three baskets in ten seconds. At this rate, how many baskets could he make in one minute?",C_control,NA,high
"center (centro) (1)
The point inside a circle or sphere from which all points on the circle or sphere are equally distant.
The center of circle A is 2 inches from every point on the circle.
The center of sphere B is 5 centimeters from every point on the sphere.",C_control,NA,high
"Power Up Building Power: facts Power Up T. mental math: a. Estimation: Estimate the product in hours: 27 minutes × 12 b. Number Sense: What digit is in the ones place of 1^2, 9^2, 11^2, 19^2, 21^2, 29^2, etc.? c. Powers/Roots: m^2 / m^3 d. Proportion: 12/x = 4/7 e. Scientific Notation: Compare 4.5 × 10^5 O 45,000 f. Statistics: Find the range of this data: 11, 11, 17, 16, 15 g. Geometry: Angle R and ∠Q are complementary. If m∠R = 45°, find m∠Q. h. Calculation: 0 + 90, + 19, + 2, − 10, − 1, √",C_control,NA,high
* 2. (67) During the year student enrollment increased from 600 to 630. Student enrollment increased by what percent?,C_control,NA,high
"compound interest (interés compuesto) (Inv. 10)
Interest that pays on accumulated interest as well as on the principal. The formula for computing the current value V of an investment with compound interest is V = P(1 + i)^n where P is the principal, i is the interest rate, and n is the number of compounding periods.",C_control,NA,high
"Generalize Simplify.
6. (13) 5/8 + 2/8
7. (13) 5/8 − 2/8
* 8. (13) 2/3 + 1/6
* 9. (13) 2/3 − 1/6
10. (13) 1 1/4 + 2 1/4
11. (13) 2 1/4 − 1 1/4
* 12. (13) 3 4/5 − 2 1/10
* 13. (13) 3 4/5 + 2 1/10",C_control,NA,high
Written Practice LESSON A99: 26. (A83) Solve: 2/(3x) = 8/(2x + 10),C_control,NA,high
Activity: Describing Transformations. Materials needed: Copies of Lesson Activity 4. Cut out the two triangles before beginning the activity. Description of Activity: The teacher or a student volunteer positions the two figures on the same plane but in different orientations. Then students direct the volunteer to perform the transformations that move one of the figures to the location and orientation of the other figure. Repeat the activity with other volunteers and with other positions of the polygons.,C_control,NA,high
"multiple (múltiplo) (1)
A product of a counting number and another number.
The multiples of 3 include 3, 6, 9, and 12.",C_control,NA,high
problem solving Find the sum of the whole numbers from 1 to 15.,C_control,NA,high
Thinking Skill: Infer: What are the signs of the x- and y-coordinates of points in each quadrant?,C_control,NA,high
9. Graph these equations and find the common solution: x + y = 1; −5x + 10y = −20,C_control,NA,high
"* 7. The triangles are similar.
a. Find x.
b. Find y.
c. What is the scale factor from the smaller to larger triangle?",C_control,NA,high
Early Finishers Real-World Application The local fuel plant has cylindrical holding tanks that are each 85 feet tall with a diameter of 32 feet. One million cubic feet of oil is being shipped to the plant for storage. How many holding tanks will the plant need to store all the oil?,C_control,NA,high
"Generalize: Simplify.
* 10. (36) −3^2 + (−3)^2
11. (13, 22) 1/3 + 5/6 · 4/5
12. (27) mc^2 xc / mx^2
13. (13, 23) 1 1/2 · 2 2/3 − 3 3/4
* 14. (28, 46) (2.7 × 10^8) / (9 × 10^3)
15. (24, 25) (0.24 − 0.024) / 0.02",C_control,NA,high
"The base of a right circular cone has a diameter of 14 feet and a height of 24 feet. Refer to this cone for problems 11–14, and use 22/7 for \pi. * 14. (Inv. 4, 86) a. Draw the shape that remains if the upper 12 ft of the cone is removed. b. Find the volume of the remaining figure by subtracting the volume of the removed cone from the volume of the original cone.",C_control,NA,high
"Example 4: Expand: (x − 3)(x − 4)

Solution:
We can multiply using the algebraic method (and its acronym, FOIL). First we multiply both terms in the second binomial by x. Then we multiply both terms by −3.
(x − 3)(x − 4) (Given expression)
x^2 − 4x − 3x + 12 (Applied FOIL / Multiplied)
x^2 − 7x + 12 (Simplified)",C_control,NA,high
* 13. (50) Solve: 2(x + 3) = 16,C_control,NA,high
15. (64) Use a unit multiplier to convert the rate described in Exercise 14 to gallons per day.,C_control,NA,high
New Concept Increasing Knowledge: Recall that scatterplots are graphs of points representing a relationship between two variables. Below we review common relationships displayed in three sample scatterplots.,C_control,NA,high
"Example 2: The roof of the building in the drawing slopes 35º. What is the measure of the angle at the peak of the roof?

Solution: The roof structure forms an isosceles triangle. The measures of the acute base angles total 70°. All three angles total 180°, so the angle at the peak of the roof is 110°.
35° + 35° + 110° = 180°",C_control,NA,high
"Practice Set
a. Which three words identify the three types of plots described in this lesson?
b. In example 2 we solved a word problem to find how much money Alberto spent on milk and bread. Using the same information, write a word problem that asks how much money Alberto gave to the clerk.
c. Formulate Write a story problem for this equation.
$20.00 − a = $8.45
Evaluate For problems d–f, identify the plot, write an equation, and solve the problem.
d. From 1990 to 2000 the population of Garland increased from 180,635 to 215,768. How many more people lived in Garland in 2000 than in 1990?
e. Binh went to the theater with $20.00 and left the theater with $10.50. How much money did Binh spend at the theater? Explain why your answer is reasonable.
f. In the three 8th-grade classrooms at Washington school, there are 29 students, 28 students, and 31 students. What is the total number of students in the three classrooms?
g. Which equation shows how to find how much change a customer should receive from $10.00 for a $6.29 purchase?
A $10.00 + $6.29 = c B $10.00 − $6.29 = c
C $6.29 + $10.00 = c D $10.00 + c = $6.29",C_control,NA,high
"Math Language
The prefixes in the words monomial, binomial, and trinomial indicate the number of terms in algebraic expressions. Mono- means one, bi- means two, and tri- means three.",C_control,NA,high
30. Find g(8) if g(x) = 5 + 1/2 x,C_control,NA,high
"* 16. (14, 25) Evaluate The weight of an object on Earth is equal to its mass times the acceleration of gravity. For the equation W = mg, find W when m = 5 and g = 9.8.",C_control,NA,high
"Practice Set d. Arrange these real numbers in order from least to greatest.
0, 1, √2, 3/4, 0.5, −0.6",C_control,NA,high
Expand. 20. (92) (3x + 1)(x - 3),C_control,NA,high
"New Concept Increasing Knowledge: We may solve percent problems using proportions (as we did in Lesson 48) or by solving a percent equation. A percent of a whole is a part. % × W = P. The factors and product in the equation above are the percent, the whole, and the part. If two of the three numbers are known, we can write and solve an equation to find the unknown number. If we are given the percent, we convert the percent to a fraction or decimal before performing the calculation.",C_control,NA,high
28. Find both solutions: (3x + 2)(4x − 5) = 0,C_control,NA,high
"Simplify.
14. 27x^2y^2 / 3xy
15. (7^2 − 2^2) − (4^2 − 1^2)
16. (1/2)^2 − (1/2)^3
17. 5 + 5(10)^2
18. 1/2 − 3/4 · 1 1/2
19. 2/7 + 5/14 ÷ 1/2
20. (−2) − (−6) + (−4)
21. (−2)(−6) / (−4)",C_control,NA,high
"Example 3 What effect does doubling the diameter of a circle have on the circumference?
Solution
The circumference is a length. Applying a scale factor to a figure applies the scale factor to all lengths. Therefore, doubling the diameter doubles the circumference. For example, if the diameter of a 6 inch circle is doubled to 12 inches, the circumference doubles from 6π inches to 12π inches.",C_control,NA,high
"19. (11, 12) About twenty-one percent of the earth’s atmosphere is oxygen. Write 21% as a decimal and a fraction.",C_control,NA,high
"2. (109) The monthly payment on a $300,000 30 year mortgage at 6% annual interest is $1798.65.
a. What is the monthly interest rate?
b. What is the interest payment for the first month?
c. How much of the principal do you pay in the first month?
d. Estimate how much of the principal is left after the first payment.",C_control,NA,high
14. (64) Alex swims 100 meters in 50 seconds. Use a unit multiplier to convert 100 meters per 50 seconds to meters per minute.,C_control,NA,high
5. (7) Daniel cut the trapezoid and arranged the pieces to form a rectangle. What is the length of the rectangle Daniel formed if it is equal to the average of the base lengths of the trapezoid?,C_control,NA,high
18. (31) Collect like terms: 3x^2 + 2x + 3x − 1,C_control,NA,high
"16. (1) Arrange these numbers from least to greatest: −5, 7, 4, −3, 0",C_control,NA,high
"Exponents can be applied to variables. If the same variable is a factor in an expression a number of times, we can simplify the expression by writing the variable with an exponent.
Example 4
Express with exponents.
2xxyyyz
Solution
Since x is a factor twice, we use the exponent 2, and since y is a factor 3 times, we use the exponent 3.
2x^2y^3z",C_control,NA,high
"Evaluate.
* 28. Sketch a circle with a diameter of 2 inches. What is the circumference of a circle with a diameter of 2 inches? (Use 3.14 for π.)",C_control,NA,high
"New Concept Increasing Knowledge
In Lesson 69 we studied direct variation in which the quotient of two variables is a constant. In most real-world applications, as one variable increases, the other increases.
direct variation: y/x = k
In this lesson we will study inverse variation in which the product of two variables is a constant. In most real-world applications, as one variable increases, the other decreases.
inverse variation: xy = k",C_control,NA,high
"Examples 1 and 2 illustrate special classes of functions. We noted that the points plotted in both examples are aligned. If all the input-output pairs of a function fall on a line, then the function is linear. The functions in examples 1 and 2 are linear functions.",C_control,NA,high
"Practice Set Represent: Write an equation in slope-intercept form for the lines described in problems a–e. Graph or use substitution to solve.
a. slope = 1; point (5, −2)
b. slope = 3; point (−3, −2)
c. slope = 1/5; point (−5, 3)
d. slope = −3/4; point (8, −1)
e. slope = −5; point (−1, −8)",C_control,NA,high
"Analyze For problems 13 and 14 refer to the figure ABC on the coordinate plane.
* 13. (112) Express each answer as a decimal form.
a. What is the ratio of the length of side opposite ∠A to the length of hypotenuse?
b. What is the ratio of the length of side adjacent ∠A to the length of hypotenuse?
c. What is the ratio of the length of side opposite ∠A to the side adjacent?
* 14. Rotate △ABC 180º about the origin. What are the coordinates of the vertices of △A′B′C′?",C_control,NA,high
Venn diagram A way to illustrate sets and subsets. This Venn diagram shows that the set of squares is a subset of both the set of rectangles and the set of rhombuses.,C_control,NA,high
"Example 2
Driving at a constant speed, the distance Maggie travels varies directly with the amount of time she drives. If Maggie drives 75 miles in one and one-half hours, how long does it take her to drive 100 miles?
Solution
Maggie’s driving speed is constant. Using k for the constant speed, we write two equivalent equations.
k = distance / time
distance = k × time
The first equation gives us the constant of proportionality, in this situation, Maggie’s speed. We express her driving time as 1.5 hours.
k = 75 / 1.5
k = 50 mph
We have found her speed. We use the second equation to solve for the driving time to drive 100 miles:
distance = 50 × time
d = 50t
100 = 50t
2 = t
Thinking Skill Connect Write a proportion to solve example 2.
It takes Maggie 2 hours to drive 100 miles.",C_control,NA,high
"18. (54) Two of these lines are parallel.
a. Compare: m∠x ◯ m∠a.
b. If it is uncertain whether or not the lines are parallel, can the comparison be made? Explain.",C_control,NA,high
"problem solving There are 3 numbers whose sum is 77. The second number is twice the first, and the third number is twice the second. What is the second number?",C_control,NA,high
"* 12. Justify The number of laps in the walkathon that the participants completed is listed below:
4, 3 1/2, 5, 2 3/4, 3, 4 1/2, 3 3/4
Which type of graph would best represent the data?
A Bar Graph
B Histogram
C Circle Graph",C_control,NA,high
"2. (48) Sixty-four percent of the coins in the money box were foreign currency. If 45 coins were not foreign currency, how many coins were in the money box?",C_control,NA,high
"Example 6: Use a Venn Diagram to illustrate the sets. Find A ∩ B.
a. A = {1, 2, 3}
B = ℕ
b. A = {2, 4, 6}
B = {1, 3, 5}
Solution:
a. A ∩ ℕ = {1, 2, 3}
b. A ∩ B = ∅",C_control,NA,high
"Written Practice 20. Write 8/9 as a a percent, b a decimal, and c a decimal rounded to two places.",C_control,NA,high
"A reflection occurs across a line. Here we show the reflection of △ABC across the y-axis. Each point in the reflection is the same distance from the y-axis as the corresponding point in the original figure. A segment between corresponding points is perpendicular to the line of reflection. Notice that if we were to fold this page along the line of reflection, the figures would coincide exactly.",C_control,NA,high
* 4. (105) Analyze The contractor bought 10 gallons of paint from one supplier at $18.00 per gallon and 6 gallons of paint from another supplier at $20.00 per gallon. What was the average price per gallon for all 16 gallons?,C_control,NA,high
Practice Set e. Yanos and Xena played a numbers game. This graph shows all the possible pairs of numbers they could say following the rule of the game. Make a function table that lists four pairs of numbers they could say. Then describe the rule Yanos followed and write an equation for the rule.,C_control,NA,high
"New Concept Increasing Knowledge
The formula for the perimeter of a square, P = 4s, identifies the relationship between two variables, the length of a side of a square (s) and its perimeter (P). This formula is an example of a function.",C_control,NA,high
"Written Practice Strengthening Concepts
1. (45) The number of home-team fans in a crowd of 980 fans was 630. What was the ratio of home-team to visiting-team fans?",C_control,NA,high
"8. (3) Jenna budgeted $300 to redecorate a room. If she spent $54 on paint, how much money remains?",C_control,NA,high
Practice Set: b. What is the slope and y-intercept of the graph of this equation? y = -1/3 x + 2,C_control,NA,high
"Written Practice LESSON A96: 26. (A68) Write an equation for the line that passes through (-1, 5) with slope -7/3.",C_control,NA,high
Written Practice LESSON A102: 30. (A80) Simplify: (3x + 2y - 5) - (2y + 4x - 3),C_control,NA,high
"12. (80)
a. What type of polynomial is 3x + 2?
b. What is the sum of 3x + 2 and x − 1?",C_control,NA,high
"6. Graph the points (x, A) from your chart. Indicate the vertex on your graph.",C_control,NA,high
"For problems 23–26, find all values of x, if any, that make the equations true.
23. x^2 + 3 = 7
24. −5|x| = 25
25. 3x^2 = 27
26. |x| − 4 = 12",C_control,NA,high
"* 11. (63) Evaluate Convert 7/9 to a a percent and b a decimal, then c write these numbers from least to greatest: 6/8, 7/8, 7/9",C_control,NA,high
* 10. Find the lateral surface area: Use 3.14 for π and round the answer to the nearest square centimeter.,C_control,NA,high
"5. (32) Brad is trying to remember the combination to a lock. He knows the three numbers are 15, 27, and 18, but he cannot remember the order. a. What are the possible orders of the numbers? b. What is the probability that Brad finds the correct order on his first try?",C_control,NA,high
"Solve.
17. -4/3 + 1/12 x = -3/4
18. 4x^2 = 64",C_control,NA,high
"Written Practice 5. Using whole numbers of inches only, give the widths and lengths of six different rectangles that have an area of 90 square inches.",C_control,NA,high
* 5. Model: Sketch a rectangle and draw its lines of symmetry.,C_control,NA,high
"* 27. (31) Julie wrote a 500-word essay. Following the suggestions made by her English teacher, Julie deleted a 25-word long paragraph and added a new paragraph 17 words long. How many words long is Julie’s final essay?",C_control,NA,high
Written Practice LESSON A100: 28. (A97) Joseph pays $2 for each widget and $3 for each gadget. Write an equation that shows he spends $30. Write another equation that shows he buys 12 items.,C_control,NA,high
"LESSON A110 Written Practice
26. Graph the following sequence: a_n = (n − 1)(n − 1)",C_control,NA,high
"It is customary to express a solution with the variable on the left side of the equal sign. Since the quantities on either side of an equal sign are equal, we can reverse everything on one side of an equation with everything on the other side of the equation. This property of equality is called the symmetric property.
Symmetric Property of Equality
If a = b, then b = a.",C_control,NA,high
"Written Practice 14 (15, 36) - Lesson 66: Evaluate: Evaluate -b - √(b^2 - 4ac) when a = 1, b = -10, and c = 9.",C_control,NA,high
Written Practice 13. Simplify: 2x⁻²y⁻³xy,C_control,NA,high
"Solve by inspection:
24. 10 · 5 = 10 + h
25. 1 − f = 9/10
* 26. 10^6 / 10^2 = 10^x
27. 18/x = 9/10",C_control,NA,high
"20. a. What is the absolute value of 9?
b. Simplify and compare: |− 12| ◯ |11|",C_control,NA,high
14. Three quarters of the 84 crayons are broken. How many crayons are broken?,C_control,NA,high
18. Explain how the answer to problem 17 can help us calculate 53(120).,C_control,NA,high
"Classify For problems 15 and 16, name the type of quadrilateral and find its area.
15. Right trapezoid with parallel sides 5 m and 8 m, height 4 m, and slant height 5 m.
16. Parallelogram with bases 8 m, sides 5 m, and height 4 m.",C_control,NA,high
"Thinking Skill Connect
Although all measures of central tendency are considered averages, which one is commonly referred to as “the average?” Describe how it is found.",C_control,NA,high
24. (63) Write 2/9 a as a decimal and b as a percent.,C_control,NA,high
"* 18. (11, 12) How much money is 20% of $65?",C_control,NA,high
"New Concept Increasing Knowledge
Recall that we use a method called algebraic addition to subtract integers. Instead of subtracting a number, we add its opposite. Consider the following examples.",C_control,NA,high
"3. Seventy-six percent of the brass instruments in the band leading the parade were trombones. If there were 100 brass instruments, how many were trombones?",C_control,NA,high
"Mary walks every day for exercise. The number of miles she walks and the amount of time it takes her on different days are shown in the scatterplot, along with a line of best fit. Refer to the scatterplot for problems 24 and 25.

24. a. Predict the amount of time it would take Mary to walk 1 mi.
b. Write the equation of this best-fit line.
c. Interpret the equation of the best-fit line with words.",C_control,NA,high
"Early Finishers Real-World Application
The Louvre Museum in Paris, France is one of the largest and most famous museums in the world. The museum holds priceless art from all over the world, including one of the world’s most famous paintings, the Mona Lisa.
A new entrance to the Louvre was created in 1989 by architect I. M. Pei. The entrance is a large glass square pyramid based on the Pyramid of Giza. The side length of the base measures 35.42 meters and the slant height measures 27.95 meters. What is the total surface area of the Louvre’s entrance?",C_control,NA,high
"* 9. Jaime painted a model of an Egyptian pyramid and prepared to paint another similar but larger pyramid. The corresponding edges of the similar pyramids measure 60 cm and 30 cm. If the smaller pyramid required 6 ounces of paint, how many ounces of paint are needed for the larger pyramid?",C_control,NA,high
"Written Practice LESSON A100: 27. (A92) Solve by substitution: { -5x + y = 8, y = 3x - 2",C_control,NA,high
"17. Graph y = −1/2 x − 5. Is (−10, 0) a solution?",C_control,NA,high
"30. Evaluate A coin is flipped and the spinner is spun.
a. Write the sample space for the experiment.
b. What is the probability of getting tails and an odd number?",C_control,NA,high
"* 5. (67) Analyze The airline advertised lower fares. The new fare for flying to Austin is $320. If this fare is 20% lower than the original fare, what was the original fare?",C_control,NA,high
"Make or use a table, chart, or graph. Arranging information in a table, chart, or graph can help us organize and keep track of data. This might reveal patterns or relationships that can help us solve the problem.",C_control,NA,high
"1. (67) A book was lengthened by 8 pages for the second edition. If the book was originally 200 pages long, what was the percent increase?",C_control,NA,high
* 30. A smaller square is cut from a larger square. What is the area of the remaining figure?,C_control,NA,high
14. Factor using the greatest common factor: 10x^3 - 8x^2 - 6x,C_control,NA,high
parallel lines Lines in the same plane that do not intersect. Parallel lines remain the same distance apart.,C_control,NA,high
"Practice Set
Simplify.
a. (2/5)/(2/3)
b. 30/(5/6)
c. (1/2 − 1/3) / (1/2 + 1/4)
Change each percent to a fraction and simplify:
d. 14 2/7%
e. 8 1/3%
f. 4 1/6%",C_control,NA,high
Written Practice 7 (56) - Lesson 66: Write the equation of the line with slope 1/2 that intercepts the y-axis at 3.,C_control,NA,high
"* 13. (41) Graph y = x − 3. Is the point (3, 0) on the line?",C_control,NA,high
4. Evaluate: Which type of restaurant is most popular among your classmates? Do you think the survey results would differ if it were conducted among a sample of park attendees?,C_control,NA,high
* 5. (4) There are a total of two hundred students and chaperones going on a field trip. Each bus can hold 60 passengers. How many buses will be used for the field trip? Explain why your answer is reasonable.,C_control,NA,high
"Power Up facts: Power Up E. mental math: a. Calculation: Luis walked 3 miles per hour on his way home from school, a distance of 1 1/2 miles. How many minutes did it take for Luis to walk home? b. Estimation: $24.97 + $1.97 + $9.99. c. Measurement: About how many cm are four inches? (Round to the nearest cm.) d. Number Sense: $22 divided equally among 4 people. e. Measurement: If four sugarless gum sticks were laid end to end, they would be how long? f. Geometry: Rewrite and complete this congruence statement: △CBD ≅ △G_ _. g. Proportions: If four pencils cost $1.00, how much would eight pencils cost? h. Fractional Parts: 3/4 of $84. i. Calculation: 17 + 8, √, + 1, square it, ÷ 9, √, − 3, × 5, + 10, ÷ 2.",C_control,NA,high
"2. (67) The shoes were marked up 90% after being autographed by the sports star. If they were originally $70, what was the new price?",C_control,NA,high
Written Practice LESSON A103: 31. (A101) Factor: x^2 - 10x + 25,C_control,NA,high
5. (85) Find the lateral surface area of the cylinder to the nearest square centimeter.,C_control,NA,high
"30. (18, 20) The measure of ∠ABD is 145°. Find the measure of
a. ∠CBD
b. ∠CDB",C_control,NA,high
"12. If a cube-shaped box with edges one foot long is stored in a cube-shaped box with edges two feet long, then what percent of the volume of the larger box is occupied by the smaller box?",C_control,NA,high
"Recall that to graph a dilation on a coordinate plane we prescribe a scale factor, such as 2. If the center of dilation is the origin, we may multiply the coordinates of the vertices of the figure by the scale factor. For example, using a scale factor of 3, a vertex at (1, 3) in the original figure would have a corresponding vertex at (3, 9) in its image after dilation.
8. On a coordinate plane draw rectangle ABCD with A at (6, 4), B at (6, −2), C at (−2, −2), and D at (−2, 4). Then draw its image □A′B′C′D′ using scale factor 1/2, with the center of the contraction at the origin. What are the coordinates of the vertices of □A′B′C′D′?
9. What fraction of the dimensions of □ABCD are the dimensions of □A′B′C′D′? What fraction of the perimeter of □ABCD is the perimeter of □A′B′C′D′?
10. What fraction of the area of □ABCD is the area of □A′B′C′D′?",C_control,NA,high
Connect: Show how to solve this system of equations by substitution.,C_control,NA,high
"Practice Set a. Model Multiply 1/4 and 1/2. Use an area model to illustrate the multiplication.
b. One half of the students in the class are boys. One third of the boys walk to school. Boys who walk to school are what fraction of the students in the class?
Generalize Simplify.
c. 1/2 · 3/4
d. 5/6 · 2/3
e. What number is 1/2 of 3/4?
f. What number is 2/3 of 3/4?
For g and h write the multiplicative inverse (reciprocal) of the number.
g. 3/8
h. 4
i. How many 2/3s are in 1?
j. 1 ÷ 3/5
k. 1 ÷ 1/6
l. How many 1/2s are in 3/4? (3/4 ÷ 1/2)
Simplify.
m. 2/3 ÷ 3/4
n. 3/4 ÷ 2/3",C_control,NA,high
Practice Set: a. Explain Imagine a broom steadily narrowing from 12 in. to 0 in. as it sweeps 10 in. to form a triangle. Describe how to find the area of the triangle. b. Segment AB is 5 cm long and the diameter of the cylinder is 10 cm long. Describe how to calculate the lateral surface area of the cylinder. Find the lateral surface area expressed in terms of π.,C_control,NA,high
"For problems 5 and 6, use the figure of the parallel lines cut by a transversal.
* 6. (54) Find m∠2. Justify your answer.",C_control,NA,high
"Example 1: Solve: −0.2 + 0.03x = 0.004
Solution:
First we find the number in the equation with the most places after the decimal point. In this equation it is 0.004, which has three decimal places. We know that multiplying a number by 1000 shifts the decimal point three places to the right, so we multiply both sides of the equation by 1000. To multiply more than one term, we apply the Distributive Property.
−0.2 + 0.03x = 0.004 (Given)
1000(−0.2 + 0.03x) = 1000(0.004) (Multiplied both sides by 1000)
−200 + 30x = 4 (Simplified)
30x = 204 (Added 200 to both sides)
x = 204/30 (Divided both sides by 30)
x = 6.8 (Simplified)
Multiplying both sides of the equation by 1000 created an equivalent equation that we could solve using whole numbers. To check the solution we substitute 6.8 for x in the original equation and simplify:
−0.2 + 0.03(6.8) = 0.004 (Substituted)
−0.2 + 0.204 = 0.004 (Multiplied)
0.004 = 0.004 (Added)",C_control,NA,high
"Written Practice 11. In terms of π, the two triangles occupy what fraction of the area of the circle? Is the fraction more or less than 1/3? How do you know?",C_control,NA,high
"Written Practice 2 (48) - Lesson 65: Eighty-four percent of the audience dozed during the 4-hour film. If there were 75 people in the audience, how many did not doze?",C_control,NA,high
"We distinguish between the theoretical probability, which is found by analyzing a situation, and experimental probability, which is determined statistically. Experimental probability is the ratio of the number of times an event occurs to the number of trials. For example, if a basketball player makes 80 free throws in 100 attempts, then the experimental probability of the player making a free throw is 80/100 or 4/5. The player might be described as an 80% free-throw shooter.
In baseball and softball, a player’s batting average is the experimental probability, expressed as a decimal, of the player getting a hit.",C_control,NA,high
* 25. (41) Conclude The table shows the altitude of a hot-air balloon during the first 5 minutes and 45 seconds of flight. Does the table indicate a proportional relationship? Explain. How can you determine the balloon’s altitude 5 minutes into the flight?,C_control,NA,high
"Written Practice Strengthening Concepts
1. (71) Renaldo increased the image size on the computer screen by 20%. By what percent did the area of the image increase?",C_control,NA,high
"* 14. (39, 40) Find the a area and b the circumference of a circle that has a diameter of 40 cm. Use 3.14 for π.",C_control,NA,high
2. Sally bought a collectible at a flea market for $120. She sold it on-line for $156. The selling price was what percent more than her purchase price?,C_control,NA,high
"* 20. (42, 43) a. Find the volume of the prism. b. Find the surface area of the prism.",C_control,NA,high
"qualitative data Data that falls into categories. People’s preferences for types of restaurants, books, or movies are examples of qualitative data.",C_control,NA,high
"* 4. (32) One hundred residents of the city were randomly selected for a survey regarding the new gymnasium design. Thirty-two residents approved of Design A and 85 residents approved of Design B.
a. Evaluate Use these experimental results to calculate the probability that any city resident selected at random would approve of Design A. Then calculate the probability for Design B.
b. Based on the results of the survey, which design would you recommend?",C_control,NA,high
"Example 1: A rectangular room is five yards long and four yards wide. a. How many feet of baseboard are needed to reach around the room? b. How many square yards of carpet are needed to cover the floor? c. Describe whether the tasks in a and b are similar to finding the perimeter or the area. Solution: a. To find the distance around the room we add the lengths of the four sides: 5 yd + 4 yd + 5 yd + 4 yd = 18 yd. We are asked for the number of feet of baseboard needed. Each yard is 3 feet so we multiply: 18 yd × 3 ft per yd = 54 ft. We find that 54 feet of baseboard are needed. (In actual construction we would subtract from the total length the opening for each doorway.) b. A one yard-by-one yard square is a square yard. We can find the number of square yards needed by multiplying the length in yards by the width in yards: 5 yd · 4 yd = 20 sq. yd. We find that 20 square yards of carpet are needed to cover the floor. c. In part a we found the distance around the room, which is its perimeter. In part b we found the area of the room.",C_control,NA,high
21. (19) A regular triangle has a perimeter of 51 m. How long is each side?,C_control,NA,high
20. Geneka watched the bug scuttle 10 inches in 2 seconds. Use unit multipliers to convert 10 inches in 2 seconds to feet per minute.,C_control,NA,high
"lowest terms (mínima expresión) (1)
A fraction is in lowest terms if the only common factor of the numerator and the denominator is 1.
When written in lowest terms, the fraction 8/16 becomes 1/2.",C_control,NA,high
"identity property of multiplication (propiedad de identidad de la multiplicación) (1)
The product of any number and 1 is equal to the initial number. In symbolic form, a × 1 = a. The number 1 is referred to as the multiplicative identity.
The identity property of multiplication is shown by this statement:
94 × 1 = 94",C_control,NA,high
"* 3. (89) Samantha had 21 nickels and dimes. They totaled $1.60. Two equations that show this information are shown below.
{ u + d = 21
{ 5u + 10d = 160
Use this information to help you find and check the numbers of nickels and dimes Samantha has.",C_control,NA,high
13. (92) Formulate Write expressions using variables for the area and perimeter of a rectangle with length 2x + 9 and width x + 7.,C_control,NA,high
6. (44) Solve for x. x/5 = 14/20,C_control,NA,high
"8. (Inv. 1) Which point is in Quadrant II? A (2, 5) B (-2, 5) C (2, -5) D (-2, -5)",C_control,NA,high
"Characteristics of Direct Variation
1. When one variable is zero, the other is zero (the graph of the equation intersects the origin).
2. As one variable changes, the other variable changes by a constant factor (the graph is a line).
We can solve the equation y = kx for k by dividing both sides of the equation by x.
y = kx direct variation equation
y/x = k divided by x
This alternate equation shows that the ratio of the two variables in direct variation equals the constant of proportionality. We use the word proportionality because quantities that vary directly are proportional—their ratio is constant. Knowing this we can determine from a table if a relationship is an example of direct variation.",C_control,NA,high
"23. (1) Name a set of numbers that includes zero, but not negative one.",C_control,NA,high
"1. Martha washed two out of every three dishes. Her sister washed the rest. If Martha washed 12 dishes, how many did they wash all together?",C_control,NA,high
"27. (8, Inv. 3) Find the area and perimeter of the quadrilateral with vertices (−4, −1), (−4, 7), (4, 7) and (4, −1). What kind of quadrilateral is it?",C_control,NA,high
Written Practice 19 (27) - Lesson 64: Simplify: bake^2 / acake,C_control,NA,high
"New Concept Increasing Knowledge
In this lesson we will solve problems that include more than one average or rate.",C_control,NA,high
"Example 6
Convert the following percents to decimals.
a. 5% b. 225%
Solution
a. 5% = 5/100 = 0.05
b. 225% = 225/100 = 2.25",C_control,NA,high
"Solve. 14. (25, 50) 0.05x + 0.2 = 2",C_control,NA,high
"Example 1
Change each subtraction to addition and find the sum.
 a. (−3) − (+2) b. (−3) − (−2)",C_control,NA,high
"* 7. (Inv. 1, 20) Evaluate Find the a area and b perimeter of the triangle with vertices (2, 3), (5, 3), and (5, −1).",C_control,NA,high
"problem solving Some pulsars spin at a rate of 30,000 rotations per minute (rpm). How many rotations per second is that? How long does it take for each rotation?",C_control,NA,high
29. Write the prime factorization of 144 using exponents.,C_control,NA,high
Written Practice 15. Simplify: (2/3)⁻² + (3/4)⁻¹,C_control,NA,high
* 14. (21) Use order of operations to simplify: 16 − [8 − 4(2 − 1)],C_control,NA,high
* 2. (6) A recipe calls for a half pint of cream. How many ounces of cream are required?,C_control,NA,high
"Practice Set a. Connect: The relationship between feet and inches is a function. Write an equation that shows how to find the number of inches (n, output) if you know the number feet (i, input). Then make a function table that shows the number of inches in 1, 2, 3, and 4 feet. Is the relationship linear? Is the relationship proportional?",C_control,NA,high
"27. (56) Using the slope-intercept form, write the equation of each line at the right.",C_control,NA,high
"13. (1) Compare:
a. |−7| ○ |−8| b. |11| ○ |−11|",C_control,NA,high
"a. Calculation: Dante rode his bike a mile in 5 minutes. At that rate, how many miles can he ride in an hour?",C_control,NA,high
"3. (7) On the safari, the average speed traveled by the vehicle was 25 miles per hour. If the vehicle traveled for 6 hours, how far did it travel?",C_control,NA,high
"* 5. (8) Generalize The perimeter of a square is four times the length of one of its sides. In this table we show the perimeter of a square with a side length of 3 units. Copy this table on your paper. Imagine two more squares with different side lengths. Record the side lengths and perimeters of those squares in your table.
P = 4s
Side Length: 3 | Perimeter: 12",C_control,NA,high
* 24. (47) Classify The fare charged for a taxi ride was $1.50 plus 40¢ for each 1/5 of a mile. What term best describes the relationship between the distance traveled and the fare charged? A continuous function B step function C direct proportion,C_control,NA,high
"Practice Set: Refer to Figure 2 for exercises d–f.
d. Which angle is the complement of ∠g?
e. Which angle is the supplement of ∠g?
f. If m∠h is 130°, then what are the measures of ∠g and ∠f?",C_control,NA,high
"22. What is the median for this set of data?
[Number of Cars Sold This Week: Monday 13, Tuesday 9, Wednesday 11, Thursday 5, Friday 3, Saturday 16]",C_control,NA,high
"17. (31, 36) Simplify: x(x + 2) − 2 (x + 2)",C_control,NA,high
"Power Up Building Power
facts Power Up Q
mental math
a. Algebra: Simplify: 6x − 2y − x + 2y
b. Estimation: 10√120
c. Number Sense: 5^2, 15^2, 25^2, 35^2, . . . What are the last two digits of these squares?
d. Rate: 3000 revolutions per minute is how many revolutions per second?
e. Powers/Roots: x^7 / x^2
f. Geometry: If two angles are supplementary, the sum of their measures is 180°. ∠A and ∠B are supplementary. m∠A = 100°. Find m∠B.
g. Select a Method: To calculate the approximate distance he can drive on a tank of gas, Gilbert will probably use which method?
A mental math B pencil and paper C calculator
h. Calculation: 8 + 8, √, × 12, + 1, √, × 9, + 1, √, + 1, √",C_control,NA,high
"* 4. (58) Analyze By the middle of the ninth inning, 9% of the fans had left the stadium. If 18,200 fans remained, how many had left?",C_control,NA,high
Written Practice LESSON A91: 28. (A83) Solve: 3/x = x/27,C_control,NA,high
32. Samuel carries 12 bottles per trip and Joseph carries 8 bottles per trip. There are a total of 96 bottles to be moved. Write an inequality that shows the two can move as many as all 96 bottles. Write an inequality that shows Joseph can take only 6 trips. Write inequalities that show that neither of the two can take a negative number of trips. Graph the system. What is the maximum number of trips Samuel can take?,C_control,NA,high
* 17. (64) Ryun runs in a race at a rate of 400 meters per minute. Use a unit multiplier to convert 400 meters per minute to miles per minute. (1 mi ≈ 1600 m.),C_control,NA,high
31. Solve by substitution. { 2x + y = 0; 3x + 2y = 5,C_control,NA,high
28. Find the perimeter of the rectangle. [rectangle with length 2√7 and width √7],C_control,NA,high
"1. Mariya ran 14 miles in one week. At that rate, how many miles would she run in 5 days?",C_control,NA,high
Example 2: A carpenter is nailing horizontal boards to the outside surface of a building. The exposed portion of each board is 6 3/4 in. How many rows of boards are needed to reach to the top of an 8 ft wall? Solution: We begin by converting 8 ft to 96 in. Then we divide 96 in. by 6 3/4 in. 96 ÷ 6 3/4 = 96/1 ÷ 27/4 = 96/1 · 4/27 = 128/9 = 14 2/9. Fourteen boards is not enough. To reach to the top of the wall the carpenter will need 15 rows of boards.,C_control,NA,high
"26. (14, 15) Evaluate the expression −b + √(b^2 − 4ac) when a = 3, b = 4, and c = 1.",C_control,NA,high
polynomial An algebraic expression that has one or more terms. The expression 3x^2 + 13x + 12y is a polynomial.,C_control,NA,high
