paragraph,tier,stage1_gemini_label,stage1_gemini_confidence
"2-5. Josiah and Jon wrote expressions to represent the tile collection shown.
JOSIAH: 2y + 4x + 6
JON: 2(2x + y + 3)
Which of the expressions is correct? Explain how you know.",A_positive,COMPARE_AND_CONTRAST,high
"2-16. Patti, Emilie, and Carla are debating the answer to part (d) of problem 2-15. Patti wrote 2 − 1 + 2x − 3. Carla thinks that the answer is 2x − 2. Emilie is convinced that the answer is 2(x − 1). Discuss with your team how each of them might have arrived at their answer. Who do you agree with? When you decide, write an explanation and justify your answer.",A_positive,COMPARE_AND_CONTRAST,high
"2-30. When writing an expression for the tiles shown, Ricardo wrote 2x − 3 − (x + 1), while Francine wrote −3 + 2x − x − 1.

Francine states that their expressions are equivalent. Is Francine’s conclusion true or false? Use algebraic properties to justify your conclusion.",A_positive,COMPARE_AND_CONTRAST,high
"3-58. GOOFY GRAPHING
Now Ms. Cai’s class is studying a tile pattern. Her students decided to represent the pattern with the (x, y) table shown.
a. Ms. Cai wants her class to graph the data in this table. Write (x, y) coordinates for each point that needs to be plotted.
b. When Ms. Cai’s students started to graph this data, they made mistakes right from the beginning. The following diagrams show how some of Ms. Cai’s students set up their axes. Your teacher will assign your team one of these diagrams.
Describe all of the mistakes the students made in setting up the graph your teacher assigns you. (There may be more than one mistake in each graph!) Explain why this is an incorrect way to set up a graph, or why this is not the best way to set up the graph for this problem. Be ready to present your team’s ideas to the class.",A_positive,EXPLICIT_ERROR_DETECTION,high
"4-60. Josie and Jules are building a model car. They know the actual car is 54 inches tall and 180 inches long. They agree to make their model 3 inches tall but disagree about how long the model should be. Josie says their model should be 10 inches long, and Jules says it should be 129 inches long. Help them calculate precisely how long the model should be. Justify your solution.",A_positive,COMPARE_AND_CONTRAST,high
"Chapter 4 Closure What have I learned?
REFLECTION AND SYNTHESIS
Launch
Your teacher will show you an image of a student’s work for the following problem. Review their work and think silently. What does this student know? What error is this student making?
Solve −x2 + x = −x2 − (1) + −1 for x using the algebra tiles shown. Show your work.",A_positive,EXPLICIT_ERROR_DETECTION,high
"Chapter 5 Closure What have I learned?
REFLECTION AND SYNTHESIS

Launch
Your teacher will show you an image that shows a student's work. What does this student know? What mistake is this student making? Think silently as you consider your response.

Explore
These activities offer you a chance to reflect on what you have learned during this chapter. As you work, look for concepts that you feel very comfortable with, ideas that you would like to learn more about, and topics you need more help with.

Activity 1: What Have I Learned?
Working the problems in this section will help you to evaluate which types of problems you feel comfortable with and which ones you need more help with.
Solve each problem as completely as you can. The table at the end of this Closure section provides answers to these problems. It also tells you where you can find additional help and where to find similar practice problems.",A_positive,EXPLICIT_ERROR_DETECTION,medium
"6-27. Erin started with one corner of a figure located at (−4, 5) and translated it to (6, 8). To figure out how far the shape moved horizontally, she decided to determine the difference between the two x-coordinates. She wrote: 6 − (−4).
a. Erin got 2 when she evaluated the expression 6 − (−4). Is this correct? If not, what is the correct answer?
b. Write another expression to determine how far the shape moved vertically (↕). Describe the translation in words.
c. Describe each of the following translations.
i. (3, −2) → (5, −9)
ii. (−1, 4) → (6, −2)
iii. (0, 0) → (−4, −7)
iv. (−2, −9) → (2, 9)",A_positive,INCORRECT_TO_CORRECT,high
"6-49. When Ms. Shreve solved an equation in class, she checked her solution and found that it did not make the equation true. Examine her work, locate her mistake, and determine the correct solution.
5(2x – 1) – 3x = 5x + 9
10x – 5 – 3x = 5x + 9
7x – 5 = 5x + 9
12x = 4
x = 1/3",A_positive,INCORRECT_TO_CORRECT,high
"6-62. Mr. Greer solved the equation as shown. However, when he checked his solution, it did not make the original equation true. What was his error? What is the correct solution?
4x = 8(2x – 3)
4x = 16x – 3
–12x = –3
x = –3 / –12
x = 1/4",A_positive,INCORRECT_TO_CORRECT,high
"6-81. Hannah thinks a solution to the following system is (−4, −6). Wirt thinks a solution is (20, 10).
2x − 3y = 10
6y = 4x − 20
a. Is Hannah correct?
b. Is Wirt correct?
c. What do the answers to (a) and (b) tell you about the lines in the problem?",A_positive,COMPARE_AND_CONTRAST,high
"6-93. Alex and Maria were trying to calculate the side labeled x in problem 6-92. Their work is shown.

ALEX: I noticed that when I multiplied by 3, the sides of the triangle got longer. 8 × 3 = 24
MARIA: I remember that when we were dilating shapes in Lesson 6.2.2, my shape got bigger when I divided by 1/3. 8 ÷ 1/3 = 24

a. Look at each student’s work. Why do both multiplying by 3 and dividing by 1/3 make the triangles larger?
b. Use Alex and Maria’s strategy to write two expressions to determine the value of y in problem 6-92.",A_positive,COMPARE_AND_CONTRAST,high
"6-101. Fatima solved for p in this diagram of similar triangles and got p = 30. Looking at her answer, she knows she made a mistake. What would make Fatima think that her answer is wrong? Use what you know about dilations to explain your answer.",A_positive,INCORRECT_TO_CORRECT,high
"6-105. Lucy and Marissa each designed a box plot to represent this data set: 16, 18, 19, 19, 25, 26, 27, 32, 35. Their plots are shown. Which plot is scaled correctly and why? Explain the mistakes in the incorrect plot.
a.
b.",A_positive,COMPARE_AND_CONTRAST,high
"7-22. THE LINE FACTORY

Congratulations! You have recently been hired to work at the city’s premiere Line Factory. People from all over the country order lines from your factory because of their superior quality and excellent price.

Lately, however, the Line Factory is having a serious problem: Too many customers have placed orders and then received different lines from the ones they wanted. The factory has hired your team to correct this problem.

Review the recent orders given and decide if there is anything wrong with each customer’s order. If the order is correct, pass it on to your production department with a rule, a table, and a graph (on graph paper). If the order is incorrect, explain to the customer how you know the order is incorrect and suggest corrections.

a. Customer A wants a line with a y-intercept of (0, −3) and that grows by 4. She ordered the line y = −3x + 4.

b. Customer B wants the line shown on the graph. He ordered the line y = 3x + 2.

c. Customer C wants a line that passes through the points (2, −4) and (5, 2). She ordered the line y = 2x − 8.

d. Customer D wants the line that is represented by the following table.
x: -3, -2, -1, 0, 1, 2, 3
y: -4, -1, 2, 4, 7, 10, 13

e. Customer E ordered the line 2x − y = 4 and wants the line to grow by 2 and pass through the point (5, 6).

f. Customer F wants a line that starts at (0, 1), grows first by 3, and then grows by 5.",A_positive,INCORRECT_TO_CORRECT,medium
"7-32. While comparing the rates from problem 7-30, a team is struggling to decide how to tell which athlete is moving faster.

Leo thinks that because athlete A’s line is highest on the graph, he is traveling faster.

Kara disagrees. “He starts first, but racer B is moving faster.”

Which person do you agree with? Look at the graph of bicyclists A and B as shown and discuss this with your team. Be prepared to explain your reasoning to the class.",A_positive,COMPARE_AND_CONTRAST,high
"7-60. Ella and her team are arguing about the slope of the line in the graph shown. They have come up with four different answers: 3/4, −4/3, −3/4, and 4/3. Which slope is correct? Justify your answer.",A_positive,COMPARE_AND_CONTRAST,high
"8-35. Scientific notation requires that one factor is a power of 10, and the other factor is a number greater than or equal to 1 but less than 10. For example, 2.56 × 10^5 is correctly written in scientific notation, but 25.6 × 10^4 is not because 25.6 is greater than 10. Scientific notation also uses the symbol “×” for multiplication instead of “·” or parentheses. In each part (a) through (c), the number shown is not correctly written in scientific notation. Explain why each one does not meet the criteria for scientific notation, and then write it using correct scientific notation. a. 25.6 × 10^4 b. 5.46 · 100 c. 0.93 × 10^8",A_positive,EXPLICIT_ERROR_DETECTION,high
"8-43. Consider the equation 7 = 3x − 5. a. Stanley wants to start solving the equation by adding 5 to both sides, while Terrence first wants to subtract 7 from both sides. Will both strategies work? Is one strategy more efficient than the other? b. Solve 7 = 3x − 5. Show your steps.",A_positive,COMPARE_AND_CONTRAST,high
"8-47. Aaron wants to rewrite the expression 5^2 x^2 · 5^4 x^3 in fewer terms in exponent form. He started by expanding the expression like this: 5^2 x^2 · 5^4 x^3 = 5 · 5 + x · x + 5 · 5 · 5 · 5 + x · x · x = 25 + x^2 + 625 + x^3. Do you agree with his work so far? Work with your team to complete the problem or, if you do not agree, write Aaron a note explaining how to correct his work and determine the correct way to rewrite the expression.",A_positive,INCORRECT_TO_CORRECT,high
"8-59. Two of the equations listed are true, and four contain errors. For each equation, if it is not true, identify the mistake and rewrite to create a true equation. a. x^3 y^2 x^4 = x^7 y^2 b. 2^3 · 2^4 = 2^12 c. (7^2 · 8^3) / (7^3 · 8^2) = 8/7 d. 3^5 · 3^2 = 9^7 e. 6^2 / 6^5 = 6^3 f. z^3 / z^3 = 0",A_positive,EXPLICIT_ERROR_DETECTION,high
"8-65. Both Ngoc and Salvador are looking for ways to calculate values with negative exponents without extending a pattern. Looking at the expression 5^−2, they each started to rewrite differently. Salvador thinks that 5^2 is 25, so 5^−2 must be 1/25. Ngoc thinks 5^−2 is 1/5^2. Which student is correct?",A_positive,COMPARE_AND_CONTRAST,high
8-105. Marlo rewrote the following expression incorrectly. His work is shown: m^6 / m^2 = m^(6 ÷ 2) = m^3. a. Marlo divided his exponents to get his answer. What operation should Marlo have used to get the correct answer? b. How should Marlo rewrite m^12 / m^3?,A_positive,INCORRECT_TO_CORRECT,high
Chapter 8 Closure What have I learned? REFLECTION AND SYNTHESIS. Launch: Your teacher will show you an image of a student's work on the following problem. Review their work and think silently. What does this student know? What error is this student making? Rewrite the expression (−6q^−3)^2. Show your work.,A_positive,EXPLICIT_ERROR_DETECTION,medium
9-61. Eric claims the proportion x/12 = 5/9 represents the following similar triangles. He calculated that x ≈ 6.67. What was Eric’s mistake?,A_positive,INCORRECT_TO_CORRECT,high
"10-24. Anisa and Dan were trying to determine the volume of the cone shown. Anisa thinks that the cone is 8 inches tall, and Dan thinks that the cone is 10 inches tall. Write them a note explaining who is correct.",A_positive,COMPARE_AND_CONTRAST,high
"10-25. Anisa, Dan, and Jess calculated the volumes of some shapes and got different answers. Look at their work shown and make a sketch of the shape that each set of calculations might represent. Why do Dan’s and Jess’s calculations have the same result even though they look different?
DAN: V = (42π)(9)/3 = 150.8 cm3
ANISA: V = (42π)(9) = 452.4 cm3
JESS: V = 1/3 (42π)(9) = 150.8 cm3",A_positive,COMPARE_AND_CONTRAST,high
"Methods & Meanings: FRACTION <-> DECIMAL <-> PERCENT. The Representations of a Portion Web shown illustrates that fractions, decimals, and percents are different ways to represent a portion of a number. Portions can also be represented in words, such as ""four-fifths"" or ""twelve-fifteenths,"" or with diagrams or pictures. The examples show how to convert from one form to another. Decimal to percent: Multiply the decimal by 100. (0.34)(100) = 34%. Percent to decimal: Divide the percent by 100. 78.6% = 78.6 / 100 = 0.786. Fraction to percent: Set up an equivalent fraction using 100 as the denominator. The numerator is the percent. 4/5 * 20/20 = 80/100 = 80%. Percent to fraction: Use 100 as the denominator. Use the digits in the percent as the numerator. Rewrite as appropriate. 22% = 22/100 * (1/2)/(1/2) = 11/50. Terminating decimal to fraction: Make the digits the numerator. Use the decimal place value as the denominator. Rewrite as needed. 0.2 = 2/10 = 1/5. Fraction to decimal: Divide the numerator by the denominator. If sets of digits repeat, then write just one of the repeating sets and place a ""bar"" over it. 3/8 = 3 / 8 = 0.375; 7/99 = 70 / 99 = 0.70707... = 0.70 repeating.",B_boundary,NA,high
"1-6. The following three graphs describe two cars, A and B. Decide whether each of the following statements is true or false. Explain your reasoning. a. The newer car is more expensive. b. The slower car is larger. c. The larger car is newer. d. The cheaper car carries more passengers.",B_boundary,NA,high
Launch: Mathematicians construct viable arguments and critique the reasoning of others. Your teacher will display an image for a How Many? activity.,B_boundary,NA,high
"Explore: Often, mathematics is described as ""the study of patterns."" In this lesson, you will preview work with patterns by studying two tile patterns and using them to make predictions. As you work on these patterns, consider these questions: How do you see the pattern? How is it changing? Is there another way to calculate a solution?",B_boundary,NA,high
"1-9. GROWING, GROWING, GROWING, PART TWO: Examine this new tile pattern and then copy and label the figures as shown. a. Draw Figure 1, Figure 5, and Figure 6. b. Michael knows that one of the figures in this tile pattern has 79 tiles. What is its figure number? There are many ways to figure this out, so be sure to listen to each person's ideas about how to determine a solution. Be prepared to explain how you answered this question.",B_boundary,NA,high
"Launch: Your teacher will lead you through a Number Talk. Number Talks are a type of Math Chat where you think silently and then extend one finger close to your chest when you have an answer with a justification. Keep an open mind during Number Talks and do not be afraid to try different strategies. Taking risks with new strategies, possibly making errors, and learning from those errors all help you develop a growth mindset, which can be empowering in your mathematical journey.",B_boundary,NA,high
"1-18. Describe what you did and what you observed in today’s classwork. a. Compare the graphs from problem 1-17. How are they similar? How are they different? b. Did you notice any patterns? Why was it easy to spot someone who was out of place? c. Using words, express each symbolic rule in parts (a) through (e) of problem 1-17.",B_boundary,NA,high
"1-31. Use the class graph to answer these questions. a. Are there any dots that you think show human error? That is, are there any dots that appear to be graphed incorrectly or that someone may have measured incorrectly? Explain why or why not. b. Is a person’s reach related to their height? That is, what seems to be true about the reach of taller people? Explain.",B_boundary,NA,high
"1-33. A few classmates made comments about the class graph. a. Jorge is confused about how the teacher decided to set up the graph. “Why does this graph only include the 1st-quadrant and not all 4 quadrants?” Answer Jorge’s question. In general, how should you decide what kind of graph to use? b. Lauren is annoyed with the x-axis. “Why didn’t the teacher just use the numbers from the table?” she asked. “Why count by twenties?” What do you think? c. Hosai thinks that the graph is too big. “The dots are all mashed together! Why did the teacher begin both the x- and y-axes at zero? Anyone that short would never be allowed on the roller coaster. Why not just start closer to the smallest numbers on the table?” Hosai asked. What do you think? d. Sunita says the graph is too small. “If we’re supposed to be using this data to check if the coaster is safe for really tall people, the graph has to have room to graph tall people’s dots, too.” Do you agree? If so, how much room do you think is needed?",B_boundary,NA,medium
"1-42. Daniela regularly mows her neighbor’s lawn. Last month, Daniela’s neighbor paid her $55 for 6 hours of mowing. a. Does this situation represent a proportional relationship? How do you know? b. Daniela makes a table to track her earnings. What could the rest of the table look like? Time (hours): 6, Earnings ($): 55. c. Jace brags that he is getting paid more than Daniela to mow lawns. Jace gets paid according to the graph shown. Who is getting paid more? How do you know? d. At what unit rate do Jace and Daniela each get paid? How do you know? Remember that a unit rate compares the change in one quantity to a 1-unit change in another quantity, so in this case, you would compare dollars to one hour. e. How can you show the unit rate in Daniela’s table? How can you show the unit rate on Jace’s graph?",B_boundary,NA,high
"1-44. Toby wrote the equation t = 7/10 m to represent the relationship between the number of tubes of toothpaste (t) he uses in any number of months (m). a. How much toothpaste does Toby use in 5 years? Show how you found this. b. Toby’s sister Brandi kept track of her toothpaste use in the following table. Who uses toothpaste faster, Toby or Brandi? Time (months): 14, 28; Number of Tubes: 9, 18. c. If you have not already done so, calculate the unit rate (in tubes/month) for both Toby and Brandi. Do the unit rates confirm your answer to part (b)?",B_boundary,NA,high
"1-45. The larger bag of ferret food is on sale at the Super Pet Mart for $89. Ferroza made the following table. Explain why the cost of food at Super Pet Mart is no longer a proportional relationship. Weight (pounds): 0, 5, 30; Cost ($): 0.00, 17.50, 89.00.",B_boundary,NA,high
"Methods & Meanings: PROPORTIONAL RELATIONSHIPS. A proportional relationship can be seen in a table if, when one quantity is multiplied by an amount, the corresponding quantity is multiplied by the same amount. On a graph, a proportional relationship is linear and goes through the origin. Proportional example: 3 pounds of chicken costs $7.00. Other values are shown in the table and plotted on the graph. Weight (lb): 0, 3, 6, 9, 12; Cost ($): 0, 7, 14, 21, 28. The relationship between weight and cost is proportional. Non-proportional example: The video arcade costs $5.00 to enter plus $1.00 per game. Number of Games: 0, 1, 2, 3, 4; Cost ($): 0, 6, 7, 8, 9. The relationship between games and cost is not proportional. For example, someone who plays four games ($9) does not pay twice as much as someone who plays two games ($7). The graph does not go through the origin.",B_boundary,NA,high
Launch: Mathematicians construct viable arguments and critique the reasoning of others. Your teacher will display an image for a Which One Is Unique? activity. Be prepared to construct an argument for which one you believe is unique.,B_boundary,NA,high
"1-52. Kenny can make seven origami (folded paper) cranes in ten minutes. He reads a story about a person who made 1,505 cranes, so he is curious how long it would take him to make that many if he made them all without stopping. a. Kenny begins making a table to calculate this. How would you use this to determine the total time? How many minutes would it take Kenny to fold 1,505 cranes? How many hours? Number of Cranes: 0, 7, 1,505; Time (minutes): 0, 10, ? b. Kenny thinks creating an equation might be an easier way to calculate the total time it would take him. He writes the ratio 10 minutes / 7 cranes. How would this help him calculate the total? c. Do the results from both methods used in parts (a) and (b) give the same total time?",B_boundary,NA,high
"1-53. MULTIPLE STRATEGIES In Kenny’s class, they work to solve 10/7 = x/1,505 in different ways. Three of the strategies that they use are shown. Some of these strategies might be the same as what you previously did. Work to understand each strategy so that you can use it to solve a new problem. a. Giant One Method: In previous courses, you may have learned that multiplying a ratio by 1 does not change the value. You can write 1 in many forms, such as 3/3 and 14/14. In this course, this kind of fraction is called a “Giant One.” Choose a value to use as a numerator and denominator in a Giant One that will make the following equation easier to solve. Then, determine the value of x. b. Undoing Division Method: In this ratio, x is divided by 1,505. You can undo the division by multiplying each side of the proportion by 1,505, as shown. Work with your team to explain how this strategy works by thinking through the following questions. • Why are both sides multiplied by 1,505? • Are the two ratios still equal? • How can you verify this? • What is the value of x? c. Fraction Buster Method: If multiplying both sides by 1,505 gets rid of the denominator of the x, then you can use the same strategy to get rid of the 7 in the other denominator. Discuss this method with your team and decide whether undoing both denominators is reasonable. How does using this method help you solve the equation? What else do you need to do to calculate the value of x?",B_boundary,NA,high
1-56. Juana used the cross-multiplication method to solve the problem shown. 10/4 = x/7; (7)(10) = (x)(4). Explain why her method is just a shortcut based on the Fraction Busters Method.,B_boundary,NA,high
"Cross-Multiplication: This method of solving the proportion is a shortcut for using a Fraction Buster (multiplying each side of the equation by the denominators).
FRACTION BUSTER
x/16 = 9/2
2 · 16 · x/16 = 9/2 · 2 · 16
2 · x = 9 · 16
2x = 144
x = 72
CROSS-MULTIPLICATION
x/16 = 9/2
2 · x = 9 · 16
2x = 144
x = 72",B_boundary,NA,high
"1-61. Throughout this course, key concepts have been selected as checkpoint problems so you can check your understanding. Each checkpoint problem is marked with the icon shown.
This problem is a checkpoint for operations with signed fractions and decimals. It will be referred to as Checkpoint 1.
Evaluate the following expressions.
a. −1/3 + −3/8
b. 2.6 – (–1.5)
c. (−4 1/5)(−1/3)
d. (2/3) ÷ (−1/2)
e. −1 3/4 + 5 1/3
f. (–2.8) ÷ (–1.25)
Check your answers. Do you feel confident working with signed fractions and decimals? For extra support, refer to the review materials and practice problems in the Checkpoint Materials.",B_boundary,NA,high
"Lesson Focus
LANGUAGE OBJECTIVE
Speak: With a partner, I can compare multiple ways to represent the “−” symbol on an Expression Mat using algebra tiles.
STANDARDS FOR MATHEMATICAL PRACTICE
1: Make sense of problems and persevere in solving them.
5: Use appropriate tools strategically.
6: Attend to precision.
MAJOR CONCEPTUAL IDEAS
• Connections Across Representations
• Linear Relationships",B_boundary,NA,high
"2-12. USING AN EXPRESSION MAT
Your introduction to algebra tiles in Lessons 2.1.1 involved only positive values. In this lesson, you will use algebra tiles to represent “minus.” The images show several tiles with their associated values. Note that the shaded tiles are positive, and the unshaded tiles are negative.
“Minus” can also be represented with a new tool called an Expression Mat, shown. An Expression Mat is an organizing tool for representing expressions. Notice that there is a positive region at the top and a negative (or “opposite”) region at the bottom.
Using the Expression Mat, the value −3 can be shown in several ways, two of which are shown.
The diagram on the left side uses negative tiles in the “+” region, while the diagram on the right side uses positive tiles in the “−” region.
a. Build two different representations for −2x using an Expression Mat.
b. Similarly, build 3x − (−4). How many different ways can you build this expression?",B_boundary,NA,high
"2-14. Use the Expression Mat to create each of the following expressions with algebra tiles. Create a representation for each expression. Sketch each representation. Be prepared to share your representation with the class.
Is this the only way that you can represent this expression? Explain your reasoning.
a. −3x + 4
b. −(y − 2)
c. −y − 3
d. 5x − (3 − 2x)",B_boundary,NA,high
"2-17. REFLECTION JOURNAL
For this journal entry, write the title, read the prompts, and write your response. Copy the prompts or incorporate them into your response.
LESSON 2.1.2: REPRESENTING EXPRESSIONS ON AN EXPRESSION MAT
Reflect on what you have learned from this lesson as you respond to the following prompts in your Reflection Journal.
• Using an Expression Mat, determine two different ways to represent x − 1 − (2x − 3).
• Sketch the different representations.
• Write a few sentences to describe the differences in the ways you built each representation.",B_boundary,NA,high
"2.1.3 How can I rewrite the expression?
USING ALGEBRA TILES TO REWRITE ALGEBRAIC EXPRESSIONS
Launch
Your teacher will display an image with three algebra tile representations. How do they compare? Be prepared to share your reasoning and an expression for each representation.",B_boundary,NA,high
"Explore
Which is greater: 58 or 62? That question might seem easy because the numbers are ready to be compared. However, if you are asked which is greater, 2x + 8 − x − 3 or 6 + x + 1, the answer is not so obvious! In this lesson, you and your teammates will investigate how to compare two algebraic expressions and decide whether one is greater.",B_boundary,NA,high
"2-25. COMPARING EXPRESSIONS

Two expressions can be represented at the same time using an Expression Comparison Mat. The Expression Comparison Mat puts two Expression Mats side-by-side to compare them and see which one is greater. For example, in the Expression Comparison Mat shown, the value of the expression on the left side of the mat represents −3, while the value of the expression on the right side of the mat represents −2. Since −2 > −3, the value of the expression on the right side is greater.

Build the Expression Comparison Mat shown. Write an expression representing each side of the Expression Mat.

a. Can you rewrite each expression so that fewer tiles are used? Develop a method to rewrite both sides of the Expression Comparison Mats. Why does it work? Be prepared to justify your method to the class.
b. Which side of the Expression Comparison Mat do you think is greater (has the largest value)? Work with your team to agree as each person contributes and be ready to justify your conclusion to the class.",B_boundary,NA,high
"2-26. As Karl rewrote some algebraic expressions, he recorded his work on the diagrams shown.
• Explain in writing what he did to each Expression Comparison Mat on the left to get the Expression Comparison Mat on the right.
• If necessary, rewrite further to determine which Expression Mat is greater. How can you tell if your final answer is correct?",B_boundary,NA,high
"2-28. REFLECTION JOURNAL

For this journal entry, write the title, read the prompt, and write your response. Copy the prompts or incorporate them into your response.

LESSON 2.1.3: MATHEMATICALLY VALID MOVES

In your Reflection Journal, explain each of the types of moves that you can use to rewrite and compare expressions. Complete the following for each type of valid move.
• Sketch the move with tiles.
• Use symbols and words to represent the move.
• Explain how you know the move is mathematically valid.",B_boundary,NA,high
"Methods & Meanings: COMMUTATIVE, ASSOCIATIVE, AND IDENTITY PROPERTIES

The Commutative Property of Addition states that when adding two or more numbers or terms together, the order is not important. That is:
a + b = b + a       For example, 2 + 7 = 7 + 2

The Commutative Property of Multiplication states that when multiplying two or more numbers or terms together, order is not important. That is:
a · b = b · a       For example, 3 · 5 = 5 · 3

However, subtraction and division are not commutative, as shown.
7 − 2 ≠ 2 − 7 since 5 ≠ −5
50 ÷ 10 ≠ 10 ÷ 50 since 5 ≠ 0.2

The Associative Property of Addition states that when adding three or more numbers or terms together, grouping is not important. That is:
(a + b) + c = a + (b + c)       For example, (5 + 2) + 6 = 5 + (2 + 6)

The Associative Property of Multiplication states that when multiplying three or more numbers or terms together, grouping is not important. That is:
(a · b) · c = a · (b · c)       For example, (5 · 2) · 6 = 5 · (2 · 6)

However, subtraction and division are not associative, as shown.
(5 − 2) − 3 ≠ 5 − (2 − 3) since 0 ≠ 6
(20 ÷ 4) ÷ 2 ≠ 20 ÷ (4 ÷ 2) since 2.5 ≠ 10

The Identity Property of Addition states that adding zero to any expression gives the same expression. That is:
a + 0 = a       For example, 6 + 0 = 6

The Identity Property of Multiplication states that multiplying any expression by one gives the same expression. That is:
1 · a = a       For example, 1 · 6 = 6",B_boundary,NA,high
"2-34. WHICH IS GREATER?
Write an algebraic expression for each side of the Expression Comparison Mats shown. Use the moves you worked with in Lesson 2.1.3 to determine which expression on the Expression Comparison Mat is greater. [Parts a, b, c, d, e, and f shown on diagrams]",B_boundary,NA,high
"2-35. Build the Expression Comparison Mat shown with algebra tiles.
a. Rewrite the expressions using the moves that you developed in Lesson 2.1.3.
b. Can you tell which expression is greater? Explain in a few sentences. Be prepared to share your conclusion with the class.",B_boundary,NA,high
"Methods & Meanings: REWRITING AN EXPRESSION (MATHEMATICALLY VALID MOVES)

Three common ways to rewrite expressions on an Expression Mat are illustrated.
• Removing an equal number of opposite tiles that are in the same region. For example, in the Expression Mat shown, the positive unit tile and negative unit tile in the same region combine to make zero.
• Flipping a tile (changing its sign) and moving it out of one region and into the opposite region. Flipping the tile and moving it to the other region are both ways to take its opposite and taking the opposite twice means that the end result is equivalent to how it started. For example, in the mat shown, the tiles in the “−” region can be flipped into the “+” region. When you do this, be sure that the tile changes sign (−1 becomes 1 and 1 becomes −1).
• Removing two identical tiles, one from the “−” region and one from the “+” region. You can interpret this strategy as a combination of the two methods by first flipping the tiles from one region to the other and then removing the opposite pairs.",B_boundary,NA,high
"2-36. WHICH IS GREATER?
For each of the following Expression Comparison Mats, rewrite the expression and determine which side is greater.
a.
b.",B_boundary,NA,high
"2-37. A student wants to create a graph that represents the heights and bases of all rectangles that have an area of 36 square units. He started by drawing the rectangles A, B, C, and D as shown. Examine the dimensions (length and width) of each rectangle.
a. Match each rectangle shown with the corresponding point on the graph. Which point is not matched?
b. What are the base, height, and area for the unmatched point?
c. Why should the unmatched point not be on the graph?
d. Determine the dimensions of three more rectangles that have areas of 36 square units. At least one of your examples should have dimensions that are not integers. Place a new point on the graph for each new rectangle.
e. Connect all of the points representing an area of 36 square units. Describe the resulting graph.",B_boundary,NA,high
"2-40. The following graph shows distances traveled by Car A and Car B. Use the graph to answer the following questions.
a. Which car travels faster? How can you tell?
b. What are the coordinates of point C and point D? What do they tell you about the situation?
c. How fast does Car A travel (in miles per hour)? How fast does Car B travel?",B_boundary,NA,high
"2.1.5 How can I write it? REWRITING AND RECORDING WORK

Launch
Mathematicians model with mathematics to understand situations in everyday life, society, and the workplace. Your teacher will display an infographic for you to discuss with your team. What do you notice? What do you wonder?
Use these sentence frames as needed:
• I notice _____, so I think _____.
• I wonder _____ because _____.
• I would like to add _____.
• A question we can share with the class is _____.

Explore
In this lesson, you will continue to compare expressions as you strengthen your rewriting strategies. At the same time, you will work with your class to think of ways to record your work so that other students can follow your strategies.",B_boundary,NA,high
"2-41. Use algebra tiles to build the following expressions on an Expression Comparison Mat. Move tiles to determine which expression is greater, if possible. If it is not possible to tell which expression is greater, explain why not.
a. Which is greater: 3x − (2 − x) + 1 or −5 + 4x + 4?
b. Which is greater: 2x^2 − 2x + 6 − (−3x) or −(3 − 2x^2) + 5 + 2x?
c. Which is greater: −1 + 6y − 2 + 4x − 2y or x + 5y − (−2 + y) + 3x − 6?",B_boundary,NA,high
"2-43. While Athena was comparing the expressions shown on the Expression Comparison Mat, she was called out of the classroom. When her teammates needed help, they looked at her paper and saw the work shown in the table. Unfortunately, she had forgotten to explain her steps.

Help them figure out what Athena did to get each new set of expressions by completing the last column of the table.

Left Expression | Right Expression | Explanation
3x + 4 − x − (−2) + x^2 | −1 + x^2 + 4x − (4 + 2x) | Original expressions
3x + 4 − x − (−2) | −1 + 4x − (4 + 2x) |
3x + 4 − x + 2 | −1 + 4x − 4 − 2x |
2x + 6 | 2x − 5 |
6 | −5 |
Because 6 > −5, the left side is greater.",B_boundary,NA,high
"2-44. For each pair of expressions shown, determine which is greater. Carefully record your steps as you go. If you cannot tell which expression is greater, state, “not enough information.” Make sure that you record your result after each step. For example, if you flip all tiles from the “−” region to the “+” region, record the resulting expression and indicate what you did, using either words or symbols. Be ready to share your work with the class.
a. [diagram]
b. [diagram]
c. Which is greater: 5 − (2y − 4) − 2 or −y − (1 + y) + 4?
d. Which is greater: 3xy + 9 − 4x − 7 + x or −2x + 3xy − (x − 2)?",B_boundary,NA,high
2-45. Sylvia rewrote the expressions on the following Expression Comparison Mat. Some of her work is shown. Are all of her moves valid? Explain.,B_boundary,NA,medium
"2-47. Examine the tile pattern shown.
a. On graph paper, draw Figures 4 and 5.
b. What would Figure 10 look like? How many tiles would it have? What about Figure 100?
c. Cami has a different tile pattern. She decided to represent the number of tiles in her pattern in a table, as shown. Can you use the table to predict how many tiles would be in Figure 5 of her tile pattern? How many tiles would Figure 8 have? Explain how you know.

Figure Number: 1, 2, 3, 4
Number of Tiles: 5, 9, 13, 17",B_boundary,NA,high
"2-50. WHICH IS GREATER?
Build each expression shown with the tiles provided by your teacher. Use valid moves to determine which expression is greater, if possible. If it is not possible to determine which expression is greater, explain why it is impossible. Be sure to record your work on your paper.
a. [diagram]
b. Which is greater: x + 1 − (1 − 2x) or 3 + x − 1 − (x − 4)?",B_boundary,NA,high
"2-51. WHAT IF BOTH SIDES ARE EQUAL?
When you compare the number 5 to the number 7, it is clear that 7 is greater. However, what if you compare x with 5? In this case, x could be smaller, larger, or equal to 5.

Examine the Expression Comparison Mat shown.
a. If the left expression is smaller than the right expression, what does that tell you about the value of x?
b. If the left expression is greater than the right expression, what does that tell you about the value of x?
c. What if the left expression is equal to the right expression? What does x have to be for the two expressions to be equal?",B_boundary,NA,high
"2-55. Decide whether each of the following statements is true or false. Explain how you know and name any properties you use. Refer to the Methods & Meanings boxes in this lesson and Lesson 2.1.3 to help you.
a. −19 + 7 = −7 + 19
b. 4/5 · 1 = 4/5
c. 3/2 · 2/3 = 1
d. 5 · 7 − 5 · 1/5 = 34",B_boundary,NA,high
"2.1.7 What is x? MORE SOLVING EQUATIONS

Launch
Mathematicians construct viable arguments and critique the reasoning of others. Your teacher will display an image for a Which One Is Unique? activity. Be prepared to construct an argument for which one you believe is unique.

Explore
In this lesson, you will explore more equations on the Equation Mat and examine all of the tools you have developed so far to solve for x. While you are working on these problems, be prepared to answer the following questions.
• How can you rewrite it?
• Can you get the variable alone?
• Is there more than one way to rewrite?
• Is there always a solution?",B_boundary,NA,high
"2-60. While solving homework last night, Richie came across three questions that he thinks have no solution. Build each equation shown and determine whether it has a solution for x. If it has a solution, show it. If it does not have a solution, explain why not. a. b. c.",B_boundary,NA,high
"2-64. When you want to convince someone that 8x + (2x − 3) is equivalent to (8x + 2x) − 3, you can support your claim with the Associative Property of Addition. Determine whether the following statements are true or false. If true, justify your conclusion by stating the appropriate algebraic property. If false, explain how you know. a. (81)(38) = (38)(81) b. 27 + 0 = 27 c. 3 − 5 = 5 − 3 d. 19.4 · 1 = 19.4",B_boundary,NA,high
"2-66. Ferroza can buy a 24-ounce bag of ferret food for $1.19, or she can buy a 36-ounce bag for $2.89. Which is the better deal? Justify your conclusion.",B_boundary,NA,high
"2-67. This problem is a checkpoint for evaluating expressions and using the Order of Operations. It will be referred to as Checkpoint 2. Evaluate each expression if x = −2, y = −3, and z = 5. a. 2x + 3y + z b. x − y c. 2((x + y)/z) d. 3x^2 − 2x + 1 e. 3y(x + x^2 − y) f. −z^2(1 − 2x)/(y − x) Check your answers. Do you feel confident evaluating expressions and using the Order of Operations? For extra support, refer to the review materials and practice problems in the Checkpoint Materials.",B_boundary,NA,high
"• Imagine that you are the teacher for some students who have just finished this chapter. You need to make a team challenge to determine how well they know how to use algebra tiles to represent an equation as well as how to rewrite and solve for the variable. • With your team, brainstorm all of the things that such students would need to know about using algebra tiles. This is the list of the concepts that you would assess. • Then, with your team, create one equation that would allow you, as the teacher, to assess the students' understanding of many of the concepts that you listed. Try to make your equation easy enough for the students to do but challenging enough that you would be able to tell how well they understand the concepts on the list. • Use the Chapter 2 Closure Graphic Organizer to create an answer key for the problem you created. Your key should help you assess the work that students would turn in. Be sure to include each step as a tile drawing and as a symbolic equation. Also, be sure to write an explanation of what the students would do at each step. If your equation takes more than four steps, then continue your work on another piece of paper or on an additional Graphic Organizer page. • Check your teammates' answer keys for accuracy.",B_boundary,NA,high
CL 2-69. Write expressions for each side of the Expression Comparison Mat. Use mathematically valid moves to determine which side is greater.,B_boundary,NA,high
"3-8. The graph shown describes the distance two cars have traveled after a football game at the University of Minnesota ended. a. Which car was traveling faster? How can you tell? b. The lines cross at (2, 80). What does this point represent? c. Assuming that Car A continued to travel at a constant rate, how far did Car A travel in the first 4 hours?",B_boundary,NA,high
"3-13. GOAL JOURNAL For this journal entry, write the title, read the prompt, and write your response. Copy the questions or incorporate them into your response. GOAL JOURNAL 3 When learning something new, it is natural to make mistakes or not completely understand something immediately. How you view mistakes and your willingness to learn from them can make an impact on your learning. • How have you used a mistake in a problem to change your thinking? • What conversations have you had in your teams about your mistakes? • How do you want to approach mistakes in math class to help you grow? • Write a specific goal for yourself that is attainable by the end of Chapter 3 that focuses on learning from mistakes in math class. Be sure to include how you plan to work toward this goal and how it will impact your learning.",B_boundary,NA,high
3-17. Use the Order of Operations to evaluate the following expressions. a. 5 − 2 · 3^2 b. (−2)^2 c. 18 ÷ 3 · 6 d. −2^2 e. (5 − 3)(5 + 3) f. 24 · 1/4 ÷ (−2) g. Why are your answers for parts (b) and (d) different?,B_boundary,NA,high
"Launch
Mathematicians construct viable arguments and critique the reasoning of others. Your teacher will display an image for a Which One Is Unique? activity. Be prepared to construct an argument for which one you believe is unique.",B_boundary,NA,high
"3-20. Use the graphing technology provided by your teacher to analyze the pattern further and make predictions.
a. Enter the information from your (x, y) table for problem 3-19 into your graphing technology. Then plot the points using a window of your choice. What do you notice?
b. Determine another (x, y) pair that you think belongs in your table. Use your graphing technology to add that point to your table. Does it look correct? How can you tell?
c. Imagine that you made up 20 new (x, y) pairs that belong in your table. Where do you think their points would lie if you added them to the graph?",B_boundary,NA,high
"3-22. Looking at your “Big C” data on your graphing technology, justify your conclusions about the following problems with the graph, the rule, and the figure (whenever practical). Your teacher may ask your team to present your solution to one of these problems. Be sure to justify your ideas using all three representations.
a. Franco thinks that Figure 6 in the “Big Cs” pattern has 40 tiles. Decide with your team whether you agree with Franco and justify your answer by using the rule, drawing Figure 6, and adding the point to your graph of the data. Be prepared to show these three different ways to justify your conclusion.
b. Giovanni thinks that the point (16, 99) belongs in the table for the “Big Cs” pattern. Decide with your team whether you agree with Giovanni, and justify your conclusion by examining the graph and the rule.
c. Jeremiah is excited because he knows another rule for the “Big Cs” pattern! He thinks that y = x + 8 also works. Prove or disprove Jeremiah’s claim. Be prepared to convince the class that your conclusion is correct.
d. LaTanya has determined another rule for the same pattern! She is sure y = 3(2x + 1) is also correct. Prove or disprove LaTanya’s position in as many ways as you can.",B_boundary,NA,high
"3-23. Look back at the prediction you made in problem 3-19 for Figure 100 in the “Big Cs” pattern. Decide now if your prediction was correct, and be ready to defend your position with all of the math tools you have.",B_boundary,NA,high
"3-31. Calculate the y-values for the rule y = −3x + 1 and complete the table shown.
a. Graph and connect these points on the axes from problem 3-30.
b. What does your graph look like? Describe the result.
c. How is this graph similar to the graph in problem 3-30? How is it different?",B_boundary,NA,high
"Methods & Meanings
PARABOLAS
One kind of graph you will study in this class is called a parabola. Two examples of parabolas are shown. Note that parabolas are curved “U” shapes, not pointy “V” shapes.
The point where a parabola turns (the highest or lowest point) is called the vertex.",B_boundary,NA,high
"3-40. ONE OF THESE POINTS IS NOT LIKE THE OTHERS, Part One
a. Plot and connect the points in the table shown.
b. Identify the point that does not appear to fit the pattern.
c. Correct the point found in part (b) so it fits the pattern.",B_boundary,NA,medium
"3-44. WHICH IS GREATER?
Write the algebraic expressions shown on each Expression Comparison Mat. Use mathematically valid moves to determine which expression on the Expression Comparison Mat is greater.
a.
b.",B_boundary,NA,high
"3-50. Examine the graphs from problem 3-49.
a. How are they different? Be as specific as you can.
b. Label the (x, y) coordinates on each of your graphs for the point where each graph crosses the y-axis. These points are called y-intercepts.
c. Label the (x, y) coordinates on each of your graphs for the point or points where each graph crosses the x-axis. These points are called x-intercepts.",B_boundary,NA,high
"Lesson Focus
LANGUAGE OBJECTIVE
Speak: With teammates, I can describe common errors people make when setting up a graph.
STANDARDS FOR MATHEMATICAL PRACTICE
2: Reason abstractly and quantitatively.
3: Construct viable arguments and critique the reasoning of others.
MAJOR CONCEPTUAL IDEAS
• Connections Across Representation
• Inputs and Outputs
• Linear Relationships",B_boundary,NA,high
"Explore
In this chapter, you have used rules to determine y-values to go with x-values in tables. Then you graphed the (x, y) pairs. Today, you will be examining how rules, tables, and graphs can be used to represent new situations. You will also learn how to avoid common graphing errors. As you work, revisit the questions shown.
• What x-values should go in the table?
• How can you correct this error?
• How should you scale the graph?",B_boundary,NA,high
"Closure
3-60. REFLECTION JOURNAL
For this journal entry, write the title, read the prompt, and write your response. Copy the prompt or incorporate it into your response.
LESSON 3.1.7: GRAPHING ERRORS
Looking back at the mistakes Ms. Cai’s students made, create a checklist of errors you should avoid when setting up a graph.",B_boundary,NA,medium
"3-61. One of these points is not like the others.
a. Plot and connect the points listed in the table shown.
b. Identify the point that does not fit the pattern.
c. Once the point that does not fit the pattern is eliminated, what shape does the graph appear to make?
d. Correct the point identified in part (b) so it fits the pattern. Write the correct coordinates in (x, y) notation.",B_boundary,NA,high
3-63. Paris is trying to solve the equation 3x^2 − (2x − 4) = 3 + 3x^2 + 1. Her work is partially recorded in the table shown. Copy her table and fill in her missing work to solve for x.,B_boundary,NA,high
"3-66. In this lesson, you have determined a solution to an algebraic equation. But what exactly is a solution? Answer these questions with your team, but do not use algebra tiles. Be prepared to justify your answers!
a. Preston solved the equation 3x − 2 = 8 and got the solution x = 100. Is he correct? How do you know?
b. Edwin solved the equation 2x + 3 − x = 3x − 5 and got the solution x = 4. Is he correct? How do you know?
c. With your partner, discuss what you think a solution to an equation is. Write down a description of what you and your partner agree on.",B_boundary,NA,high
"3-67. Work with your partner to solve these equations, being careful to record your work. After solving each equation, check your solution, if possible.
a. 3x + 4 = x + 8
b. 4 − 2y = y + 10
c. 5x + 4 − 2x = −(x + 8)
d. −2 − 3k − 2 = −2k + 8 − k",B_boundary,NA,high
"3-68. IS THERE ANOTHER WAY?
Compare your solution to part (c) of problem 3-67 with the solution another pair of students got. Did both solutions involve the same steps? Were the steps used in the same order? If not, copy the other pair’s solution. If both pairs used the same steps in the same order to solve the equation, come up with a different way to solve the problem and record it.",B_boundary,NA,high
"3-70. For each equation, a possible solution is given. Check to see if the given solution is correct.
a. If 3x + 7 = x − 1, then does x = −4?
b. If −2x − 4 = −4x + 3, then does x = 3?
c. If −3x + 5 + 5x − 1 = 0, then does x = 2?
d. If −(x − 1) = 4x − 5 − 3x, then does x = 3?",B_boundary,NA,high
"In the last two lessons, you have practiced solving equations. In this lesson, you will apply your equation-solving skills to the patterns you found at the beginning of this chapter. As you solve these problems, keep the following questions in mind:
• How can you rewrite it?
• Is there more than one way to solve it?
• Can you get x alone?
• How can you check your solution?",B_boundary,NA,high
"3-85. Lew wants to reverse the process. He says he has a “Big C’s” figure made up of 45 tiles and wants to know which figure number in the pattern this is.
a. In the rule y = 6x + 3, which variable must equal 45 to solve Lew’s problem?
b. Write an equation you could use to solve Lew’s problem. Then solve your equation, recording all of your steps. Which “Big C’s” figure is made up of 45 tiles?
c. How can you check your answer to be sure it is correct? Check your solution.",B_boundary,NA,high
3-86. Norm says he has a “Big C’s” pattern made up of 84 tiles. He wants to know which figure number in the pattern this is. Write and solve an equation as you did in problem 3-85. Does your solution make sense? Why or why not?,B_boundary,NA,high
"3-87. For the following equations, solve for x. Record your work and check your solution.
a. 1/2 x − 2 = x − 4
b. 8 − 0.25x = 0.5x + 2
c. x + 2 − 0.5x = 1 + 0.5x + 1
d. 7x − 0.15 = 2x + 0.6",B_boundary,NA,high
"3-88. Can an equation be solved using a graph? Consider this as you answer the following questions.
a. Solve the equation 5 = 1.6x + 1. Check your solution.
b. Complete a table for the rule y = 1.6x + 1. Then, on graph paper, graph the line.
c. Use the graph from part (b) to determine x when y = 5. Did you get the same result as in part (a)?",B_boundary,NA,high
3-98. Joe and Jasmine are downloading podcast episodes to listen to on their upcoming plane ride. Joe can download them at a rate of 8 podcast episodes every 10 minutes. Jasmine can download at a rate of 12 episodes every 15 minutes. Who is downloading podcast episodes faster? What is the unit rate (episodes per minute) for each person?,B_boundary,NA,high
"3-99. For each of the following equations, rewrite and solve for the variable. Show all work and check your solution, if possible.
a. −2 + x = −x + 2
b. −(x − 1) = −4x − 2
c. 2 + 3x = 3x + 2
d. −(−x + 6) = −3x",B_boundary,NA,high
"3-102. So far in this course, you have solved single-variable equations like 3x + 7 = −x − 3. Consider this change to that equation: 3(x + 7) = −x − 3. What is different about the equations? How will the changes made to the original equation change the steps needed to solve the equation?",B_boundary,NA,high
"3-112. This problem is a checkpoint for unit rates and proportions. It will be referred to as Checkpoint 3.

In parts (a) through (c), use the given information to determine the unit rate. In parts (d) through (f), write and solve a proportion based on the given information.
a. If 2 1/4 pounds of bananas cost $1.89, what is the cost per pound?
b. What is the weight per cm?
Weight (grams): 9, 12, 18, 30
Length (cm): 15, 20, 30, 50
c. Use the graph shown to determine the refill cost per bottle.
d. If 200 vitamins cost $4.75, what should 500 vitamins cost?
e. If a basketball player made 72 out of 85 free-throw attempts, how many could she expect to make in 200 attempts?
f. A cookie recipe uses 1/2 teaspoon of vanilla with 3/4 cup of flour. How much vanilla should be used with five cups of flour?

Check your answers. Do you feel confident working with unit rates and proportions? For extra support, refer to the review materials and practice problems that are available in the Checkpoint Materials.",B_boundary,NA,high
"CL 3-121. Jessica was solving an equation. After she finished all the steps, her result was 0 = 2. This result confused her. Explain to Jessica what her result means. Explain your reasoning thoroughly.",B_boundary,NA,high
"4-4. THE GAME SHOW
Susan had an incredible streak of good fortune as a guest on an exciting game show called “The Math Is Right.” She collected winnings of $12,500, a sports car, two round-trip airline tickets, and five pieces of furniture.
In a fantastic finish, Susan landed on a “Double Your Prize” square and correctly answered the math question. She instantly became the show’s biggest winner ever, earning twice the amount of all her previous prizes.
A week later, $25,000, a sports car, four round-trip airline tickets, and five pieces of furniture arrived at her house. Susan felt cheated. What was wrong?",B_boundary,NA,medium
"4-5. Write the equation represented by the diagram shown.
a. Rewrite as much as possible and then solve for x.
b. Check your solution.",B_boundary,NA,high
"4-9. Look back at the three tile patterns in problems 4-7 and 4-8 to answer the following questions.
a. When you compare these three patterns, what is the same and what is different? Explain in a few sentences.
b. What rules might describe the number of tiles in each figure number? For each pattern, create an equation connecting the number of tiles in a figure to the figure number. Label each tile pattern on your resource page with its rule.
c. What connections do you see between your equations and the tile pattern? Show and explain these connections.
d. Imagine that the team next to you created a new tile pattern that grows like the ones you have just worked with, but they refused to show it to you. What information would you need to predict the number of tiles in Figure 100? Explain your reasoning.",B_boundary,NA,high
"4-10. Consider the tile pattern shown.
a. Draw Figures 0 and 4 on the resource page.
b. Create an equation (rule) for the number of tiles in this pattern. On your resource page, label Pattern 4 with its rule. Then, use a new color to show where the numbers in your rule appear in the tile pattern.
c. What is the same about this pattern and Pattern 3? What is different? What do those similarities and differences look like in the tile pattern? In the equation?
d. How is the number of tiles by which the pattern increases each time you move from one figure to the following figure in the sequence represented in each equation?
Put your work from today in a safe place. You will need to use it during the next lesson.",B_boundary,NA,high
"4-12. Rewrite each of the following equations and solve for x. Show how you solved each equation step by step, and then check your solution. 
a. 7 − 3x = −x + 1
b. −2 + 3x = −(x + 6)",B_boundary,NA,high
"4-18. The graph shown gives information about three new tile patterns. Remember that in this course, tile patterns will be considered elements of continuous relationships and thus graphed with a continuous line or curve.
Answer the following questions as a team.
a. What information does the highlighted point on the graph tell you about tile pattern A?
b. How is each tile pattern growing? For example, how much does tile pattern A increase from one figure to the next? Explain how you know.
c. Consider the lines for tile patterns A and B. What is the same and different about the two lines? What conclusion can you make about these tile patterns? Justify your answers with your graphs.
d. Consider lines A and C on the graph. What is the same and different about the two lines? What conclusion can you make about these tile patterns? Justify your answers with your graphs.",B_boundary,NA,high
"4-27. Allysha claims she can determine the equation of a line by its graph without using a table. How is that possible? Discuss this idea with your team, and then try to determine the equation of the line shown without first making a table. Be ready to share with the class how you wrote the rule.",B_boundary,NA,high
"4-28. Allysha wonders if she can use the idea of m and b to determine the equation of a line from its table.
a. For example, if she knows the information about a linear pattern given in the table, how can she write the equation of the line? Work with your team to complete the table and write the rule.
b. Use this same idea to write the rule of the linear tile patterns represented by each of the following tables.
i.
ii.
c. Write a summary statement explaining how you used your knowledge about m and b to write a rule quickly.",B_boundary,NA,high
"4-30. Invent two unique tile patterns that grow by adding 4 every time but have different (x, y) tables. Draw Figures 0, 1, 2, and 3, and write rules for each of your patterns. What is different about your rules? What is the same?",B_boundary,NA,high
"Launch
GOAL JOURNAL 
For this journal entry, write the title, read the prompt, and write your response. Copy the questions or incorporate them into your response.
GOAL JOURNAL 4
Good study habits can be beneficial to helping you deepen your understanding of the concepts you are learning. Reflect on your study habits as you respond to the prompts.
• What is the specific goal of your study time? 
• How can you limit distractions during your study time?
• How can you remind yourself about upcoming assignments and tests?
• If you are unsure of concepts, what can you do to seek help?",B_boundary,NA,high
"4-37. In this lesson, you will apply what you know about the starting point (Figure 0), the rate of growth, and the connections between representations to answer some challenging questions. The information in each question, parts (a) through (d), describes a different pattern. The graph of each pattern is a line. From this information, generate the rule, (x, y) table, graph, and tile pattern (Figures 0 through 3) that follow the pattern. Answer these questions in any order, but answer each question thoroughly before starting another problem.
Work together as a team. The more you listen to how other people see the connections, and the more you share your ideas, the more you will know at the end of the lesson. Stick together, and be sure to talk through every idea.
At the end of this activity, each person’s work should show four complete representations for each pattern. Your work does not need to be identical to your teammates’ work, but you should have talked and agreed that all explanations are correct.",B_boundary,NA,high
"4-50. Examine the graph showing tile patterns A, B, and C.
a. What do you know about Figure 0 for each pattern?
b. Which pattern changes most quickly? How quickly does it change? Show how you know.
c. Which figure number has the same number of tiles in patterns B and C? Explain how you know.
d. What is the rule for pattern B?",B_boundary,NA,high
"4-51. Consider the algebraic statements y = 2x + 5 and y = 6x + 5.
a. Translate the algebraic statements into words.
b. What do you know about Figure 0 for both patterns?
c. Which pattern grows most quickly? How do you know?",B_boundary,NA,high
"Explore
After all of the work you have done with equations in y = mx + b form, you know a lot about starting with one representation of a pattern and moving to different representations. In this lesson, you will work with your team to practice moving around the Representations of Patterns Web, build your confidence, and address any lingering questions you have about how the representations are related to each other.

Discuss each problem with your team to get as much out of these problems as possible. As you work, keep the following questions in mind:
• How are the representations related to each other?
• How else might someone show their reasoning?
• What other connections might someone make?",B_boundary,NA,high
"4-61. This problem is a checkpoint for the area and perimeter of circles and composite figures. It will be referred to as Checkpoint 4.
Calculate the area and the perimeter or circumference of each figure.
a. Circle with a radius of 7 cm.
b. Circle with a diameter of 10 feet.
c. Only the shaded region (each sector has an equal area).
d.

Check your answers. Do you feel confident working with the area and perimeter of circles and composite figures? For extra support, refer to the review materials and practice problems that are available in the Checkpoint Materials.",B_boundary,NA,high
CL 4-63. Are the expressions 4x2 + 2x − 5 − 3x and 6x2 − x + 3 − 2x2 − 8 equivalent? Show how you know.,B_boundary,NA,high
"CL 4-64. Examine the graph shown.
a. Give two ways you can tell that the rule y = 2x − 3 does not match the graph.
b. Make a graph that matches the rule y = 2x − 3.
c. What is the rule that represents the original graph?",B_boundary,NA,high
"5-2. You can determine the growth rate and starting value for y = 4x + 5 quickly, because the equation is in y = mx + b form. But what if the equation is in a different form? Explore this situation by answering the following questions.
a. The line −6x + 2y = 10 is written in standard form. Can you tell what the growth of the line is? Its y-intercept? Predict these values.
b. The equation −6x + 2y = 10 is shown on the Equation Mat. Set up this equation on your Equation Mat using tiles. Using only valid moves, rearrange the tiles to get y by itself on the left side of the mat. Record each of your moves algebraically.
c. Now use your result from part (b) to determine the growth and y-intercept of the line −6x + 2y = 10. Did your result match your prediction in part (a)?",B_boundary,NA,high
"5-10. Hannah wants to solve 0.04x + 1 = 2.2. “I think that I need to use my calculator because of the decimals,” she told Michael. Suddenly Hannah blurted out, “No, wait! What was the way we learned to rewrite a proportion equation without fractions? Maybe we can use that idea here to get rid of the decimals.”
a. What is Hannah talking about? Explain what she means. Then rewrite the equation so that it has no decimals.
b. Now solve the new equation (the one with no decimals). Check your solution.",B_boundary,NA,high
"5-12. Examine the equation x/3 + x/5 = 16, and then answer the following questions.
a. Multiply each term by 3. What happened? Do any fractions remain?
b. If you had multiplied each term in the original equation by 5 instead of 3, would you have eliminated all of the fractions?
c. Determine a number that you can use to multiply all of the terms by that will get rid of all of the fractions. How is this number related to the numbers in the equation?
d. Solve your new equation from part (c) and check your equation.",B_boundary,NA,high
"5-14. Sam can paint an apartment living room in 3 hours, and Lu can paint the same room in 2 hours. The solution to the equation x/3 + x/2 = 1 describes how long it will take them to paint the living room if they work together. Before solving this problem, predict how long it will take them. Then solve the equation. How did your prediction compare? Most people are surprised with the correct solution!",B_boundary,NA,high
"5-15. Review your solution to part (b) of problem 5-13. You probably multiplied each fraction by the lowest (or least) common denominator (LCD), which, in this case, is 10. But what would you do if you could not determine the LCD? You will explore this idea in parts (a) through (e).
a. Multiply the three denominators: 5 · 2 · 10.
b. Multiply both sides of the equation 3y/5 + 3/2 = 7y/10 by the product you got in part (a). This gives you an equivalent equation. Have a partner multiply both sides of the equation by 10 and determine a different equivalent equation.
c. Now, solve your equation for y and check your answer. While you solve your equation, your partner will be solving their equation.
d. Compare your result with your partner’s.
e. Why do both your method and your partner’s method work? That is, why do both the product of the denominators (100) and the LCD (10) successfully work to eliminate fractions from equations?",B_boundary,NA,high
"5-16. Copy and complete the following table. Fill in each row to explain how each equation was obtained from the previous equation shown.
Step | Explanation
4x/3 + 3x/2 = 17/6 | Original equation
6(4x/3 + 3x/2) = 6(17/6) |
6(4x/3) + 6(3x/2) = 6(17/6) |
8x + 9x = 17 |
17x = 17 |
x = 1 |",B_boundary,NA,high
"5-19. Fisher thinks that any two lines must have a point of intersection. Do you agree with Fisher? If so, explain your reasoning. If not, produce a counterexample and explain your reasoning. (In this case, a counterexample would be an example of two lines that do not have a point of intersection.)",B_boundary,NA,medium
"5-25. Examine each of the graphs and write a brief story that describes the information on the graph. Include a sentence explaining what the point of intersection represents.
a. [Rio de Janeiro vs San Francisco: Temperature vs Time of year in spring]
b. [Handmade vs Machine-made: Cost to produce vs Number of tortillas manufactured]
c. [Boston vs Denver: Pollution vs Population]
d. [Tortoise vs Hare: Distance from starting line vs Time]",B_boundary,NA,high
"5-32. Latanya and George are saving up money because they both want to buy new bicycles. Latanya opened a savings account with $50. She just got a job and is determined to save an additional $30 each week. George started a savings account with $75, and he is able to save $25 a week.
When will Latanya and George have the same amount of money in their accounts? Use at least two different methods to determine your response.",B_boundary,NA,high
"5-35. Gerardo decided to use tables to determine the point of intersection of the lines y = 4x − 6 and y = −2x + 3. His tables are shown.
a. Examine his tables. Is there a common point that makes both rules true? If not, can you describe where the point of intersection is?
b. Now graph the rules on the same set of axes. Where do the lines intersect?
c. Use the rules to confirm your answer to part (b).",B_boundary,NA,high
"5-36. It is the end of the semester, and the clubs at school are recording their profits. The Science Club started out with $20 and has increased its balance by an average of $10 per week. The Math Club has saved $5 per week after starting out with $50 at the beginning of the semester.
a. Create an equation for each club. Let x represent the number of weeks and y represent the balance of the club’s account (in dollars).
b. Graph both lines on one set of axes. When did the clubs have the same balance?
c. What was the balance at that point?",B_boundary,NA,high
"Explore
So far in Section 5.2, you have solved systems of equations by graphing two lines and locating where they intersect. However, it is not always convenient (or accurate) to solve by graphing.
In this lesson, you will explore a new way to approach solving a system of equations.",B_boundary,NA,high
"5-43. Post Falls High School in Idaho has 1,160 students and is growing by 22 students per year. Richmond High School in Indiana has 1,900 students and is shrinking by 15 students per year.
a. Without graphing, write a rule that represents the population at Richmond High School and another rule that represents the population at Post Falls High School. Let x represent time in years and y represent population.
b. Use the rules together to write an equation that represents when these high schools will have the same population. Then solve your equation to determine when the schools’ populations will be the same.
c. What will the population in each school be at that time?",B_boundary,NA,high
"5-44. Mardi and Royce are researching carbon footprints. According to National Geographic, a carbon footprint is “the sum total of all the greenhouse gas emissions that had to take place in order for a product to be produced or for an activity to take place.”
Mardi and Royce learned online that the average carbon footprint for a person in the United States is 16 tons, which is one of the highest in the world! They decided to see how they compared to the average and how their daily choices were affecting their carbon footprints.
Mardi has a carbon footprint of 18 tons and he learned that leaving the water running while he brushes his teeth would continue to raise it by 1 ton per year. Royce found that his carbon footprint was only 14 tons, but having his parents drive him to school everyday instead of riding his bike was adding another 3 tons per year. If they continue at this rate, when will the two friends have the same carbon footprint?
Determine and check the solution by using a graph and by writing and solving an equation.",B_boundary,NA,high
"5-47. Ari thinks that (3, 6) is the point of intersection of the lines y = 4x − 2 and y = 1/2 x + 5. Are they correct? How do you know?",B_boundary,NA,medium
"5-48. Graph the lines y = 2x − 3 and y = −x + 3.
a. Where do they intersect? Label the point on the graph.
b. Determine the point of intersection using the Equal Values Method. That is, start by combining both equations into one equation that you can solve for x.
c. Which method is easier for you, graphing or using algebra to solve?",B_boundary,NA,high
"5-54. Using the Equal Values Method can lead to messy fractions. Sometimes this cannot be avoided. But some systems of equations can be solved by simply examining them. This approach is called solving by inspection. Consider the two cases shown.
CASE I: 3x + 2y = 2, 3x + 2y = 8
CASE II: 2x − 5y = 3, 4x − 10y = 6
a. Compare the left sides of the two equations in Case I. How are they related?
b. Write a relationship for the two right sides of the equations in Case I, and explain your result.
c. Graph the two equations in Case I to confirm your result for part (b) and to see how the graphs of the two equations are related.
d. Recall that a coefficient is a number multiplied by a variable and that a constant term is a number alone.
Compare the coefficients of x, the coefficients of y, and the two constant terms in the equations in Case II. How is each pair of integers related?
e. Half of your team should multiply the coefficients and constant terms in the first equation of Case II by 2 and then solve the system using the Equal Values Method. The other half of your team should divide all three values in the second equation of Case II by 2 and then solve using the Equal Values Method. Compare the results from each method. What does your result mean?
f. Graph the two equations in Case II to confirm your result in part (e).",B_boundary,NA,high
"5-55. Mardi and Royce were shocked when they learned how large their carbon footprints were, and they both want to make an effort to improve them. Mardi found a website that will give an equation for how a person’s footprint can be reduced by changing different factors each day.
Mardi decided he would stop using plastic water bottles and Royce decided to replace all of his lights with LED lights. The following equations represent the impact those choices will have on their carbon footprints:
Mardi: 2.5x + y = 18    Royce: 0.9x + y = 14
Use these equations to determine when the two friends will have the same reduced carbon footprints. What will their carbon footprints be at that time?",B_boundary,NA,high
"5-56. Felipe’s sister thought that he should try some more complicated systems of equations. Use what you learned in problem 5-53 to solve these two systems of equations.
a. x = 3 + 3y
2x + 9y = 11
b. x − y/2 = −1
x + y = −7",B_boundary,NA,high
"Methods & Meanings continued from previous page.

Some systems of equations have no solutions or infinite solutions. Consider the examples.

In the following system of equations, notice that the Equal Values Method would yield 3 = 4, which is never true. When the lines are graphed, they are parallel and do not intersect. Therefore, the system has no solution.
x + y = 3
x + y = 4

y = -x + 3
y = -x + 4
-x + 3 = -x + 4
3 = 4 (false)

In the following equations, the second equation is just the first equation multiplied by 2. Therefore, the two lines are really the same line and any point that makes one equation true will also make the other equation true, so the system has infinite solutions.
x + y = 3
2x + 2y = 6

y = -x + 3
2x + 2y = 6
2x + 2(-x + 3) = 6
2x + (-2x) + 6 = 6
6 = 6 (true)",B_boundary,NA,high
"5-60. Solve for x.
a. 2/3 = x/4
b. 2/3 = x/4 + x/3
c. How are these problems the same, and how are they different?",B_boundary,NA,high
"5-EV. Continued from previous page.

b. POPULATION GROWTH
The (x, y) table, graph, rule, and words shown each describe a different town. Based on the information you are given about each town's population, decide which town is growing fastest. Explain how you know.
POPULATION OF TOWN A
Year: 1975, 1979, 1980
Number of People: 32,000, 50,000, 54,500
POPULATION OF TOWN B: Shown by graph with line passing through (0, 2) and (2, 14.5) approximately.
POPULATION OF TOWN C
If x = year and y = number of people, then y = 46,000 - 5,200x. For this equation, consider 1975 to be year 1 (x = 1).
POPULATION OF TOWN D
Town D is growing. Oddly, the same number of people moves to the town each year. Two years ago, the town had 9,100 people. Now the town has 15,500 people.

c. The graph shown describes the money two clubs are earning from fundraising. In how many weeks will the two clubs have the same amount of money? Explain your thinking completely.",B_boundary,NA,high
"6-5. Which of the following equations has no solution? Explain how you know.
4(x + 1) = 2x + 4        9 - 5x + 2 = 4 - 5x",B_boundary,NA,high
"6-7. Homer the Hungry Hippo is munching on the lily pads in his pond. When he got to the pond, there were 30 lily pads, but he is eating 5 lily pads per hour. Henrietta the Hungrier Hippo found a better pond with 38 lily pads! She eats 7 lily pads every hour.
a. If Homer and Henrietta start eating at the same time, when will their ponds have the same number of lily pads remaining?
b. How many lily pads will be left in each pond at that time?",B_boundary,NA,high
"6-8. While solving the key challenge in Lesson 6.1.1, Rowan made more than one move to change the key from point A to point B and from point C to point D, as shown on the graph.
With your team, describe how Rowan could have moved each key from the starting position to the ending position using translations (slides), rotations (turns), and reflections (flips).
- Make sure you provide enough detail to describe the moves completely.
- Try to determine more than one way he could have moved each key.
- Be ready to justify your ideas with the class.",B_boundary,NA,high
6-10. Now compare the triangle you graphed in part (e) of problem 6-9 with the original triangle. How do the lengths of the sides compare? How do the sizes of the angles compare?,B_boundary,NA,high
"6-11. Could Felicia's team have used different steps to ""unlock"" her puzzle in problem 6-9? In other words, could she have used different moves and still have the key end up in the same final position? If it is possible, list a new set of steps that would move her key from the same starting location to the same final position. If it is not possible, explain why not.",B_boundary,NA,high
"6-17. CHANGING OUT BULBS
Neva's latest electricity bill was $48, and she has noticed a $2.50 increase each month while slowly replacing LED bulbs with incandescent light bulbs in her home. Juan's most recent energy bill was $60, and he has noticed a $1.50 decrease each month since he started replacing incandescent light bulbs with LED light bulbs.
a. If Neva and Juan continue replacing bulbs in the same way and their electricity bills continue to follow their current trends, when will they pay the same amount and how much will they pay then? Clearly explain your method.
b. What feedback would you give to Juan, Neva, or both about their energy-related decisions?",B_boundary,NA,high
"6-20. Rowan transformed quadrilateral CDEF to get the quadrilateral PQRS.
a. Describe how Rowan transformed the quadrilateral. Explain how you know.
b. What happened to the coordinates?
c. Can you describe the change to all the x-coordinates with addition like you did in Problems 6-18 and 6-19? Why or why not?
d. In what ways is quadrilateral CDEF the same as quadrilateral PQRS? In what ways is it different?",B_boundary,NA,high
"6-21. Imagine that Rowan reflected quadrilateral CDEF from problem 6-20 across the x-axis instead.
a. What do you think would happen to the coordinates in that case?
b. Reflect quadrilateral CDEF over the x-axis to get quadrilateral JKLM.
c. Compare the coordinates of the following pairs of points.
• Point C and point J
• Point D and point K
• Point E and point L
• Point F and point M
What do you notice?
d. Rowan recorded this reflection as the coordinate rule shown.
(x, y) → (x, –y)
Complete the statement: Rowan’s coordinate rule [ always / sometimes / never ] works to reflect an object over the x-axis.",B_boundary,NA,high
"6-22. In problem 6-20, Rowan noticed that multiplying the x-coordinates by −1 reflects the shape across the y-axis.
a. Test this strategy on a triangle formed by the points A(−3, 5), B(1, 2), and C(0, 8). Before you graph, multiply each x-coordinate by −1. What are the new coordinates of the points?
b. Graph your original and new triangle on a new set of axes. Did your triangle get reflected across the y-axis?",B_boundary,NA,high
"6-24. Stella used three steps to move the key on the graph from A to B. Follow the steps Stella wrote. What was her third move?
1. Translate the key to the right 3 units and up 5 units.
2. Reflect the key over the line x = 4.
3. ???",B_boundary,NA,high
6-39. Ms. Cai’s class is studying a tile pattern. The rule for the tile pattern is y = 10x + 8. Kalil thinks that Figure 12 of this pattern will have 108 tiles. Is he correct? Justify your answer.,B_boundary,NA,high
"6-41. Juan thinks that the graph of 6y + 12x = 4 is a line.
a. Solve Juan’s equation for y.
b. Is this equation linear? That is, is its graph a line? Explain how you know.
c. What are the pattern of growth and the coordinates of the y-intercept of this graph?",B_boundary,NA,high
"6-42. When one of the coordinates of the vertices is multiplied by −1, the shape is reflected over the y-axis or the x-axis (depending on which coordinate is being multiplied by −1).
How do you think the shape will change when both the x- and y-coordinates are multiplied by a given number?
a. Plot the following points on graph paper: (2, 1), (3, 1), (5, 5), (2, 5). Connect the points to make a quadrilateral.
b. Without graphing, make a prediction about how the figure would change if the x- and y-coordinates were multiplied by 2 and then plotted.
c. Test your prediction by doubling the coordinates from part (a) and plotting them on your graph paper. Was your prediction correct?
d. With your team, look at the figure you just graphed. Transforming a graphed shape by multiplying each coordinate by the same number is called a dilation. With your team, discuss how this figure compares to the original. Be specific about changes in side length and area.",B_boundary,NA,high
"6-43. The students in Ms. Stanley’s class were studying what happens to the graph of a shape when both coordinates are multiplied by the same number. They came up with these questions:
• “What happens when each coordinate is multiplied by 1/2?”
• “What changes when the coordinates are multiplied by 1?”
• “What happens when both of the coordinates are multiplied by −1?”
• “What happens when the coordinates are multiplied by −2?”
a. Use the shape shown to investigate the questions. Use graph paper to make the dilations.
b. How did the figure change in each of the investigations? Compare the side lengths, the angles, and the line relationships. Explain what your team learned about the questions you investigated.",B_boundary,NA,high
"6-46. Louis is dilating triangle ABC, shown. He multiplied each x-coordinate and y-coordinate of the vertices of triangle ABC by −2.
a. What are the new coordinates of the points?
b. Graph Louis’s new triangle.
c. Describe how triangle ABC changed.",B_boundary,NA,high
6-50. Determine whether the statement is true or false: 2(3 + 5x) = 6 + 5x. Justify your conclusion.,B_boundary,NA,high
"6-52. In Lesson 6.2.1, you looked at dilations and multiplied each of the coordinates of a shape to change its size. Now you will explore how to undo dilations.
Charlie multiplied each coordinate of the vertices of a shape by 4 to create the dilated shape shown on the graph.
a. If Charlie multiplied to determine this shape, what operation would undo his dilation? Why?
b. On the first page of the Lesson 6.2.2A Resource Page, undo the dilation of Charlie’s shape. Label the vertices of Charlie’s original shape. How does the original shape compare to the dilated shape?",B_boundary,NA,high
"6-53. Alana wondered, “What would happen if I multiplied each coordinate of a shape by 1/3?” On the second page of the Lesson 6.2.2A Resource Page, graph and connect the points (−1, −1), (−1, 1), (1, 2), and (2, −1) to form her dilated shape. Be sure to connect them in the order given.
a. Alana graphed this shape by multiplying each of her original coordinates by 1/3. What do you think Alana’s shape looked like before the dilation? Make a prediction.
b. On the same graph, show Alana’s original shape. Label the coordinates of the vertices of Alana’s original shape.
c. What did you do to each coordinate to calculate the original location? How did the shape change?
d. Why do you think the shape changed in this way?",B_boundary,NA,high
"6-64. If two shapes appear to have the same general relationship between sides, how can you decide for sure whether the shapes are similar? Work with your team to:
• Carefully cut out the original shape and shapes A through G from one copy of the Lesson 6.2.3 Resource Page.
• Decide how each shape is related to the original shape. (Each person should use an uncut copy of the resource page and the team’s cut out shapes to help decide.)
• Compare the angles and the sides of shapes A through G to the original shape.
a. Which shapes are similar to the original shape? Give specific reasons to justify your conclusions.
b. Now look only at the shapes that are similar to the original shape. What do these shapes have in common? What is different about them? Be specific.
c. The scale factor is the number you multiply the length of the side of one shape by to get the length of the corresponding side of a similar shape. What is the scale factor between the original shape and shape E? Is each side of the shape enlarged the same number of times? Use a ruler to help you decide, if needed.
d. What is the scale factor between the original shape and shape C? Why is it less than 1?",B_boundary,NA,high
"6-65. Shapes that are similar but do not grow or shrink are called congruent shapes.
a. Which shape from problem 6-64 is congruent to the original shape? How do you know?
b. Record the pairs of shapes shown that appear to be congruent to each other.
c. Get a piece of tracing paper from your teacher and use it to check that the shapes you identified as congruent have exactly the same size and shape. Were you correct? If not, why not?",B_boundary,NA,high
"6-67. Draw each of the shapes in problem 6-66 on graph paper. Color-code the corresponding sides on each shape using different colors.
a. Compare the base sides of each shape. What do you notice about those sides?
b. Compare each of the other five sides of shape P with their corresponding sides on shape Q. What do you notice about those pairs of sides?
c. Imagine enlarging shape P to make a new shape R that has a base 25 units long. If shape R is similar to shape P, what is the length of the right side of shape R? Determine this without drawing the shape. What is the scale factor in this situation?",B_boundary,NA,high
"6-68. Using the triangle shown as the original figure, predict which of the following scale factors would enlarge (make bigger) or reduce (make smaller) the shape.
5/3    3/4    7/6    2/3
After you write down your prediction, have each member of your team select one of these scale factors to use. Then copy the original figure on graph paper and draw a similar triangle using your scale factor.
a. Show your new triangle to your teammates and check your predictions. Which scale factors made the triangle larger? Which made the triangle smaller? Is there a pattern?
b. Which parts of the new triangles remained the same as the original triangle? Which parts changed? How do you know?
c. Are the new triangles similar to the original triangle? How do you know?
d. What scale factor could you use to create a triangle that is congruent to the original? Explain.
e. What is an example of a scale factor less than 2 that will make a similar shape that is larger than the original?",B_boundary,NA,high
"Launch
Mathematicians construct viable arguments and critique the reasoning of others. Your teacher will display an image for a Which One Is Unique? activity. Be prepared to construct an argument for which one you believe is unique.",B_boundary,NA,high
"6-76. Consider shapes A and B shown.
a. What sequence of transformations could move shape A to shape B?
b. After the transformations are completed, Aushae claims shapes A and B are congruent. Do you agree or disagree?
c. Is dilation always, sometimes, or never involved in showing that shapes are congruent? Explain your choice.",B_boundary,NA,high
"6-78. Angelina and Vee have each made a challenge for you. Beginning with a triangle, Angelina and Vee performed two different series of transformations.

ANGELINA
Step 1: Reflect the triangle across the x-axis.
Step 2: Rotate the triangle counterclockwise 90° about the origin.
Step 3: Dilate the triangle from the origin by a scale factor of 1/2.

VEE
Step 1: Translate the triangle 4 units right and 3 units down.
Step 2: Rotate the triangle clockwise 180° about its top vertex.
Step 3: Reflect the triangle across the line x = 3.

Were their resulting triangles congruent, similar, or neither when compared to the original triangle? Explain your reasoning.",B_boundary,NA,high
"6-89. Alex was working with the two triangles from part (b) of problem 6-86, but he now has a few more pieces of information about the sides. He has represented the new information and his scale factor in the diagram shown.
a. Use the scale factor to determine the length of the side labeled x. Show your work.
b. How might Alex undo the enlargement to determine the side labeled y? Write an expression and be prepared to explain your reasoning. If you are able, determine the length of y.
c. If triangle H had been the original triangle and triangle G had been the new triangle, how would the scale factor change? What would the new scale factor be? Explain.",B_boundary,NA,high
"6-99. Heather and Cindy are playing “Guess My Shape.” Heather has to describe a shape to Cindy accurately enough that Cindy can draw it without ever seeing the shape. Heather gives Cindy these clues:

CLUE 1
The shape is similar to a rectangle with a base of 7 cm and a height of 4 cm.

CLUE 2
The shape is five times larger than the shape it is similar to.

a. Has Heather given Cindy enough information to draw the shape? If so, sketch the shape. If not, write a question to ask Heather to get the additional information you need.
b. Heather is generating the clues from a graph of both shapes. If both shapes are in the same orientation (not rotated) and the coordinates of two corresponding vertices are (−2, −7) and (15, 21), what sequence of transformations could you use to verify that the shapes are similar?
c. Write a set of “Guess My Shape” clues to describe each of the following mystery shapes. Your clues should be complete enough for someone in another class to be able to read them and draw the shape. One clue should be about the relationship between the mystery shape and a similar shape.
i.
ii.
d. Choose one of the shapes and its set of clues from part (c). Describe the transformations you would use to show that your set of clues produces similar shapes.",B_boundary,NA,high
"Methods & Meanings
CORRESPONDING PARTS OF SIMILAR SHAPES
Two shapes are similar if a sequence of rigid transformations and a dilation moves one shape onto the other.
To check whether shapes are similar, you need to decide whether the corresponding parts of the shapes match up. In similar shapes, the corresponding angles are congruent, and the corresponding side lengths are proportional. You can verify this by carefully measuring or by transforming one shape onto the other.
For example, ΔDEF is similar to ΔABC because corresponding angles are congruent and corresponding side lengths are proportional by a scale factor of 2.
Not all corresponding parts are easy to identify. Sometimes you have to rotate or reflect the shapes to line up corresponding sides, angles, or vertices to see them clearly. In the following diagram, pairs of corresponding sides are connected with arrows.
Similar shapes that have corresponding sides of the same length are called congruent. Rigid transformations (reflections, rotations, and translations), along with dilations by a factor of 1 or −1, create congruent shapes.",B_boundary,NA,high
"6-109. This problem is a checkpoint for multiple representations of linear equations. It will be referred to as Checkpoint 6.
For each situation given, create the missing (x, y) table, graph, and/or rule. Since there are many possible tile patterns, they are not necessary to create.
a.
b. y = −3x + 7
c.
d.
Check your answers. Do you feel confident working with multiple representations of linear equations? For extra support, refer to the review materials and practice problems that are available in the Checkpoint Materials.",B_boundary,NA,high
CL 6-110. Priscilla and Ursula went fishing. Priscilla brought a full box of 32 worms and used one worm every minute. Ursula brought a box with five worms and decided to dig for more before she began fishing. Ursula dug up two worms per minute. When did Priscilla and Ursula have the same number of worms? Show how you know.,B_boundary,NA,high
"CL 6-116. Samantha is dilating triangle ABC, shown on the graph. She multiplied each x-coordinate and y-coordinate of triangle ABC by −2.
a. Graph Samantha’s new triangle.
b. Describe how triangle ABC changed.",B_boundary,NA,high
"7-1. Nate and Rick were discussing cars again. Nate claimed that cars with lower odometer readings were more expensive than cars with higher odometer readings. His evidence was that his car with 23,000 miles was worth more than Rick’s car with 31,000 miles. To investigate Nate’s claim, they collected data from several car advertisements and found the information in the table shown.

Odometer Reading (thousands of miles) | Price (thousands of $)
35 | 38
55 | 16
6 | 50
28 | 30
50 | 26
31 | 35
15 | 28
99 | 10
99 | 13

Does the information in the table support Nate’s claim? That is, do you believe Nate’s claim that cars with a lower odometer reading cost more money?",B_boundary,NA,high
"7-2. Melissa wondered if a coordinate graph could help her determine if there was a relationship in Nate’s data from problem 7-1.

a. Follow these directions to create a scatter plot of the data for Melissa.
• Set up a graph showing odometer reading on the x-axis and price on the y-axis.
• Label equal intervals on each axis so that all of the data will fit on the graph.
• Plot the data points from problem 7-1.

b. Describe the scatter plot you just created. What do you notice about the points on the graph? Do you see any trends?

c. Place an additional point on your graph for Nate’s car that has an odometer reading of 23,000 miles. Explain your strategy for deciding where to put the point.

d. When a relationship exists, one way to show a trend in the data is to place a line or curve that, in general, represents where the data falls. This line, sometimes called a trend line, does not need to touch any of the actual data points. Instead, it shows where the data generally falls. The line is a mathematical “model” of the data. Models of data help you describe the data more easily and help you make predictions for other cases of the same situation.

With your team, decide where you could place a trend line that would best model the data points. Are there any limits to where your line makes sense?

e. Using the trend line, can you predict the price of a car with an odometer reading of 80,000 miles? If so, explain how the trend line helps. If not, explain why it is not helpful.

f. Based on the scatter plot, would you agree with Nate’s claim that cars with a higher odometer reading cost less? Use the scatter plot to justify your answer.",B_boundary,NA,high
"Review & Preview

7-5. HOW MUCH IS THAT CAR?
Nate and Rick are still talking about cars. Nate claimed that cars with more powerful engines were more expensive than cars with less powerful engines. (The power of a car’s engine is usually measured in horsepower (hp).) His reason was that his 300-horsepower sports car was worth more than Rick’s 120-horsepower small economy car. To investigate Nate’s claim, they looked up information about their friends’ cars. The table shows their results.

Engine Power (hp) | Car Price (thousands of $)
500 | 38
160 | 16
453 | 23
505 | 23
228 | 30
311 | 26
335 | 15
197 | 40

a. Does the information in the table support Nate’s claim that cars with more powerful engines cost more? Is there a relationship between the power of a car’s engine and the price of a car?

b. Set up a graph and plot the points from the table. Now do you believe Nate’s claim? Explain your reasoning.",B_boundary,NA,high
"7-11. Over a 3-week period, the teams measured the heights of their plants and recorded the data. The Team 1 data table and the question Team 1 investigated are given. On graph paper, make a scatter plot for the data. Be sure that you:
• clearly label your axes;
• mark the scale at equal intervals; and
• title your graph appropriately (such as with the experimental question).

Team 1: Does the amount of fertilizer affect the plant height?
Amount of Fertilizer (mL): 5, 10, 15, 20, 25, 30
Plant Height (cm): 14, 17, 21, 31, 33, 40",B_boundary,NA,high
"7-13. Examine your scatter plot for Team 1 from problem 7-11. Also, look at the scatter plot posters created by your classmates for Teams 2 through 5. Then, answer the following questions.

a. For each of the graphs of data, does there appear to be a relationship? Describe the relationship by completing the appropriate sentence.
As _____ gets larger, _____ gets _____.
OR
There appears to be no relationship between _____ and _____.

b. DIRECTION OF ASSOCIATION
In a scatter plot, if there appears to be no relationship between the variables, then the points in the scatter plot have no association. But if one variable generally increases as the other variable increases, there is said to be a positive association. If one variable generally decreases as the other variable increases, there is said to be a negative association. See the following examples.
Review each of the graphs of plant experiment data and decide on the direction of the association. That is, decide whether there is a positive association, a negative association, or no association.

c. FORM OF ASSOCIATION
When there is a positive or negative association, the shape of the pattern is called the form of the association. Associations can have a linear form or a nonlinear form, and the form can be made up of clusters of data. See the provided examples.
Review each of the graphs of plant experiment data that has an association, and decide on the form of the association. That is, decide whether it is linear or nonlinear, and whether it has clusters or no clusters.

d. OUTLIERS
An outlier is a piece of data that does not seem to fit into the pattern. Do there appear to be any outliers in any of the scatter plots your class created?

e. Go back and look at your predictions (hypotheses) for each question in problem 7-10. Were your predictions accurate? Explain your reasoning.",B_boundary,NA,high
"7-18. During a given week, a museum had attendance as shown in the following table.

Day | Attendance
1 | 870
2 | 940
3 | 731
4 | 400
5 | 861
6 | 680
7 | 593

a. Numerically summarize the center and spread of attendance by determining the median and interquartile range (IQR).

b. The museum management needs to tell the staff members their work schedules a week in advance. The museum wants to have approximately one staff member for every 150 visitors. How many staff members should be scheduled to work each week? Explain your reasoning.

c. Why is a scatter plot not an appropriate display of this data?",B_boundary,NA,high
"7-23. For the customer order assigned to your team, prepare a team poster with your analysis from problem 7-22. Every team poster should include:
• The original customer order, complete with any given table, rule, graph, or statements.
• An explanation of any errors your team found in the order. If your team did not locate any errors, the poster should justify this fact as well.
• Suggestions for how the customer can fix their order if necessary. You may want to suggest an equation that you suspect the customer wanted. If no mistake was made, then write a note to the company’s production department with a rule, a table, and a graph for the order.",B_boundary,NA,medium
"7-30. The second part of the triathlon is a bicycle race. Since participants do not start the bicycle race until they complete the swimming portion, the bicyclists have varying starting times.

The graph shows information about four bicyclists during a 20-minute portion of a race.

a. Based on the graph, list the bicyclists from slowest to fastest. How can you tell?

b. Lydia wants to describe each bicyclist’s rate in kilometers per minute for an article in the school paper. To do this, she sketched triangles like the one for line A on the graph as shown. Where do the 4 and 6 come from on Racer A’s triangle? What do they represent?

c. These numbers can be written as a rate in kilometers per minute to describe the distance the bicyclist rides as time passes. The fraction 4/6, or 2/3 represents how the graph of the line goes up 4 units for every 6 units that it moves to the right. The number 4/6 is the slope of the line. On the Lesson 7.2.2 Resource Page, determine the slope of each of the other three lines.

d. Did the slopes in part (c) confirm your ranking from slowest to fastest in part (a)? If not, review your slopes and your comparison of rates based on the graph to locate any mistakes.",B_boundary,NA,high
"7-31. Look at your resource page from problem 7-30. Slope can also be thought of as a unit rate.

a. Remember that a unit rate compares the change in one quantity to a one-unit change in another quantity. Calculate the unit rate for each of the triathlon bicyclists. Make sure you label the units.

b. Write each of the bicyclists’ rates as a decimal rounded to the nearest hundredth of a kilometer per minute. When you order the bicyclists’ rates, do you get the same results as in problem 7-30?",B_boundary,NA,high
"7-33. In Chapter 4 (problems 4-7 through 4-9), you looked at how tile patterns grow. You examined how the growth rate could be seen in the table, graph, and rule for the pattern. One of the patterns that you looked at and its graph are shown.

a. What is the growth rate for this pattern? How can you tell?

b. What is the slope of the line on the graph? How does this value compare to the growth rate for the pattern?",B_boundary,NA,high
"7-34. Mr. Regnier’s class has been struck with hiccups! Three of the students track their number of hiccups over time. Assume each student hiccups at a constant rate.

STUDENT I
Time (minutes) | Number of Hiccups
2 | 8
4 | 16
7 | 28

a. Which student has the most hiccups per minute? Justify your answer.

b. Calculate the slope that describes the rate of hiccups for each student. What does the slope tell you about each student?

c. If you graph a line for the student who hiccups 4 times per minute, would the line be steeper, less steep, or the same steepness as the line in the graph for Student II? Explain your reasoning.",B_boundary,NA,high
"7-35. Lupe is a manager of an assembly line at a manufacturing company that makes cars. The speed at which the cars are usually built is represented by the graph shown.

Lupe has decided to increase the number of cars built each day and has written directions for her employees. How would each of her directions change the number of cars built each day? Explain how you know.

a. Build 200 cars every 4 hours.
b. Build 75 cars every hour.
c. Build 500 cars every 5 hours.
d. Decrease the time it takes to make each car.",B_boundary,NA,high
"7-36. Compare the graphs of lines A, B, and C.

a. Which line has the greatest slope? Justify your answer.

b. What is the y-value of line A when x = 2?

c. Compare the slopes of lines B and C.",B_boundary,NA,high
"7-37. Lydia drew a graph of four athletes in the final part of the triathlon, the 10 km run. She found the slope of each runner’s line. Her results are listed.

Runner A: slope = 2/6
Runner B: slope = 3/7
Runner C: slope = 5/12
Runner D: slope = 4/10

List the runners from slowest to fastest.",B_boundary,NA,high
"7-43. Three different students looked at the line graphed in the image shown, and each drew a different slope triangle. Their slope triangles are labeled A, B, and C in the graph.

a. Count the length of the horizontal and vertical sides of each of the slope triangles, A, B, and C, on the Lesson 7.2.3 Resource Page. What is the relationship between triangles A, B, and C? Explain your answer. Using what you learned in Chapter 6 about the ratios of side lengths of similar figures may be helpful.

b. Determine each slope using the slope triangles.

c. The numbers in the slope ratios calculated by the students are all different. Does this mean that the slope of the line changes depending on which points you pick? Discuss this with your team and be ready to share your reasoning with the rest of the class.

d. Another student said her slope triangle goes up 20 units for every 16 units to the right. Where could her slope triangle be? Draw a possible slope triangle for this student.

e. Evaluate each of the four slope ratios and compare them. What do you notice?",B_boundary,NA,high
"7-44. Did you know that a bank will pay you money (called interest) when you place your money in a savings account? The amount you receive is a portion of the amount you deposit. The interest rate often varies with each bank.

Thomas and Ryan have each invested the same amount of money in different bank accounts that earn simple interest. Simple interest means the same amount of interest is added for each time period. In this case, the interest is added each week. Thomas and Ryan decided to compare their rate of earnings by graphing how much interest each of them has earned over time. Their graphs are shown.

a. When you look at the graphs, which investment seems to be growing faster? Explain how you decided.

b. The tables for Thomas’s and Ryan’s accounts are shown. Which table reflects Thomas’s interest? Which one reflects Ryan’s interest? How do you know?

TABLE A
Time (weeks) | Interest Earned ($)
1 | 0.60
4 | 2.40
7 | 4.20
10 | 6.00

TABLE B
Time (weeks) | Interest Earned ($)
2 | 1.00
3 | 1.50
6 | 3.00
12 | 6.00

c. Use the tables to determine the rate of interest earned (in dollars) to time (in weeks) for each of them. Who is earning interest faster?

d. Did your answers from parts (a) and (c) agree? If not, compare the tables and graphs with your team to determine why the line that is less steep actually represents the bank account that grows faster. Be ready to share your ideas about why the graphs look the way they do.",B_boundary,NA,high
"7-45. A team of students is debating who has graphed the steepest line. Assume that they set up their axes with the same scale. Here is some information about their lines:

LUCY: slope = 7/5
BREE: slope = 5/7
CLIFF: slope = 14/10
GEETHA: slope = 12/10

Can you use the slopes of their lines to visualize how each of the lines would look on a graph? Discuss their lines with your team, and then settle their argument without graphing. Explain completely who has the steepest line and who has the least steep line.",B_boundary,NA,medium
"7-50. For each equation shown, solve for x and check your answer.

a. 10(0.02x − 0.01) = 1
b. 1/3 x − 6 = 8
c. x/3 + 1 = x/4 − 1
d. 0.9x − 2.1 + 0.9 = 0.2(5 − x)",B_boundary,NA,high
7-54. Which is steeper: a line with a slope of 2/5 or a line with a slope of 5/2? How do you know? Explain.,B_boundary,NA,high
"7-55. Compare the two lines shown on the graph.

a. How are the two lines the same? How are they different?

b. Each line on this graph describes how much money a person has in their wallet over time (in days). Explain what is happening to the amount of money each person has. Be specific.

c. To describe how person A’s amount of money is changing, the unit rate (slope) represents the amount that is added each day. Since the value of money is increasing, the slope is positive. But what should you do when the value is decreasing? How should the decrease be reflected in the rate (slope)? Discuss this with your team.

d. Remember that the slope ratio compares how the change on the y-axis compares to the change on the x-axis. Lines that go up from left to right show positive rates of change, or positive slopes, while lines that go down from left to right show negative rates of change, or negative slopes.
Calculate the slope of each line in the graph.",B_boundary,NA,high
"7-56. The graph displays three different lines.

a. Describe each line in words. Is it increasing or decreasing? Quickly or slowly?

b. Line B is different from the other two lines. As the x-value increases, what happens to y?

c. Slope is a comparison of (change in y)/(change in x). Pick two points on line B. How can you use a number to represent the change in y between these two points? Use this number or the change in y to write a slope ratio for line B.

d. Recall that the units for the “change in y” are the same as for the y-axis, and that the units for the “change in x” are the same as for the x-axis. What are the rates of growth for lines A and C? Be sure to include units.

e. Express the rates in part (d) as unit rates.",B_boundary,NA,high
"7-65. In 2 minutes, Stacie can sign her name 17 times. a. Use a proportion (write equivalent ratios) to determine how long it will take Stacie to sign her name 85 times. b. Make a graph of this situation. Which piece of information is on the dependent axis? c. Another name for the slope in a proportional relationship is the constant of proportionality. Determine the constant of proportionality and write an equation in y = mx + b form for Stacie’s situation. What do x and y represent in this situation? d. Use the equation to determine how many minutes it will take Stacie to sign her name 85 times. e. What is the advantage of the equation in part (d) compared to the proportion (equivalent ratios) in part (a)? What is the advantage of the proportion? f. What is the unit rate at which Stacie signs her name?",B_boundary,NA,high
"7-66. Beth and her father have a large model railroad in their basement. Beth figured out that the equation y = (260/3)x relates the length of an item on her model railroad to the length of the real thing, where x is the size on the model and y is the real object’s size. Beth’s uncle has a different model railroad in his home. It has a different scale. He put together the following table for Beth: [Height on Model Railroad (inches) / Height of Real Object (inches): Human: 0.94 / 60; Tree: 4.70 / 300; Apartment Building: 7.52 / 480]. a. In decimal notation, what is the unit rate for Beth’s railroad? For her uncle’s railroad? Make sure you show units on your unit rate. b. On which model would a horse be taller? Use the unit rates to justify your answer without making any calculations.",B_boundary,NA,high
7-69. Yiannis and his cousin Christos are peeling eggplants for moussaka (a traditional Greek dish) at their family celebration. Yiannis can peel 2 eggplants every 6 minutes. Christos is able to peel 4 eggplants every 12 minutes. Who is peeling faster?,B_boundary,NA,high
Launch: Mathematicians construct viable arguments and critique the reasoning of others. Your teacher will display an image for a Which One Is Unique? activity. Be prepared to construct an argument for which one you believe is unique.,B_boundary,NA,high
"7-74. AURÉLIE’S BIKE RIDE. To prepare for a 30-mile ride for charity, Aurélie has been biking every weekend. To predict how long the charity event will take her to complete, Aurélie has been keeping track of her times and distances. She tries to ride at a constant pace, but of course, that is not easy to do. [Table: February 6: 68 min, 7 mi; February 13: 88 min, 17 mi; February 20: 35 min, 3.5 mi; February 27: 150 min, 25 mi; March 6: 104 min, 14 mi; March 13: 80 min, 11 mi]. a. Would a box plot, scatter plot, or histogram be most useful in helping Aurélie make a prediction? b. Considering that Aurélie is trying to predict how long it will take to complete the ride, which is the independent variable and which is the dependent variable? Create a graph. c. Use a trend line to predict how long it will take Aurélie to complete the charity ride. Remember that the line does not need to intersect each of the points and that the line does not need to pass through the origin to model the data.",B_boundary,NA,high
7-75. USING AN EQUATION TO MAKE PREDICTIONS. Sometimes it is more convenient and more accurate to use an equation to make a prediction rather than making a prediction by reading a graph. a. Choose two points that lie on your trend line. These points can be data points or lattice points on the coordinate grid. Use these two points to calculate the slope of your trend line. What does the slope mean in terms of Aurélie’s bike riding? b. What is the y-intercept of your trend line? What does the y-intercept mean in terms of Aurélie’s training? c. Write the equation of the trend line in y = mx + b form. Identify your variables. d. Use your equation to predict how long the charity ride would take Aurélie to complete. How did your prediction compare to the prediction you made from the graph in part (c) of problem 7-74?,B_boundary,NA,high
"7-76. Westland Workers Union’s Health and Wellness Department started a voluntary lunchtime running club. Members kept track of how much they ran each week for exercise and how much their resting heart rate dropped over several weeks. Their data is in the table. Note that the change in resting heart rate is how much less that heart beats at rest due to an increase in exercise. Thus, a negative heart rate change actually signifies that the heart rate went up. [Table: Average Distance Run Per Week (miles) / Resting Heart Rate Change (beats per minute): 5 / 6, 3 / 4, 1 / -2, 7 / -1, 4 / 2, 8 / 8, 5 / 4.5, 6 / 8]. a. Make a scatter plot of the data. b. Describe the association. c. Draw a trend line for the data. What is the equation of the trend line? d. Use the equation to predict the heart rate change for an employee who ran 10 miles a week. e. Interpret the slope and y-intercept in this situation.",B_boundary,NA,high
7-78. Anthony has added a trend line to the scatter plot shown. Do you agree with where he put the line? Explain your reasoning.,B_boundary,NA,medium
"7-92. Jeff and Liz are each saving money for college. Their savings are shown in the graph. a. Based on the graph, who is saving money faster? Justify your answer. b. Estimate the slope of each line. What does the slope tell you about this situation?",B_boundary,NA,high
"7-99. Ruthie did a survey among her classmates comparing the time spent playing video games to the time spent studying. The scatter plot of her data is shown. a. What association can you make from her data? b. Use an ordered pair (x, y) to identify any potential outliers.",B_boundary,NA,high
"7-102. This problem is a checkpoint for solving equations with fractions and decimals (Fraction Busting). It will be referred to as Checkpoint 7. Solve each equation or system of equations. a. 1/5 x + 1/3 x = 2 b. x + 0.15x = $2 c. (x + 2)/3 = (x − 2)/7 d. y = 2/3 x + 8, y = 1/2 x + 10. Check your answers. Do you feel confident working with solving equations with fractions and decimals (Fraction Busting)? For extra support, refer to the review materials and practice problems that are available in the Checkpoint Materials.",B_boundary,NA,high
"CL 7-108. Ryan and Janelle are driving from different locations to meet at Mammoth Lakes. When they each stopped for lunch, they called each other on their cell phones. Ryan had traveled 245 miles in 3 1/2 hours. Janelle had driven 260 miles in 4 hours. a. How fast was each person driving? b. If Janelle originally started 575 miles from Mammoth Lakes and continues traveling at the same rate (from part (a)), how many more hours will it take her to arrive at her destination?",B_boundary,NA,high
"8-3. With your team, discuss each of the comparisons described. Consider how the measurements are related and visualize what each relationship would look like on a graph. Sketch a graph that represents your predictions after you discuss your ideas with your team. a. The value of a particular baseball card doubles with every trade. b. The circumference of a circle is 2π times its radius. c. The time in months that money has been invested compared to the total balance for a bank account that earns simple interest (I = Prt where I = Interest, P = Principal, r = Rate, and t = Time). d. With your team, co-craft an example of a linear relationship. e. With your team, co-craft an example of a nonlinear relationship.",B_boundary,NA,high
"8-7. Which is a better deal? Sabrina wants to buy a vintage camera. The one she wants is currently on sale for $300. She could borrow the money at a monthly interest rate of 4% simple interest and pay it off after 6 months. Her other option is to work for 6 months and then pay cash, but the camera will no longer be on sale and will cost $350. Which option will cost her less money? Include calculations to justify the better deal.",B_boundary,NA,high
"8-12. Marian would like to invest $500 in a savings account. Their financial institution offers two investment options. Investment Option A offers a 7% interest rate and Investment Option B offers a 5% interest rate, however they calculate the interest in different ways, as shown. Which one would you choose if you were Marian? Use the growth rates and projected earnings of each investment option to support your reasoning.",B_boundary,NA,high
"8-13. Marian noticed that the interest in Investment Option B is calculated on all of the money in the account at specific points in time. Meaning, that each time interest is calculated, it is based on both the principal amount and any interest that was earned before. a. Complete Marian’s work on the Lesson 8.1.2 Resource Page representing how much money would be in the account at various points in time using Investment Option B. How does the interest grow with Investment Option B? b. On the resource page, make a graph of the year and account balance for Investment Option B. Work with your team to show the growth for both investment options. c. What patterns do you see on the graph and in the table? d. How does the balance in the account change from year to year?",B_boundary,NA,high
"8-14. Marian is curious about how much money will be in the account in 15 years. They look at the numbers in the first two columns and notice a pattern that can be rewritten into a rule. Study the table and the work shown. a. As Marian works down the table to fill in entries, what changes in their calculations? What patterns do you recognize? b. In Marian’s calculation for 2 years, what does (500 ⋅ 1.05) represent? What is (500 ⋅ 1.05) equal to? c. How could you rewrite Marian’s balance at the end of any year in terms of the principal, $500? In words, generalize the pattern you see in the table. d. Based on this pattern, describe how you would determine Marian’s balance after 15 years without first determining the balance after 14 years. Then, determine their balance at the end of year 15.",B_boundary,NA,high
"8-15. The pattern you described in the previous problem can be rewritten using an exponent. a. Which of the following equations can you use to determine Marian’s balance after 30 years? Explain your choice. y = 500(0.05)^x     y = 500(1.05)^x b. Write an equation to represent the following situation. A comic book is purchased for $6. Each time it is resold, the seller charges 15% more than they paid for it.",B_boundary,NA,high
"8-16. REFLECTION JOURNAL. For this journal entry, write the title, read the prompt, and write your response. Copy the questions or incorporate them into your response. LESSON 8.1.2: LINEAR AND NONLINEAR GROWTH. In this section, you observed both linear and nonlinear growth. Reflect on your work so far as you answer the following questions. • What are the differences between linear and nonlinear growth? • How can you identify these differences in tables, graphs, and expressions? • How can linear and nonlinear growth represent the world?",B_boundary,NA,high
"8-17. Rachel has earned $1,000 to put into her savings account. She can choose between two banks. Investing the $1,000 in Bank of North America follows the equation y = 20x + 1,000, where y is the balance after x months. Countribank offers 3% simple interest per month. Recall that simple interest is calculated using the formula I = Prt where P is the principal, I is the monthly interest, r is the interest rate, and t is the time. Which bank will help her reach $1,500 faster?",B_boundary,NA,high
"8.2.1 How can I rewrite products? REWRITING EXPONENTIAL EXPRESSIONS, PART 1. Launch: Is 3^5 the same as 3 ⋅ 5? Explain.",B_boundary,NA,high
"8-24. Exponents enable you to rewrite some multiplication problems. Some exponent expressions can also be rewritten. Complete the table shown on the Lesson 8.2.1 Resource Page, or copy and complete it on your own paper. Expand each expression into factored form and then rewrite it with new exponents as shown in the example. a. Work with your team to compare the base and exponent of each original form to the base and exponent of its rewritten exponent form. Write a statement to describe the relationships you see. b. Visualize how you would expand 20^12 ⋅ 20^51 in your mind. What would this expression be in a rewritten exponent form? Describe your reasoning. c. One team rewrote the expression 10^3 ⋅ 5^4 as 50^7. Is their solution correct? Explain your reasoning.",B_boundary,NA,medium
"8-37. Scientific notation makes large numbers easier to write. It helps you quickly compare the sizes of the numbers. For example, Pluto and Haumea are both dwarf planets. Pluto has a mass of 1.305 × 10^22 kilograms, and Haumea has a mass of 4.006 × 10^21 kilograms. Without rewriting the mass of each, can you tell which of these dwarf planets has the larger mass? Explain your reasoning.",B_boundary,NA,high
"8-39. REFLECTION JOURNAL: For this journal entry, write the title, read the prompt, and write your response. Copy the questions or incorporate them into your response. LESSON 8.2.2: SCIENTIFIC NOTATION: Explain to someone who missed today’s class what scientific notation is and the difference between 3^8 and 3 × 10^8.",B_boundary,NA,high
"8-45. Graph the equation y = −2x^2 − 4x. Start by making an (x, y) table. Be sure to include negative values for x. Is this graph linear or nonlinear?",B_boundary,NA,high
"Launch: List as many similarities and differences as you can for the following expressions: 8.23 × 10^3, 8.23 · 10^3, 8,230, 82.3 × 10^2.",B_boundary,NA,high
"8-49. In problem 8-46, you rewrote the expression 20^3 · 20^8. Compare the factored form you wrote for that expression to the expression you visualized in part (b) of problem 8-48. How are the two expressions different?",B_boundary,NA,high
"8-50. Heidi is trying to rewrite the two expressions shown: (2x)^3 and 2x^3. “Are these two ways of writing the same thing? Or, do they mean something different?” Heidi wonders. a. Rewrite (2x)^3 by expanding and then rewriting in the fewest terms in exponent form. What part is being raised to the third power? b. Heidi thinks 2x^3 is the same as 2 · x^3. Show that she is correct by expanding the expressions. c. Are (2x)^3 and 2x^3 equivalent? Explain why or why not.",B_boundary,NA,high
"8-51. AJ was trying to rewrite the exponent expression 5^7 / 5^3. He started by writing out the factored form. Once he saw the factors, he recognized a Giant One in his work. a. Copy AJ’s expression and write out the factored form. Where did he see a Giant One? b. Work with your team to use the Giant One to rewrite AJ’s expression in the fewest terms in exponent form. What is the result?",B_boundary,NA,high
"8-55. Show the “check” for each of the following problems. Write whether the solution is correct or incorrect. a. For 3x + 2 = x − 2, does x = 0? b. For 3(x − 2) = 30 + x − 2 − x + 2, does x = 12?",B_boundary,NA,high
"8-62. Salvador was studying microscopic pond organisms in science class. He read that amoebas were 0.3 millimeters to 0.6 millimeters in length. He saw that euglenas are as small as 8.0 × 10^−2 millimeters long, but he did not know how big or small a measurement that was. He decided to try to figure out what a negative exponent could mean. a. Complete Salvador’s calculations. Use the pattern of dividing by 10 to fill in the missing values. 10^3 = 1,000; 10^2 = 100; 10^1 = 10; 10^0 = ; 10^−1 = ; 10^−2 = ; 10^−3 = . b. How are 10^2 and 10^−2 related? c. What type of numbers did the negative exponents create? Did negative exponents create negative numbers?",B_boundary,NA,high
"8-66. Salvador’s first questions about negative exponents came from science class, where he had learned that euglenas measured 8.0 × 10^−2 millimeters. Use your understanding of negative exponents to rewrite 8.0 × 10^−2 in standard form.",B_boundary,NA,high
"8-67. Decide which of the listed numbers are correctly written in scientific notation. If they are not, rewrite them. a. 92.5 × 10^−2 b. 6.875 × 10^2 c. 2.8 × 10 d. 0.83 × 100^2",B_boundary,NA,high
"8-73. The probability of being struck by lightning in the United States is 0.000032%, while the probability of winning the grand prize in a certain lottery is 6.278 × 10^−7 percent. Which event is more likely to happen? Explain your reasoning, including how you rewrote the numbers to compare them.",B_boundary,NA,high
"8-75. Which of the following numbers are correctly written in scientific notation? For each that is not, rewrite it correctly. a. 4.51 × 10^−2 b. 0.789 × 10^5 c. 31.5 × 10^2 d. 3.008 × 10^−8",B_boundary,NA,medium
"8-79. Lamar has 600 pages to read to finish his book for his upcoming book report. He sets a goal to read half of the pages left in his book each day. a. How many pages will Lamar have to read on the first day to meet his goal? How many will he have left to read after 3 days? b. How many pages will he need to read on Day 8? With your team, write two different expressions to show how you determined your answer.",B_boundary,NA,high
"8-80. Alice was rewriting the expressions shown when she noticed a pattern. Each exponent under the radical (square root) sign was two times the exponent of the final answer. She wanted to know more about why this was happening. √3^4 = √81 = 9 = 3^2; √6^2 = √36 = 6 = 6^1; √5^4 = √625 = 25 = 5^2; √2^6 = √64 = 8 = 2^3. a. Confirm Alice’s pattern by rewriting the expression √5^6 on your calculator. Can you rewrite your answer as 5 raised to a power? b. What does the operation “square root” do to an expression? What operation does it “undo”? c. Investigate this pattern using the expression √4^6: • Expand the expression. • Rewrite 4^6 as an expression raised to the second power. • Use the square root to “undo” the squaring. • Write your final answer, and check it on your calculator. d. Use that same thinking to rewrite each expression shown: i. √7^4 ii. √9^8 iii. √3^14",B_boundary,NA,high
"8-91. Jeremiah wanted to do the following problem. However, he was not sure how to get started, because the numbers were all in scientific notation. He knew that if he wrote them out in standard form, without scientific notation, then he could line up the numbers with the same place value and add them together. However, he did not want to have to write all of those zeros. He was worried that he might just get more confused if he did. Work with your team to determine a way to add the numbers required without first rewriting them in standard form. Here is the problem Jeremiah wanted to solve: The average distance of each of the first five planets from the Sun is shown in the following table. Is the distance to Jupiter more or less than the combined distances of the first four planets (Mercury, Venus, Earth, and Mars)? Planet / Average Distance from the Sun (miles): Mercury: 5.79 × 10^7; Venus: 6.72 × 10^7; Earth: 9.3 × 10^7; Mars: 1.416 × 10^8; Jupiter: 4.836 × 10^8.",B_boundary,NA,high
"8-94. The radius of Earth is about 6 × 10^8 cm. a. The volume of a sphere can be estimated by V = (88/21)r^3, where r is the radius of the sphere. Without using a calculator, estimate Earth’s volume in scientific notation. b. Density can be found from mass / volume. Earth’s mass is about 6 × 10^24 kg. Without a calculator, estimate Earth’s density. Write your answer in scientific notation. c. A teammate says, Measuring the radius of Earth in centimeters seems unreasonable. Do you agree or disagree? Explain your reasoning.",B_boundary,NA,high
Launch: Mathematicians construct viable arguments and critique the reasoning of others. Your teacher will display an image for a Which One Is Unique? activity. Be prepared to construct an argument for which one you believe is unique.,B_boundary,NA,high
"Explore: In the preceding lessons, you have learned how to solve problems involving exponents and scientific notation. In this lesson, you will apply these skills to solve problems at several stations. As you work on these problems, discuss the following questions with your team: • How many ways can you solve this problem? • How else can you show this calculation? • What concept or skill from this section can you use to solve the problem?",B_boundary,NA,high
"8-109. The state of Wisconsin covers about 6.548 × 10^4 square miles. The surface of Lake Superior covers about 31,700 square miles. a. Which is larger? b. How many times larger is the larger place? c. How many more square miles are in the larger place?",B_boundary,NA,high
"8-112. The following table shows the results of 10 rounds of another game of How Many Outcomes? Analyze the table before answering the following questions. [Round 1: Prompt Reader's Response G, Rule: Write a word that starts with this letter., Outcomes: Gente, Green, Geology; Round 2: Prompt Reader's Response 124, Rule: Name one factor of this number., Outcomes: 1, 4, 124; Round 3: Prompt Reader's Response 2/3, Rule: Triple this number., Outcomes: 2, 2, 2; Round 4: Prompt Reader's Response 36 lb, Rule: Take 5 more than half of this number., Outcomes: 23, 23, 23; Round 5: Prompt Reader's Response Size 6, Rule: Add 3 1/2 to this number., Outcomes: 9.5, 9 1/2, 19/2; Round 6: Prompt Reader's Response 18 cm, Rule: Convert the number to inches., Outcomes: ≈ 7, ≈ 7.1, ≈ 7; Round 7: Prompt Reader's Response 2.25, Rule: Take the square root of the number., Outcomes: 1.5, 1.5, 1.5; Round 8: Prompt Reader's Response 108 km, Rule: This is the perimeter of a rectangle. Calculate the area., Outcomes: 648, 200, 729; Round 9: Prompt Reader's Response 15 7/8 m, Rule: This is the side length of a square. Calculate the perimeter., Outcomes: 63 1/2, 63 1/2, 63 1/2; Round 10: Prompt Reader's Response 5 months, Rule: Convert this to days, Outcomes: 151, 150, 155] a. How many points were scored? Explain how you know. b. Which round had the most surprising or interesting outcomes?",B_boundary,NA,high
"8-117. Which of the three relationships shown represent linear growth? Explain your answer. y = -5/9 x - 8; y = x^3 + 22; [Table: x: -9, -6, 0, 1, 6; y: -4, -2, 2, 2 2/3, 6]",B_boundary,NA,high
"8-118. Jen, Carrie, and Fran are each thinking of a number. When you add their numbers together, you get 207. Jen's number is 9 more than Carrie's, and Fran's number is 3 less than Jen's number. What is Fran's number? Define your variable and write an equation to solve this problem.",B_boundary,NA,high
Launch: Mathematicians construct viable arguments and critique the reasoning of others. Your teacher will display an image for a Which One Is Unique? activity. Be prepared to construct an argument for which one you believe is unique.,B_boundary,NA,high
8-124. A function is a relationship where there is exactly one output value for every input value. Look at the graph and table of values given for two relationships: y = x^2 − 2 and x = y^2 − 2. Discuss with your team which relationship is a function and which is a non-function. Use the following questions to guide your discussion: • How are the two relationships similar and how are they different? • What can you predict about the output(s) for each relationship for a given input?,B_boundary,NA,high
"Methods & Meanings: FUNCTIONS. A relationship between inputs and outputs is a function if there is exactly one output for each input. Functions are commonly represented with equations, tables, and graphs. The following is an example of a function represented with an equation, a table, and a graph, where x is the input and y is the output. y = x^2 − 2 [table: x: -1, 0, 1, 2; y: -1, -2, -1, 2]. In this example, the value of y depends on x. Therefore, y is the dependent variable and x is the independent variable. The following example is not a function because there are two outputs (y-values) for some inputs (x-values). x^2 + y^2 = 4 [table: x: -2, 0, 0, 2; y: 0, -2, 2, 0].",B_boundary,NA,high
"8-127. Calculate the corresponding inputs or outputs for the following relationships. One of these has no solution; for that one, explain why not. a. x = ?, y = |x|, y = −8 b. k = −6, y = k/2 + 1, y = ? c. x = 3, y = −x^2, y = ?",B_boundary,NA,high
"8-128. Scottie claims that when you graph any function, the result is a line. Explain why you agree or disagree with this claim.",B_boundary,NA,medium
"8-129. The growth of two cities is summarized by the following equations and graphs representing the population change over many years. SLOPEVILLE: y = 25,000 + 500x; NOSLOPEVILLE: y = 15,000(1.03)^x. a. Which city's population is growing at a faster rate? Explain your answer. b. Does either relationship represent a function? Explain your answer.",B_boundary,NA,high
"8-131. Solve each equation for x. Show your work and check your answer, if possible. a. 24 = 3x + 3 b. 2(x − 6) = y − 14 c. 3(2x − 3) = 4x − 5 d. 3/4 y = 2x − 6",B_boundary,NA,high
8-138. Explain why you agree or disagree with the following statements. a. An equation representing any function can be written in y = mx + b form. b. Vertical lines are the only lines that do not represent functions.,B_boundary,NA,high
"Activity 1: Summarizing My Understanding. This section gives you an opportunity to show what you know about the main math ideas in this chapter. With your team, gather an envelope of paper cards from your teacher. PART 1: With your elbow partner, create examples and non-examples of functions. Consider using different representations (context, table, graph, or equation) for each. As a team, you should have at least three examples and three non-examples of functions, writing each on its own card. Be sure to include linear and nonlinear functions. PART 2: Repeat the process from Part 1. This time, you and your team should create examples and non-examples of how to use the properties of exponents to rewrite expressions. Be sure to include expressions with multiple variables, as well as expressions using scientific notation.",B_boundary,NA,high
CL 8-150. Matt moved Triangle A to match Triangle B in three moves. Follow and complete their steps. 1. Slide the triangle up 3 units. 2. Reflect the triangle across the line y = 4. 3. ?,B_boundary,NA,high
"9-3. Now focus on a different set of angles from problem 9-2 on the Lesson 9.1.1 Resource Page.
a. What are the measures of angles 3 (Figure 1), 8 (Figure 2), and 15 (Figure 3)? Write them on the resource page.
b. Compare the measures of the following three pairs of angles.
• Figure 1: m∠3 and m∠4
• Figure 2: m∠8 and m∠9
• Figure 3: m∠13 and m∠15
How is each pair of angles related?
c. Read the following definition, and then use it along with your observation in part (b) to complete the conjecture that follows.
If parallel lines are cut by a transversal, then alternate interior angles are ____.",B_boundary,NA,high
"Methods & Meanings
ANGLE VOCABULARY
It is common to identify angles using three letters. For example, ∠ABC means the angle you would determine by going from point A to point B to point C in the diagram shown.
Point B is the vertex of the angle (where the endpoints of the two sides meet), and BA→ and BC→ are the rays that define it. A ray is a part of a line that has an endpoint (starting point) and extends infinitely in one direction.
If two angles have measures that add up to 90°, they are called complementary angles. For example, in the same diagram, ∠ABC and ∠CBD are complementary because together, they form a right angle.
If two angles have measures that add up to 180°, they are called supplementary angles. For example, in the following diagram, ∠EFG and ∠GFH are supplementary because together, they form a straight angle (that is, they form a line).
Two angles do not have to share a vertex to be complementary or supplementary. The first pair of angles shown next are complementary; the second pair of angles are supplementary.",B_boundary,NA,high
"Adjacent angles are angles that have a common vertex, share a common side, and have no interior points in common. So ∠1 and ∠2 in the final diagram are adjacent angles, as are ∠1 and ∠4, ∠4 and ∠3, and ∠3 and ∠2.
Vertical angles are the two opposite (that is, non-adjacent) angles formed by two intersecting lines, such as ∠1 and ∠3 in the same diagram. By itself, ∠1 is not a vertical angle, nor is ∠3, but ∠1 and ∠3 together are a pair of vertical angles. Vertical angles always have equal measure.",B_boundary,NA,high
"9-10. Consider the following table.
Height (inches) | Test Score (%)
24 | 3
56 | 86
72 | 98
49 | 50
18 | 0
36 | 12
70 | 90
66 | 81
61 | 75
34 | 25
59 | 80
57 | 77
64 | 88
a. Graph the data as a scatter plot.
b. Does the graph show either a positive or a negative association? If so, which one?
c. Does greater height cause better test scores?
d. What other factors could create the association you see?",B_boundary,NA,high
"9-12. Ryan and Janelle are each driving from a different location to meet. When they each stopped for lunch at 12 (noon), they called each other on their cell phones. Ryan had traveled 245 miles in 3 1/2 hours. Janelle had driven 260 miles in 4 hours. If Ryan and Janelle were originally 910 miles apart when they had started driving that morning, at what time will they meet?",B_boundary,NA,high
"9-14. Quigley is excited to learn more about angles. At home, he looks at his older sibling’s math book, and finds the following problem that he wants to solve.
Solve for x in this figure:
a. Using what you have learned about angles, can you determine the measure of the angle? Why or why not?
b. Estimate the measure of the angle. How did you make your estimation?",B_boundary,NA,high
9-17. Use what you have realized about the angles in a triangle to determine the answer to the problem that Quigley was trying to solve in problem 9-14. How close was your estimate?,B_boundary,NA,high
"9-28. Exterior angles are formed by extending a side of the triangle. The two angles across the triangle from the exterior angle are called remote interior angles. The following are examples of exterior angles.
The following are not exterior angles.
a. In each figure shown, ∠A and ∠B are remote interior angles with respect to exterior angle ∠BCD. Calculate the missing angle measures in each figure and record them in the table.
b. Compare your results for m∠BCD (the exterior angle) and the sum of m∠A and m∠B (the remote interior angles) for each figure. Discuss your observations with your team.
c. Write a conjecture about the relationship of an exterior angle to the two remote interior angles.",B_boundary,NA,high
"9-37. One of the following represents a nonlinear function. Which one? Justify your conclusion. A. Table of x and y values: (-2, -32), (-1, -4), (0, 0), (2, 32), (3, 108) B. (0, 4), (–4, 0), (–2, 3.5), (0, –4), (2, 3.5) C. y = 2/5 x − 12",B_boundary,NA,high
"9-39. Using a sheet of graph paper and a straightedge, graph the shape and perform the transformations listed. a. Graph the quadrilateral with vertices M(0, 3), N(4, 0), P(2, –2), and Q(–2, 1). b. Enlarge the quadrilateral by a scale factor of 2. c. What do you notice about side MN and side M′N′? Explain. d. What can you say about ∠M and ∠M′? Explain your reasoning. Hint: Extend sides MN, QM, Q′M′. e. Remember that a conjecture is an inference or judgment based on incomplete evidence. Based on your work in this problem so far, make a conjecture about the angles in similar figures. f. Test your conjecture in part (e) using a figure of your own design and a different scale factor. Each team member should create a different figure. Compare your work with your teammates' work. Does your conjecture always, sometimes, or never work?",B_boundary,NA,high
"9-43. Eleanor and John were working on a geometry problem together. They knew that in the figure shown, line m is parallel to side BC. They wanted to determine the side lengths of each triangle. First, they decided that they needed to show that ∆AED ~ ∆ABC. Eleanor said, ""This is easy. We have parallel lines, so the triangles are similar by AA ~."" ""Hold on a minute!"" John replied. ""Which angles are equal?"" a. Using the diagram shown, name the pairs of equal angles Eleanor sees. Why are they equal? b. Are the triangles (∆AED and ∆ABC) similar? Explain. c. Now that John sees how the triangles are similar, he suggests redrawing them separately, as shown. ""Look,"" he says, ""Now we just write a proportion."" He suggests the equation 3 / (3 + 5) = x / (x + 8). Explain this equation. d. Solve the proportion equation in part (c) for x and check your answer.",B_boundary,NA,high
"9-48. Solve the system of equations shown by each of the ways described in parts (a) and (b). Then compare your answers in part (c). y = –x + 1 y = 2x + 7 a. Graph the system on graph paper. Then write its solution (the point of intersection) in (x, y) form. b. Now solve the system using the Equal Values Method. c. Did your solution in part (b) match your result from part (a)? If not, check your work carefully and look for any mistakes in your algebraic process or on your graph.",B_boundary,NA,high
Launch Your teacher will show you two triangles. Decide which triangle is larger. Be sure to use mathematical arguments to defend your position.,B_boundary,NA,high
"9-57. For each equation, what is the value of x? Check your answers. a. 2(x + 4.5) = 32 b. 6 + 2.5x = 21 c. x/9 = 5/16",B_boundary,NA,high
"9-85. Identify which of these relationships is not a function. Explain your reasoning.
TABLE A
x: 3, 8, 1, 9, –1, 0
y: 12, 4, 0, 4, –3, –8
TABLE B
x: 5, 2, –1, 0, –15, 2
y: 2, 0, –11, 8, –25, 1",B_boundary,NA,high
"9-86. Kenneth claims that (2, 0) is the point of intersection of the lines y = –2x + 4 and y = x – 2. Is he correct? How do you know?",B_boundary,NA,high
"9-91. Use your calculator to write the equivalent or approximate decimal for each of the numbers in part (a) of problem 9-90. Did you categorize the numbers correctly as rational or irrational?
–7/11, 21/4, –6.4 × 10⁻², √27, 4/9, –√76, π",B_boundary,NA,high
"9-92. 0.78 is described in words as “seventy-eight hundredths.” You can write the equivalent fraction as 78/100. Use what you know about place value to rewrite each terminating decimal as a fraction. Check your answers with a calculator.
a. 0.3
b. 0.391
c. 6.37
d. Does the pattern apply to repeating decimals? For example, is 57/100 equal to 0.5̄7̄? Explain your reasoning.",B_boundary,NA,high
"9-94. From the pattern, Jessica figures out that 57/99 = 0.5̄7̄, but she wants a way to rewrite any repeating decimal as a fraction without having to remember the pattern. She messes around with her calculator and sees that 10(57/99) = 5.757575… and 100(57/99) = 57.575757… This gives Jessica an idea. “Hey, I can multiply and then subtract to get rid of the repeating decimal part! I’ll start with x = 0.5̄7̄ and multiply by 100.”
x = 0.5̄7̄
(100)(x) = (0.5̄7̄)(100)
100x = 57.5̄7̄
–x –0.5̄7̄
99x = 57
a. Discuss Jessica’s work. What happened when she multiplied 0.5̄7̄ by 100? What happened when she subtracted? What would be the next step to write x as a fraction?
b. Use Jessica’s strategy to rewrite 0.9̄8̄ as a fraction.
c. Show that 0.3̄1̄2̄ is a rational number by rewriting it as a fraction.
d. Describe the process for rewriting a repeating decimal as a fraction. Give a new example as part of your explanation.",B_boundary,NA,high
"Methods & Meanings
SQUARING AND SQUARE ROOTS
When a number or variable is multiplied by itself, it is said to be squared. Squaring a number is like determining the area of the square with that number or variable as its side length. For example, the square of 6 is 6 · 6 = 6² = 36.
In general terms, the square of a is a · a = a².
The square root of a number or variable is the positive factor that, when multiplied by itself, results in the given number. Use a radical sign (√) to show this operation. If you know the area of a square, then the square root of the numerical value of the area is the side length of that square.
For example, √49 is read as, “the square root of 49” and means, “Determine the positive number that, when multiplied by itself, equals 49.” √49 = 7, since 7 · 7 = 49.
By definition, –7 is not the square root of 49 even though (–7) · (–7) = 49, since only positive numbers are considered to be square roots. No real square region could have a negative side length.",B_boundary,NA,high
"Launch
Mathematicians construct viable arguments and critique the reasoning of others. Your teacher will display an image for a Which One Is Unique? activity. Be prepared to construct an argument for which one you believe is unique.",B_boundary,NA,high
"Explore
You can calculate the missing side of a right triangle using the Right Triangle Theorem. To show that it is always true, no matter how long the sides are, it must be proven. There are over 100 different ways to prove this relationship. Today, you will look at two ways to prove the Right Triangle Theorem. As you may remember, the Right Triangle Theorem states that in a right triangle with sides a and b, and hypotenuse c, a² + b² = c².",B_boundary,NA,high
"9-127. The converse of a theorem reverses the evidence and the conclusion. The Right Triangle Theorem states that in a right triangle with legs of a and b, and hypotenuse c, that a² + b² = c².
a. State the converse of the Right Triangle Theorem.
b. Look back at your work from problem 9-51. What can you conclude about a triangle if a² + b² = c²?
c. Why is this not a proof of the converse of the Right Triangle Theorem?",B_boundary,NA,high
"Launch
Your teacher will show you a student work sample. You will work with a partner to critique and clarify the work.",B_boundary,NA,high
"PART 2
Using what you have learned in this chapter, decide which is the secret door. Justify your answer.
PART 3
List the triangles that were not the secret door and justify why each did not fit the clues.
PART 4
Be ready to contribute your team’s ideas to a class discussion. Make note of new ideas.",B_boundary,NA,high
"CL 9-141. Clay and his friend, Lacey, are making cookies for the school dance. Clay started early and has already made 3 dozen cookies. He can make an additional 2 dozen cookies per hour. Lacey has not started making cookies yet, but she has a bigger oven and can make 4 dozen cookies per hour. If Lacey starts baking her cookies right away, how long will it take for her to have made as many cookies as Clay? How many cookies will they each have made at that time?",B_boundary,NA,high
"Launch
Mathematicians construct viable arguments and critique the reasoning of others. Your teacher will display an image for a Which One Is Unique? activity. Be prepared to construct an argument for which one you believe is unique.",B_boundary,NA,high
"Explore
Soup cans and rolls of paper towels are examples of cylinders. Cylinders are like prisms in many ways. However, a prism has a polygon as its base, while a cylinder has a circle as its base. In this lesson, you will compare the volumes of prisms and cylinders. Consider the following questions as you work.
• What dimensions will you calculate?
• How might you organize your work?
• What shape is each surface?
• How are prisms and cylinders alike? How are they different?",B_boundary,NA,high
"10-12. The CPM Sports Company is designing a new line of gym bags. The outside of the bag (without the ends) will be made with a rectangular piece of cloth that is 40 inches by 52 inches. The company is trying to decide whether the end pieces will be squares or circles.
CPM designers want to compare the bags and consider the advantages and disadvantages of each shape. Which bag would you recommend to the designers? Use mathematics to justify your answer.",B_boundary,NA,high
"10-13. Vinny is building a structure. Some of his calculations are shown.
(102π)(12) = 1,200π ≈ 3,769.9 cm3
a. What question is Vinny trying to answer with these calculations?
b. How might you describe Vinny’s work?
c. Is Vinny’s work correct? Defend your response.
d. What is the volume of Vinny’s cylinder?",B_boundary,NA,medium
"10-14. Suelly and Mario love sliced cheese, but they like them in different shapes. Suelly likes hers cut as squares and Mario prefers his cut as circles.
a. Suelly wants to ensure she gets the same volume of cheese as Mario. How many square slices should Suelly have in her stack so that she and Mario have the same amount of cheese? Assume the slices are the same thickness.
b. Han has 15 slices of circle-cut cheese. The volume of cheese is the same as Mario’s and Suelly’s, but Han does not have a ruler to measure the diameter. How many inches across are Han’s cheese slices?",B_boundary,NA,high
"10-21. Consider the Investment Options provided. Both earn 8% interest.
INVESTMENT OPTION A: y = 25,000 + (25,000 · 0.08)x
INVESTMENT OPTION B: Points (0, 25,000), (1, 27,000), (2, 29,160), (3, 31,492.8), (8, 46,273.26)
a. How does each grow? Show your work or explain your reasoning.
b. How much more money would Investment Option B earn than Investment Option A after 5 years? 10 years? 30 years?",B_boundary,NA,high
10-22. Consider the following image. Which container is the better deal? Be prepared to share your reasons with the class.,B_boundary,NA,high
"10-23. Revisit the image from the Launch. Assume all four containers have the same height, and the side lengths of the squares are equal to the diameters of the circles.
a. Which container would you recommend to someone who only cares about getting the most popcorn?
b. Which container would you recommend to someone who wants the best deal?",B_boundary,NA,high
"10-29. Which of the following table(s) shows a proportional relationship? Justify your answer.
A.
x: 5, 7, 9, –8, 0, 11, 15
y: 9, 13, 17, –17, –19, 21, 29
B.
x: 7, 14, 91, 9, –12, –36, 81
y: 2 1/3, 4 2/3, 30 1/3, 3, –4, –12, 27
C.
x: –3, –10, 0, 10, 5, 4, 1/2, –3/2
y: –27, –1,000, 0, 100, 12, 48, 1/8, –27/4",B_boundary,NA,high
"10-30. For one of the two figures shown, explain how to calculate the volume. For the other figure, calculate its volume.
a. All angles of the toy brick mold are right angles.
b. The ends of the playground tunnel are congruent circles and each piece is the same size.",B_boundary,NA,high
"10-32. Consider the rule y = √x.
a. Make a table for the rule that includes x-values from –1 to 10. What happened?
b. Graph the rule on graph paper.
c. What kind of growth does the rule show? How do you know?
d. Is this relationship a function? How do you know?",B_boundary,NA,high
10-33. Look at the two pictures. What do you notice? What do you wonder?,B_boundary,NA,high
10-45. Calculate the volumes of two of the solids provided. How do the volumes compare?,B_boundary,NA,high
"10-50. Aaron loves ice cream. In fact, he makes his own ice cream and waffle cones at home. He wants to figure out how to make waffle cones that hold the most ice cream. His cones are made out of circular waffles with a diameter of 7 inches. He cuts a wedge-shaped piece from the circle and then folds the remaining waffle into a cone shape. He needs help determining how to do this to create a cone with the largest volume. Using the materials provided by your teacher, create cones of various sizes and calculate their volumes. Determine the angle of the removed sector (a wedge-shaped piece of the circle) that results in the largest volume. Complete the following steps for creating a cone. 1. Decide on the angles of the sectors that you and your teammates will remove to create a cone. Each teammate should choose a different angle for the sector. 2. Cut out the sector for your chosen angle, and then tape the edges of the remaining sector together to create a cone, as shown. 3. Use a ruler to make the measurements of the cone that you need and calculate its volume. Record your work. 4. Repeat the process using different angles until you think that you have determined the largest volume possible.",B_boundary,NA,high
"CHAPTER 10 CLOSURE: For this journal entry, write the title, read the prompt, and write your response. Copy the questions or incorporate them into your response. You have made it to the end of this course. Congratulations! Reflect on your growth as a mathematician. Consider your experiences and answer the following questions: • How have you grown as a mathematician throughout this course? • How have you shown growth as a teammate? • What is something you would still like to improve on?",B_boundary,NA,high
"10-69. MAKING CONNECTIONS. When you solved this problem, you needed to use your knowledge of several different mathematical ideas. a. With your team: • Use colors to mark parts of your solution that use particular mathematical ideas. For example, did you compare portions? Did you solve equations? • Label each mathematical idea with words. b. Contribute your ideas to a class discussion. Did any other teams identify mathematical ideas that you used but had not noticed? If so, add these to your notes. Then write each mathematical idea on an index card. c. How are these different mathematical ideas connected in this problem? Work with your team and follow your teacher's instructions to make a concept map. Come up with ways to show or explain each of the connections you identify.",B_boundary,NA,high
"10-70. BECOMING MATHEMATICALLY PROFICIENT

During this course, you have been asked lots of different kinds of questions to help you think in new ways.

This course focused on helping you use some very specific Mathematical Practices. Mathematical Practices are different ways to approach a mathematics problem, pull it apart, and work on it. They include ways you can communicate mathematics to your teammates and teacher. They are what make you a mathematician, not just a number-cruncher. For example, two of the Mathematical Practices you may have used in this lesson are to construct viable arguments and critique the reasoning of others and use appropriate tools.

a. Read and discuss the two descriptions with your team.

Construct viable arguments and critique the reasoning of others
Construct viable arguments and critique the reasoning of others means you think deeply to justify and understand your and your classmates' claims. In this course, you regularly shared information, opinions, and expertise with your team. You engaged in talking, listening, contributing, arguing, asking for help, checking for understanding, and keeping each other focused.

During this process, you used higher-order thinking. ""Critical thinking"" is another way to describe ""higher-order thinking."" Thinking critically helped you understand concepts more deeply. It might have helped you to apply newfound ideas to all sorts of problems, not just the specific concept you happened to be working on.

You and your teams used higher-order critical thinking skills any time you provided clarification, built on each other's ideas, analyzed a problem by breaking it into smaller parts, came to an agreement during a discussion, and productively critiqued each other's ideas.

Justifying and critiquing was a part of your daily classwork, not an occasional assignment. For each problem, you were expected to communicate your mathematical findings in writing, in oral presentations, or in poster presentations in a clear and convincing manner.

Use appropriate tools strategically
Use appropriate tools strategically means you know the purpose of and when particular tools would be helpful. Throughout this course, you had rulers, scissors, diagrams, graph paper, blocks, tiles, calculators, etc. available to you. You were not always told which tools to use to solve any particular problem.

Sometimes, different teams used different tools to solve the same problem. Thus, you often shared your solution strategies with the class. Frequently, this included a discussion about which tools were most efficient and productive to solve a given problem.

As you continued to do more sophisticated mathematics throughout the course, you were introduced to other tools, such as computer applications.

b. How did you use appropriate tools strategically when you solved problem 10-68? Be ready to explain your ideas.

c. How did you construct viable arguments and critique the reasoning of others while doing problem 10-68? How is critiquing the reasoning of others important in problems such as that one?

d. Work with your team to brainstorm other problems in this course in which you used appropriate tools strategically and constructed viable arguments and critiqued the reasoning of others. Be ready to share your ideas with the class.",B_boundary,NA,high
"Explore
Have you ever read a problem and been convinced that you did not have enough information to solve it? Sometimes the relationships just seem too complicated. You may even think it is a trick problem with no logical answer. However, try to remember all the tools and strategies you have worked with and try to represent the situation in multiple ways. You may surprise yourself. In this lesson, you will use what you have learned to solve some problems that may at first seem impossible. While you work, keep these questions in mind.
• How can you represent it?
• What is the best strategy or model for this problem?
• Is this like any other problem you have seen?",B_boundary,NA,high
"10-71. NIFTY NECKLACES

Amber and Melissa were making bead necklaces with 1-cm wooden beads and longer green glass beads when they stopped to admire each other's work. Amber's necklace had only 11 total beads. She designed a pattern that alternated 5 green beads with 6 wooden beads. Melissa's necklace used 4 green beads and 9 wooden beads. Both are shown.

When they compared their progress, they were surprised to learn that the necklaces were exactly the same length!

What is the length of each green bead and the total length of each necklace? Be prepared to share your strategies with the class.",B_boundary,NA,high
"10-72. The necklaces are so popular that Amber and Melissa have decided to go into the jewelry business. They have an agreement with a supply company to sell them beads in any color and any length. Help Amber and Melissa fill the orders by figuring out the necessary bead lengths.

a. Cassie wants a necklace 58 cm long that has 12 of the 1 cm wooden beads arranged with some red beads. Red beads are available in lengths of 3 cm or 4 cm. Determine at least two different ways in which Amber and Melissa could fill Cassie's order.

b. Justin wants to order a necklace like Melissa's (one green alternating with three wooden beads), but with one wooden bead on each end, and he wants it to be 61 cm long. Can his order be filled? If so, sketch a diagram and determine how many beads of each kind are needed. If not, explain how he could adjust his order.

c. Leonora wants two necklaces that use the 1 cm wood beads and another bead of any color and any length. She has described the following designs. The longer necklace will use 24 of the 1 cm wooden beads and just one other bead in the center. The shorter necklace will use 4 of the other beads, each pair separated by just one of the 1 cm wooden beads. She wants one necklace to be exactly 5 cm shorter than the other. What length of bead should be used for this order?",B_boundary,NA,high
"absolute value The absolute value of a number is the distance of the number from zero. Since the absolute value represents a distance, without regard to direction, absolute value is always non-negative. Thus, the absolute value of a negative number is its opposite, while the absolute value of a non-negative number is just the number itself. The absolute value of x is usually written ""|x|."" For example, |-5| = 5 and |22| = 22.",B_boundary,NA,high
"constant term A number that is not multiplied by a variable. In the expression 2x + 3(5 - 2x) + 8, the number 8 is a constant term. The number 3 is not a constant term because it is multiplied by a variable inside the parentheses.",B_boundary,NA,high
"dependent variable When one quantity depends for its value on one or more others, it is called the dependent variable. For example, the speed of a car might be related to the amount of force you apply to the gas pedal. Here, the speed of the car is the dependent variable; it depends on how hard you push the pedal. The dependent variable appears as the output value in an (x, y) table, and is usually placed relative to the vertical axis of a graph. You often use the letter y and the vertical y-axis for the dependent variable. When working with functions or relations, the dependent variable represents the output value. In Statistics, the dependent variable is often called the response variable. See independent variable.",B_boundary,NA,high
"expression An expression is a combination of individual terms and operations (such as addition, subtraction, multiplication or division). Numerical expressions combine numbers and operation symbols; algebraic (variable) expressions include variables. For example, 4 + (5 - 3) is a numerical expression. In an algebraic expression, if each of the following terms, 6xy^2, 24, and (y - 3)/(4 + x), are combined, the result may be 6xy^2 + 24 - (y - 3)/(4 + x). An expression does not have an equals sign.",B_boundary,NA,high
"Expression Comparison Mat Two expressions can be compared by splitting an Expression Mat in half to create an Expression Comparison Mat. The expressions are placed side by side and compared to see which one is greater. For example, in the Expression Comparison Mat shown, the left side represents -3, while the right side represents -2. Since -2 > -3, the right side is greater.",B_boundary,NA,high
"parameter In a general equation where x and y represent the inputs and outputs of the function, variables such as b and m, are often referred to as parameters, and they are often replaced with specific values. For example: in the equation y = mx + b representing all lines, the b and m are (variable) parameters that give the slope and y-intercept, while x and y are the independent and dependent variables.",B_boundary,NA,high
"standard form of a linear equation The standard form for a linear equation is ax + by = c, where a, b, and c are real numbers and a and b are not both zero. For example, the equation 2.5x − 3y = 12 is in standard form. When you are given the equation of a line in standard form, it is often useful to write an equivalent equation in y = mx + b form to identify the line’s slope and y-intercept.",B_boundary,NA,high
stoplight icon The icon shown will appear periodically throughout the text. Problems that display this icon contain errors of some type.,B_boundary,NA,high
"vertical angles The two opposite (that is, non-adjacent) angles formed by two intersecting lines. “Vertical” is a relationship between pairs of angles, so one angle cannot be called vertical. Angles that form a vertical pair are always congruent.",B_boundary,NA,high
zero A number often used to represent ”having none of a quantity.” Zero is neither negative nor positive. Zero is the additive identity.,B_boundary,NA,high
"e. –1 3/4 + 5 1/3
SOLUTION
–1 3/4 + 5 1/3 = – 7/4 + 16/3 = – 7/4 ⋅ 3/3 + 16/3 ⋅ 4/4 = – 21/12 + 64/12 = 43/12 = 3 7/12
When adding a positive number and a negative number, subtract the values. The number farther from zero determines the sign.",B_boundary,NA,high
"Review
In general, rewrite an expression by using the Order of Operations:
• Evaluate each exponent (for example, 5^2 = 5 ⋅ 5 = 25).
• Multiply and divide each term from left to right.
• Combine like terms by adding and subtracting from left to right.
First, use this order to rewrite the expressions in parentheses or any other expressions of grouped numbers. Numbers above or below a “fraction bar” are considered grouped. Once there are no terms that contain grouped expressions, rewrite the overall expression using the fewest terms. Remember that terms are separated by + and – signs.",B_boundary,NA,high
"Review

For circles, the formula for area is A = r^2 π, and the formula for circumference (perimeter) is C = 2rπ, where r = radius of the circle.

For composite figures (made from combining shapes or parts of shapes), divide the figure into more recognizable parts. Then, calculate the sum of the area of the parts. When calculating the perimeter of a composite region, be sure that the sum only includes the edges on the outside of the region.",B_boundary,NA,high
"Review

Equations may be solved in a variety of ways. Commonly, the first steps are to remove parenthesis using the Distributive Property and then simplify by combining like terms. Next, isolate the variable on one side and the constant terms on the other. Finally, divide to determine the value of the variable. Note: When the process of solving an equation ends with different numbers on each side of the equal sign (for example, 2 = 4), this means there is no solution to the problem. When the result is the same expression or number on each side of the equation (for example, x + 3 = x + 3), it means that all real numbers are solutions, or, in other words, the equation is always true regardless of the value of the variable.",B_boundary,NA,high
"Checkpoint 5 Solutions

Now, you can go back and solve the original problems.

5-61. Solve each of the following equations for x. Check your answer, if possible.

a. 3x + 7 = –x – 1
SOLUTION
3x + 7 = –x – 1
4x = –8
x = –2

b. 1 – 2x + 5 = 4x – 3
SOLUTION
1 – 2x + 5 = 4x – 3
–2x + 6 = 4x – 3
9 = 6x
3/2 = x

c. –2x – 6 = 2 – 4x – (x – 1)
SOLUTION
–2x – 6 = 2 – 4x – (x – 1)
–2x – 6 = 2 – 4x – x + 1
–2x – 6 = –5x + 3
3x = 9
x = 3

d. 3x – 4 + 1 = –2x – 5 + 5x
SOLUTION
3x – 4 + 1 = –2x – 5 + 5x
3x – 3 = 3x – 5
–3 = –5 (false)
This equation has no solution.",B_boundary,NA,high
"Review

Equations are often easier to solve if there are no fractions. To eliminate fractions from an equation, multiply both sides of the equation by a common denominator.",B_boundary,NA,high
"8.EE.B.5 Graph proportional relationships, interpreting the unit rate as the slope of the graph. Compare two different proportional relationships represented in different ways. For example, compare a distance-time graph to a distance-time equation to determine which of two moving objects has greater speed.",B_boundary,NA,high
"8.F.A.2 Compare properties of two functions each represented in a different way (algebraically, graphically, numerically in tables, or by verbal descriptions). For example, given a linear function represented by a table of values and a linear function represented by an algebraic expression, determine which function has the greater rate of change.",B_boundary,NA,high
"3. Construct viable arguments and critique the reasoning of others. Mathematically proficient students understand and use stated assumptions, definitions, and previously established results in constructing arguments. They make conjectures and build a logical progression of statements to explore the truth of their conjectures. They are able to analyze situations by breaking them into cases, and can recognize and use counterexamples. They justify their conclusions, communicate them to others, and respond to the arguments of others. They reason inductively about data, making plausible arguments that take into account the context from which the data arose. Mathematically proficient students are also able to compare the effectiveness of two plausible arguments, distinguish correct logic or reasoning from that which is flawed, and—if there is a flaw in an argument—explain what it is. Elementary students can construct arguments using concrete referents such as objects, drawings, diagrams, and actions. Such arguments can make sense and be correct, even though they are not generalized or made formal until later grades. Later, students learn to determine domains to which an argument applies. Students at all grades can listen or read the arguments of others, decide whether they make sense, and ask useful questions to clarify or improve the arguments.",B_boundary,NA,high
"5. Use appropriate tools strategically. Mathematically proficient students consider the available tools when solving a mathematical problem. These tools might include pencil and paper, concrete models, a ruler, a protractor, a calculator, a spreadsheet, a computer algebra system, a statistical package, or dynamic geometry software. Proficient students are sufficiently familiar with tools appropriate for their grade or course to make sound decisions about when each of these tools might be helpful, recognizing both the insight to be gained and their limitations. For example, mathematically proficient high school students analyze graphs of functions and solutions generated using a graphing calculator. They detect possible errors by strategically using estimation and other mathematical knowledge. When making mathematical models, they know that technology can enable them to visualize the results of varying assumptions, explore consequences, and compare predictions with data. Mathematically proficient students at various grade levels are able to identify relevant external mathematical resources, such as digital content located on a website, and use them to pose or solve problems. They are able to use technological tools to explore and deepen their understanding of concepts.",B_boundary,NA,high
"6. Attend to precision. Mathematically proficient students try to communicate precisely to others. They try to use clear definitions in discussion with others and in their own reasoning. They state the meaning of the symbols they choose, including using the equal sign consistently and appropriately. They are careful about specifying units of measure, and labeling axes to clarify the correspondence with quantities in a problem. They calculate accurately and efficiently, express numerical answers with a degree of precision appropriate for the problem context. In the elementary grades, students give carefully formulated explanations to each other. By the time they reach high school they have learned to examine claims and make explicit use of definitions.",B_boundary,NA,high
"8. Look for and express regularity in repeated reasoning. Mathematically proficient students notice if calculations are repeated, and look both for general methods and for shortcuts. Upper elementary students might notice when dividing 25 by 11 that they are repeating the same calculations over and over again, and conclude they have a repeating decimal. By paying attention to the calculation of slope as they repeatedly check whether points are on the line through (1, 2) with slope 3, middle school students might abstract the equation (y – 2)/(x – 1) = 3. Noticing the regularity in the way terms cancel when expanding (x – 1)(x + 1), (x – 1)(x² + x + 1), and (x – 1)(x³ + x² + x + 1) might lead them to the general formula for the sum of a geometric series. As they work to solve a problem, mathematically proficient students maintain oversight of the process, while attending to the details. They continually evaluate the reasonableness of their intermediate results.",B_boundary,NA,high
"1-21. Latisha’s friend Brandee forgot to take a make-up test and had these scores: 80%, 92%, 91%, 75%, 89%, 84%, 0%, and 85%. a. Calculate Brandee’s mean. (Refer to the glossary if you do not remember how to do this.) Does this mean value really represent her abilities? Why or why not? b. Brandee’s teacher, Ms. Juarez, encouraged her to make up the missed test. Brandee’s score was 78%. Calculate her new mean. c. What difference did the 0% score make? Does this new mean represent Brandee’s ability more accurately?",C_control,NA,high
"2. Create an (x, y) table and the rule (equation) based on the graph shown.

SOLUTION
Place the given points in a table.
x: 0, 1, 2, 3
y: 12, 9, 6, 3

The starting value is 12, and the growth pattern is –3, so the equation is y = –3x + 12.",C_control,NA,high
conjecture An educated guess that often results from noticing a pattern.,C_control,NA,high
"transformation This course studies four transformations: reflection, rotation, translation, and dilation. All of them preserve shape, and the first three preserve size.",C_control,NA,high
"4.1.1 What is the connection?
DISCOVERING CONNECTIONS BETWEEN REPRESENTATIONS
Lesson Focus
LANGUAGE OBJECTIVE 
Speak: With teammates, I can identify connections between different representations (figures, tables, graphs, rules, and equations) of a tile pattern.
STANDARDS FOR MATHEMATICAL PRACTICE
1: Make sense of problems and persevere in solving them.
2: Reason abstractly and quantitatively.
3: Construct viable arguments and critique the reasoning of others.
7: Look for and make use of structure.
8: Look for and express regularity in repeated reasoning.
MAJOR CONCEPTUAL IDEAS
• Connections Across Representations
• Inputs and Outputs
• Linear Relationships",C_control,NA,high
"Equation Mat An Equation Mat places two Expression Mats side-by-side to form an equation. By applying mathematically valid moves, you can determine the value(s) that makes the expressions equal. For example, the Equation Mat shown represents the equation 2(x + 1) - 1 = x + 4 and can be solved to determine that when x = 3 both sides are equal. See valid moves.",C_control,NA,high
growth One useful way to analyze a mathematical relationship is to examine how the output value grows as the input value increases. You can see this growth on a graph of a linear relationship by using a growth triangle.,C_control,NA,high
"2-22. To bake 100 of his favorite cookies, Mr. Wallis needs 350 grams of sugar.
a. How many grams of sugar would he need to bake 10 cookies? What about 20 cookies? Show all work.
b. What is the unit rate? That is, how many grams of sugar are needed for 1 cookie?
c. To help keep track of how much sugar to use when baking cookies, Mr. Wallis started to make a table, as shown. Copy and complete his table.",C_control,NA,high
9-45. ΔABC is similar to ΔDEF. (The arcs with tick marks inside ∠B and ∠E indicate those angles are congruent.) a. What is the scale factor from ΔABC to ΔDEF? b. Calculate x. c. Calculate y.,C_control,NA,high
"Chapter Outline

Section 7.1 You will learn how to make graphs that compare two sets of data. Then, you will use scatter plots and linear graphs to make observations and predictions about the data based on correlations.

Section 7.2 Here, you will compare ratios and rates using different representations, including numbers, tables, and graphs. You will determine how to measure the steepness of a line on a graph.

Section 7.3 In this section, you will write equations of lines that fit data and will use them to make predictions based on trends.",C_control,NA,high
"Launch: Mathematicians look for and make use of structure. Your teacher will display a numerical expression for a Number Talk. Think about how you might use the structure of the numerical expression in your strategies. As with any Math Chat, think silently and then extend one finger close to your chest when you have a response and justification.",C_control,NA,high
"c. 2((x + y)/z)
SOLUTION
2((x + y)/z)
= 2((−2 + (−3))/5)
= 2(−5/5)
= 2(−1)
= −2",C_control,NA,high
Launch Mathematicians look for and make use of structure. Use the structure you see to help you complete the number pyramid. The number in each block of this pyramid is the product of the numbers in the two blocks beneath it. Fill in the missing numbers.,C_control,NA,high
"center of a circle On a flat surface, the fixed point from which all points on the circle are equidistant. See circle.",C_control,NA,high
"8.1.1 Is the graph linear? PATTERNS OF GROWTH. Launch: Mathematicians model with mathematics to understand situations in everyday life, society, and the workplace. Your teacher will display an infographic for you to discuss with your team. What do you notice? What do you wonder? Use these sentence frames as needed: • I notice _____, so I think _____. • I wonder _____ because _____. • I would like to add _____. • A question we can share with the class is _____.",C_control,NA,high
8-28. Rewrite each of the expressions using the fewest terms possible in exponent form. The first one is done for you. a. 4 ⋅ 4 · 5 · 5 · 5 = 4^2 · 5^3 b. 3 · 3 · 3 · 3 · 3 · y · y c. (6x)(6x)(6x)(6x),C_control,NA,high
"9-72. Use the table shown to answer each question. [x: 4, 1/2, -2, -1, 7; y: -11, blank, 1, -3, -1, blank] a. What values are missing from the table? b. What is the rule for the table? c. What is the slope? d. What is the y-intercept?",C_control,NA,high
"circle The set of all points on a flat surface that are the same distance from a fixed point. If the fixed point (center) is O, the symbol ⊙O represents a circle with center O. If r is the length of a circle's radius and d is the length of its diameter, the circumference of the circle is C = 2πr or C = πd. The area of the circle is A = πr^2.",C_control,NA,high
"6-54. With your team, look carefully at Alana’s dilated and original shapes in problem 6-53 and completely describe how the two shapes are related. Use the following questions to help you.
• How are the sides of the small and large shapes related?
• Compare the corresponding sides (matching sides) of the small and large shapes. How many times larger are the sides? Is this true for all of the sides?
• Compare the four angles of the smaller shape to those of the larger shape. What can you say for sure about one matching pair of these angles? What appears to be true about the other three pairs?",C_control,NA,high
"2-23. For each expression shown:
• Use an Expression Mat to build the expression.
• Determine a different way to represent the same expression using tiles.
a. 7x − 3
b. −(−2x + 6) + 3x",C_control,NA,high
"6-96. Make a table out of the plotted points on the graph shown.
a. Write the rule in words.
b. Explain how to use the table to predict the value of y when x is −8.",C_control,NA,high
"5-38. On graph paper, plot the points (−3, 7) and (2, −3) and draw a line through them. Then name the x- and y-intercepts of the line.",C_control,NA,high
"Explore
Models, like those architects create for house plans, represent all the details of a real object without being the actual size of the object. Today, you will work with your team to develop strategies for handling missing information in similar shapes.",C_control,NA,high
"1-58. Mr. Wright was making a table to figure out how much it costs to send a certain number of regular letters through the mail. Use proportional reasoning to complete his table.
Number of Letters | Cost of Mailing ($)
10 | 6.00
2 | 1.20
 | 9.00
7 | 
1 | 
450 | 
 | 25.20",C_control,NA,high
"3-12. Tasia is still curious. She wants to be able to predict the percentage of toxins that would be absorbed at any time after the sunflowers were planted. a. Extend Tasia’s table and include the percent of toxins absorbed after 0 weeks, 1 week, 2 weeks, and 6 weeks. b. If you have not done so already, use the ideas from the Silent Board Game to write an algebraic rule for the data in your table. Be sure to work with your team and check that the rule works for all of the data. c. Use your rule to check your prediction in part (d) of problem 3-10 for what percentage of toxins will have been absorbed 20 weeks after the sunflowers were planted. How close was your prediction?",C_control,NA,high
"parallel Two or more straight lines on a flat surface that do not intersect (no matter how far they are extended) are parallel. Matching arrows on lines or line segments are used to indicate that those segments are parallel, like the ones on the parallelogram shown.",C_control,NA,high
"8-88. There are about 1.8 × 10^21 molecules in one gram of table sugar (C12H22O11). A baker uses 8 × 10^2 grams in a recipe for cinnamon-sugar pastries. a. How many molecules of sugar does the baker use? Do not use your calculator. b. When the baker multiplied, their calculator displayed: 1.44E24. What do you think the calculator is displaying? Explain.",C_control,NA,high
"9-129. Use a graph to calculate the distance between the points C(–4, –1) and D(4, 1).",C_control,NA,high
"Explore: These activities offer you a chance to reflect on what you have learned during this chapter. As you work, look for concepts that you feel very comfortable with, ideas that you would like to learn more about, and topics you need more help with.",C_control,NA,high
CL 2-72. Copy the pattern shown onto graph paper. Draw Figures 1 and 5 on your paper. a. How many tiles are in each figure? b. How is the pattern changing? c. How many tiles would Figure 6 have?,C_control,NA,high
"Closure
Your teacher will give you instructions for a Closure activity.",C_control,NA,high
"Explore
You have been studying right triangles from a two-dimensional viewpoint. However, triangles also occur in three-dimensional settings. In this lesson, you will build a model, use it to visualize the location of right triangles in a three-dimensional situation, and then make calculations to determine the triangle lengths.",C_control,NA,high
"CL 5-69. For the previous problems in this section, do the following:
a. Reflect on your level of understanding and confidence in completing each of the problems without help.
b. Draw and complete the expression on a face emoji (like the one shown) next to each problem to express your understanding and confidence level with the problem.
c. Choose one problem that you find challenging and complete one of the following tasks:
- Write two questions that you would like to ask about that problem.
- Brainstorm two things that you do know about that type of problem.
- Write two questions you might ask or hints you might give to a student who was stuck on the problem.
- Make a new problem that is similar and more challenging than that problem and solve it.",C_control,NA,high
"Explore: In this section, you have learned how to calculate the surface area and the volume of several kinds of solids, including cylinders, cones, pyramids, and spheres. These skills can be very useful when solving real-world problems, such as the ones you will encounter in this lesson. Keep the following questions in mind as you work. • How do the units relate? • What arrangements of balloons can you inflate? • How much can the piñatas hold?",C_control,NA,high
"point of intersection A point of intersection is a point that the graphs of two equations have in common. For example, (3, 4) is a point of intersection of the two graphs shown. Two graphs may have one point of intersection, several points of intersection, or no points of intersection. The ordered pair representing a point of intersection gives a solution to the equations of each of the graphs.",C_control,NA,high
10-27. What is the volume of the cone shown?,C_control,NA,high
"9-107. Huego and Stella are rock climbing. Huego is at the top of a 75-foot tall cliff when they throw a 96-foot rope down to Stella, who is on the ground. If Stella takes the rope and moves away from the cliff until the rope is stretched tightly from Huego’s feet to Stella’s feet, how far from the base of the cliff is Stella standing? Draw a diagram and label it. Then determine the missing length. Is the length irrational?",C_control,NA,high
"9-96. Graph each of the following pairs of points and draw a line segment between them. What is the length of each segment? State whether each length is represented by an irrational or a rational number.
a. (–3, 0) and (0, –3)
b. (2, 3) and (–1, 2)
c. (3, 2) and (3, –3)",C_control,NA,high
9-55. Consider the triangles shown. a. Are the two triangles similar? How do you know? b. What is the value of x? Show your strategy. c. What is the scale factor (big / small)? d. Calculate the area of each triangle.,C_control,NA,high
"9-79. Consider each of the following square roots. Which two whole numbers does each of the square roots fall between? Which of those whole numbers do you think is closer to the square root? Estimate the value of the square root to the nearest tenth (0.1).
a. √40
b. √95
c. √3
d. √59
e. √200
f. √154
g. Describe your method for estimating the approximate value of a square root when the number is not a perfect square. Check each estimate for parts (a) through (f) on a calculator.",C_control,NA,high
"Chapter 7 Slope and Association

Previously, you used histograms and box plots to look for Patterns in Data and answer statistical questions. In this chapter, you will continue to look for Patterns in Data while also investigating Inputs and Outputs as you learn how to use scatter plots to determine relationships between two different measures for a set of objects. For example, you could analyze amounts of fertilizer and plant height to answer a question like, ""If I give a plant more fertilizer, will it grow taller?""

In Section 7.2, you will use Linear Relationships and Connections Across Representations to examine races called triathlons to discover when rates are the same or different. You will also measure the steepness of lines, a concept called ""slope,"" from situations, tables, and graphs.

Finally, you will revisit Patterns in Data to look at how to make predictions about future events from existing data using trend lines and equations. You will learn about the concept of association to help you describe the relationship between two pieces of data.

In this chapter, you will learn how to:
• create scatter plots that show the relationship between two variables;
• identify associations between sets of data and represent the relationship with a trend line;
• measure the steepness of a line by using slope;
• determine the slope of a line given its equation, its graph, or any two points on the line; and
• write the equation of a trend line to fit linear data.",C_control,NA,high
"Activity 2: What Have I Learned?
Working on the problems in this section will help you evaluate which types of problems you feel comfortable with and which ones you need more help with.
Solve each problem as completely as you can. The table at the end of this Closure section provides answers to these problems. It also tells you where you can find additional help and where to find similar practice problems.",C_control,NA,high
"equation A mathematical sentence that uses an equals sign (=) to show two expressions are the same. For example, the equation 7x + 4.2 = -8 means that the value of 7x + 4.2 equals -8. Equations can also represent rules that link two quantities, like y = 4x - 3, which calculates the area y of a tile pattern based on its figure number x.",C_control,NA,high
4-40. Complete the following Diamond Problems. The pattern used in the Diamond Problems is shown.,C_control,NA,high
"coordinate The number corresponding to a point on the number line or an ordered pair (x, y) that corresponds to a point in a two-dimensional coordinate system. In an ordered pair, the x-coordinate appears first and the y-coordinate appears second. For example, the point (3, 5) has an x-coordinate of 3 and a y-coordinate of 5. See ordered pair.",C_control,NA,high
8-139. Pick one of the following equations. Create a graph that represents the equation you chose. How would you describe the graph? GRAPH A: y = |x + 5|; GRAPH B: y = x^2 + 10,C_control,NA,high
"Checkpoint 3 Solutions

Now, you can go back and solve the original problems.

3-112. In parts (a) through (c), use the given information to determine the unit rate. In parts (d) through (f), write and solve a proportion based on the given information.

a. If 2 1/4 pounds of bananas cost $1.89, what is the cost per pound?
SOLUTION
$1.89 / (2 1/4 pound) = ($1.89 · 4/9) / (9/4 pound · 4/9) = ($1.89 · 4/9) / 1 pound = $1.89 · 4/9 = $0.84 per pound

b. What is the weight per cm?
Weight (g): 9, 12, 18, 30
Length (cm): 15, 20, 30, 50
SOLUTION
For every increase of 3 grams, the length increases by 5 centimeters.
3 g / 5 cm = 3/5 g/cm = 0.6 grams per centimeter

c. Use the graph shown to determine the refill cost per bottle.
SOLUTION
The graph passes through (10 bottles, $35). $35 / 10 bottles = $3.50 per bottle.

d. If 200 vitamins cost $4.75, what should 500 vitamins cost?
SOLUTION
200 vitamins / $4.75 = 500 vitamins / x ⇒ 200x = 2,375 ⇒ x ≈ $11.88

e. If a basketball player made 72 out of 85 free-throw attempts, how many could she expect to make in 200 attempts?
SOLUTION
72 made / 85 attempts = x / 200 attempts ⇒ 85x = 14,400 ⇒ x ≈ 169 made

f. A cookie recipe uses 1/2 teaspoon of vanilla with 3/4 cup of flour. How much vanilla should be used with 5 cups of flour?
SOLUTION
(1/2 teaspoon) / (3/4 cup) = x / 5 cups ⇒ 3/4 x = 5/2 ⇒ x = 10/3 or 3 1/3 teaspoons",C_control,NA,high
proportional relationship Two values are in a proportional relationship if a proportion may be set up that relates the values.,C_control,NA,high
9-19. Use what you know about triangles and angle relationships to determine the missing angles in the following triangles.,C_control,NA,high
"3-73. Burgers-o-Rama is the best hamburger place in town. The owner, Ms. Hamm, buys two 5-pound packages of meat for $27.50. Use proportional reasoning to answer each of the following questions. Be sure to explain your answer and organize your reasoning.
a. What should Ms. Hamm pay for 25 pounds of meat?
b. How many pounds can Ms. Hamm buy for $55.00?
c. Ms. Hamm read an article that said that all the animals raised for food annually account for about 15% of global greenhouse gas emissions, so she decides to sell a plant-based burger. She purchases one 5-pound package for $33.50. If she plans to use all 5 pounds to make quarter pound burgers, what does that cost her per burger?",C_control,NA,high
Closure: Your teacher will guide you through an activity using the work shown on the Lesson 10.1.5 Closure Resource Page.,C_control,NA,high
"CL 6-114. As Khan and Jorman practice for college entrance tests, their scores increase. Khan’s current score is 750 and is rising 8 points per week. Jorman’s current score is 650 but is growing by 30 points per week. Write an equation or system of equations to determine when Jorman will catch up with Khan. Be sure to define your variable(s).",C_control,NA,high
"Review & Preview
4-49. Use what you know about m and b to graph each of the following rules without making a table. Draw a growth triangle for each line.
a. y = 2x − 3
b. y = −2x + 5
c. y = 3x
d. y = __1
2x + 1",C_control,NA,high
"Launch
Mathematicians look for and make use of structure. Your teacher will display a dot arrangement for a Dot Talk. Think about how you might use the structure of the dot arrangement in your counting strategy. Silently determine the number of dots without counting each dot. Hold a hand close to your chest and extend one finger when you have an answer and a counting strategy.",C_control,NA,high
"CL 10-64. If a cube has a volume of 50 cm^3, what is the length of one of its sides?",C_control,NA,high
"intercepts Points where a graph crosses the axes. x-intercepts are points at which the graph crosses the x-axis and y-intercepts are points at which the graph crosses the y-axis. On the graph, the x-intercept is (3, 0) and the y-intercept is (0, 6).",C_control,NA,high
"9-33. Based on the given information, determine which pairs of lines, if any, would be parallel. If none are necessarily parallel, write ""none."" a. m∠2 = m∠7 b. m∠3 = m∠11 c. m∠1 = m∠12 d. m∠13 = m∠12 e. ∠6 and ∠7 are supplementary.",C_control,NA,high
Explore: Use all of what you have learned about the volumes of cones and spheres as you work together with your team to accomplish a challenging task! Keep the following question in mind as you work. • How does the angle of the removed sector and volume of the cone relate? • Which cone will hold the most ice cream?,C_control,NA,high
"6-38. Solve the following system of equations using the Equal Values Method.
a = 12b + 3
a = −2b − 4",C_control,NA,high
1-32. The dependent quantity (or variable) is one that depends on another quantity. The independent quantity (or variable) does not depend on another quantity. Use the graph your class created in the previous lesson to discuss the following. a. Consider the variables height and reach. Which variable would be the independent variable and which would be the dependent variable? b. Examine the class graph of the data from problem 1-25. On which axis was the dependent data represented? c. On which axis was the independent data represented?,C_control,NA,high
"Launch
Mathematicians look for and make use of structure. Your teacher will display a numerical expression for a Number Talk. Think about how you might use the structure of the numerical expression in your strategies. As with any Math Chat, think silently and then extend one finger close to your chest when you have a response and justification.",C_control,NA,high
"5-EV. SITUATIONS EXHIBIT VISIT
In this activity, you will apply what you know about linear relationships to answer some challenging questions in real-life situations. The information in each question, parts (a) through (e), describes a different situation. All of the situations are linear. That is, when they are graphed, they are lines.
Based on the given information, answer the questions in each problem. Show your answers completely and explain your strategies for answering the questions. You may answer these in any order, but make sure you answer each one completely before moving to another.
Work together as a team. The more you listen to how other people see the connections and the more you share your own ideas, the more you will know at the end of this challenge. Stick together and be sure to talk through every idea.
You will also make a team poster of one situation that your teacher chooses for your team.

a. SAVING MONEY
Julia has $325 in her savings account. She just got a new job and will be saving money every month. Her account balance for a few months is shown in the table. If she always deposits the same amount, how much money will be in her account after she has been saving for five years? (Assume she never spends money from this account.)
Time (months): 7, 8, 9
Money in Account ($): 780, 845, 910",C_control,NA,high
"origin The point on a coordinate plane where the x-axis and y-axis intersect is called the origin. This point has coordinates (0, 0). The point assigned to zero on a number line is also called the origin. See axis.",C_control,NA,high
"Lesson Focus

LANGUAGE OBJECTIVE
Speak and Write: With teammates, I can explain how to calculate the rate of change numerically.

STANDARDS FOR MATHEMATICAL PRACTICE
1: Make sense of problems and persevere in solving them.
2: Reason abstractly and quantitatively.

MAJOR CONCEPTUAL IDEAS
• Connections Across Representations
• Inputs and Outputs
• Linear Relationships",C_control,NA,high
9-23. Graph the rule y = 2x – 6. It may be helpful to create a table.,C_control,NA,high
"Lesson Focus
LANGUAGE OBJECTIVE
Listen: I can incorporate classmates’ ideas about what qualities make a graph complete in my journal.
STANDARDS FOR MATHEMATICAL PRACTICE
1: Make sense of problems and persevere in solving them.
5: Use appropriate tools strategically.
6: Attend to precision.
7: Look for and make use of structure.
8: Look for and express regularity in repeated reasoning.
MAJOR CONCEPTUAL IDEAS
• Connections Across Representation
• Inputs and Outputs
• Linear Relationships",C_control,NA,high
"In this section, you have solved many equations. Sometimes these equations were given to you. Other times they came from specific situations. You have even begun to solve equations without using algebra tiles. In this lesson, you will continue to focus on how to show your work.",C_control,NA,high
"Activity 2: What Have I Learned?

Working the problems in this section will help you to evaluate which types of problems you feel comfortable with and which ones you need more help with.

Solve each problem as completely as you can. The table at the end of this Closure section provides answers to these problems. It also tells you where you can find additional help and where to find similar practice problems.",C_control,NA,high
Closure: Your teacher will give you instructions for a Closure activity.,C_control,NA,high
Closure: Your teacher will give you instructions for a Closure activity.,C_control,NA,high
"Explore: Previously, you have learned to see and extend patterns in data and to make predictions using rules, equations, and graphs. Today, you will apply these mathematical tools to a real situation in which your data does not make a perfect pattern.",C_control,NA,high
"9-8. Use the figure shown to solve parts (a) through (c). Each part is separate.
a. If m∠1 = 63°, calculate m∠2 and m∠3.
b. If m∠1 = 74° and m∠4 = 3x – 18°, write an equation and solve for x.
c. If m∠2 = 3x – 9° and m∠1 = x + 25°, write an equation to solve for x. Then calculate m∠2.",C_control,NA,high
"5-4. Solve each of the following equations for the indicated variable. Use your Equation Mat if it is helpful. Write down each of your steps algebraically.
a. Solve for y: 2(y − 3) = 4
b. Solve for x: 2x + 5y = 10
c. Solve for y: 6x + 3y = 4y + 11
d. Solve for x: 3(2x + 4) = 2 + 6x + 10
e. Solve for x: y = −3x + 6
f. Solve for p: m = 8 − 2(p − m)
g. Solve for q: 4(q − 8) = 7q + 5
h. Solve for y: x^2 + 4y = 2(3x − 6 − x) + x^2",C_control,NA,high
"8-107. Some objects are incredibly far away! Cosmologists who study stars and galaxies measure distances in light-years. One light-year is the distance that light can travel in a year. Assuming there are 365 days in a year, and light travels at 1.86 × 10^5 miles per second, answer the following questions. a. How many miles are equivalent to one light-year? b. The star Betelgeuse is 642.5 light-years from Earth. How many miles is that?",C_control,NA,high
"dilation A transformation which produces a figure similar to the original by proportionally shrinking or stretching the figure. In a dilation, a shape is stretched (or compressed) proportionally from a point, called the point of dilation.",C_control,NA,high
"transversal A line that intersects two or more other lines on a flat surface (plane). In this course, you often work with a transversal that intersects two parallel lines.",C_control,NA,high
"reciprocal The reciprocal of a nonzero number is its multiplicative inverse, that is, the reciprocal of x is 1/x. For a number in the form a/b, where a and b are non-zero, the reciprocal is b/a. The product of a number and its reciprocal is 1. For example, the reciprocal of 12 is 1/12, because 12 · 1/12 = 1.",C_control,NA,high
"8-40. Which number is greater, 3.56 × 10^4 or 1.9 × 10^6? Explain how you know.",C_control,NA,high
lateral face A (flat) side of a polyhedron. It is always a polygon.,C_control,NA,high
10-8. Calculate the area and perimeter of the following shape. Show your steps.,C_control,NA,high
"CL 5-66. For each pair of lines, solve the system both by graphing and algebraically using the Equal Values Method. Explain how the graph confirms the algebraic result.
a. y = 7x - 5
y = -2x + 13
b. y = 3x - 1
y = 3x + 2",C_control,NA,high
"10-20. Evaluate each expression.
a. |–5 + –1|
b. |–2 ⋅ 4|
c. 3|–8|
d. −3 ⋅ |8|
e. 5 − |–5 + 10|
f. |6 − 10|",C_control,NA,high
"CL 5-68. Solve each equation.
a. (x + 1)/3 = (x + 2)/5
b. x/3 + x/4 + 1 = x/2",C_control,NA,high
8-97. Use the properties of exponents to rewrite the following expressions. a. (x^2)(x^5) b. y^7 / y^4 c. x^3 · x^4,C_control,NA,high
"2-31. The two lines on the graph represent the predicted carbon footprint in tons of greenhouse gases for Companies A and B.
a. Sketch this graph. If Company A started out with a greater carbon footprint than Company B, determine which line represents A and which represents B. Label the lines appropriately.
b. In how many years will both companies have the same carbon footprint?
c. Approximately what will that carbon footprint be?
d. Which company’s carbon footprint is growing more quickly? How can you tell?
e. Why might a company want to know their carbon footprint?",C_control,NA,high
"y-intercept The y-intercept of a graph is the point where a graph intersects the y-axis. A function has at most one y-intercept, while a relation may have multiple y-intercepts. Each y-intercept is expressed as a coordinate pair where the x-coordinate is always zero. In the equation of a line in the form y = mx + b, the y-value of the y-intercept is represented by b. The y-intercept often represents the initial value of a quantity in real-world contexts. For example, for the graph shown, b = 2 and its y-intercept is (0, 2). If the graph represents a tile pattern, the y-intercept details that the initial number of tiles was two.",C_control,NA,high
algebraic expression See expression.,C_control,NA,high
"7-67. Eight of 29 students in a class want to attend the Winter Ball. a. Calculate the constant of proportionality, then write an equation in y = mx + b form. What do x and y represent? b. If this class represents the entire school, how many of the school’s 1,490 students will probably attend the dance? Solve your equation from part (b).",C_control,NA,high
8-104. Dave’s calculator displays 1.72509e10. What is that number in standard notation?,C_control,NA,high
"inequality symbols The symbol ≤ read from left to right means ""less than or equal to,"" the symbol ≥ read from left to right means ""greater than or equal to,"" and the symbols < and > mean ""less than"" and ""greater than,"" respectively. For example, ""7 < 13"" means that 7 is less than 13.",C_control,NA,high
"1-29. Complete the following Diamond Problems using the pattern you discovered previously. The pattern is shown. Some of these may be challenging! a. left = 6, right = 11 b. left = 6, right = -2 c. top = -8, bottom = 7 d. left = 1/3, right = 3/4 e. top = x^2, left = x, right = x",C_control,NA,high
"3-52. Complete a table for the rule y = x^2 + 2. Then plot and connect the points on a graph. Be sure to label the axes and include the scale. Use negative and positive values for x, as well as a value of 0.",C_control,NA,high
"radicand The expression under a radical sign. For example, in the expression 3 + 2√(x − 7), the radicand is x − 7.",C_control,NA,high
"6-63. The box plot shows the different grades (in percents) that students in Ms. Sanchez’s class earned on a recent test.
a. What was the median score on the test? What were the highest and lowest scores?
b. Can you determine whether most students earned a particular score?
c. If Ms. Sanchez has 32 students in her class, about how many students earned a grade of 80% or higher? About how many earned more than 90%? Explain how you know.
d. Can you tell if the scores between 80% and 90% were closer to 80% or closer to 90%? Explain.",C_control,NA,high
"Closure
10-15. REFLECTION JOURNAL
For this journal entry, write the title, read the prompt, and write your response. Copy the questions or incorporate them into your response.
LESSON 10.1.2: VOLUME OF A CYLINDER
With your team, reflect on how you calculated the volume of the cylindrical bag in problem 10-12. After your discussion, record your thoughts. Make sure to include an example.
• What measurements did you use to calculate the base area of the cylinder?
• What measurements did you use to calculate the lateral area?
• What measurement is important for both calculations?
• How do you calculate the volume of a cylinder?",C_control,NA,high
"7-84. Do you remember the “Newton’s Revenge” roller coaster problem from Chapter 1? You will now return to that problem, using your knowledge of y = mx + b to solve it. The Newton’s Revenge roller coaster has a tunnel that thrills riders with its very low ceiling. The closest the ceiling of the tunnel ever comes to the seat of the roller coaster car is 200 cm. Although no accidents have been reported yet, park managers have noticed that very tall riders have stopped riding the roller coaster. a. To help determine whether the tunnel is safe for any rider, no matter how tall, you collected data in problem 1-24. The height and reach were both measured in centimeters. Use the data from the class shown in the table to make a scatter plot. Which is the dependent variable? As you plot the data, consider how useful your plot is for making predictions. Can you change the plot to make it more useful? [Table: Height (cm) / Reach (cm): 166.4 / 127, 169 / 133, 172.8 / 133, 179 / 139, 170 / 139, 183 / 137, 162.5 / 121, 165 / 126, 157.5 / 128, 165 / 123, 169 / 132, 156 / 119]. b. Work with your team to draw a straight line that models the data on your graph. Use two points from the line that you drew to calculate the slope. Then determine the equation of this line. Identify the variables.",C_control,NA,high
"1. Make sense of problems and persevere in solving them. Mathematically proficient students start by explaining to themselves the meaning of a problem and looking for entry points to its solution. They analyze givens, constraints, relationships, and goals. They make conjectures about the form and meaning of the solution and plan a solution pathway rather than simply jumping into a solution attempt. They consider analogous problems, and try special cases and simpler forms of the original problem in order to gain insight into its solution. They monitor and evaluate their progress and change course if necessary. Older students might, depending on the context of the problem, transform algebraic expressions or change the viewing window on their graphing calculator to get the information they need. Mathematically proficient students can explain correspondences between equations, verbal descriptions, tables, and graphs or draw diagrams of important features and relationships, graph data, and search for regularity or trends. Younger students might rely on using concrete objects or pictures to help conceptualize and solve a problem. Mathematically proficient students check their answers to problems using a different method, and they continually ask themselves, “Does this make sense?” They can understand the approaches of others to solving complex problems and identify correspondences between different approaches.",C_control,NA,high
"Activity 3: What Tools Can I Use? You have several tools and references available to support your learning: your teacher, your study team, your math book, and your Toolkit, to name only a few. At the end of each chapter, you will have an opportunity to review your Toolkit for completeness. You will also revise or update it to reflect your current understanding of concepts. The main elements of your Toolkit should be your Reflection Journal entries, Methods & Meanings, and the vocabulary used in this chapter. Math terms that are new appear in bold in the text. Refer to the lists provided and follow your teacher's instructions to revise your Toolkit. This revision will make it more useful for you as you complete this chapter and as you work in future chapters.",C_control,NA,high
"8-93. One of the giant pyramids of Egypt is made of about 2.4 × 10^6 carved blocks of stone. If each block weighs approximately 4.95 × 10^3 pounds, about how many pounds of stone blocks make up the pyramid?",C_control,NA,high
"Lesson Focus: LANGUAGE OBJECTIVE: Speak: I can describe specific changes to a cone that will increase its volume to teammates. STANDARDS FOR MATHEMATICAL PRACTICE: 1: Make sense of problems and persevere in solving them. 2: Reason abstractly and quantitatively. 4: Model with mathematics. 5: Use appropriate tools strategically. MAJOR CONCEPTUAL IDEAS: Connections Across Representations, Measures and Movement, Numbers and Operations",C_control,NA,high
"Chapter 1 Problem Solving. Welcome to math class! This initial chapter will introduce you to many of the major conceptual ideas, such as Connections Across Representations, that you will explore in this class and to the ways in which you will be working. You will apply your current mathematical knowledge to solve problems, some of which you will revisit later in the course using new algebraic tools. In the second part of this chapter, you will develop methods for solving problems that involve proportional relationships. For example, if you want to know how many people at your school are left-handed, how can you use the information from your class to make a prediction? Questions like these will rely on your understanding of proportions. Finally, this chapter is about problem-solving. During this chapter, you will use a variety of problem-solving strategies that will remain useful throughout the course, including: collecting data; identifying patterns; writing and solving equations; drawing graphs; and working backward.",C_control,NA,high
"4-8. For each pattern shown, answer questions (a) through (d) from problem 4-7. Use color to shade the new tiles on each pattern on your resource page. Choose one color for the new tiles in part (a) and another for the new tiles in part (b).",C_control,NA,high
"7-41. A planting manual printed graphs so that gardeners could predict the height of trees after planting. Jill wants to figure out the rate that each tree will grow.

She remembers that slope is a ratio of the vertical change to the horizontal change between any two points on a line. The units for the vertical change are the same as the y-axis, and the units for the horizontal change are the same as the x-axis. Determining the slope for each graph will enable her to compare the change in height to the change in time.

a. On the Lesson 7.2.3 Resource Page, draw and label a slope triangle on the line in graph (i). Then write the slope ratio. How fast does the tree in graph (i) grow?

b. Can you determine the slope on graph (ii) just by looking at the line? Why or why not? When it is difficult to read the slope on a graph, look for points where the line appears to pass through lattice points (where the grid lines intersect). Then use those points to create a slope triangle and determine the slope for graph (ii).",C_control,NA,high
Launch: Mathematicians look for and make use of structure. Your teacher will display a dot arrangement for a Dot Talk. Think about how you might use the structure of the dot arrangement in your counting strategy. Silently determine the number of dots without counting each dot. Hold a hand close to your chest and extend one finger when you have an answer and a counting strategy.,C_control,NA,high
"3-30. Use the rule y = 2x + 1 to complete parts (a) through (c).
a. Make a table like the one shown and use the rule to complete it.
b. Examine the numbers in the table. What are the greatest x- and y-values in the table? What are the smallest x- and y-values? Use this information to set up x- and y-axes that are scaled appropriately.
c. Use your axes to create a graph, then plot and connect the points from the table. Be sure to label your axes and write numbers to indicate scale.",C_control,NA,high
8.G.B.6 Explain a proof of the Pythagorean Theorem and its converse.,C_control,NA,high
"7-29. Evaluate the following expressions.

a. −3/4 − 2/5
b. 7/8 − 2/3
c. 1/3 − 5/6
d. 1 2/3 + (−2/5)
e. 4/7 − (−3/8)
f. −4 1/2 + 3 1/9",C_control,NA,high
"quadrants The coordinate plane is divided by its axes into four quadrants. The quadrants are numbered as shown in the first diagram. When graphing data that has no negative values, sometimes a graph that shows only the first quadrant is used.",C_control,NA,high
"5-49. Solve for the variable.
a. 7y/8 − 3y/5 = 11/2
b. (a + 4)/3 − a/7 = (a + 7)/5",C_control,NA,high
3-55. Write an expression that represents the perimeter of the shape built with algebra tiles as shown. Then calculate the perimeter if x = 3 units and y = 7 units.,C_control,NA,high
CL 10-60. What is the surface area and volume of the cylinder shown? Show your work clearly.,C_control,NA,high
3-105. Now use what you learned in the previous three problems to solve for x in the equation 3(x + 7) = −x − 3. Show your steps and check your answer. You may want to use algebra tiles and an Equation Mat to help you visualize the equation.,C_control,NA,high
"radical An expression in the form √_a, where √_a is the positive square root of a. For example, √49 = 7. See square root.",C_control,NA,high
"corresponding angles When two lines are intersected by a third line (called a transversal), angles on the same side of the two lines and on the same side of the transversal are called corresponding angles. For example, the marked angles in the following diagram are corresponding angles. Note that if the two lines cut by the transversal are parallel, the corresponding angles are congruent. Conversely, if the corresponding angles are congruent, then the two lines intersected by the transversal are parallel.",C_control,NA,high
"terminating decimal A terminating decimal is a decimal that has only a finite number of non-zero digits, such as 4.067. Terminating decimals are a particular kind of repeating decimal for which the repeating portion is zeros, so the example could be written 4.0670000000… but it is not necessary to write the zeros at the end.",C_control,NA,high
1-40. The pattern shown is composed of nested squares. a. Draw the next figure in the pattern. b. What is the area of the shaded region for the figure you drew in part (a)?,C_control,NA,high
"Methods & Meanings

SLOPE OF A LINE

The slope of a line is the ratio of the change in y to the change in x between any two points on a line. To determine slope, you compute the ratio that indicates how y-values are changing with respect to x-values. Essentially, slope is the unit rate of change, because it measures how much y increases or decreases as x increases by one unit. If the slope is positive (+), the y-values are increasing. If it is negative (−), the y-values are decreasing. The graph of a line goes up for positive slopes and down for negative slopes as the line moves across the graph from left to right.

Slope can be written as (vertical change)/(horizontal change) or (change in y-values)/(change in x-values). Sometimes this ratio is written as rise/run.

In the graph shown, the slope of line A is (5 dollars)/(2 hours), because for every 2 hours the line moves horizontally, the line increases 5 dollars vertically. Since y increases by 5/2 dollars when x increases by 1 hour, the unit rate is (5/2 dollars)/(1 hour) or 2.5 dollars per hour.

To determine the slope of line B, notice that when x increases by 3 hours, y decreases by 2 dollars, so the vertical change is −2 dollars and the slope is written as −(2 dollars)/(3 hours) or −2/3 dollars per hour.

It is important to notice that horizontal lines do not increase or decrease vertically, so they are described with a slope of 0. The slope of a vertical line is undefined. This is because the horizontal change is 0, resulting in a slope of y/0, and dividing by zero is mathematically undefined.",C_control,NA,high
"Checkpoint 7 Solutions

Now, you can go back and solve the original problems.

7-102. Solve each equation or system of equations.

a. 1/5 x + 1/3 x = 2
SOLUTION
1/5 x + 1/3 x = 2
15(1/5 x + 1/3 x) = (2)15
3x + 5x = 30
8x = 30
x = 30/8
x = 15/4
x = 3 3/4

b. x + 0.15x = $2
SOLUTION
x + 0.15x = $2
100(x + 0.15x) = ($2)100
100x + 15x = $200
115x = $200
x ≈ $1.74

c. (x + 2)/3 = (x - 2)/7
SOLUTION
(x + 2)/3 = (x - 2)/7
21((x + 2)/3) = ((x - 2)/7)21
7(x + 2) = 3(x - 2)
7x + 14 = 3x - 6
4x = -20
x = -5

d. y = 2/3 x + 8
y = 1/2 x + 10
SOLUTION
2/3 x + 8 = 1/2 x + 10
6(2/3 x + 8) = 6(1/2 x + 10)
4x + 48 = 3x + 60
x = 12

y = 2/3(12) + 8
y = 16
The answer to the system is the point (12, 16).",C_control,NA,high
"8-32. Enrollment in math courses at Kennedy High School in Bloomington, Minnesota is shown in the pie chart. (If you are unfamiliar with pie charts, refer to the glossary for assistance.) If there are 1,000 students enrolled in math courses, approximately how many students are enrolled in Algebra? In Geometry? In Calculus?",C_control,NA,high
Activity 1: Summarizing My Understanding This section gives you an opportunity to show what you know about the main math ideas in this chapter. Obtain the Chapter 2 Closure Graphic Organizer Resource Page from your teacher.,C_control,NA,high
"PATTERNS IN DATA: Organizing data with tables, scatter plots, and trend lines helps us recognize and analyze patterns.",C_control,NA,high
"CL 1-64. Define a variable and then write and solve an equation for the following problem. Use the 5-D Process, if needed. Show your work in an organized way.
Ralph and Alphonse are shooting marbles. Ralph has five more marbles than Alphonse, and they have a total of 73 marbles. How many marbles does each of them have?",C_control,NA,high
Launch: Mathematicians look for and make use of structure. Follow your teacher's instructions to sort the cards. Be prepared to describe how you made your decisions.,C_control,NA,high
"Lesson Focus
LANGUAGE OBJECTIVE
Speak: I can explain to the class how my team made predictions about a tile pattern by using parts of a graph.
STANDARDS FOR MATHEMATICAL PRACTICE
1: Make sense of problems and persevere in solving them.
5: Use appropriate tools strategically.
6: Attend to precision.
7: Look for and make use of structure.
8: Look for and express regularity in repeated reasoning.
MAJOR CONCEPTUAL IDEAS
• Connections Across Representation
• Inputs and Outputs
• Linear Relationship",C_control,NA,high
"CL 5-63. Solve for the indicated variable.
a. 2x + 5y = 10 (solve for y)
b. 3(x + 2) = y - 6 (solve for x)",C_control,NA,high
"ordered pair Two numbers written in order as follows: (x, y). The primary use of ordered pairs in this course is to represent points in an xy-coordinate system. The first coordinate (x) represents the distance from the x-axis. The second coordinate (y) represents the distance from the y-axis. For example, the ordered pair (3, 5) can be represented by the point shown on the following graph.",C_control,NA,high
"2. For the scatter plot shown, draw a trend line and determine the equation of the line.

SOLUTION
Use a ruler or straightedge to draw the trend line so that it follows the general direction of the data, with roughly the same number of points above and below it. Focus on creating a line that represents the overall trend, even if the points do not perfectly align.

To determine the equation of the line, you could draw in a slope triangle and determine the ratio of the vertical side to the horizontal side. In this case, it is -30/5 = -6.

Estimate the y-intercept by looking at where the line intersects the y-axis. In this case, it appears to be 30. The equation of any non-vertical line may be written in the form y = mx + b, where m is the slope and b is the y-intercept.",C_control,NA,high
"Explore
Graphic artists often need to make a shape larger to use for a sign or smaller to use for a bumper sticker. They have to be sure that the shapes look the same no matter what size they are. How do artists know what the side length of a similar shape should be? Today, you will explore scale factors between similar shapes and describe the sequence of transformations that verify whether the shapes are similar.",C_control,NA,high
"exterior angle (of a triangle) When a side of a triangle is extended to form an angle outside of the triangle, that angle is called an exterior angle. The exterior angle is adjacent to the angle inside the triangle. In the following diagrams, the marked angles are exterior angles of their respective triangles. See remote interior angles.",C_control,NA,high
"5-3. Your teacher will assign you one of the linear equations listed. For your equation:
• Use algebra tiles to set up the equation on your Equation Mat.
• Using only valid moves, rearrange your tiles to create an equation that starts with “y = _____.” Be sure to record all of your moves algebraically and be prepared to share your steps with the class.
• What is the growth of your line? What is the y-intercept? How can you tell?
a. 2x + y = 3x − 7
b. x + 2y = 3x + 4
c. 3y + 2 = 2y − 5x
d. 2(y − 3) = 2x − 6
e. 5 − 3(x + 1) = 2y − 3x + 2
f. x − (y + 2) = 2(2x + 1)",C_control,NA,high
"3-42. Create an (x, y) table using at least eight points from the graph shown. Write the rule for the pattern in the table.",C_control,NA,high
Guiding Questions Think about these questions throughout this chapter. What is a variable? What is the pattern? How many different ways can I represent it? How can I solve it? How can I check my answer?,C_control,NA,high
"Additive Identity Property The Additive Identity Property states that adding zero to any expression leaves the expression unchanged. That is, a + 0 = a. For example, -2 + 0 = -2.",C_control,NA,high
outlier A number in a set of data that is much larger or much smaller than the other numbers in the set.,C_control,NA,high
"2-21. Without using a calculator, compute the value of each of the following expressions.
a. −14 + (−31)
b. −(−8) − (−2)
c. −16 / −8
d. −11 · 24
e. 1/2 − 3/4
f. 46 ÷ (−23)",C_control,NA,high
"10-43. The school is planning many activities, including a piñata station. Consider the piñata options provided. a. Which two piñatas would you recommend to be used for the celebration? Why? b. The more material needed to decorate the piñata, the more expensive it is. Which piñata do you anticipate would be the cheapest? The most expensive? Why?",C_control,NA,high
"7-25. Okie is a western lowland gorilla living at the Audubon Zoo in New Orleans, LA. He loves to finger paint! Many of his paintings have been sold because their colors are so interesting. One painting was sold for five times the amount of a second, and a third was sold for $1,500. If the total sale for all three was for $13,500, how much did the most expensive painting sell for?

Define a variable and then write and solve an equation to solve the problem. Remember to write your answer as a complete sentence.",C_control,NA,high
"1-15. Determining and using a pattern is an important problem-solving skill you will use in algebra. The patterns in Diamond Problems will be used later in the course to solve other types of algebraic problems. Look for a pattern in the completed Diamond Problems. For the last Diamond Problem, explain how you could determine the missing numbers (?) if you know the two given numbers (#). Copy the Diamond Problems shown. Then use the pattern you discovered to complete each one: a. left 3, right 4, bottom 7; b. left -2, right -3; c. top 12, bottom 7; d. top 4, right 1/2.",C_control,NA,high
"8-41. Write the following numbers in scientific notation. a. 370,000,000 b. 7,600",C_control,NA,high
"Methods & Meanings
SURFACE AREA OF A CYLINDER
A cylinder has two congruent, circular bases. The lateral surface of the cylinder, when opened flat, forms a rectangle with a height equal to the height of the cylinder and a width equal to the circumference of the cylinder’s base.
The surface area of a cylinder is the sum of the two base areas and the lateral surface area. The formula for the surface area is SA = 2πr2 + πdh = 2πr2 + 2πrh, where r = radius, d = diameter, and h = height of the cylinder.
For example, the surface area of the cylinder can be calculated as shown:
Area of the two circular bases: 2π(28)2 = 1,568π cm2
Area of the lateral face: π(56)(25) = 1,400π cm2
Total surface area: 1,568π + 1,400π = 2,968π cm2 ≈ 9,324.25 cm2",C_control,NA,high
"Explore: Throughout this course, you have related two variables with a rule, graph, table, figures, etc. Today, you will look more closely at the rules that relate two variables and what the rules suggest about potential outcomes.",C_control,NA,high
"3-49. Make your own complete graph for each of the following rules.
a. y = −x + 1
b. y = 0.5x + 2
c. y = x^2 − 4",C_control,NA,high
"9-93. The following long division work reveals a pattern that helps explain why some decimals repeat. Calculators can also help you identify patterns.
1.00 / 3 = 0.33...
Use your calculator to determine the decimal for each fraction in parts (a) through (f).
a. 3/9
b. 391/999
c. 19/99
d. 1/999
e. 523/999
f. 19/999
g. What conclusions can you make based on parts (a) through (f)? How might this help you write 0.5̄7̄ as a fraction?",C_control,NA,high
9-58. Will the edges of the squares form a right triangle? Explain your reasoning.,C_control,NA,high
"Methods & Meanings ANGLE–ANGLE SIMILARITY FOR TRIANGLES For two triangles to be similar, corresponding angles must have equal measures. However, it is sufficient to know that two pairs of corresponding angles have equal measures, because then the third pair of angles must have equal measure. This is known as the Angle–Angle Triangle Similarity Conjecture, which can be abbreviated as ""AA Similarity"" or ""AA ~.""",C_control,NA,high
"8-125. Compare the inputs and outputs of each of the relationships shown. Explain whether the relationship is a function. a. [x: 3, -1, 2, 0, 1, 2, 9; y: 4, -5, 9, 7, 4, -8, 2] b. [x: 7, -2, 0, 4, 9, -3, 6; y: 6, -3, 4, 2, 10, -3, 0] c. [circle graph centered at origin with radius 2] d. [scatter plot with points] e. [x: -8, 4, 11, 6, -8; y: 11, 3, -8, 3, 11] f. [curved graph] g. (−15, 8), (−3, 8), (0, 8), (4, 8), (10, 8)",C_control,NA,high
8-69. Zayi uses pattern blocks to create the figures shown. a. How can you make a table of values that represent the figures? b. Would you classify the relationship as a linear or nonlinear relationship? Support your conclusion with a graph.,C_control,NA,high
"surface area The sum of all the area(s) of the surface(s) of a three-dimensional solid. For example, the surface area of a prism is the sum of the areas of its top and bottom bases, and its vertical surfaces (lateral faces).",C_control,NA,high
"Methods & Meanings
VOLUME OF A CYLINDER
The volume of a cylinder can be calculated in exactly the same way as the volume of a prism. First, divide the cylinder into layers parallel to the base that are each one unit high. Then, to calculate the total volume, multiply the volume of one layer by the number of layers it takes to fill the shape.
The volume of a cylinder can also be calculated by multiplying the area of the base (B) by the height (h).
Volume = (area of base)(height) = V = Bh = (πr2)(h)
For example, for the cylinder shown:
Area of the base: B = π(12)2 = 144π cm2
Volume: V = 144π(15) = 2160π ≈ 6,785.84 cm3",C_control,NA,high
