para_id,paragraph,tier,stage1_gemini_label,stage1_gemini_confidence
47,"Guided Practice
Simplify the expressions below.
1. 6s − 7t + 12t − 10s
2. 7y^2 − 9x^2 + y^2 − 14x + 3x^2 − 4
Answers
1. Combine the s’s and the t’s.
6s − 7t + 12t − 10s
(6s − 10s) + (−7t + 12t)
−4s + 5t
2. Group together the like terms.
7y^2 − 9x^2 + y^2 − 14x + 3x^2 − 4
(−9x^2 + 3x^2) + (7y^2 + y^2) − 14x − 4
−6x^2 + 8y^2 − 14x − 4
Notice in #1, we did not write (6s − 10s) − (7t + 12t) in the second step. This would lead us to an incorrect answer. Whenever grouping together like terms and one is negative (or being subtracted), always change the operator to addition and make the number negative.
In #2, we can also take out the Greatest Common Factor of -2 from each term using the Distributive Property. This would reduce to −2(3x^2 − 4y^2 + 7x + 2). In this case, we take out a -2 so that the first term is positive.",A_positive,COMMON_ERROR_ALERT,high
445,"Guided Practice 3: Solve the following system using substitution. If there is no unique solution, state whether there is no solution or infinitely many solutions: 3x - 5y = 0, -2x + 6y = 0. Answer: Solving the second equation for x we get: x = 3y. Now, we can substitute this into the first equation to solve for y: 3(3y) - 5y = 0; 9y - 5y = 0; 4y = 0; y = 0. Now we can use this value of y to find x: x = 3y; x = 3(0); x = 0. Therefore, this system has a solution at (0, 0). After solving systems that result in 0 = 0, it is easy to get confused by a result with zeros for the variables. It is perfectly okay for the intersection of two lines to occur at (0, 0).",A_positive,COMMON_ERROR_ALERT,medium
760,Problem Set: 15. Error Analysis Spencer is given the following problem: Multiply (2x−5)^2. Here is his work: (2x−5)^2 = (2x)^2 − 5^2 = 4x^2 − 25. His teacher tells him the answer is 4x^2 − 20x + 25. What did Spencer do wrong? Describe his error and correct the problem.,A_positive,INCORRECT_TO_CORRECT,high
858,"Example A
Solve 3x² - 9x + 11 = 0

Solution:
1. Write the polynomial so that x² and x are on the left side of the equation and the constants on the right.
3x² - 9x = -11

2. Pull out a from everything on the left side. Even if b is not divisible by a, the coefficient of x² needs to be 1 in order to complete the square.
3(x² - 3x + ___) = -11

3. Now, complete the square. Determine what number would make a perfect square trinomial. To do this, divide the x-term by 2 and square that number, or (b/2)².
(b/2)² = (3/2)² = 9/4

4. Add this number to the interior of the parenthesis on the left side. On the right side, you will need to add a · (b/2)² to keep the equation balanced.
3(x² - 3x + 9/4) = -11 + 27/4

5. Factor the left side and simplify the right.
3(x - 3/2)² = -17/4

6. Solve by using square roots.
(x - 3/2)² = -17/12
x - 3/2 = ± (i√17)/(2√3) · √3/√3
x = 3/2 ± √51/6 i

Be careful with the addition of step 2 and the changes made to step 4. A very common mistake is to add (b/2)² to both sides, without multiplying by a for the right side.",A_positive,COMMON_ERROR_ALERT,high
863,"16. Error Analysis Examine the worked out problem below.
4x² - 48x + 11 = 0
4(x² - 12x + ___) = -11
4(x² - 12x + 36) = -11 + 36
4(x - 6)² = 25
(x - 6)² = 25/4
x - 6 = ±5/2
x = 6 ± 5/2 → 17/2, 7/2
Plug the answers into the original equation to see if they work. If not, find the error and correct it.",A_positive,EXPLICIT_ERROR_DETECTION,high
912,"Example A
Graph y = −3x^2 + 14x − 8 using a graphing calculator.
Solution: Using a TI-83/84, press the Y = button. Enter in the equation. Be careful not to confuse the negative sign and the subtraction sign. The equation should look like y = −3x^2 + 14x − 8 or y = −3x^2 + 14x − 8. Press GRAPH.
If your graph does not look like this one, there may be an issue with your window. Press ZOOM and then 6:ZStandard, ENTER. This should give you the standard window.",A_positive,COMMON_ERROR_ALERT,high
1183,"Example A
Solve \sqrt{4x+1}-x = -1

Solution: Now we have an x that is not under the radical. We will still isolate the radical.
\sqrt{4x+1}-x = -1
\sqrt{4x+1} = x-1
Now, we can square both sides. Be careful when squaring x-1, the answer is not x^2-1.
(\sqrt{4x+1})^2 = (x-1)^2
4x+1 = x^2-2x+1
This problem is now a quadratic. To solve quadratic equations, we must either factor, when possible or use the Quadratic Formula. Combine like terms and set one side equal to zero.
4x+1 = x^2-2x+1
0 = x^2-6x
0 = x(x-6)
x = 0 or 6
Check both solutions: \sqrt{4(0)+1}-1 = \sqrt{0+1}-1 = 1-1 = 0 \neq -1. 0 is an extraneous solution. \sqrt{4(6)+1}-6 = \sqrt{24+1}-6 = 5-6 = -1. Therefore, 6 is the only solution.",A_positive,COMMON_ERROR_ALERT,high
1195,"Function Operations

Objective
To add, subtract, multiply, divide and compose two or more functions.

Guidance
As you saw in the Review Queue, we have already dealt with adding, subtracting, and multiplying functions. To add and subtract, you combine like terms (see the Adding and Subtracting Polynomials concept). When multiplying, you either FOIL or use the “box” method (see the Multiplying Polynomials concept). When you add, subtract, or multiply functions, it is exactly the same as what you would do with polynomials, except for the notation. Notice, in the Review Queue, we didn’t write out the entire function, just f(x) - g(x), for example. Let’s continue:
f(x) - g(x) = (x+5) - (x^2-4x+8)
= x+5-x^2+4x-8
= -x^2+5x-3
Distribute the negative sign to the second function and combine like terms. Be careful! f(x) - g(x) \neq g(x) - f(x). Also, this new function, f(x) - g(x) has a different domain and range that either f(x) or g(x).",A_positive,COMMON_ERROR_ALERT,medium
1376,"Guidance

Recall that a rational function is a function, f(x), such that f(x) = p(x)/q(x), where p(x) and q(x) are both polynomials. A rational expression, is just p(x)/q(x). Like any fraction, a rational expression can be simplified. To simplify a rational expression, you will need to factor the polynomials, determine if any factors are the same, and then cancel out any like factors.

Fraction: 9/15 = (3 · 3)/(3 · 5) = 3/5
Rational Expression: (x^2 + 6x + 9)/(x^2 + 8x + 15) = ((x + 3)(x + 3))/((x + 3)(x + 5)) = (x + 3)/(x + 5)

With both fractions, we broke apart the numerator and denominator into the prime factorization. Then, we canceled the common factors.

Important Note: (x + 3)/(x + 5) is completely factored. Do not cancel out the x’s! 3x/(5x) reduces to 3/5, but (x + 3)/(x + 5) does not because of the addition sign. To prove this, we will plug in a number for x to and show that the fraction does not reduce to 3/5. If x = 2, then (2 + 3)/(2 + 5) = 5/7 ≠ 3/5.",A_positive,COMMON_ERROR_ALERT,high
1771,"Guidance Combinations of a subset of a larger set of objects refer to the number of ways we can choose items in any order. For comparison, look at the table below to see when order matters and when order doesn’t matter. TABLE 12.1: Combinations vs Permutations: • Ways to select the members of a committee from a larger population / Ways to select specific officers in a club—president, vice president, treasurer, etc. • Ways to select a set number of pizza toppings from a larger list of choices / Ways to select and arrange scoops of ice cream on a cone • Ways to select books from a reading list / Ways to select and order in which to read books selected from a reading list. The simplest way to describe the difference between a combination and a permutation is to say that in a combination the order doesn’t matter. The members of a committee could be selected in any order but the officers in a club are assigned a specific position and therefore the order does matter. Be careful of the use of these words in the real world as they are sometimes misused. For example, a locker combination. The ways to select and order the three numbers for a locker combination is not actually a combination, but a permutation since the order does matter.",A_positive,COMMON_ERROR_ALERT,high
1940,"More Guidance
A reference angle is the acute angle between the terminal side of an angle and the x –axis. The diagram below shows the reference angles for terminal sides of angles in each of the four quadrants.
Note: A reference angle is never determined by the angle between the terminal side and the y –axis. This is a common error for students, especially when the terminal side appears to be closer to the y –axis than the x –axis.",A_positive,COMMON_ERROR_ALERT,high
12,"Determine if the following statements are true or false.
10. Integers are rational numbers.
11. Every whole number is a real number.
12. Integers are irrational numbers.
13. A natural number is a rational number.
14. An irrational number is a real number.
15. Zero is a natural number.",B_boundary,NA,high
21,"Compare each pair of numbers using <, >, and =.
9. −1/4 ___ −3/8
10. √8 ___ 2.9
11. −2 8/9 ___ −2.75
12. 10/15 ___ 8/12
13. −√50 ___ −5√2
14. 1 5/6 ___ 1.95",B_boundary,NA,high
34,"Example A
Evaluate 2x^2 − 9 for x = −3.
Solution: We know that 2x^2 − 9 is an expression because it does not have an equals sign. Therefore, to evaluate this expression, plug in -3 for x and simplify using the Order of Operations.
2(−3)^2 − 9 → (−3)^2 = −3 · −3 = 9
2(9) − 9
18 − 9
9
You will need to remember that when squaring a negative number, the answer will always be positive. There are three different ways to write multiplication: 2×9, 2 · 9, and 2(9).",B_boundary,NA,high
35,"Example B
Determine if x = 5 is a solution to 3x − 11 = 14.
Solution: Even though the directions are different, this problem is almost identical to Example A. However, this is an equation because of the equals sign. Both sides of an equation must be equal to each other in order for it to be true. Plug in 5 everywhere there is an x. Then, determine if both sides are the same.
3(5) − 11 = 14
15 − 11 ≠ 14
4 ≠ 14
Because 4 ≠ 14, this is not a true equation. Therefore, 5 is not a solution.",B_boundary,NA,high
40,"Determine if the given values are solutions to the equations below.
10. x^2 − 5x + 4 = 0; x = 4
11. y^3 − 7 = y + 3; x = 2
12. 7x − 3 = 4; x = 1
13. 6z + z − 5 = 2z + 12; z = −3
14. 2b − 5b^2 + 1 = b^2; b = 6
15. −1/4 g + 9 = g + 15; g = −8",B_boundary,NA,high
45,"Example B
Simplify 6a − 5b + 2a − 10b + 7
Solution: Here there are two different variables, a and b. Even though they are both variables, they are different variables and cannot be combined. Group together the like terms.
6a − 5b + 2a − 10b + 7
(6a + 2a) + (−5b − 10b) + 7
(8a − 15b + 7)
There is only one number term, called the constant, so we leave it at the end. Also, in general, list the variables in alphabetical order.",B_boundary,NA,high
52,"Solving an algebraic equation for a variable can be tricky, but it can also be very useful. This technique can be used to go back and forth between to different units of measurement. To solve for, or isolate, a variable within an equation, you must undo the operations that are in the equation.",B_boundary,NA,high
53,"Example A
Solve for x in the equation 3x − 4y = 12.
Solution: To solve for x, you need to move the 4y to the other side of the equation. In order to do this, we must do the opposite operation. Since the 4y is being subtracted, we must add it to the other side of the equation.
3x − 4y = 12
+4y = +4y
3x = 4y + 12
Now we need to get x alone. 3x is the same as “3 multiplied by x.” Therefore, to undo the multiplication we must divide both sides of the equation by 3.
3x/3 = 4y/3 + 12/3
x = 4/3 y + 4
When undoing multiplication, you must divide everything in the equation by 3.",B_boundary,NA,high
54,"A few things to note:
1. To undo an operation within an equation, do the opposite.
2. Perform the opposite operations in the reverse order of the Order of Operations.
3. Combine all like terms on the same side of the equals sign before doing #1.",B_boundary,NA,high
68,"Example A
Solve 7+y = 16 for y.
Solution: This problem is simple and you could probably solve it in your head. However, to start good practices, you should always use algebra to solve any equation. Even if the problem seems easy, equations will get more difficult to solve.
To solve an equation for a variable, you must do the opposite, or undo, whatever is on the same side as the variable. 7 is being added to y, so we must subtract 7 from both sides. Notice that this is very similar to the last concept in the previous concept (Solving Algebraic Equations for a Variable).
7 + y = 16
−7 −7
y = 9
You can check that y = 9 is correct by plugging 9 back into the original equation. 7 + 9 does equal 16, so we know that we found the correct answer.",B_boundary,NA,high
76,"Challenge Solve the two equations below. Be careful!
19. 14−z = −3
20. −k/9 = 5",B_boundary,NA,high
78,"Guidance
Now, we will compound steps to solve slightly more complicated equations that the previous concept. We will continue to undo the operations that are in an equation. Remember that order matters. To undo the operations, work in the opposite order of the Order of Operations.",B_boundary,NA,high
83,"Guided Practice
Solve the following equations and check your answer.
1. x/−6 −7 = −11
2. 18 = 6− 2/5 y
Answers
1. Follow the steps from above. First add 7 to both sides and then multiply both sides by –6.
x/−6 −7 = −11
+7 +7
x/−6 = −4
−6 · x/−6 = −4 · −6
x = 24
Check your answer: 24/−6 −7 = −4−7 = −11
2. Again, follow the steps. Here, we will subtract 6 and then multiply by −5/2.
18 = 6− 2/5 y
−6 −6
12 = −2/5 y
−5/2 · 12 = −2/5 y · −5/2
−30 = y
Check your answer: 6− 2/5(−30) = 6+12 = 18",B_boundary,NA,high
85,"When dealing with fractions, one way to “get rid” of them is to multiply everything in the equation by the Least Common Denominator (LCD) for the entire equation. Try this technique with the following equations. We will get you started in #16.
16. 3/8 x− 2/5 = 7/4 The LCD of 8, 5, and 4 is 40. 40(3/8 x− 2/5 = 7/4). Distribute the 40 and solve.
17. 10/3 x+ 3/4 = 5/2
18. 9/10 x− 1/2 = 2/3
19. Solve #15 using the LCD method.
20. Which method is easier for you to solve equations with fractions?",B_boundary,NA,high
87,"Guidance
The types of equations in this concept involve at least three steps. Keep in mind that the last two steps when solving a linear equation will always be the same: add or subtract the number that is on the same side of the equals sign as the variable, then multiply or divide by the number with the variable.",B_boundary,NA,high
90,"Example C
Solve 2(3x−1) +2x = 5−(2x−3).
Solution: This equation combines the two previous examples. First, use the Distributive Property.
2(3x−1) +2x = 5−(2x−3)
6x−2+2x = 5−2x+3
Don’t forget to distribute the negative sign in front of the second set of parenthesis. Treat it like distributing a –1. Now, combine like terms and solve the equation.
8x−2 = 8−2x
+2x+2 +2+2x
10x/10 = 10/10
x = 1
Check your answer:
2(3(1)−1) +2(1) = 5−(2(1)−3)
2 · 2+2 = 5−(−1)
4+2 = 6",B_boundary,NA,medium
93,"Challenge Solve the equations below. Check your solution.
13. 3x/16 + x/8 = (3x+1)/4 + 3/2
14. (x−1)/11 = 2/5 · (x+1)/3
15. 3/x = 2/(x+1)",B_boundary,NA,high
97,"Guidance
Solving a linear inequality is very similar to solving a linear equality, or equation. There are a few very important differences. We no longer use an equal sign. There are four different inequality signs, shown below.
< Less than
> Greater than
≤ Less than or equal to
≥ Greater than or equal to
Notice that the line underneath the ≤ and ≥ signs indicates “equal to.” The inequality x > −1 would be read, “x is greater than -1.” We can also graph these solutions on a number line. To graph an inequality on a number line, shading is used. This is because an inequality is a range of solutions, not just one specific number. To graph x > −1, it would look like this:
Notice that the circle at -1 is open. This is to indicate that -1 is not included in the solution. A <sign would also have an open circle. If the inequality was a ≥ or ≤ sign, then the circle would be closed, or filled in. Shading to the right of the circle shows that any number greater than -1 will be a solution to this inequality.",B_boundary,NA,high
98,"Example A
Is x = −8 a solution to 1/2 x+6 > 3?
Solution: Plug in -8 for x and test this solution.
1/2(−8) +6 > 3
−4+6 > 3
2 > 3
Of course, 2 cannot be greater than 3. Therefore, this is not a valid solution.",B_boundary,NA,high
99,"Example B
Solve and graph the solution to 2x−5 ≤ 17.
Solution: For the most part, solving an inequality is the same as solving an equation. The major difference will be addressed in Example C. This inequality can be solved just like an equation.
2x−5 ≤ 17
+5 +5
2x/2 ≤ 22/2
x ≤ 11
Test a solution, x = 0 : 2(0)−5 ≤ 17 → −5 ≤ 17
Plotting the solution, we get:
Always test a solution that is in the solution range. It will help you determine if you solved the problem correctly.",B_boundary,NA,high
100,"Example C
Solve and graph −6x+7 ≤ −29.
Solution: When solving inequalities, be careful with negatives. Let’s solve this problem the way we normally would an equation.
−6x+7 ≤ −29
−7 −7
−6x/−6 ≤ −36/−6
x ≤ 6
Let’s check a solution. If x is less than or equal to 6, let’s test 1.
−6(1) +7 ≤ −29
−6+7 ≤ −29
1 ≤ −29
This is not a true inequality. To make this true, we must flip the inequality. Therefore, whenever we multiply or divide by a negative number, we must flip the inequality sign. The answer to this inequality is actually x ≥ 6.
Now, let’s test a number in this range.
−6(10) +7 ≤ −29
−60+7 ≤ −29
−60 ≤ −29
This is true. The graph of the solution is:",B_boundary,NA,high
101,"Guided Practice
1. Is x = −5 a solution to −3x+7 > 12?
Solve the following inequalities and graph.
2. 3/8 x+5 < 26
3. 11 < 4−x
Answers
1. Plug -5 into the inequality.
−3(−5) +7 > 12
15+7 > 12
This is true because 22 is larger than 12. -5 is a solution.
2. No negatives with the x−term, so we can solve this inequality like an equation.
3/8 x+5 < 26
−5 −5
8/3 · 3/8 x < 21 · 8/3
x < 56
Test a solution, x = 16 : 3/8(16) +5 < 26
6+5 < 26
The graph looks like:
3. In this inequality, we have a negative x−term. Therefore, we will need to flip the inequality.
11 < 4 −x
−4 −4
7/−1 < −x/−1
−7 > x
Test a solution, x = −10 : 11 < 4−(−10)
11 < 14
Notice that we FLIPPED the inequality sign when we DIVIDED by -1. Also, this equation can also be written x < −7. Here is the graph:",B_boundary,NA,high
106,"Guidance
Like multi-step equations, multi-step inequalities can involve having variables on both sides, the Distributive Property, and combining like terms. Again, the only difference when solving inequalities is the sign must be flipped when multiplying or dividing by a negative number.",B_boundary,NA,high
114,"12. Solve 5x+4 ≤ −2(x+3) by adding the 2x term on the right to the left-hand side.
13. Solve 5x+4 ≤ −2(x+3) by subtracting the 5x term on the left to the right-hand side.
14. Compare your answers from 12 and 13. What do you notice?",B_boundary,NA,high
120,"Example C
Solve and graph −32 > −5x+3 or x−4 ≤ 2.
Solution: When solving an “or” inequality, solve the two inequalities separately, but show the solution on the same number line.
−32 > −5x+3 or x−4 ≤ 2
−3 −3 +4 +4
−35/−5 > −5x/−5 x ≤ 6
7 < x
Notice that in the first inequality, we had to flip the inequality sign because we divided by -5. Also, it is a little more complicated to test a solution for these types of inequalities. You still test one point, but it will only work for one of the inequalities. Let’s test x = 10. First inequality: −32 > −5(10) + 3 → −32 > −47. Second inequality: 10−4 ≤ 2 → 6 ≤ 2. Because x = 10 works for the first inequality, is a solution. Here is the graph.",B_boundary,NA,high
133,"|2/3 x - 5| = 17

2/3 x - 5 = 17 or 2/3 x - 5 = -17
2/3 x = 22 or 2/3 x = -12
x = 22 · 3/2 or x = -12 · 3/2
x = 33 or x = -18

Test the solutions:
|2/3 (33) - 5| = 17
|22 - 5| = 17 [✓]
|17| = 17

|2/3 (-18) - 5| = 17
|-12 - 5| = 17 [✓]
|-17| = 17",B_boundary,NA,high
135,"Answers
1. Plug in -5 for x to see if it works.
|3(-5) + 22| = 6
|-15 + 22| = 6
|-7| ≠ 6
-5 is not a solution because |-7| = 7, not 6.",B_boundary,NA,high
142,"Guidance
Like absolute value equations, absolute value inequalities also will have two answers. However, they will have a range of answers, just like compound inequalities.
|x| > 1 This inequality will have two answers, when x is 1 and when -x is 1. But, what about the inequality sign? The two possibilities would be:
x > 1
-x > 1 (Divide by -1 on both sides, FLIP the inequality sign.) -> x < -1",B_boundary,NA,high
143,"Notice in the second inequality, we did not write x > -1. This is because what is inside the absolute value sign can be positive or negative. Therefore, if x is negative, then -x > 1. It is a very important difference between the two inequalities. Therefore, for the first solution, we leave the inequality sign the same and for the second solution we need to change the sign of the answer AND flip the inequality sign.",B_boundary,NA,medium
145,"When graphing this inequality, we have
Notice that this particular absolute value inequality has a solution that is an “and” inequality because the solution is between two numbers.
If |ax + b| < c, then -c < ax + b < c.
If |ax + b| ≤ c, then -c ≤ ax + b ≤ c.
If |ax + b| > c, then ax + b < -c or ax + b > c.
If |ax + b| ≥ c, then ax + b ≤ -c or ax + b ≥ c.
If you are ever confused by the rules above, always test one or two solutions and graph it.",B_boundary,NA,high
157,"Guidance
One part of word problems is the unit of measure. It can be confusing when we don’t know what the problem is asking for. For example, how many feet are in a mile? How many cups are in a gallon? Here are a few conversions between different units of measure.

TABLE 1.4:
2 cups (c) = 1 pint
2 pints (pt) = 1 quart
4 quarts (qt) = 1 gallon (gal)
12 inches (in) = 1 foot
3 feet (ft) = 1 yard
1760 yards (yd) = 1 mile (mi)
16 ounces (oz) = 1 pound (lb)
2000 lbs = 1 ton
100 centimeters (cm) = 1 meter (m)
1000 meters = 1 kilometer (km)
2.2 cm = 1 inch",B_boundary,NA,high
158,"Example A
How many cups are in a gallon?
Solution: There are 2 cups in a pint, 2 pints in a quart and 4 quarts in a gallon.
(2c / 1pt) · (2pt / 1qt) · (4qt / 1gal) Cancel out the like terms and multiply across.
(2c / 1pt) · (2pt / 1qt) · (4qt / 1gal) = 16c / 1gal There are 16 cups in one gallon.
Make sure to always cancel any units that are in the numerator and denominator of these fractions. Fractions like these are called unit rates because the base is one unit. We write out the unit conversion problems in this way so that we ensure that all of the correct units are canceled out.",B_boundary,NA,high
159,"Example B
How many feet are in 16 yards?
Solution: This problem is not a conversion problem, but asking to extend your knowledge of how many feet are in a yard. We know that there are 3 feet in a yard; therefore there will be 3 · 16 = 48 feet in 16 yards.
Another way to solve this problem is in a ratio, below:
3 ft / 1 yd = x ft / 16 yd To solve a ratio, we cross-multiply.
3 ft · 16 yd = 1 yd · x ft
(48 ft · yd) / 1 yd = x ft Here, x = 48 feet and we show that the appropriate units cancel.",B_boundary,NA,high
165,"Guidance
Word problems are some of the hardest types of problems for students to grasp. There are a few steps to solving any word problem:
1. Read the problem at least twice.
2. Cross out any unnecessary words, circle any numbers or words that represent mathematical operators, or translate words into mathematical expressions.
3. Write an equation and solve.
To help you with steps 2 and 3, generate a list of words that represent: add, subtract, multiply, divide, equal, etc. Here are a few to get you started.

TABLE 1.5:
Operation: Alternate Terms
add: sum ; plus ; and ; increase ; more (than)
multiply: times ; of ; product ; double (x2) ; triple (x3)
subtract: difference ; minus ; decrease ; less (than)
equal: is ; total ; to ; made/make ; spend/spent
divide: quotient ; half (÷2) ; third (÷3)
variable: how many __ ; how much __ ; what amount (of) __
See if you can add anything to these lists. Then, use this chart to help you with decoding word problems.",B_boundary,NA,high
181,"Example B
Find the slope between (-4, 1) and (6, -5).
Solution: Use the Slope Formula above. Set (x1, y1) = (-4, 1) and (x2, y2) = (6, -5).
m = (y2 - y1)/(x2 - x1) = (6 - (-4))/(-5 - 1) = 10/-6 = -5/3",B_boundary,NA,high
185,"Important Note: Always reduce your slope fractions. Also, if the numerator or denominator of a slope is negative, then the slope is negative. If they are both negative, then we have a negative number divided by a negative number, which is positive, thus a positive slope.",B_boundary,NA,high
191,"Example A
Find the equation of the line below.
Solution: Analyze the line. We are given two points on the line, one of which is the y-intercept. From the graph, it looks like the line passes through the y-axis at (0, 4), making b = 4. Now, we need to find the slope. You can use slope triangles or the Slope Formula. Using slope triangles, we have:
From this, we see that the slope is -2/6 or -1/3.
Plugging our found information into the slope-intercept equation, the equation of this line is y = -1/3 x + 4.
Alternate Method: If we had used the Slope Formula, we would use (0, 4) and (6, 2), which are the values of the given points.
m = (2 - 4)/(6 - 0) = -2/6 = -1/3",B_boundary,NA,high
197,"2. First, find the slope.
m = (-8 - (-4))/(-1 - 9) = -4/-10 = 2/5
Now, find the y-intercept. We will use the second point. Remember, it does not matter which point you use.
-8 = 2/5(-1) + b
-8 = -2/5 + b
-7 3/5 = b
The equation of the line is y = 2/5 x - 7 3/5 or y = 2/5 x - 38/5.
When your y-intercept is a fraction, make sure it is reduced. Double-check with your teacher on how s/he wants you to leave your answer.",B_boundary,NA,high
198,"3. We can find the slope one of two ways: using slope triangles or by using the Slope Formula. We are given (by the drawn points in the picture) that (-2, 2) and (4, -2) are on the line. Drawing a slope triangle, we have:
We have that the slope is -4/6 or -2/3. To find the y-intercept, it looks like it is somewhere between 0 and 1. Take one of the points and plug in what you know to the slope-intercept equation.
2 = -2/3(-2) + b
2 = 4/3 + b
2/3 = b
The equation of the line is y = -2/3 x + 2/3.",B_boundary,NA,high
210,"Example D
The equation of a line is 6x−5y = 45. What are the intercepts?

Solution: For the x−intercept, the y−value is zero. Plug in zero for y and solve for x.
6x−5y = 45
6x−5(0) = 45
6x = 45
x = 45/6 or 15/2
The x−intercept is (15/2, 0).
For the y−intercept, the x−value is zero. Plug in zero for x and solve for y.
6x−5y = 45
6(0)−5y = 45
5y = 45
y = 9
The y−intercept is (0, 9).",B_boundary,NA,high
235,"Example C
Write the equation of the line that passes through (6, -10) and is perpendicular to the line that passes through (4, -6) and (3, -4).

Solution: First, we need to find the slope of the line that our line will be perpendicular to. Use the points (4, -6) and (3, -4) to find the slope.
m = (−4−(−6))/(3−4) = 2/−1 = −2
Therefore, the perpendicular slope is the opposite sign and the reciprocal of -2. That makes the slope 1/2. Use the point (6, -10) to find the y−intercept.
−10 = 1/2(6) + b
−10 = 3 + b
−7 = b
The equation of the perpendicular line is y = 1/2 x−7.",B_boundary,NA,high
252,"Guidance
When a line is in standard form, there are two different ways to graph it. The first is to change the equation to slope-intercept form and then graph as shown in the previous concept. The second is to use standard form to find the x and y−intercepts of the line and connect the two. Here are a few examples.",B_boundary,NA,high
258,"13. Writing Which method do you think is easier? Why?
14. Writing Which method would you use to graph x = −5? Why?",B_boundary,NA,high
264,"A more specific type of relation is a function. A function is a relation where there is exactly one output for every input. It cannot be a function if at least one input has more than one output. Simply stated, the x−values of a function cannot repeat. When an equation is a function, y is sometimes rewritten as f(x) (pronounced ""f of x""). f(x) is the function notation. f(x) will be used more in later chapters.",B_boundary,NA,high
265,"Example A
Compare {(3, -2), (-4, -5), (7, -2), (9, 1)} and {(-4, 1), (0, 3), (0, 0), (6, -7)} from above. One is a function and one is not. Which one is the function?

Solution: Look in each set to see if the x−values repeat at all. In the second set of points, the x−value, 0, is repeated in the second and third points. There is not exactly one output for this value. That means the second set of points is not a function. The first set is.",B_boundary,NA,high
272,"HINT: Recall that with open circles, the point is not included.",B_boundary,NA,high
279,"Example B
Find the domain and range of y = x−3.
Solution: Because this is a linear equation we also know that it is a linear function, from the previous concept. All lines continue forever in both directions, as indicated by the arrows.
Notice the line is solid, there are no dashes or breaks, this means that it is continuous. A continuous function has a value for every x, or the domain is all real numbers. Can you plug in ANY value for x and get a y−value? Yes. There are a few ways to write this.
Domain: x ∈ R, x ∈ (−∞,∞), x is all reals
In words, x is an element in the set of real numbers.
The second option, (−∞,∞), is an interval, not a point. The parenthesis indicate that infinity, ∞, and negative infinity, −∞, are not included in the interval, but every number between them is. To include an endpoint in the interval, use [ or ] brackets. This is called interval notation.
The range of this function is also continuous. Therefore, the range is also the set of all real numbers. We can write the range in the same ways we wrote the domain, but with y instead of x.
Range: y ∈ R or y ∈ (−∞,∞)",B_boundary,NA,high
280,"Example C
Find the domain and range of the graphed function below.
Solution: This is a function, even though it might not look like it. This type of function is called a piecewise function because it pieces together two or more parts of other functions.
To find the domain, look at the possible x−values. Notice that when x is between -2 and -1 it is not defined, or there are no x−values.
Mathematically, this would be written: x ∈ (−∞,−2]∪(−1,∞). The ∪ symbol means “union.” In words, the domain is “all real numbers except those between -2 and -1.” Notice that -2 is included in the domain because the dot at -2 is closed. To find the range, we need to look at the possible y−values. Changing our viewpoint to look at the y−axis, at first glance, it looks like the function is not defined from 1 to -3.
However, upon further investigation, the branch on the left does pass through the yellow region, where we though the function was not defined. This means that the function is defined between 1 and -3 and thus for all real numbers. However, below -3, there are no y−values. The range is y ∈ [−3,∞).",B_boundary,NA,high
283,"Interval Notation
The notation [a,b), where a function is defined between a and b. Use ( or ) to indicate that the end value is not included and [ or ] to indicate that the end value is included. Infinity and negative infinity are never included in interval notation.",B_boundary,NA,high
293,"Example A
Which ordered pair is a solution to 4x−y > −12?
a) (6, -5)
b) (-3, 0)
c) (-5, 4)
Solution: Plug in each point to see if they make the inequality true.
a)
4(6)−(−5) > −12
24+5 > −12
29 > −12
b)
4(−3)−0 > −12
−12 ≯ −12
c)
4(−5)−4 > −12
−20−4 > −12
−24 ≯ −12
Of the three points, a) is the only one where the inequality holds true. b) is not true because the inequality sign is only “greater than,” not “greater than or equal to.”",B_boundary,NA,high
300,"Guidance
Graphing linear inequalities is very similar to graphing lines. First, you need to change the inequality into slope-intercept form. At this point, we will have a couple of differences. If the inequality is in the form y < mx + b or y > mx + b, the line will be dotted or dashed because it is not a part of the solution. If the line is in the form y ≤ mx+b or y ≥ mx+b, the line will be solid to indicate that it is included in the solution.
The second difference is the shading. Because these are inequalities, not just the line is the solution. Depending on the sign, there will be shading above or below the line. If the inequality is in the form y < mx+b or y ≤ mx+b, the shading will be below the line, in reference to the y−axis.
If the inequality is in the form y > mx+b or y ≥ mx+b, the shading will be above the line.",B_boundary,NA,high
301,"Example A
Graph 4x−2y < 10.
Solution: First, change the inequality into slope-intercept form. Remember, that if you have to divide or multiply by a negative number, you must flip the inequality sign.
4x−2y < 10
−2y < −4x + 10 Flip the inequality sign because we divided by -2.
y > 2x−5
Now, graph the inequality as if it was a line. Plot y = 2x − 5 like in the Graphing Lines in Slope-Intercept Form concept. However, the line will be dashed because of the “greater than” sign.
Now, we need to determine the shading. You can use one of two methods to do this. The first way is to use the graphs and forms from above. The equation, in slope-intercept form, matches up with the purple dashed line and shading. Therefore, we should shade above the dashed blue line.
The alternate method would be to test a couple of points to see if they work. If a point is true, then the shading is over that side of the line. If we pick (-5, 0), the inequality yields −20 < 10, which tells us that our shading is correct.",B_boundary,NA,high
304,"Example D
Determine the linear inequality that is graphed below.
Solution: Find the equation of the line portion just like you did in the Find the Equation of a Line in Slope-Intercept Form concept. The given points on the line are (0, 8) and (6, 2) (from the points drawn on the graph). This means that the y−intercept is (0, 8). Then, using slope triangles we fall 6 and run 6 to get to (6, 2). This means the slope is −6/6 or -1. Because we have a dotted line and the shading is above, our sign will be the >sign. Putting it all together, the equation of our linear inequality is y > −x+8.
∗When finding the equation of an inequality, like above, it is easiest to find the equation in slope-intercept form. To determine which inequality sign to use, look at the shading along the y−axis. If the shaded y−values get larger, the line will be in the form or y > mx+b or y ≥ mx+b. If they get smaller, the line will be in the form y < mx+b or y ≤ mx+b.",B_boundary,NA,high
316,"Example B
Use a table to graph y = |x|−5. Determine the domain and range.
Solution: Be careful! Here, the minus 5 is not inside the absolute value. So, first take the absolute value of the x−value and then subtract 5. In cases like these, the range can include negative numbers.
TABLE 2.3:
x |x|−5 y
−3 |−3|−5 -2
-2 |−2|−5 -3
-1 |−1|−5 -4
0 |0|−5 -5
1 |1|−5 -4
2 |2|−5 -3
3 |3|−5 -2
Here, the graph shifts down 5 when compared to the parent graph. The domain will be all real numbers, x ∈ R, and the range will be all real numbers greater than or equal to -5, y ∈ [−5,∞).
In these three absolute value graphs, you may have noticed that there is a minimum point. This point is called the vertex. For example, in Example B, the vertex is (0, -5). The vertex can also be a maximum. See the next example.",B_boundary,NA,medium
326,"Example A

Graph y = |x|, y = 1/2|x|, and y = 2|x| on the same set of axes. Compare the three functions.

Solution: You can make a table for all three of these functions. However, now that we have a better understanding of absolute value functions, let's use some patterns. First, look at the vertex. Nothing is being added or subtracted, so the vertex for all three will be (0, 0). Second, look at ‘a.’ For an absolute value function, we can think of a like the slope. Referring back to the definition of the parent graph, each function above can be rewritten as:

y = { x; x ≥ 0, −x; x < 0 (blue), y = { 1/2x; x ≥ 0, −1/2x; x < 0 (red), and y = { 2x; x ≥ 0, −2x; x < 0 (green)

Comparing the three, we see that if the slope is between 1 and 0, the opening is wider than the parent graph. If the slope, or a, is greater than 1, then that opening is narrower. The amount of the opening between the two sides of an absolute value function (and other functions) is called the breadth.

Now, in addition to drawing a table, we can use the general form of an absolute value equation and the value of a to find the shape of the V.",B_boundary,NA,high
329,"Example C

Use a graphing calculator to graph y = |4x+1|−2. Find the vertex, domain, and range.

Solution: For the TI-83/84
1. Press the Y = button.
2. Clear any previous functions (press CLEAR) and turn off any previous plots (arrow up to Plot 1 and press ENTER).
3. Press the MATH button, arrow over to NUM and highlight 1:abs(. Press ENTER.
4. Type in the remaining portion of the function. The screen:
\Y1 = abs(4X+1)−2
5. Press GRAPH. If your screen is off, press ZOOM, scroll down to 6:ZStandard, and press ENTER.
The graph looks like:

As you can see from the graph, the vertex is not (-1, -2). The y−coordinate is -2, but the 4 inside the absolute value affects the x− coordinate. Set what is inside the absolute value equal to zero to solve for the x−coordinate of the vertex.
4x+1 = 0
4x = −1
x = −1/4
The vertex is (−1/4, −2). From the previous concept, we know that the domain is all real numbers. The range will be any number greater than and including -2. In this function, the ‘a’ term was inside the absolute value. When this happens, it will always affect the x−coordinate of the vertex.",B_boundary,NA,high
332,"Problem Set

1. Graph y = 3|x|, y = −3|x|, and y = |−3x| on the same set of axes. Compare the graphs.
2. Graph y = 1/4|x+1|, and y = 1/4|x|+1 on the same set of axes. Compare the graphs.
3. Without graphing, do you think that y = 2|x|, y = |2x|, and y = |−2x| will all produce the same graph? Why or why not?
4. We know that the domain of all absolute value functions is all real numbers. What would be a general rule for the range?",B_boundary,NA,high
335,"Graphing Calculator Extension Use the graphing calculator to answer questions 14-16.

14. Graph y = x^2 −4 on your calculator. Sketch the graph and determine the domain and range.
15. Graph y = |x^2 −4| on your calculator. Sketch graph and determine the domain and range.
16. How do the two graphs compare? How are they different? What could you do to the first graph to get the second?",B_boundary,NA,high
341,"Example B

Find the linear equation of best fit for the data set above.

Solution: First, it can be very difficult to determine the ‘best’ equation for a set of points. In general, you can use these steps to help you.

1. Draw the scatterplot on a graph.
2. Sketch the line that appears to most closely follow the data. Try to have the same number of points above and below the line.
3. Choose two points on the line and estimate their coordinates. These points do not have to be part of the original data set.
4. Find the equation of the line that passes through the two points from Step 3.

Let's use these steps on the graph above. We already have the scatterplot drawn, so let's sketch a couple lines to find the one that best fits the data.

From the lines in the graph, it looks like the purple line might be the best choice. The red line looks good from 2006-2009, but in the beginning, all the data is above it. The green line is well below all the early data as well. Only the purple line cuts through the first few data points, and then splits the last few years. Remember, it is very important to have the same number of points above and below the line.

Using the purple line, we need to find two points on it. The second point, crosses the grid perfectly at (2000, 14). Be careful! Our graph starts at 1999, so that would be considered zero. Therefore, (2000, 14) is actually (1, 14). The line also crosses perfectly at (2007, 10) or (8, 10). Now, let's find the slope and y−intercept.

m = (14−10)/(1−8) = −4/7

y = −4/7x+b
14 = −4/7(1) +b
14 = −0.57+b
14.57 = b

The equation of best fit is y = −4/7x+14.57.

However, the equation above assumes that x starts with zero. In actuality, we started with 1999, so our final equation is y = −4/7(x−1999) +14.57.",B_boundary,NA,medium
351,"Guidance

In the previous lesson, we learned how to find the linear equation of best fit by hand. This entire process can also be done by your graphing calculator. It is recommended that you use a graphing calculator for two main reasons: accuracy and consistency. The graphing calculator will be more accurate than a calculation by hand and it will also be more consistent between students, or a greater likelihood that everyone will get the same answer.",B_boundary,NA,high
354,"Guided Practice

Round all answers to the nearest hundredth.

1. Use the data set from Examples A and B from the previous concept and find the equation of best fit with the graphing calculator. Compare this to the answer we found in Example B. Use both equations to find the sales for 2010.
2. Use the data set from the Guided Practice in the previous concept and find the equation of best fit with the graphing calculator. Compare this to the answer we found.

Answers
1. From Examples A and B in the previous concept, we did not have a table. You need to estimate the values from the scatterplot. Here is a sample table for the scatterplot. Remember, this is years vs. money, in billions.

TABLE 2.13:
1999 (0): 14.8, 2000 (1): 14.1, 2001 (2): 13.8, 2002 (3): 13, 2003 (4): 12, 2004 (5): 12.8, 2005 (6): 13, 2006 (7): 12.3, 2007 (8): 11, 2008 (9): 9, 2009 (10): 6.2

Now, using Examples A (Steps 1-5) and B (Steps 1-4) from this concept, determine the equation of best fit. If you used the data set above, you should get y = −0.66x + 15.28. The equation we got in the previous concept was y = −4/7x + 14.57 or y = −0.57x + 14.57. Using the calculator's equation for 2010 (11), we get y = −0.66(11) + 15.28 = 8.02 billion. Using the equation from the previous concept, we get y = −0.57(11) + 14.57 = 8.3 billion. As you can see, the answers are pretty close.

2. Using the calculator, we get y = −0.096x+15.25. By hand, we got y = −2/21x+15.29 or y = −0.095x+15.29. Comparing answers from 2.5, or 30 months, with the calculator, we get 12.37 hours and we got 12.4 when we did it by hand. All in all, the answers were quite close.",B_boundary,NA,high
364,"Determine whether each ordered pair represents the solution to the given system.

5.
4x+3y = 12
5x+2y = 1; (−3,8)",B_boundary,NA,high
367,"Determine whether each ordered pair represents the solution to the given system.

8.
x+y = −4
x−y = 4; (5,−9)",B_boundary,NA,high
369,"Determine whether each ordered pair represents the solution to the given system.

10.
x+3y = 0
y = −5; (15,−5)",B_boundary,NA,high
378,"Answers
1.
The first line is in slope intercept form and can be graphed accordingly.
The second line is a horizontal line through (0, 2).
The graph of the two equations is shown below. From this graph the solution appears to be (2, 2).
Checking this solution in each equation verifies that it is indeed correct.
Equation 1: 2 = 3(2)−4 ✓
Equation 2: 2 = 2 ✓",B_boundary,NA,high
380,"Answers
3.
The first equation here must be rearranged to be y = −5x+10 before it can be entered into the calculator. The second equation can be entered as is.
Using the calculate menu on the calculator the solution is (3, -5).
Remember to verify this solution algebraically as a way to check your work.",B_boundary,NA,high
390,"Solve the following linear systems by graphing. Use graph paper and a straightedge to insure accuracy. You are encouraged to verify your answer algebraically.

10.
x−2y = −8
x = −3",B_boundary,NA,high
394,"Use the following information to complete exercises 14-17.
Clara and her brother, Carl, are at the beach for vacation. They want to rent bikes to ride up and down the boardwalk. One rental shop, Bargain Bikes, advertises rates of $5 plus $1.50 per hour. A second shop, Frugal Wheels, advertises a rate of $6 plus $1.25 an hour.

14. How much does it cost to rent a bike for one hour from each shop? How about 10 hours?
15. Write equations to represent the cost of renting a bike from each shop. Let x represent the number of hours and y represent the total cost.
16. Solve your system to figure out when the cost is the same.
17. Clara and Carl want to rent the bikes for about 3 hours. Which shop should they use?",B_boundary,NA,high
417,"Example A: Solve the system using substitution: 2x + y = 12, -3x - 5y = -11. Solution: The first step is to look for a variable that is easy to isolate. In other words, does one of the variables have a coefficient of 1? Yes, that variable is the y in the first equation. So, start by isolating or solving for y: y = -2x + 12. This expression can be used to replace the y in the other equation and solve for x: -3x - 5(-2x + 12) = -11; -3x + 10x - 60 = -11; 7x - 60 = -11; 7x = 49; x = 7. Now that we have found x, we can use this value in our expression to find y: y = -2(7) + 12; y = -14 + 12; y = -2. Recall that the solution to a linear system is a point in the coordinate plane where the two lines intersect. Therefore, our answer should be written as a point: (7, -2). You can check your answer by substituting this point into both equations to make sure that it satisfies them: 2(7) + -2 = 14 - 2 = 12; -3(7) - 5(-2) = -21 + 10 = -11.",B_boundary,NA,high
418,"Example B: Solve the system using substitution: 2x + 3y = 13, x + 5y = -4. Solution: In the last example, y was the easiest variable to isolate. Is that the case here? No, this time, x is the variable with a coefficient of 1. It is easy to fall into the habit of always isolating y since you have done it so much to write equation in slope-intercept form. Try to avoid this and look at each system to see which variable is easiest to isolate. Doing so will help reduce your work. Solving the second equation for x gives: x = -5y - 4. This expression can be used to replace the x in the other equation and solve for y: 2(-5y - 4) + 3y = 13; -10y - 8 + 3y = 13; -7y - 8 = 13; -7y = 21; y = -3. Now that we have found y, we can use this value in our expression to find x: x = -5(-3) - 4; x = 15 - 4; x = 11. So, the solution to this system is (11, -3). Don't forget to check your answer: 2(11) + 3(-3) = 22 - 9 = 13; 11 + 5(-3) = 11 - 15 = -4.",B_boundary,NA,medium
420,"Example D: Rex and Carl are making a mixture in science class. They need to have 12 ounces of a 60% saline solution. To make this solution they have a 20% saline solution and an 80% saline solution. How many ounces of each do they need to make the correct mixture? Solution: This type of word problem can be daunting for many students. Let's try to make it easier by organizing our information into a 'picture' equation as shown below: In this picture, we can see that we will be mixing x ounces of the 20% solution with y ounces of the 80% solution to get 12 ounces of the 60% solution. The two equations are thus: 0.2x + 0.8y = 0.6(12); x + y = 12. Now we can solve the system using substitution. Solve for y in the second equation to get: y = 12 - x. Now, substitute and solve in the first equation: 0.2x + 0.8(12 - x) = 0.6(12); 0.2x + 9.6 - 0.8x = 7.2; -0.6x = -2.4; x = 4. Now we can find y: y = 12 - x; y = 12 - 4; y = 8. Therefore, Rex and Carl need 4 ounces of the 20% saline solution and 8 ounces of the 80% saline solution to make the correct mixture.",B_boundary,NA,high
424,"Solve the following system using substitution. Remember to check your answers: 1. x + 3y = -1, 2x + 9y = 7",B_boundary,NA,high
427,"Solve the following system using substitution. Remember to check your answers: 4. 2x - 5y = 21, x = -6y + 2",B_boundary,NA,high
428,"Solve the following system using substitution. Remember to check your answers: 5. y = x + 3, y = 2x - 1",B_boundary,NA,high
429,"Solve the following system using substitution. Remember to check your answers: 6. x + 6y = 1, -2x - 11y = -4",B_boundary,NA,high
431,"Solve the following system using substitution. Remember to check your answers: 8. 2x + 3y = 5, 5x + 7y = 8",B_boundary,NA,high
432,"Solve the following system using substitution. Remember to check your answers: 9. -7x + 2y = 9, 5x - 3y = 3",B_boundary,NA,high
433,"Solve the following system using substitution. Remember to check your answers: 10. 2x - 6y = -16, -6x + 10y = 8",B_boundary,NA,high
435,"Solve the following system using substitution. Remember to check your answers: 12. 5x + y = -3, y = 15x + 9",B_boundary,NA,high
440,"Guidance: When a system has no solution or an infinite number of solutions and we attempt to find a single, unique solution using an algebraic method, such as substitution, the variables will cancel out and we will have an equation consisting of only constants. If the equation is untrue as seen below in Example A, then the system has no solution. If the equation is always true, as seen in Example B, then there are infinitely many solutions.",B_boundary,NA,high
441,"Example A: Solve the system using substitution: 3x - 2y = 7, y = 3/2 x + 5. Solution: Since the second equation is already solved for y, we can use this in the first equation to solve for x: 3x - 2(3/2 x + 5) = 7; 3x - 3x + 5 = 7; 5 != 7. Since the substitution above resulted in the elimination of the variable, x, and an untrue equation involving only constants, the system has no solution. The lines are parallel and the system is inconsistent.",B_boundary,NA,high
463,"Example B: Solve the system using Linear Combination: x + 4y = 2, -x - 5y = -3. Solution: Notice that the coefficients of the x terms are opposites. When we add the two equations together, these terms will be eliminated because their sum is 0x = 0. x + 4y = 2; + -x - 5y = -3; -y = -1. Now we can solve for y: -y = -1; y = 1. Now that we have found y, we can plug this value into either equation to find x: x + 4(1) = 2; x + 4 = 2; x = -2 or -x - 5(1) = -3; -x - 5 = -3; -x = 2; x = -2. The solution is therefore: (-2, 1). Remember to check your answer: -2 + 4(1) = -2 + 4 = 2; -(-2) - 5(1) = 2 - 5 = -3.",B_boundary,NA,high
464,"Example C: Solve the system using Linear Combination: 2x + y = 2, -3x + y = -18. Solution: In this case the coefficients of the y terms are the same, not opposites. One way to solve this system using linear combination would be to subtract the second equation from the first instead of adding it. Sometimes subtraction results in more errors, however, particularly when negative numbers are involved. Instead of subtracting, multiply the second equation by -1 and then add them together. -1(-3x + y = -18) => 3x - y = 18. Essentially, we changed all of the signs of the terms in this equation. Now we can add the two equations together to eliminate y: 2x + y = 2; + 3x - y = 18; 5x = 20. Now we can solve for x: 5x = 20; x = 4. Now that we have found x, plug this value into either equation to find y: 2(4) + y = 2; 8 + y = 2; y = -6 or -3(4) + y = -18; -12 + y = -18; y = -6. The solution is therefore: (4, -6). Remember to check your answer: 2(4) + (-6) = 8 - 6 = 2; -3(4) + (-6) = -12 - 6 = -18.",B_boundary,NA,medium
485,17. Jessica and Maria got to the supermarket to buy fruit. Jessica buys 5 apples and 6 oranges and her total before tax is $3.05. Maria buys 7 apples and 6 oranges and her total before tax is $3.55. What is the price of each fruit? Hint: Let x be the price of one apple and y be the price of one orange.,B_boundary,NA,high
488,"Example A: Solve the system using linear combinations: 4x + y = 0, x - 3y = 26. Solution: Here we have coefficients of y that are opposite signs (one is positive and one is negative). We can get opposite values if we multiply the first equation by 3. Be careful; make sure you multiply the entire equation, including the constant, by 3: 3(4x + y = 0) => 12x + 3y = 0. Now we can use this new equation in our system to eliminate y and solve for x: 12x + 3y = 0; + x - 3y = 26; 13x = 26; x = 2. Now, find y: 4(2) + y = 0; 8 + y = 0; y = -8. Solution: (2, -8). Check your answer: 4(2) + (-8) = 8 - 8 = 0; (2) - 3(-8) = 2 + 24 = 26. * Note that we could have used the other equation to find y in the final step. ** From the beginning, we could have multiplied the second equation by -4 instead to cancel out the x variable.",B_boundary,NA,medium
492,"Guided Practice 2: Solve the following system using linear combinations: 0.75x + 5y = 0, 0.25x - 9y = 0. Answer: For this system, we need to multiply the second equation by -3 to get coefficients of x which are opposites: -3(0.25x - 9y = 0) => -0.75x + 27y = 0; 0.75x + 5y = 0; -0.75x - 9y = 0; -4y = 0; y = 0. Now we can find x: 0.75x + 5(0) = 0; 0.75x = 0; x = 0. Solution: (0, 0)",B_boundary,NA,high
493,"Guided Practice 3: Solve the following system using linear combinations: x - 3y = 5, y = 1/3 x + 8. Answer: This time we need to rewrite the second equation in standard form: x - 3y = 5, -1/3 x + y = 8. Now we can multiply the second equation by 3 to get coefficients of x that are opposites: 3(-1/3 x + y = 8) => -x + 3y = 24. Now our system is: x - 3y = 5, -x + 3y = 24. When we add these equations together, both variables are eliminated and the result is 0 = 29, which is an untrue statement. Therefore, this system has no solution.",B_boundary,NA,high
521,"Guidance
Any of the methods (graphing, substitution, linear combination) learned in this unit can be used to solve a linear system of equations. Sometimes, however it is more efficient to use one method over another based on how the equations are presented. For example
• If both equations are presented in slope intercept form (y = mx+b), then either graphing or substitution would be most efficient.
• If one equation is given in slope intercept form or solved for x, then substitution might be easiest.
• If both equations are given in standard form (Ax+By = C), then linear combinations is usually most efficient.",B_boundary,NA,high
522,"Example A
Solve the following system:

y = −x+5
y = 1/2 x+2

Solution: Since both equations are in slope intercept form we could easily graph these lines. The question is whether or not the intersection of the two lines will lie on the “grid” (whole numbers). If not, it is very difficult to determine an answer from a graph. One way to get around this difficulty is to use technology to graph the lines and find their intersection.

The first equation has a y−intercept of 5 and slope of -1. It is shown here graphed in blue.
The second equation has a y−intercept of 2 and a slope of 1/2. It is shown here graphed in red.
The two lines clearly intersect at (2, 3).

Alternate Method: Substitution may be the preferred method for students who would rather solve equations algebraically. Since both of these equations are equal to y, we can let the right hand sides be equal to each other and solve for x:

−x+5 = 1/2 x+2
2(−x+5 = 1/2 x+2) ← Multiplying the equation by 2 eliminates the fraction.
−2x+10 = x+4
6 = 3x
x = 2

Now solve for y:

y = −(2) +5
y = 3

Solution: (2, 3)",B_boundary,NA,high
540,"Answers
1. a) (-3, 3) is a solution to the system because it lies in the overlapping shaded region.
b) (4, 2) is not a solution to the system. It is a solution to the red inequality only.
c) (3, 2) is not a solution to the system because it lies on the dashed blue line and therefore does not satisfy that inequality.
d) (-4, 4) is a solution to the system since it lies on the solid red line that borders the overlapping shaded region.
2. a) Yes, 0 < 11(4)−5, and 7(4)−4(0) ≥ 1.
b) No, −5 = 11(0)−5 so the first inequality is not satisfied.
c) Yes, 12 < 11(7)−5, and 7(7)−4(12) ≥ 1.
d) No, −3 > 11(−1)−5 so the first inequality is not satisfied.",B_boundary,NA,high
543,"Guidance
In this section we will be graphing two and three linear inequalities on the same grid and identifying where the shaded regions overlap. This overlapping region is the solution to the system. Note: If the shaded regions do not overlap, there is no solution as shown in Example B.",B_boundary,NA,high
547,"Example D
Graph the system of linear inequalities:

y < −2/3 x+3
y ≥ 1
x ≥ −4

Solution:
As in the previous concept, we will graph the lines and determine whether each line should be dashed or solid and which way to shade.

y < −2/3 x + 3 ⇒ This inequality has a y−intercept of 3 and slope of −2/3. Since the inequality is <, we will shade below the dashed blue line.
y ≥ 1 ⇒ This is a horizontal line through (0, 1). The line will be solid and we shade above the red line.
x ≥ −4 ⇒ This is a vertical line through (-4, 0). The line will be solid and we will shade (yellow) to the right of the green line.

The solution to this system is the shaded region (triangular) in the center where all three shaded regions overlap. This region can be difficult to see in a graph so it is common practice to erase the shading that is not a part of the solution to make the solution region is more obvious.",B_boundary,NA,high
559,"Example B

Solve the system using linear combinations:

2x + 4y − 3z = −7
3x − y + z = 20
x + 2y − z = −2

Solution: We can start by taking two equations at a time and eliminating the same variable. We can take the first two equations and eliminate z, then take the second and third equations and also eliminate z.

2x + 4y − 3z = −7 → 2x + 4y − 3z = −7
3(3x − y + z = 20) → 9x − 3y + 3z = 60
Sum: 11x + y = 53
Result from equations 1 and 2: 11x + y = 53

3x − y + z = 20
x + 2y − z = −2
Sum: 4x + y = 18
Result from equations 2 and 3: 4x + y = 18

Now we have reduced our system to two equations in two variables. We can eliminate y most easily next and solve for x.

11x + y = 53 → 11x + y = 53
−1(4x + y = 18) → −4x − y = −18
7x = 35
x = 5

Now use this value to find y:
4(5) + y = 18
20 + y = 18
y = −2

Finally, we can go back to one of the original three equations and use our x and y values to find z.
2(5) + 4(−2) − 3z = −7
10 − 8 − 3z = −7
2 − 3z = −7
−3z = −9
z = 3

Therefore the solution is (5, -2, 3).
Don’t forget to check your answer by substituting the point into each equation.
Equation 1: 2(5) + 4(−2) − 3(3) = 10 − 8 − 9 = −7 ✓
Equation 2: 3(5) − (−2) + (3) = 15 + 2 + 3 = 20 ✓
Equation 3: (5) + 2(−2) − (3) = 5 − 4 − 3 = −2 ✓",B_boundary,NA,high
560,"Example C

Solve the system using linear combinations:

x − 3y + 4z = 14
−x + 2y − 5z = −13
2x + 5y − 3z = −5

Solution: In this case, it is easiest to eliminate x first by combining the first two equations and then combining the second and third equations.

x − 3y + 4z = 14
−x + 2y − 5z = −13
Sum: −y − z = 1
Result from equations 1 and 2: −y − z = 1

2(−x + 2y − 5z = −13) → −2x + 4y − 10z = −26
2x + 5y − 3z = −5 → 2x + 5y − 3z = −5
Sum: 9y − 13z = −31
Result from equations 2 and 3: 9y − 13z = −31

Now we have reduced our system to two equations in two variables. We can eliminate y most easily next and solve for z.

9(−y − z = 1) → −9y − 9z = 9
9y − 13z = −31 → 9y − 13z = −31
−22z = −22
z = 1

Now use this value to find y:
−y − (1) = 1
−y − 1 = 1
−y = 2
y = −2

Finally, we can go back to one of the original three equations and use our y and z values to find x.
x − 3(−2) + 4(1) = 14
x + 6 + 4 = 14
x + 10 = 14
x = 4

Therefore the solution is (4, -2, 1).
Don’t forget to check your answer by substituting the point into each equation.
Equation 1: (4) − 3(−2) + 4(1) = 4 + 6 + 4 = 14 ✓
Equation 2: −(4) + 2(−2) − 5(1) = −4 − 4 − 5 = −13 ✓
Equation 3: 2(4) + 5(−2) − 3(1) = 8 − 10 − 3 = −5 ✓",B_boundary,NA,high
561,"Example D

Solve the system using linear combinations:

x + y + z = 5
5x + 5y + 5z = 20
2x + 3y − z = 8

Solution: We can start by combining equations 1 and 2 together by multiplying the first equation by -5.

−5(x + y + z = 5) → −5x − 5y − 5z = −25
5x + 5y + 5z = 20 → 5x + 5y + 5z = 20
Sum: 0 = −5

Since the result is a false equation, there is no solution to the system.",B_boundary,NA,high
570,"Defining and Comparing Matrices

Objective
Recognize that some data is most clearly organized and presented in a matrix, understand how to define a matrix and be able to compare matrices.",B_boundary,NA,high
574,"Example C

Which two matrices are equal? Explain your answer.

A = [1, -5; -2, 4; 8, 3]
B = [-5, 4, 3; 1, -2, 8]
C = [1, -5; -2, 4; 8, 3]

Solution:
Matrices A and C are equal matrices. They are both 3×2 matrices and have all of the same elements. Matrix B is a 2×3 matrix so even though it contains the same elements, they are arranged differently preventing it from being equal to the other two.",B_boundary,NA,high
579,"Guidance

If two matrices have the same dimensions, then they can be added or subtracted by adding or subtracting corresponding elements as shown below.

Addition:
[a, b; c, d] + [e, f; g, h] = [a+e, b+f; c+g, d+h]

Subtraction:
[a, b; c, d] − [e, f; g, h] = [a−e, b−f; c−g, d−h]

It is important to note that the two matrices are not required to be square matrices. The requirement is that they are the same dimensions. In other words, you can add two matrices that are both 2×3, but you cannot add a 2×2 matrix with a 3×2 matrix. Before attempting to add two matrices, check to make sure that they have the same dimensions.",B_boundary,NA,high
581,"Properties of Matrix Addition

Commutative Property: A+B = B+A
Associative Property: (A+B) + C = A + (B+C)

*Note that these properties do not work with subtraction with real numbers. For example: 7 − 5 ≠ 5 − 7. Because they do not hold for subtraction of real numbers, they also do not work with matrix subtraction.",B_boundary,NA,high
584,"Example C

Perform the indicated operation:
[-4, 2; 5, -3; 13, 8] + [7, -1, 0; -5, 2, 6]

Solution:
In this case the first matrix is 3 × 2 and the second matrix is 2 × 3. Because they have different dimensions they cannot be added.",B_boundary,NA,high
587,"Multiplying Matrices by a Scalar

Objective
Multiply a matrix by a scalar.

Guidance
A matrix can be multiplied by a scalar. A scalar is a real number in matrix algebra-not a matrix. To multiply a matrix by a scalar, each element in the matrix is multiplied by the scalar as shown below:

k [a, b; c, d] = [ka, kb; kc, kd], where k is a scalar.",B_boundary,NA,high
588,"Investigation: Distributive Property of Scalar Multiplication

Let’s investigate what happens if we distribute the multiplication of a scalar of the addition of two matrices. Consider the matrix expression:

3([2; -5] + [-3; 6])

Method 1: Perform the addition inside the parenthesis first and then multiply by the scalar:
3([2; -5] + [-3; 6]) = 3[-1; 1] = [-3; 3]

Method 2: Distribute the scalar into both matrices and then add:
3([2; -5] + [-3; 6]) = [6; -15] + [-9; 18] = [-3; 3]

The results are equivalent. We can conjecture that the Distributive Property of Multiplication over Addition is true for scalar multiplication of matrices. This property can be extended to include distribution of scalar multiplication over subtraction as well.",B_boundary,NA,high
591,"Example B

Perform the indicated operation:
3([2; -1] + [2/3; 4])

Solution: This time we need to decide whether to distribute the 3 inside the parenthesis or add first and then multiply by 3. It is possible to complete this problem either way. However, careful observation allows us to observe that there",B_boundary,NA,high
603,"Limitations of Matrix Multiplication

Objective
Discover and apply the limitations of matrix multiplication:
• the number of rows in the first matrix must equal the number of columns in the second matrix
• no commutative property for matrix multiplication.

Guidance
Matrix multiplication has some limitations which you will discover in the following investigation.",B_boundary,NA,high
604,"Investigation: Limitations to Matrix Multiplication

Part 1:
Note the dimensions of the following matrices. Attempt to multiply the matrices together. What do you notice?

1. [-2 3; 1 -5] · [1 -4]

2. [-2; 3; 5] · [4; -1; 0]

3. [5; -1] · [-3 1; 4 3]

1. These matrices are 2×2 and 1×2. When we try to multiply them together, there is no element to multiply the values in the second column by as shown below:
[-2 3; 1 -5] · [1 -4] = [-2(1) + 3(?)  -2(-4) + 3(?); 1(1) + -5(?)  1(-4) + -5(?)]

2. These matrices are both 3×1. Look what happens when we attempt to multiply:
[-2; 3; 5] · [4; -1; 0] = [-2(4) + ?(-1) + ?(0)]
We can see right away that we have a problem.

3. In this case we have a 2×1 and a 2×2 matrix. Again we have trouble multiplying:
[5; -1] · [-3 1; 4 2] = [5(-3) + ?(4)]

Requirement: In order to multiply two matrices, A and B, the number of columns in matrix A must be equal to the number of rows in column B.",B_boundary,NA,high
606,"Part 2:
Use the following matrices for this exercise:
A = [-2 5; 1 3], B = [1 3; 0 -5]

1. Find AB:
[-2 5; 1 3] · [1 3; 0 -5] = [-2+0  -6-25; 1+0  3-15] = [-2 -31; 1 -12]

2. Find BA:
[1 3; 0 -5] · [-2 5; 1 3] = [-2+3  5+9; 0-5  0-15] = [1 14; -5 -15]

From this exercise we can see that AB ≠ BA. We only need one example to show that the commutative property does not hold for matrix multiplication.

Matrix multiplication is NOT commutative.",B_boundary,NA,high
608,"Example B
Given the matrices:
A = [2 -1 8; 3 0 -5] and B = [-1 0; 2 4; 5 6],
find AB and BA. What do you notice?

Solution:
AB = [2 -1 8; 3 0 -5] · [-1 0; 2 4; 5 6] = [2(-1) + (-1)(2) + 8(5)   2(0) + (-1)(4) + 8(6); 3(-1) + (0)(2) + (-5)(5)   3(0) + (0)(4) + (-5)(6)] = [-2-2+40  0-4+48; -3+0-25  0+0-30] = [36 44; -28 -30]

BA = [-1 0; 2 4; 5 6] · [2 -1 8; 3 0 -5] = [-1(2) + 0(3)  -1(-1) + 0(0)  -1(8) + 0(-5); 2(2) + 4(3)  2(-1) + 4(0)  2(8) + 4(-5); 5(2) + 6(3)  5(-1) + 6(0)  5(8) + 6(-5)] = [-2+0  1+0  -8-0; 4+12  -2+0  16-20; 10+18  -5+0  40-30] = [-2 1 -8; 16 -2 -4; 28 -5 10]

The dimensions of the products are different based on the order in which we multiply them. Clearly, the results are different and the commutative property does not hold for matrix multiplication.",B_boundary,NA,high
610,"**Note: When the product is [1 0; 0 1], the identity matrix for a 2 × 2 matrix, the product can be found by multiplying the matrices in either order as illustrated here in questions 3 and 4. If the product of two matrices is the inverse matrix, then the matrices are multiplicative inverses of one another. This idea will be further explored later in the chapter.",B_boundary,NA,high
616,"Example B
Multiply the matrices together:

[2 -3 5 1; 0 -4 3 -2; 7 1 0 -5] · [8 2 -1; -3 0 7; 5 -1 3; 1 4 6]

Solution: This multiplication problem would be very tedious to perform by hand. We can use the calculator to make the process much more efficient and avoid making careless arithmetic errors as well.
Go to the MATRIX menu on your calculator and EDIT matrix A. Note that the dimensions should be 3×4. Now, enter the elements of the matrix. When you are finished, exit (2nd QUIT) to return to the home screen. Return to the MATRIX menu and EDIT matrix B. Note that the dimensions of matrix B are 4 × 3. Enter the data elements and return to the home screen. Now we can multiply the matrices together by calling them up from the MATRIX menu. Return to the MATRIX menu and select NAME [A]. You will be automatically returned to the home where [A] should be showing. Now, return to the MATRIX menu and select NAME [B]. Your home screen should now have [A][B]. It is not necessary to put a multiplication symbol between the two matrices since the brackets act like parenthesis and already indicate multiplication. Press ENTER and the result will appear:
[51 3 -2; 25 -11 -31; 48 -6 -30].",B_boundary,NA,high
620,"For problems 11 and 12, the calculator will give you an error. Can you explain why? Is it an error you can work around or is the problem just not possible? If you can work around the issue, complete the problem.

11. [2 -3] ([-1 11; 3 -7] + [4 -2; 0 9])

12. ([2; -5] + [-3; 7]) [-6 1; 4 8]",B_boundary,NA,medium
625,"Using the determinant to find the Area of a Triangle in the coordinate plane:
We can find the area of a triangle with vertices (x1, y1), (x2, y2) and (x3, y3) using the formula below
A = ± 1/2 |x1 y1 1; x2 y2 1; x3 y3 1|,
where the ± accounts for the possibility that the determinant could be negative but area should always be positive.",B_boundary,NA,high
635,"Cramer's Rule in Two Variables:
Given the system:
ax + by = e
cx + dy = f,
we can set up the matrix A and solve for x and y as shown below:
A = [a b; c d], x = |e b; f d| / det A and y = |a e; c f| / det A, provided |A| ≠ 0.

Note: When |A| = 0, there is no unique solution. We have to investigate further to determine if there are infinite solutions or no solutions to the system. Notice that there is a pattern here. The coefficients of the variable we are trying to find are replaced with the constants.",B_boundary,NA,high
636,"Cramer's Rule in Three Variables:
Given the system:
ax + by + cz = j
dx + ey + fz = k
gx + hy + iz = l,
we can set up the matrix A and solve for x and y as shown below:
A = [a b c; d e f; g h i],
x = |j b c; k e f; l h i| / det A,  y = |a j c; d k f; g l i| / det A,  and z = |a b j; d e k; g h l| / det A
provided |A| ≠ 0. Once again, if |A| = 0, then there is no unique solution to the system. Once again there is a pattern here. The coefficients of the variable for which we are trying to solve are replaced with the constants.",B_boundary,NA,high
651,"Given:
A = [ 2 -1 ; -3 5 ], AI = [ 2 -1 ; -3 5 ][ 1 0 ; 0 1 ] = [ 2(1) + (-1)(0)  2(0) + (-1)(1) ; (-3)(1) + 5(0)  (-3)(0) + 5(1) ] = [ 2 -1 ; -3 5 ]
In fact, it does not matter which order we multiply by the identity matrix. In other words, AI = IA = A.
Now that we have defined an identity matrix, we can determine an inverse matrix such that A(A^-1) = (A^-1)A = I.
The formula for finding the Inverse of a 2×2 matrix is:
Given: A = [ a b ; c d ], A^-1 = 1/det[A] [ d -b ; -c a ] = 1/(ad - bc) [ d -b ; -c a ], where ad − bc ≠ 0
*Note: If ad − bc = 0 or det[A] = 0, the matrix A is called singular. The inverse of a singular matrix cannot be determined.",B_boundary,NA,high
655,"Example C
Find the inverse of the matrix
[ 4 6 ; -2 -3 ].

Solution: Use the formula above to find the inverse.
[ 4 6 ; -2 -3 ]^-1 = 1/((4)(-3)-(6)(-2)) [ -3 -6 ; 2 4 ] = 1/0 [ -3 -6 ; 2 4 ] ⇒ the inverse does not exist.
This matrix is singular.",B_boundary,NA,high
660,"2.
[ 4 2 ; 10 5 ]^-1 = 1/((4)(5)-(2)(10)) [ 5 -2 ; -10 4 ] = 1/0 [ 5 -2 ; -10 4 ] ⇒ inverse does not exist.
This matrix is singular.",B_boundary,NA,high
667,"Solving a Matrix Equation

Objective
Solve for unknown matrices in matrix equations.

Guidance
Solving equations with matrices is very similar to solving an equation with real numbers. Just like real numbers, we can add or subtract the same matrix on both sides of an equation to isolate the variable matrix. The big change is that we cannot divide by a matrix - division by a matrix is not defined. We can, however, multiply by the inverse of a matrix to isolate the variable matrix. Just be careful - matrix multiplication is not commutative so you must “right multiply” or “left multiply” on both sides of the equation. To illustrate, let’s look at the variable matrix, x, and constant matrices, A and B.
If AX = B, then to solve we must multiply on the left as shown:
AX = B
A^-1 AX = A^-1 B
IX = A^-1 B
X = A^-1 B
If XA = B, then to solve we must multiply on the right as shown:
XA = B
XAA^-1 = BA^-1
XI = BA^-1
X = BA^-1",B_boundary,NA,high
669,"Example B
Solve the equation:
X [ -8 0 ; 7 13 ] = [ 96 104 ; -60 52 ]

Solution: This time the variable matrix, X, is being multiplied by another matrix on the right. This time we will need to find the inverse of
[ -8 0 ; 7 13 ]
and multiply by it on the right side as shown below.
[ -8 0 ; 7 13 ]^-1 = 1/(-104) [ 13 0 ; -7 -8 ]
Now, multiply by this inverse on the right on both sides of the equation:
X [ -8 0 ; 7 13 ] 1/(-104) [ 13 0 ; -7 -8 ] = [ 96 104 ; -60 52 ] 1/(-104) [ 13 0 ; -7 -8 ]
Because scalar multiplication is commutative, we can move this factor to the end and do the matrix multiplication first to avoid fractions.
X [ -8 0 ; 7 13 ] [ 13 0 ; -7 -8 ] 1/(-104) = [ 96 104 ; -60 52 ] [ 13 0 ; -7 -8 ] 1/(-104)
X [ -104 0 ; 0 -104 ] 1/(-104) = [ 520 -832 ; -1144 -416 ] 1/(-104)
X [ 1 0 ; 0 1 ] = [ -5 8 ; 11 4 ]
X = [ -5 8 ; 11 4 ]",B_boundary,NA,high
697,"Example C
Solve the system using matrices:
3x−2y = 3
−6x+4y = 5

Solution: First, let’s translate the system into a matrix equation:
[ 3 -2 ; -6 4 ] [ x ; y ] = [ 3 ; 5 ]
What happens this time when we try to find the inverse of the coefficient matrix?
1/0 [ 4 2 ; 6 3 ]
The inverse does not exist so there is no unique solution to the system. Now we must use an alternative method to determine whether there are infinite solutions or no solution. Let’s use linear combination:
2(3x−2y = 3) ⇒ 6x−4y = 6
−6x+4y = 5    −6x+4y = 5
                0 = 11
The statement that 0 = 11 is false.
Therefore, there is no solution.",B_boundary,NA,high
703,"13. Tommy and Max start a lawn care business. They both charge by the hour for mowing and raking leaves. One week Tommy mowed lawns for 10 hours and raked leaves for 6 hours and earned a total of $114. In the same week, Max mowed lawns for 8 hours and raked leaves for 9 hours and earned a total of $118.50. Assuming they both charge the same rates for each of their services, how much do they charge per hour for mowing? For raking leaves?",B_boundary,NA,high
730,"By now, you might have a couple questions: 1. Does it matter which x−term you put first? NO, order does not matter. In the previous example, we could have put 14x followed by −2x. We would still end up with the same answer. 2. Can I skip the “expanded” part (Steps 3 and 4 in the investigation)? YES and NO. Yes, if a = 1. No, if a != 1 (the next concept). If a = 1, then x^2 + bx + c = (x+m)(x+n) such that m+n = b and mn = c. Consider this a shortcut.",B_boundary,NA,high
739,"Guidance: When we add a number in front of the x^2 term, it makes factoring a little trickier. We still follow the investigation from the previous section, but cannot use the shortcut. First, let’s try FOIL-ing when the coefficients in front of the x−terms are not 1.",B_boundary,NA,high
741,"Now, let’s work backwards and factor a trinomial to get two factors. Remember, you can always check your work by multiplying the final factors together.",B_boundary,NA,high
742,"Example B: Factor 6x^2 − x − 2. Solution: This is a factorable trinomial. When there is a coefficient, or number in front of x^2, you must follow all the steps from the investigation in the previous concept; no shortcuts. Also, m and n no longer have a product of c and a sum of b. This would not take the coefficient of x^2 into account. What we need to do is multiply together a and c (from ax^2 + bx + c) and then find the two numbers whose product is ac and sum is b. Let’s use the X to help us organize this. Now, we can see, we need the two factors of -12 that also add up to -1. Factors of -12 / Sum: -1, 12 (11); 1, -12 (-11); 2, -6 (-4); -2, 6 (4); 3, -4 (-1); -3, 4 (1). The factors that work are 3 and -4. Now, take these factors and rewrite the x−term expanded using 3 and -4 (Step 3 from the investigation in the previous concept): 6x^2 − x − 2 = 6x^2 − 4x + 3x − 2. Next, group the first two terms together and the last two terms together and pull out any common factors: (6x^2 − 4x) + (3x − 2) = 2x(3x − 2) + 1(3x − 2). Just like in the investigation, what is in the parenthesis is the same. We now have two terms that both have (3x−2) as factor. Pull this factor out: (3x − 2)(2x + 1). The factors of 6x^2 − x − 2 are (3x−2)(2x+1). You can FOIL these to check your answer.",B_boundary,NA,high
743,"Example C: Factor 4x^2 + 8x − 5. Solution: Let’s make the steps from Example B a little more concise. 1. Find ac and the factors of this number that add up to b: 4 · −5 = −20. The factors of -20 that add up to 8 are 10 and -2. 2. Rewrite the trinomial with the x−term expanded, using the two factors from Step 1: 4x^2 + 8x − 5 = 4x^2 + 10x − 2x − 5. 3. Group the first two and second two terms together, find the GCF and factor again: (4x^2 + 10x) + (−2x − 5) = 2x(2x + 5) − 1(2x + 5) = (2x + 5)(2x − 1). Alternate Method: What happens if we list −2x before 10x in Step 2? 4x^2 − 2x + 10x − 5 = (4x^2 − 2x) + (10x − 5) = 2x(2x − 1) + 5(2x − 1) = (2x − 1)(2x + 5). This tells us it does not matter which x−term we list first in Step 2 above.",B_boundary,NA,high
744,"Example D: Factor 12x^2 − 22x − 20. Solution: Let’s use the steps from Example C, but we are going to add an additional step at the beginning. 1. Look for any common factors. Pull out the GCF of all three terms, if there is one: 12x^2 − 22x − 20 = 2(6x^2 − 11x − 10). This will make it much easier for you to factor what is inside the parenthesis. 2. Using what is inside the parenthesis, find ac and determine the factors that add up to b: 6 · −10 = −60 -> −15 · 4 = −60, −15 + 4 = −11. The factors of -60 that add up to -11 are -15 and 4. 3. Rewrite the trinomial with the x−term expanded, using the two factors from Step 2: 2(6x^2 − 11x − 10) = 2(6x^2 − 15x + 4x − 10). 4. Group the first two and second two terms together, find the GCF and factor again: 2(6x^2 − 15x + 4x − 10) = 2[(6x^2 − 15x) + (4x − 10)] = 2[3x(2x − 5) + 2(2x − 5)] = 2(2x − 5)(3x + 2).",B_boundary,NA,high
748,"Problem Set: Factor the following quadratic equations, if possible. If they cannot be factored, write not factorable. Don’t forget to look for any GCFs first: 4. 5x^2 + 18x + 9 5. 6x^2 − 21x 6. 10x^2 − x − 3 7. 3x^2 + 2x − 8 8. 4x^2 + 8x + 3 9. 12x^2 − 12x − 18 10. 16x^2 − 6x − 1 11. 5x^2 − 35x + 60 12. 2x^2 + 7x + 3 13. 3x^2 + 3x + 27 14. 8x^2 − 14x − 4 15. 10x^2 + 27x − 9 16. 4x^2 + 12x + 9 17. 15x^2 + 35x 18. 6x^2 − 19x + 15 19. Factor x^2 − 25. What is b? 20. Factor 9x^2 − 16. What is b? What types of numbers are a and c?",B_boundary,NA,high
751,"Investigation: Multiplying (a+b)^2: 1. Rewrite (a+b)^2 as the product of two factors. Expand (a+b)^2: (a+b)^2 = (a+b)(a+b). 2. FOIL your answer from Step 1. This is a perfect square trinomial: a^2 + 2ab + b^2. 3. (a−b)^2 also produces a perfect square trinomial: (a−b)^2 = a^2 − 2ab + b^2. 4. Apply the formula above to factoring 9x^2 − 12x + 4. First, find a and b: a^2 = 9x^2, b^2 = 4 => a = 3x, b = 2. 5. Now, plug a and b into the appropriate formula: (3x−2)^2 = (3x)^2 − 2(3x)(2) + 2^2 = 9x^2 − 12x + 4.",B_boundary,NA,high
752,"Investigation: Multiplying (a−b)(a+b): 1. FOIL (a−b)(a+b): (a−b)(a+b) = a^2 + ab − ab − b^2 = a^2 − b^2. 2. This is a difference of squares. The difference of squares will always factor to be (a+b)(a−b). 3. Apply the formula above to factoring 25x^2 − 16. First, find a and b: a^2 = 25x^2, b^2 = 16 => a = 5x, b = 4. 4. Now, plug a and b into the appropriate formula: (5x−4)(5x+4) = (5x)^2 − 4^2. **It is important to note that if you forget these formulas or do not want to use them, you can still factor all of these quadratics the same way you did in the previous two concepts.",B_boundary,NA,high
753,"Example A: Factor x^2 − 81. Solution: Using the formula from the investigation above, we need to first find the values of a and b: x^2 − 81 = a^2 − b^2; a^2 = x^2, b^2 = 81 => a = x, b = 9. Now, plugging x and 9 into the formula, we have x^2 − 81 = (x−9)(x+9). To solve for a and b, we found the square root of each number. Recall that the square root is a number that, when multiplied by itself, produces another number. This other number is called a perfect square. Alternate Method: Rewrite x^2 − 81 so that the middle term is present: x^2 + 0x − 81. Using the method from the previous two concepts, what are the two factors of -81 that add up to 0? 9 and -9. Therefore, the factors are (x−9)(x+9).",B_boundary,NA,high
754,"Example B: Factor 36x^2 + 120x + 100. Solution: First, check for a GCF: 4(9x^2 + 30x + 25). Now, double-check that the quadratic equation above fits into the perfect square trinomial formula: a^2 = 9x^2, sqrt(a^2) = sqrt(9x^2) => a = 3x; b^2 = 25, sqrt(b^2) = sqrt(25) => b = 5; 2ab = 30x => 2(3x)(5) = 30x. Using a and b above, the equation factors to be 4(3x + 5)^2. If you did not factor out the 4 in the beginning, the formula will still work. a would equal 6x and b would equal 10, so the factors would be (6x+10)^2. If you expand and find the GCF, you would have (6x+10)^2 = (6x+10)(6x+10) = 2(3x+5)2(3x+5) = 4(3x+5)^2. Alternate Method: First, find the GCF: 4(9x^2 + 30x + 25). Then, find ac and expand b accordingly: 9 · 25 = 225, the factors of 225 that add up to 30 are 15 and 15: 4(9x^2 + 30x + 25) = 4(9x^2 + 15x + 15x + 25) = 4[(9x^2 + 15x) + (15x + 25)] = 4[3x(3x + 5) + 5(3x + 5)] = 4(3x + 5)(3x + 5) or 4(3x + 5)^2. Again, notice that if you do not use the formula discovered in this concept, you can still factor and get the correct answer.",B_boundary,NA,high
755,"Example C: Factor 48x^2 − 147. Solution: At first glance, this does not look like a difference of squares. 48 nor 147 are square numbers. But, if we take a 3 out of both, we have 3(16x^2 − 49). 16 and 49 are both square numbers, so now we can use the formula: 16x^2 = a^2 => 4x = a; 49 = b^2 => 7 = b. The factors are (4x−7)(4x+7).",B_boundary,NA,high
764,"Example B: Solve 6x^2 + x − 4 = 11 by factoring. Solution: At first glance, this might not look factorable to you. However, before we factor, we must combine like terms. Also, the Zero-Product Property tells us that in order to solve for the factors, one side of the equation must be zero: 6x^2 + x − 4 = 11 => 6x^2 + x − 15 = 0. Now, factor. The product of ac is -90. What are the two factors of -90 that add up to 1? 10 and -9. Expand the x−term and factor: 6x^2 + x − 15 = 0 => 6x^2 − 9x + 10x − 15 = 0 => 3x(2x − 3) + 5(2x − 3) = 0 => (2x − 3)(3x + 5) = 0. Lastly, set each factor equal to zero and solve: 2x − 3 = 0 or 3x + 5 = 0 => 2x = 3 or 3x = −5 => x = 3/2 or x = −5/3. Check your work: 6(3/2)^2 + 3/2 − 4 = 6(9/4) + 3/2 − 4 = 27/2 + 3/2 − 4 = 15 − 4 = 11; 6(−5/3)^2 − 5/3 − 4 = 6(25/9) − 5/3 − 4 = 50/3 − 5/3 − 4 = 15 − 4 = 11.",B_boundary,NA,high
777,Radical Rules: 1. sqrt(ab) = sqrt(a · b) = sqrt(a) · sqrt(b): Any two radicals can be multiplied together. 2. x sqrt(a) ± y sqrt(a) = (x ± y) sqrt(a): The radicands must be the same in order to add or subtract. 3. (sqrt(a))^2 = sqrt(a^2) = a: The square and square root cancel each other out.,B_boundary,NA,high
781,"Guided Practice Solutions: 1. Pull out all the square numbers: sqrt(150) = sqrt(25 · 6) = 5 sqrt(6). Alternate Method: Write out the prime factorization of 150: sqrt(150) = sqrt(2 · 3 · 5 · 5). Now, pull out any number that has a pair. Write it once in front of the radical and multiply together what is left over under the radical: sqrt(150) = sqrt(2 · 3 · 5 · 5) = 5 sqrt(6). 2. Simplify sqrt(96) to see if anything can be combined. We will use the alternate method above: sqrt(96) = sqrt(2 · 2 · 2 · 2 · 2 · 3) = 2 · 2 sqrt(6) = 4 sqrt(6). Rewrite the expression: 2 sqrt(3) − sqrt(6) + 4 sqrt(6) = 2 sqrt(3) + 3 sqrt(6). This is fully simplified. sqrt(3) and sqrt(6) cannot be combined because they do not have the same value under the radical. 3. This problem can be done two different ways. 1st Method: Multiply radicals, then simplify the answer: sqrt(8) · sqrt(20) = sqrt(160) = sqrt(16 · 10) = 4 sqrt(10). 2nd Method: Simplify radicals, then multiply: sqrt(8) · sqrt(20) = sqrt(4 · 2) · sqrt(4 · 5) = 2 sqrt(2) · 2 sqrt(5) = 2 · 2 sqrt(2 · 5) = 4 sqrt(10). Depending on the complexity of the problem, either method will work. Pick whichever method you prefer.",B_boundary,NA,high
786,"Guidance: Dividing radicals can be a bit more difficult that the other operations. The main complication is that you cannot leave any radicals in the denominator of a fraction. For this reason we have to do something called rationalizing the denominator, where you multiply the top and bottom of a fraction by the same radical that is in the denominator. This will cancel out the radicals and leave a whole number.",B_boundary,NA,high
789,"Example B: Simplify 2/sqrt(3). Solution: This might look simplified, but radicals cannot be in the denominator of a fraction. This means we need to apply Rule #5 to get rid of the radical in the denominator, or rationalize the denominator. Multiply the top and bottom of the fraction by sqrt(3): (2/sqrt(3)) · (sqrt(3)/sqrt(3)) = 2 sqrt(3)/3.",B_boundary,NA,high
797,"Guidance: Now that you are familiar with square roots, we will use them to solve quadratic equations. Keep in mind, that square roots cannot be used to solve every type of quadratic. In order to solve a quadratic equation by using square roots, an x−term cannot be present. Solving a quadratic equation by using square roots is very similar to solving a linear equation. In the end, you must isolate the x^2 or whatever is being squared.",B_boundary,NA,high
798,"Example A: Solve 2x^2 − 3 = 15. Solution: Start by isolating the x^2: 2x^2 − 3 = 15 => 2x^2 = 18 => x^2 = 9. At this point, you can take the square root of both sides: sqrt(x^2) = ±sqrt(9) => x = ±3. Notice that x has two solutions; 3 or -3. When taking the square root, always put the ± (plus or minus sign) in front of the square root. This indicates that the positive or negative answer will be the solution. Check: 2(3)^2 − 3 = 15, 2 · 9 − 3 = 15, 18 − 3 = 15 or 2(−3)^2 − 3 = 15, 2 · 9 − 3 = 15, 18 − 3 = 15.",B_boundary,NA,high
801,"x - 5 = ±2√3
x = 5 ± 2√3
x = 5 + 2√3 or 5 - 2√3. We can estimate these solutions as decimals; 8.46 or 1.54. Remember, that the most accurate answer includes the radical numbers.",B_boundary,NA,high
806,16. Writing Write a set of hints that will help you remember when you should solve an equation by factoring and by square roots. Are there any quadratics that can be solved using either method?,B_boundary,NA,high
807,17. Solve x² - 9 = 0 by factoring and by using square roots. Which do you think is easier? Why?,B_boundary,NA,high
808,"18. Solve (3x - 2)² + 1 = 17 by using square roots. Then, solve 3x² - 4x - 4 = 0 by factoring. What do you notice? What can you conclude?",B_boundary,NA,high
821,"Example C
Simplify the complex expressions.
a) (6 - 4i) + (5 + 8i)
b) 9 - (4 + i) + (2 - 7i)

Solution: To add or subtract complex numbers, you need to combine like terms. Be careful with negatives and properly distributing them. Your answer should always be in standard form, which is a + bi.
a) (6 - 4i) + (5 + 8i) = 6 - 4i + 5 + 8i = 11 + 4i
b) 9 - (4 + i) + (2 - 7i) = 9 - 4 - i + 2 - 7i = 7 - 8i",B_boundary,NA,high
826,"Guidance
When multiplying complex numbers, FOIL the two numbers together (see Factoring when a = 1 concept) and then combine like terms. At the end, there will be an i² term. Recall that i² = -1 and continue to simplify.",B_boundary,NA,high
827,"Example A
Simplify:
a) 6i(1 - 4i)
b) (5 - 2i)(3 + 8i)

Solution:
a) Distribute the 6i to both parts inside the parenthesis.
6i(1 - 4i) = 6i - 24i²
Substitute i² = -1 and simplify further.
= 6i - 24(-1)
= 24 + 6i
Remember to always put the real part first.
b) FOIL the two terms together.
(5 - 2i)(3 + 8i) = 15 + 40i - 6i - 16i²
= 15 + 34i - 16i²
Substitute i² = -1 and simplify further.
= 15 + 34i - 16(-1)
= 15 + 34i + 16
= 31 + 34i",B_boundary,NA,high
828,"More Guidance
Dividing complex numbers is a bit more complicated. Similar to irrational numbers, complex numbers cannot be in the denominator of a fraction. To get rid of the complex number in the denominator, we need to multiply by the complex conjugate. If a complex number has the form a + bi, then its complex conjugate is a - bi. For example, the complex conjugate of -6 + 5i would be -6 - 5i. Therefore, rather than dividing complex numbers, we multiply by the complex conjugate.",B_boundary,NA,high
830,"Example C
Simplify (3 - 5i)/(2 + 9i).

Solution: Now we are dividing by 2 + 9i, so we will need to multiply the top and bottom by the complex conjugate, 2 - 9i.
((3 - 5i)/(2 + 9i)) · ((2 - 9i)/(2 - 9i)) = (6 - 27i - 10i + 45i²)/(4 - 18i + 18i - 81i²) = (6 - 37i - 45)/(4 + 81) = (-39 - 37i)/85 = -39/85 - 37/85 i

Notice, by multiplying by the complex conjugate, the denominator becomes a real number and you can split the fraction into its real and imaginary parts.
In both Examples B and C, substitute i² = -1 to simplify the fraction further. Your final answer should never have any power of i greater than 1.",B_boundary,NA,high
835,"Guidance
When you solve a quadratic equation, there will always be two answers. Until now, we thought the answers were always real numbers. In actuality, there are quadratic equations that have imaginary solutions as well. The possible solutions for a quadratic are:

2 real solutions
x² - 4 = 0
x = -2, 2

Double root
x² + 4x + 4 = 0
x = -2, -2

2 imaginary solutions
x² + 4 = 0
x = -2i, 2i",B_boundary,NA,high
836,"Example A
Solve 3x² + 27 = 0.

Solution: First, factor out the GCF.
3(x² + 9) = 0
Now, try to factor x² + 9. Rewrite the quadratic as x² + 0x + 9 to help. There are no factors of 9 that add up to 0. Therefore, this is not a factorable quadratic. Let's solve it using square roots.
3x² + 27 = 0
3x² = -27
x² = -9
x = ±√-9 = ±3i

Quadratic equations with imaginary solutions are never factorable.",B_boundary,NA,high
854,19. Solve x² + 7x - 44 = 0 by factoring and completing the square. Which method do you prefer?,B_boundary,NA,high
857,"Guidance
When there is a number in front of x², it will make completing the square a little more complicated. See how the steps change in Example A.",B_boundary,NA,high
859,"Example B
Solve 4x² + 7x - 18 = 0.

Solution: Let's follow the steps from Example A.
1. Write the polynomial so that x² and x are on the left side of the equation and the constants on the right.
4x² - 7x = 18
2. Pull out a from everything on the left side.
4(x² + 7/4 x + ___) = 18
3. Now, complete the square. Find (b/2)².
(b/2)² = (7/8)² = 49/64
4. Add this number to the interior of the parenthesis on the left side. On the right side, you will need to add a · (b/2)² to keep the equation balanced.
4(x² + 7/4 x + 49/64) = 18 + 49/16
5. Factor the left side and simplify the right.
4(x + 7/8)² = 337/16
6. Solve by using square roots.
(x + 7/8)² = 337/64
x + 7/8 = ±√337 / 8
x = -7/8 ± √337 / 8",B_boundary,NA,high
868,"Investigation: Deriving the Quadratic Formula
Walk through each step of completing the square of ax² + bx + c = 0.
1. Move the constant to the right side of the equation. ax² + bx = -c
2. ""Take out"" a from everything on the left side of the equation. a(x² + b/a x) = -c
3. Complete the square using b/a. (b/2)² = (b/2a)² = b²/4a²
4. Add this number to both sides. Don't forget on the right side, you need to multiply it by a (to account for the a outside the parenthesis). a(x² + b/a x + b²/4a²) = -c + b²/4a
5. Factor the quadratic equation inside the parenthesis and give the right hand side a common denominator. a(x + b/2a)² = (b² - 4ac)/4a
6. Divide both sides by a. (x + b/2a)² = (b² - 4ac)/4a²
7. Take the square root of both sides. x + b/2a = ±√(b² - 4ac)/2a
8. Subtract b/2a from both sides to get x by itself. x = (-b ± √(b² - 4ac))/2a
This formula will enable you to solve any quadratic equation as long as you know a, b, and c (from ax² + bx + c = 0).",B_boundary,NA,high
870,"Example B
Solve 2x² + 5x - 15 = -x² + 7x + 2 using the Quadratic Formula.
Solution: Let's get everything onto the left side of the equation.
2x² + 5x - 15 = -x² + 7x + 2
3x² - 2x - 13 = 0
Now, use a = 3, b = -2, and c = -13 and plug them into the Quadratic Formula.
x = (-(-2) ± √((-2)² - 4(3)(-13))) / (2(3))
= (2 ± √(4 + 156)) / 6
= (2 ± √160) / 6
= (2 ± 4√10) / 3",B_boundary,NA,high
871,"Example C
Solve x² + 20x + 51 = 0 by factoring, completing the square, and the Quadratic Formula.
Solution: While it might not look like it, 51 is not a prime number. Its factors are 17 and 3, which add up to 20.
x² + 20x + 51 = 0
(x + 17)(x + 13) = 0
x = -17, -3

Now, solve by completing the square.
x² + 20x + 51 = 0
x² + 20x = -51
x² + 20x + 100 = -51 + 100
(x + 10)² = 49
x + 10 = ±7
x = -10 ± 7 → -17, -3

Lastly, let's use the Quadratic Formula. a = 1, b = 20, c = 51.
x = (-20 ± √(20² - 4(1)(51))) / (2(1))
= (-20 ± √(400 - 204)) / 2
= (-20 ± √196) / 2
= (-20 ± 14) / 2
= -17, -3

Notice that no matter how you solve this, or any, quadratic equation, the answer will always be the same.",B_boundary,NA,high
872,"Guided Practice
1. Solve -6x² + 15x - 22 = 0 using the Quadratic Formula.
2. Solve 2x² - x - 15 = 0 using all three methods.

Answers
1. a = -6, b = 15, and c = -22
x = (-15 ± √(15² - 4(-6)(-22))) / (2(-6))
= (-15 ± √(225 - 528)) / -12
= (-15 ± i√303) / -12
= 5/4 ± (√303)/12 i

2. Factoring: ac = -30. The factors of -30 that add up to -1 are -6 and 5. Expand the x-term.
2x² - 6x + 5x - 15 = 0
2x(x - 3) + 5(x - 3) = 0
(x - 3)(2x + 5) = 0
x = 3, -5/2

Complete the square
2x² - x - 15 = 0
2x² - x = 15
2(x² - 1/2 x) = 15
2(x² - 1/2 x + 1/16) = 15 + 1/8
2(x - 1/4)² = 121/8
(x - 1/4)² = 121/16
x - 1/4 = ±11/4
x = 1/4 ± 11/4 → 3, -5/2

Quadratic Formula
x = (1 ± √(1² - 4(2)(-15))) / (2(2))
= (1 ± √(1 + 120)) / 4
= (1 ± √121) / 4
= (1 ± 11) / 4
= 12/4, -10/4 → 3, -5/2",B_boundary,NA,high
877,"Solve the following equations using all three methods.

13. 4x^2 + 20x + 25 = 0
14. x^2 - 18x - 63 = 0
15. Writing Explain when you would use the different methods to solve different types of equations. Would the type of answer (real or imaginary) help you decide which method to use? Which method do you think is the easiest?",B_boundary,NA,high
880,"Investigation: Solving Equations with Different Types of Solutions

1. Solve x^2 - 8x - 20 = 0 using the Quadratic Formula. What is the value of the discriminant?
x = (8 ± √144) / 2 = (8 ± 12) / 2 → 10, -2

2. Solve x^2 - 8x + 6 = 0 using the Quadratic Formula. What is the value of the discriminant?
x = (8 ± √0) / 2 = (8 ± 0) / 2 → 4

3. Solve x^2 - 8x + 20 = 0 using the Quadratic Formula. What is the value of the discriminant?
x = (8 ± √(-16)) / 2 = (8 ± 4i) / 2 → 4 ± 2i

4. Look at the values of the discriminants from Steps 1-3. How do they differ? How does that affect the final answer?
From this investigation, we can conclude:
• If b^2 - 4ac > 0, then the equation has two real solutions.
• If b^2 - 4ac = 0, then the equation has one real solution; a double root.
• If b^2 - 4ac < 0, then the equation has two imaginary solutions.",B_boundary,NA,high
899,"Example A
Change y = 2x^2 + 9x + 10 to intercept form and find the vertex. Graph the parabola.

Solution: First, let's change this equation into intercept form by factoring. ac = 20 and the factors of 20 that add up to 9 are 4 and 5. Expand the x-term.
y = 2x^2 + 9x + 10
y = 2x^2 + 4x + 5x + 10
y = 2x(x + 2) + 5(x + 2)
y = (2x + 5)(x + 2)
Notice, this does not exactly look like the definition. The factors cannot have a number in front of x. Pull out the 2 from the first factor to get y = 2(x + 5/2)(x + 2). Now, find the vertex. Recall that all parabolas are symmetrical. This means that the axis of symmetry is halfway between the x-intercepts or their average.
axis of symmetry = (p + q) / 2 = (-5/2 - 2) / 2 = -9/2 ÷ 2 = -9/2 · 1/2 = -9/4
This is also the x-coordinate of the vertex. To find the y-coordinate, plug the x-value into either form of the quadratic equation. We will use Intercept form.
y = 2(-9/4 + 5/2)(-9/4 + 2)
y = 2 · 1/4 · -1/4
y = -1/8
The vertex is (-2 1/4, -1/8). Plot the x-intercepts and the vertex to graph.",B_boundary,NA,high
900,"The last form is vertex form. Vertex form is written y = a(x - h)^2 + k, where (h, k) is the vertex and a is the same is in the other two forms. Notice that h is negative in the equation, but positive when written in coordinates of the vertex.",B_boundary,NA,high
914,"Example C
Using your graphing calculator, find the x−intercepts of the parabola from Example A.
Solution: To find the x−intercepts, press 2nd TRACE (CALC). The Calculate menu will appear. Select 2:Zero, ENTER. The screen will return to your graph. Let’s focus on the left-most intercept. Now, you need to tell the calculator the Left Bound. Using the arrows, arrow over to the left side of the vertex, press ENTER. Repeat this for the Right Bound (keep the bounds close to the intercept). The calculator then takes a guess, press ENTER again. This intercept is X = .666667, or (2/3, 0). Repeat this process for the second intercept. You should get (4, 0).
NOTE: When graphing parabolas and the vertex does not show up on the screen, you will need to zoom out. The calculator will not find the value(s) of any x−intercepts or the vertex that do not appear on screen. To zoom out, press ZOOM, 3:Zoom Out, ENTER, ENTER.",B_boundary,NA,high
920,"Example A
Find the equation of the parabola with vertex (-1, -4) and passes through (2, 8).
Solution: Use vertex form and substitute -1 for h and -4 for k.
y = a(x − (−1))^2 − 4
y = a(x + 1)^2 − 4
Now, take the second point and plug it for x and y and solve for a.
8 = a(2 + 4)^2 − 4
12 = 36a
1/3 = a
The equation is y = 1/3 (x + 1)^2 − 4.",B_boundary,NA,high
924,"Example C Find the equation of the parabola that passes through (1, 11), (2, 20), (-3, 75). Solution: You can use the same steps from Example B to find the equation of the parabola. Doing this, you should get the equation is y = 5x^2 − 6x + 12. This problem can also be done by solving three equations, with three unknowns. If we plug in (x, y) to y = ax^2 + bx + c, we would get: 11 = a + b + c 20 = 4a + 2b + c 75 = 9a − 3b + c Use linear combinations to solve this system of equations (see Solving a System in Three Variables Using Linear Combinations concept). This problem will be finished in the Problem Set.",B_boundary,NA,high
943,"Example B
Simplify:
(a) x^3 · x^8
(b) xy^2 x^2 y^9
Solution: Use the Product Property above.
(a) x^3 · x^8 = x^{3+8} = x^11
(b) If a number does not have an exponent, you may assume the exponent is 1. Reorganize this expression so the x’s are together and y’s are together.
xy^2 x^2 y^9 = x^1 · x^2 · y^2 · y^9 = x^{1+2} · y^{2+9} = x^3 y^11",B_boundary,NA,high
951,Investigation Evaluate the powers of negative numbers. 17. Find: a. (-2)^1 b. (-2)^2 c. (-2)^3 d. (-2)^4 e. (-2)^5 f. (-2)^6 18. Make a conjecture about even vs. odd powers with negative numbers. 19. Is (-2)^4 different from -2^4? Why or why not?,B_boundary,NA,high
955,Investigation: Negative Exponents 1. Expand 3^2 / 3^7 and cancel out the common 3’s and write your answer with positive exponents. 3^2 / 3^7 = (3·3)/(3·3·3·3·3·3·3) = 1 / 3^5 2. Evaluate 3^2 / 3^7 by using the Quotient of Powers property. 3^2 / 3^7 = 3^{2-7} = 3^{-5} 3. Are the answers from #1 and #2 equal? Write them as a single statement. 1 / 3^5 = 3^{-5} 4. Fill in the blanks. 1 / a^m = a^-m and 1 / a^{-m} = a^m,B_boundary,NA,high
957,"Example A Simplify the following expressions. Your answer should only have positive exponents. (a) 5^2 / 5^5 (b) (x^7 y z^12) / (x^12 y z^7) (c) (a^4 b^0) / (a^8 b) Solution: Use the two properties from above. An easy way to think about where the “leftover” exponents should go, is to look at the fraction and determine which exponent is greater. For example, in b, there are more x’s in the denominator, so the leftover should go there. (a) 5^2 / 5^5 = 5^{-3} = 1 / 5^3 = 1 / 125 (b) (x^7 y z^12) / (x^12 y z^7) = (y^{1-1} z^{12-7}) / x^{12-7} = (y^0 z^5) / x^5 = z^5 / x^5 (c) (a^4 b^0) / (a^8 b) = a^{4-8} b^{0-1} = a^{-4} b^{-1} = 1 / (a^4 b) Alternate Method: Part c (a^4 b^0) / (a^8 b) = 1 / (a^{8-4} b) = 1 / (a^4 b)",B_boundary,NA,high
971,"Example C Simplify (4x^{-3} y^4 z^6) / (12x^2 y) ÷ ((5x y^{-1}) / (15x^3 z^{-2}))^2 without negative exponents. Solution: This example is definitely as complicated as these types of problems get. Here, all the properties of exponents will be used. Remember that dividing by a fraction is the same as multiplying by its reciprocal. (4x^{-3} y^4 z^6) / (12x^2 y) ÷ ((5x y^{-1}) / (15x^3 z^{-2}))^2 = (4x^{-3} y^4 z^6) / (12x^2 y) · (225x^6 z^{-4}) / (25x^2 y^{-2}) = (y^3 z^6) / (3x^5) · (9x^4 y^2) / z^4 = (3x^4 y^5 z^6) / (x^5 z^4) = (3y^5 z^2) / x",B_boundary,NA,high
980,"Guidance A polynomial is an expression with multiple variable terms, such that the exponents are greater than or equal to zero. All quadratic and linear equations are polynomials. Equations with negative exponents, square roots, or variables in the denominator are not polynomials.",B_boundary,NA,high
981,"Now that we have established what a polynomial is, there are a few important parts. Just like with a quadratic, a polynomial can have a constant, which is a number without a variable. The degree of a polynomial is the largest exponent. For example, all quadratic equations have a degree of 2. Lastly, the leading coefficient is the coefficient in front of the variable with the degree. In the polynomial 4x^4 + 5x^3 - 8x^2 + 12x + 24 above, the degree is 4 and the leading coefficient is also 4. Make sure that when finding the degree and leading coefficient you have the polynomial in standard form. Standard form lists all the variables in order, from greatest to least.",B_boundary,NA,high
996,"Example A Find the product of (x^2 - 5)(x^3 + 2x - 9). Solution: Using the FOIL method, you need be careful. First, take the x^2 in the first polynomial and multiply it by every term in the second polynomial. Now, multiply the -5 and multiply it by every term in the second polynomial. Lastly, combine any like terms. In this example, only the x^3 terms can be combined. (x^2 - 5)(x^3 + 2x - 9) = x^5 + 2x^3 - 9x^2 - 5x^3 - 10x + 45 = x^5 - 3x^3 - 9x^2 - 10x + 45",B_boundary,NA,high
997,"Example B Multiply (x^2 + 4x - 7)(x^3 - 8x^2 + 6x - 11). Solution: In this example, we will use the “box” method. Align the two polynomials along the top and left side of a rectangle and make a row or column for each term. Write the polynomial with more terms along the top of the rectangle. Multiply each term together and fill in the corresponding spot. Finally, combine like terms. The final answer is x^5 - 4x^4 - 33x^3 + 69x^2 - 86x + 77. This method presents an alternative way to organize the terms. Use whichever method you are more comfortable with. Keep in mind, no matter which method you use, you will multiply every term in the first polynomial by every term in the second.",B_boundary,NA,high
1007,"Investigation: Difference of Cubes 1. Pictorially, the difference of cubes looks like this: Imagine the smaller cube is taken out of the larger cube. 2. Recall that the formula for volume is length × width × depth. Find the volume of the difference of these two cubes. V = a^3 - b^3 3. Now, we will find the volume in a different way. Using the picture here, will add in imaginary lines so that the shape is split into three prisms. Find the volume of prism 1, prism 2, and prism 3. Prism 1: a · a · (a - b) Prism 2: a · b · (a - b) Prism 3: b · b · (a - b) 4. Add the volumes together to get the volume of the entire shape. V = a^2 (a - b) + ab(a - b) + b^2 (a - b) 5. Pull out any common factors and simplify. V = (a - b)(a^2 + ab + b^2) In the last step, we found that a^3 - b^3 factors to (a - b)(a^2 + ab + b^2). This is the Difference of Cubes Formula.",B_boundary,NA,high
1009,"Example C Find the real-number solutions of x^3 - 8 = 0. Solution: Factor using the difference of cubes. x^3 - 8 = 0 => (x - 2)(x^2 + 2x + 4) = 0 => x = 2. In the last step, we set the first factor equal to zero. The second factor, x^2 + 2x + 4, will give imaginary solutions. For both the sum and difference of cubes, this will always happen.",B_boundary,NA,high
1017,"Example A Factor x^4 + 7x^3 - 8x - 56 by grouping. Solution: First, group the first two and last two terms together. Pull out any common factors. x^4 + 7x^3 - 8x - 56 = x^3(x + 7) - 8(x + 7) Notice what is inside the parenthesis is the same. This should always happen when factoring by grouping. Pull out this common factor. x^3(x + 7) - 8(x + 7) = (x + 7)(x^3 - 8) Look at the factors. Can they be factored any further? Yes. The second factor is a difference of cubes. Use the formula. (x + 7)(x^3 - 8) = (x + 7)(x - 2)(x^2 + 2x + 4)",B_boundary,NA,high
1024,"Guidance The last type of factorable polynomial are those that are in quadratic form. Quadratic form is when a polynomial looks like a trinomial or binomial and can be factored like a quadratic. One example is when a polynomial is in the form ax^4 + bx^2 + c. Another possibility is something similar to the difference of squares, a^4 - b^4. This can be factored to (a^2 - b^2)(a^2 + b^2) or (a - b)(a + b)(a^2 + b^2). Always keep in mind that the greatest common factors should be factored out first.",B_boundary,NA,high
1026,"Example B Factor 81x^4 - 16. Solution: Treat this polynomial equation like a difference of squares. 81x^4 - 16 = (9x^2 - 4)(9x^2 + 4) Now, we can factor 9x^2 - 4 using the difference of squares a second time. (3x - 2)(3x + 2)(9x^2 + 4) 9x^2 + 4 cannot be factored because it is a sum of squares. This will have imaginary solutions.",B_boundary,NA,high
1034,"Place x² above the x² term in the polynomial.
Multiply x² by both terms in the divisor (2x and -3) and place them until their like terms. Subtract from the dividend (2x³ − 3x² − 8x + 12). Pull down the next two terms and repeat.

−8x divided by 2x = −4

After multiplying both terms in the divisor by -4, place that under the terms you brought down. When subtracting we notice that everything cancels out. Therefore, just like we thought, x² − 4 is a factor.

When dividing polynomials, not every divisor will go in evenly to the dividend. If there is a remainder, write it as a fraction over the divisor.",B_boundary,NA,high
1035,"Example A
(2x³ − 6x² + 5x − 20) ÷ (x² − 5)
Solution: Set up the problem using a long division bar.
x² − 5 ) 2x³ − 6x² + 5x − 20
How many times does x² go into 2x³? 2x times.
Multiply 2x by the divisor. Subtract that from the dividend.
Repeat the previous steps. Now, how many times does x² go into 4x²? 4 times.
At this point, we are done. x² cannot go into 5x because it has a higher degree. Therefore, 5x is a remainder. The complete answer would be 2x + 4 + 5x/(x² − 5).",B_boundary,NA,high
1042,"Guidance
Synthetic division is an alternative to long division from the previous concept. It can also be used to divide a polynomial by a possible factor, x − k. However, synthetic division cannot be used to divide larger polynomials, like quadratics, into another polynomial.",B_boundary,NA,high
1046,"Example C
Determine if (2x − 5) is a factor of 4x⁴ − 9x² − 100.
Solution: If you use synthetic division, the factor is not in the form (x − k). We need to solve the possible factor for zero to see what the possible solution would be. Therefore, we need to put 5/2 up in the left-hand corner box. Also, not every term is represented in this polynomial. When this happens, you must put in zero placeholders. In this example, we need zeros for the x³−term and the x−term.
This means that 5/2 is a zero and its corresponding binomial, (2x − 5), is a factor.",B_boundary,NA,high
1054,"Example B
Find the rational solutions to f(x) = 6x⁴ − 43x³ + 66x² − 3x − 10.
Solution: Before the days of graphing calculators, you would have to test all 24 possible solutions to find the correct solutions. Now, we can graph the function and eliminate any possibilities that seem unreasonable. Because the degree of the function is 4, there will be 4 solutions.
Looking back at Example A, the reasonable solutions appear to be: 5, 2, ±1/2, ±1/3, ±1/6, ±2/3, or ±5/6. By just looking at the graph, the solutions between -1 and 1 are difficult to see. This is why we have listed all the solutions between -1 and 1 to test. Let’s test 5 and 2 using synthetic division.
The remainder is zero, like we thought.
Now, rather than starting over with the division by 2, continue with the leftover polynomial.
Again, the remainder is zero. Both 5 and 2 are zeros.
To find the last two zeros, we can test all the fractions above using synthetic division. OR, we can factor this leftover polynomial. Because we started with a polynomial of degree 4, this leftover polynomial is a quadratic. It is 6x² − x − 1. ac = −6 and the factors of -1 that add up to -6 are -3 and 2. Expand the x−term and factor by grouping.
6x² − 3x + 2x − 1
3x(2x − 1) + 1(2x − 1)
(2x − 1)(3x + 1)
Setting these two factors equal to zero, we have x = 1/2 and −1/3. Therefore, the solutions to this polynomial are 5, 2, 1/2 and −1/3.
Check your answer: To check your work, you can multiply the factors together to see if you get the original polynomial.
(2x − 1)(3x + 1)(x − 5)(x − 2) = (6x² − x − 1)(x² − 7x + 10) = 6x⁴ − 43x³ + 66x² − 3x − 10",B_boundary,NA,high
1059,"Finding Imaginary Solutions
Guidance
In #12 from the previous problem set, there are two imaginary solutions. Imaginary solutions always come in pairs. To find the imaginary solutions to a function, use the Quadratic Formula. If you need a little review on imaginary numbers and how to solve a quadratic equation with complex solutions see the Quadratic Equations chapter.",B_boundary,NA,high
1068,"Example B
Analyze the graph below. Find the critical values, end behavior, and find the domain and range.
Solution: First, find the solutions. They appear to be (-2, 0), (1, 0), and (2, 0). Therefore, this function has a minimum degree of 3. However, look at the y−intercept. The graph slightly bends between the maximum and minimum. This movement in the graph tells us that there are two imaginary solutions (recall that imaginary solutions always come in pairs). Therefore, the function has a degree of 5. Approximate the other critical values:
maximum: (-1.1, 10)
minimum: (1.5, -1.3)
y−intercept: (0, 5)
In general, this function is mostly increasing and the ends go in opposite directions. The domain and range are both all real numbers.
When describing critical values, you may approximate their location. In the next concept, we will use the graphing calculator to find these values exactly.
Sometime it can be tricky to see if a function has imaginary solutions from the graph. Compare the graph in Example B to the cubic function above. Notice that it is smooth between the maximum and minimum. As was pointed out earlier, the graph from Example B bends. Any function with imaginary solutions will have a slightly irregular shape or bend like this one does.",B_boundary,NA,high
1074,"Absolute Maximum/Minimum
The highest/lowest point of a function. When referring to the absolute maximum/minimum value, use the y−value.",B_boundary,NA,high
1099,"Determine if the following statements are SOMETIMES, ALWAYS, or NEVER true. Explain your reasoning.
10. The range of an even function is (−∞,max], where max is the maximum of the function.
11. The domain and range of all odd functions are all real numbers.
12. A function can have exactly three imaginary solutions.
13. An n^th degree polynomial has n real zeros.",B_boundary,NA,high
1108,"Example B
Evaluate without a calculator:
a) √[5]{32^3}
b) √{16}^3
Solution:
a) If you solve this problem as written, you would first find 32^3 and then apply the 5th root.
√[5]{32^3} = √[5]{32768} = 8
However, this would be very difficult to do without a calculator. This is an example where it would be easier to apply the root and then the exponent. Let’s rewrite the expression and solve.
(√[5]{32})^3 = 2^3 = 8
b) This problem does not need to be rewritten. √{16} = 4 and then 4^3 = 64.",B_boundary,NA,high
1111,"Answers
1. First, you can separate this number into two different roots, √[4]{625} · √[4]{z^8}. Now, simplify each root.
√[4]{625} · √[4]{z^8} = √[4]{5^4} · √[4]{z^4 · z^4} = 5z^2
When looking at the z^8, think about how many z^4 you can even pull out of the fourth root. The answer is 2, or a z^2, outside of the radical.
2. 32 = 2^5, which means there are not 7 2’s that can be pulled out of the radical. Same with the x^5 and the y. Therefore, you cannot simplify the expression any further.
3. Write out 9216 in the prime factorization and place factors into groups of 5.
√[5]{9216} = √[5]{2 · 2 · 2 · 2 · 2 · 2 · 2 · 2 · 2 · 2 · 3 · 3} = √[5]{2^5 · 2^5 · 3^2} = 2 · 2√[5]{3^2} = 4√[5]{9}
4. Reduce the fraction, separate the numerator and denominator and simplify.
√[3]{40/175} = √[3]{8/35} = √[3]{2^3} / √[3]{35} = 2 / √[3]{35} · √[3]{35^2} / √[3]{35^2} = (2√[3]{1225}) / 35
In the red step, we rationalized the denominator by multiplying the top and bottom by √[3]{35^2}, so that the denominator would be √[3]{35^3} or just 35. Be careful when rationalizing the denominator with higher roots!",B_boundary,NA,high
1123,"Answers
1. Using rational exponents, the 7th root becomes the 1/7 power; 12^{1/7} = 1.426.
2. Using roots, the 9 in the denominator of the exponent is the root; √[9]{845^4} = 19.99. To enter this into a calculator, you can use the rational exponents. If you have a TI-83 or 84, press MATH and select 5:√[x]. On the screen, you should type 9√[x] 845^4 to get the correct answer. You can also enter 845^(4/9) and get the exact same answer
3. 125^{4/3} = (√[3]{125})^4 = 5^4 = 625
4. 256^{5/8} = (√[8]{256})^5 = 2^5 = 32
5. √(81^{1/2}) = √(√81) = √9 = 3",B_boundary,NA,high
1130,"Guidance
When simplifying expressions with rational exponents, all the laws of exponents that were learned in the Polynomial Functions chapter are still valid. On top of that, all the rules of fractions still apply.",B_boundary,NA,high
1132,"Example B
Simplify (4x^{2/3} y^4) / (16x^3 y^{5/6})
Solution: This problem utilizes the Quotient Property of Exponents. Subtract the exponents with the same base and reduce 4/16.
(4x^{2/3} y^4) / (16x^3 y^{5/6}) = 1/4 x^{(2/3)−3} y^{4−(5/6)} = 1/4 x^{-7/3} y^{19/6}
If you are writing your answer in terms of positive exponents, your answer would be y^{19/6} / (4x^{7/3}). Notice, that when a rational exponent is improper we do not change it to a mixed number.
If we were to write the answer using roots, then we would take out the whole numbers. For example, y^{19/6} can be written as y^{19/6} = y^3 y^{1/6} = y^3 √[6]{y} because 6 goes into 19, 3 times with a remainder of 1.",B_boundary,NA,high
1133,"Example C
Simplify (9x^{6/10})^{5/2}.
Solution: This example uses the Powers Property of Exponents. When a power is raised to another power, we multiply the exponents.
(9x^{6/15})^{5/2} = 9^{5/2} · x^{(6/10)·(5/2)} = √9^5 x^{30/20} = 243x^{3/2}",B_boundary,NA,high
1142,"Notice that this shape is half of a parabola, lying on its side. For y = √x, the output is the same as the input of y = x^2. The domain and range of y = √x are all positive real numbers, including zero. x cannot be negative because you cannot take the square root of a negative number.",B_boundary,NA,high
1150,"Answers
1. Plug in x = 9 into the equation and solve for y.
y = −2√{9−5}+8 = −2√4+8 = −2(2) +8 = −4+8 = −4
2. Here, the negative is under the radical. This graph is a reflection of the parent graph over the y-axis.
The domain is all real numbers less than or equal to zero. The range is all real numbers greater than or equal to zero.
3. The starting point of this function is (−3,0) and it is going to “grow” half as fast as the parent graph.
The domain is all real numbers greater than or equal to -3. The range is all real numbers greater than or equal to zero.
4. Using the graphing calculator, the function should be typed in as: Y = −4√(X −5) +1. It will be a reflection over the x-axis, have a starting point of (5,1) and grow four times as fast as the parent graph.",B_boundary,NA,high
1153,"Problem Set
Graph the following square root functions. Use your calculator to check your answers.
1. √{x+2}
2. √{x−5}−2
3. −2√{x+1}
4. 1+√{x−3}
5. (1/2)√{x+8}
6. 3√{x+6}
7. 2√{1−x}
8. √{x+3}−5
9. 4√{x+9}−8
10. −(3/2)√{x−3}+6
11. −3√{5−x}+7
12. 2√{3−x}−9",B_boundary,NA,high
1155,"Guidance
A cubed root function is different from that of a square root. Their general forms look very similar, y = a√[3]{x−h}+k and the parent graph is y = √[3]{x}. However, we can take the cubed root of a negative number, therefore, it will be defined for all values of x. Graphing the parent graph, we have:
TABLE 7.6:
x y
−27 -3
-8 -2
-1 -1
0 0
1 1
8 2
27 3",B_boundary,NA,high
1156,"For y = √[3]{x}, the output is the same as the input of y = x^3. The domain and range of y = √[3]{x} are all real numbers. Notice there is no “starting point” like the square root functions, the (h, k) now refers to the point where the function bends.",B_boundary,NA,high
1159,"Example B
Graph y = -\sqrt[3]{x+2}-3. Find the domain and range.

Solution: From the previous example, we know that from the parent graph, this function is going to shift to the left two units and down three units. The negative sign will result in a reflection.

Alternate Method: If you want to use a table (like in the previous concept), that will also work. Here is a table, then plot the points. (h, k) should always be the middle point in your table.

TABLE 7.7:
x | y
6 | -5
-1 | -4
-2 | -3
-3 | -2
-10 | -1",B_boundary,NA,high
1162,Important Note: The domain and range of all cubed root functions are both all real numbers.,B_boundary,NA,high
1175,"Example A
Is x = 5 the solution to \sqrt{2x+15} = 8?

Solution: Plug in 5 for x to see if the equation holds true. If it does, then 5 is the solution.
\sqrt{2(5)+15} = 8
\sqrt{10+15} = 9
\sqrt{25} \neq 8
We know that \sqrt{25} = 5, so x = 5 is not the solution.",B_boundary,NA,high
1176,"Example B
Solve \sqrt{2x-5}+7 = 16.

Solution: To solve for x, we need to isolate the radical. Subtract 7 from both sides.
\sqrt{2x-5}+7 = 16
\sqrt{2x-5} = 9
Now, we can square both sides to eliminate the radical. Only square both sides when the radical is alone on one side of the equals sign.
(\sqrt{2x-5})^2 = 9^2
2x-5 = 81
2x = 86
x = 43
Check: \sqrt{2(43)-5}+7 = \sqrt{86-5}+7 = \sqrt{81}+7 = 9+7 = 16",B_boundary,NA,high
1177,"ALWAYS check your answers when solving radical equations. Sometimes, you will solve an equation, get a solution, and then plug it back in and it will not work. These types of solutions are called extraneous solutions and are not actually considered solutions to the equation.",B_boundary,NA,medium
1180,"Vocabulary
Extraneous Solution
A solved-for value of x, that when checked, is not actually a solution.",B_boundary,NA,high
1186,"Guided Practice
Solve the following radical equations. Check for extraneous solutions.
1. \sqrt[3]{4x^3-24} = x
2. \sqrt{5x-3} = \sqrt{3x+19}
3. \sqrt{6x-5}-x = -10",B_boundary,NA,high
1187,"Problem Set
Solve the following radical equations. Be sure to check for extraneous solutions.
1. \sqrt{x-3} = x-5
2. \sqrt{x+3}+15 = x-12
3. \sqrt[4]{3x^2+54} = x
4. \sqrt{x^2+60} = 4\sqrt{x}
5. \sqrt{x^4+5x^3} = 2\sqrt{2x+10}
6. x = \sqrt{5x-6}
7. \sqrt{3x+4} = x-2
8. \sqrt{x^3+8x}-\sqrt{9x^2-60} = 0
9. x = \sqrt[3]{4x+4-x^2}
10. \sqrt[4]{x^3+3} = 2\sqrt[4]{x+3}
11. x^2-\sqrt{42x^2+343} = 0
12. x\sqrt{x^2-21} = 2\sqrt{x^3-25x+25}",B_boundary,NA,high
1191,"Example B
Solve -2(x-5)^(3/4)+48 = -202.

Solution: Isolate (x-5)^(3/4) by subtracting 48 and dividing by -2.
-2(x-5)^(3/4)+48 = -202
-2(x-5)^(3/4) = -250
(x-5)^(3/4) = -125
To undo the three-fourths power, raise everything to the four-thirds power.
[(x-5)^(3/4)]^(4/3) = (-125)^(4/3)
x-5 = 625
x = 630
Check: -2(630-5)^(3/4)+48 = -2 · 625^(3/4)+48 = -2 · 125+48 = -250+48 = -202",B_boundary,NA,high
1192,"Guided Practice
Solve the following rational exponent equations and check for extraneous solutions.
1. 8(3x-1)^(2/3) = 200
2. 6x^(3/2)-141 = 1917",B_boundary,NA,high
1196,"Example A
If f(x) = \sqrt{x-8} and g(x) = 1/2 x^2, find fg and f/g. Determine any restrictions for f/g.

Solution: First, even though the x is not written along with the f(x) and g(x), it can be implied that f and g represent f(x) and g(x).
fg = \sqrt{x-8} · 1/2 x^2 = 1/2 x^2 \sqrt{x-8}
To divide the two functions, we will place f over g in a fraction.
f/g = \sqrt{x-8} / (1/2 x^2) = (2\sqrt{x-8}) / x^2
To find the restriction(s) on this function, we need to determine what value(s) of x make the denominator zero because we cannot divide by zero. In this case x \neq 0. Also, the domain of f(x) is only x \ge 8, because we cannot take the square root of a negative number. The portion of the domain where f(x) is not defined is also considered part of the restriction. Whenever there is a restriction on a function, list it next to the function, separated by a semi-colon. We will not write x \neq 0 separately because it is included in x \ge 8.
f/g = (2\sqrt{x-8}) / x^2; x \ge 8",B_boundary,NA,high
1198,"Example B
Using f(x) and g(x) from Example A find f(g(x)) and g(f(x)) and any restrictions on the domains.

Solution: For f(g(x)), we are going to put g(x) into f(x) everywhere there is an x-value.
f(g(x)) = \sqrt{g(x)-8}
Now, substitute in the actual function for g(x).
f(g(x)) = \sqrt{g(x)-8} = \sqrt{1/2 x^2 - 8}
To find the domain of f(g(x)), let’s determine where x is defined. The radicand is equal to zero when x = 4 or x = -4. Between 4 and -4, the function is not defined because the square root would be negative. Therefore, the domain is all real numbers; -4 \ge x or x \ge 4.
Now, to find g(f(x)), we would put f(x) into g(x) everywhere there is an x-value.
g(f(x)) = 1/2 [f(x)]^2
= 1/2 [\sqrt{x-8}]^2
= 1/2 (x-8)
= 1/2 x - 4
Notice that f(g(x)) \neq g(f(x)). It is possible that f \circ g = g \circ f and is a special case, addressed in the next concept. To find the domain of g(f(x)), we will determine where x is defined. g(f(x)) is a line, so we would think that the domain is all real numbers. However, while simplifying the composition, the square and square root canceled out. Therefore, any restriction on f(x) or g(x) would still exist. The domain would be all real numbers such that x \ge 8 from the domain of f(x). Whenever operations cancel, the original restrictions from the inner function still exist. As with the case of f(g(x)), no simplifying occurred, so the domain was unique to that function.",B_boundary,NA,high
1199,"Example C
If f(x) = x^4-1 and g(x) = 2\sqrt[4]{x+1}, find g \circ f and the restrictions on the domain.

Solution: Recall that g \circ f is another way of writing g(f(x)). Let’s plug f into g.
g \circ f = 2\sqrt[4]{f(x)+1}
= 2\sqrt[4]{(x^4-1)+1}
= 2\sqrt[4]{x^4}
= 2|x|
The final function, g \circ f \neq 2x because x is being raised to the 4th power, which will always yield a positive answer. Therefore, even when x is negative, the answer will be positive. For example, if x = -2, then g \circ f = 2\sqrt[4]{(-2)^4} = 2 · 2 = 4. An absolute value function has no restrictions on the domain. This will always happen when even roots and powers cancel. The range of this function is going to be all positive real numbers because the absolute value is never negative.
Recall, the previous example, however. The restrictions, if there are any, from the inner function, f(x), still exist. Because there are no restrictions on f(x), the domain of g \circ f remains all real numbers.",B_boundary,NA,high
1208,Alternate Method: There is also an algebraic approach to finding the inverse of any function. Let’s repeat this example using algebra. 1. Change f(x) to y: y = 2/3 x − 1. 2. Switch the x and y. Change y to y^-1 for the inverse: x = 2/3 y^-1 − 1. 3. Solve for y': x = 2/3 y^-1 − 1; 3/2 (x + 1) = 3/2 · (2/3 y^-1); 3/2 x + 3/2 = y^-1. The algebraic method will work for any type of function.,B_boundary,NA,high
1209,"Example C: Determine if g(x) = √(x − 2) and f(x) = x^2 + 2 are inverses of each other. Solution: There are two different ways to determine if two functions are inverses of each other. The first, is to find f^-1 and g^-1 and see if f^-1 = g and g^-1 = f. x = √(y^-1 − 2) => x^2 = y^-1 − 2 => x^2 + 2 = y^-1 = g^-1(x); and x = (y^-1)^2 + 2 => x − 2 = (y^-1)^2 => ±√(x − 2) = y^-1 = f^-1(x). Notice the ± sign in front of the square root for f^-1. That means that g^-1 is √(x − 2) and −√(x − 2). Therefore, f^-1 is not really a function because it fails the vertical line test. However, if you were to take each part separately, individually, they are functions. You can also think about reflecting f(x) over y = x. It would be a parabola on its side, which is not a function. The inverse of g would then be only half of the parabola, see below. Despite the restrictions on the domains, f and g are inverses of each other.",B_boundary,NA,high
1210,"Alternate Method: The second, and easier, way to determine if two functions are inverses of each other is to use composition. If f ∘ g = g ∘ f = x, then f and g are inverses of each other. Think about it; if everything cancels out and all that remains is x, each operation within the functions are opposites, making the functions “opposites” or inverses of each other. f ∘ g = √((x^2 + 2) − 2) = √(x^2) = x and g ∘ f = (√(x − 2))^2 + 2 = x − 2 + 2 = x. Because f ∘ g = g ∘ f = x, f and g are inverses of each other. Both f ∘ g = x and g ∘ f = x in order for f and g to be inverses of each other.",B_boundary,NA,high
1216,"Find the inverses of the following functions algebraically. Note any restrictions to the domain of the inverse functions. These problems are a little trickier as you will need to factor out the y variable to solve. Use the example below as a guide. f(x) = (3x + 13)/(2x − 11). Example: 1. x = (3y + 13)/(2y − 11) First, switch x and y. 2. 2xy − 11x = 3y + 13 Multiply both sides by 2y − 11 to eliminate the fraction. 3. 2xy − 3y = 11x + 13 Now rearrange the terms to get both terms with y in them on one side and everything else on the other side. 4. y(2x − 3) = 11x + 13 Factor out the y. 5. y = (11x + 13)/(2x − 3) Finally, Divide both sides by 2x − 3 to isolate y. So, the inverse of f(x) = (3x + 13)/(2x − 11), x ≠ 11/2 is f^-1(x) = (11x + 13)/(2x − 3), x ≠ 3/2.  13. f(x) = (x + 7)/x, x ≠ 0  14. f(x) = x/(x − 8), x ≠ 8",B_boundary,NA,high
1229,"Example A: Graph y = (1/2)^x and compare it to y = 2^x. Solution: Let’s make a table of both functions and then graph. TABLE 8.2: x = 3, (1/2)^3 = 1/8, 2^3 = 8; x = 2, (1/2)^2 = 1/4, 2^2 = 4; x = 1, (1/2)^1 = 1/2, 2^1 = 2; x = 0, (1/2)^0 = 1, 2^0 = 1; x = -1, (1/2)^-1 = 2, 2^-1 = 1/2; x = -2, (1/2)^-2 = 4, 2^-2 = 1/4; x = -3, (1/2)^-3 = 8, 2^-3 = 1/8. Notice that y = (1/2)^x is a reflection over the y-axis of y = 2^x. Therefore, instead of exponential growth, the function y = (1/2)^x decreases exponentially, or exponentially decays. Anytime b is a fraction or decimal between zero and one, the exponential function will decay. And, just like an exponential growth function, and exponential decay function has the form y = ab^x and a > 0. However, to be a decay function, 0 < b < 1. The exponential decay function also has an asymptote at y = 0.",B_boundary,NA,high
1251,"Example C
Gianna opens a savings account with $1000 and it accrues interest continuously at a rate of 5%. What is the balance in the account after 6 years?
Solution: In the previous concept, the word problems dealt with interest that compounded monthly, quarterly, annually, etc. In this example, the interest compounds continuously. The equation changes slightly, from A = P(1+r/n)^(nt) to A = Pe^(rt), without n, because there is no longer any interval. Therefore, the equation for this problem is A = 1000e^(0.05(6)) and the account will have $1349.86 in it. Compare this to daily accrued interest, which would be A = 1000(1+0.05/365)^(365(6)) = 1349.83.",B_boundary,NA,high
1260,"Defining Logarithms
Objective
To define and use logarithms.
Guidance
You can probably guess that x = 3 in 2^x = 8 and x = 4 in 2^x = 16. But, what is x if 2^x = 12? Until now, we did not have an inverse to an exponential function. But, because we have variables in the exponent, we need a way to get them out of the exponent. Introduce the logarithm. A logarithm is defined as the inverse of an exponential function. It is written log_b a = x such that b^x = a. Therefore, if 5^2 = 25 (exponential form), then log_5 25 = 2 (logarithmic form).
There are two special logarithms, or logs. One has base 10, and rather that writing log_10, we just write log. The other is the natural log, the inverse of the natural number. The natural log has base e and is written ln This is the only log that is not written using log.",B_boundary,NA,high
1288,"Example A
Simplify log_b x + log_b y.
Solution: First, notice that these logs have the same base. If they do not, then the properties do not apply.
log_b x = m and log_b y = n, then b^m = x and b^n = y.
Now, multiply the latter two equations together.
b^m · b^n = xy
b^(m+n) = xy
Recall, that when two exponents with the same base are multiplied, we can add the exponents. Now, reapply the logarithm to this equation.
b^(m+n) = xy → log_b xy = m+n
Recall that m = log_b x and n = log_b y, therefore log_b xy = log_b x + log_b y.
This is the Product Property of Logarithms.",B_boundary,NA,high
1307,"Example C
Solve 8^(2x−3) − 4 = 5.
Solution: Add 4 to both sides and then take the log of both sides.
8^(2x−3) − 4 = 5
8^(2x−3) = 9
log 8^(2x−3) = log 9
(2x−3)log 8 = log 9
2x−3 = (log 9)/(log 8)
2x = 3 + (log 9)/(log 8)
x = 3/2 + (log 9)/(2log 8) ≈ 2.56
Notice that we did not find the numeric value of log 9 or log 8 until the very end. This will ensure that we have the most accurate answer.",B_boundary,NA,high
1312,"Example A
Solve log_2(x+5) = 9.
Solution: There are two different ways to solve this equation. The first is to use the definition of a logarithm.
log_2(x+5) = 9
2^9 = x+5
512 = x+5
507 = x
The second way to solve this equation is to put everything into the exponent of a 2, and then use the inverse property.
2^(log_2(x+5)) = 2^9
x+5 = 512
x = 507
Make sure to check your answers for logarithmic equations. There can be times when you get an extraneous solution.
log_2(507+5) = 9 → log_2 512 = 9",B_boundary,NA,high
1314,"Example C
Solve log 5x + log(x - 1) = 2

Solution: Condense the left-hand side using the Product Property.
log 5x + log(x - 1) = 2
log[5x(x - 1)] = 2
log(5x^2 - 5x) = 2

Now, put everything in the exponent of 10 and solve for x.
10^(log(5x^2 - 5x)) = 10^2
5x^2 - 5x = 100
x^2 - x - 20 = 0
(x - 5)(x + 4) = 0
x = 5, -4

Now, check both answers.
log 5(5) + log(5 - 1) = 2
log 25 + log 4 = 2
log 100 = 2

log 5(-4) + log((-4) - 1) = 2
log(-20) + log(-5) = 2

-4 is an extraneous solution. In the step log(-20) + log(-5) = 2, we cannot take the log of a negative number, therefore -4 is not a solution. 5 is the only solution.",B_boundary,NA,high
1352,"The notation above is one way to write a range of numbers called interval notation and was introduced in the Finding the Domain and Range of Functions concept. The ∪ symbol means “union.” Notice that -∞ and ∞ are not included in the range.

In general, rational functions with quadratics in the denominator are split into six regions and have branches in three of them, like the example above. However, there are cases when there are no zeros or vertical asymptotes and those look very different. You should always graph the function in a graphing calculator after you find the critical values and make as accurate a sketch as you can.",B_boundary,NA,high
1354,"Example D
Graph f(x) = (x^2 - 8x + 12)/(x^2 - x - 6). Find the intercepts, asymptotes, domain and range.

Solution: Let's factor the numerator and denominator to find the intercepts and vertical asymptotes.
f(x) = (x^2 - 8x + 12)/(x^2 + x - 6) = ((x - 6)(x - 2))/((x + 3)(x - 2))

Notice that the numerator and denominator both have a factor of (x - 2). When this happens, a hole is created because x = 2 is both a zero and an asymptote. Therefore, x = 2 is a hole and neither a zero nor an asymptote.

There is a vertical asymptote at x = -3 and a zero at x = 6. The horizontal asymptote is at y = 1. The graph of f(x) = (x^2 - 8x + 12)/(x^2 - x - 6) will look like the graph of f(x) = (x - 6)/(x + 3), but with a hole at x = 2. A hole is not part of the domain. And, the output value that corresponds with the hole is not part of the range. In this example, f(2) = (2 - 6)/(2 + 3) = -4/6 = -2/3 is not part of the range.

The domain is x ∈ ℝ; x ≠ 2, -3 and the range is y ∈ ℝ; y ≠ 1, -2/3.",B_boundary,NA,high
1355,"Guided Practice
Graph the following functions. Find all intercepts, asymptotes, the domain and range. Double-check your answers with a graphing calculator.
1. y = (4x - 5)/(2x + 7)
2. f(x) = (x^2 - 9)/(x^2 + 1)
3. y = (2x^2 + 7x + 3)/(x^2 + 3x + 2)
4. y = (x^2 - 4)/(2x^2 - 5x + 2)",B_boundary,NA,high
1361,"Hole
An input value that is a vertical asymptote and a zero. It is not considered part of the domain. An important note, the graphing calculator will not show a hole in the picture.",B_boundary,NA,high
1362,"Problem Set

Graph the following rational functions. Write down the equations of the asymptotes, the domain and range, x and y intercepts and identify any holes.

1. y = (x + 3)/(x - 5)
2. y = (5x + 2)/(x - 4)
3. y = (3 - x)/(2x + 10)
4. y = (x^2 + 5x + 6)/(x^2 - 8x + 12)
5. y = (x^2 + 4)/(2x^2 + x - 3)
6. y = (2x^2 - x - 10)/(3x^2 + 10x + 8)
7. y = (x^2 - 4)/(x^2 + 3x - 10)
8. y = (6x^2 - 7x - 3)/(4x^2 - 1)
9. y = (x^3 - 8)/(x^3 + x^2 - 4x - 4)
10. Graph y = 1/(x - 2) + 3 and y = (3x - 5)/(x - 2) on the same set of axes. Compare the two. What do you notice? Explain your results.",B_boundary,NA,high
1365,"Example A

Graph y = (x + 3)/(2x^2 + 11x - 6). Find all asymptotes, intercepts, the domain and range.

Solution: In this example the degree of the numerator is less than the degree of the denominator. Whenever this happens the horizontal asymptote will be y = 0, or the x-axis. Now, even though the x-axis is the horizontal asymptote, there will still be a zero at x = -3 (solving the numerator for x and setting it equal to zero). The vertical asymptotes will be the solutions to 2x^2 + 11x - 6 = 0. Factoring this quadratic, we have (2x - 1)(x + 6) = 0 and the solutions are x = 1/2 and -6. The y-intercept is (0, -1/2). At this point, we can plug our function into the graphing calculator to get the general shape.

Because the middle portion crosses over the horizontal asymptote, the range will be all real numbers. The domain is x ∈ ℝ; x ≠ -6; x ≠ 1/2.

Be careful when graphing any rational function. This function does not look like the graph to the left in a TI-83/84. This is because the calculator does not have the ability to draw the asymptotes separately and wants to make the function continuous. Make sure to double-check the table (2nd → GRAPH) to find where the function is undefined.",B_boundary,NA,medium
1379,"Example C

Simplify (x^2 - 6x + 27)/(2x^2 - 19x + 9).

Solution: Factor both the top and bottom and see if there are any common factors.
(x^2 - 6x + 27)/(2x^2 - 19x + 9) = ((x - 9)(x + 3))/((x - 9)(2x - 1)) = (x + 3)/(2x - 1)

Special Note: Not every polynomial in a rational function will be factorable. Sometimes there are no common factors. When this happens, write “not factorable.”",B_boundary,NA,high
1385,"Guidance

We take the previous concept one step further in this one and multiply two rational expressions together. When multiplying rational expressions, it is just like multiplying fractions. However, it is much, much easier to factor the rational expressions before multiplying because factors could cancel out.",B_boundary,NA,high
1386,"Example A

Multiply (x^2 - 4x)/(x^3 - 9x) · (x^2 + 8x + 15)/(x^2 - 2x - 8)

Solution: Rather than multiply together each numerator and denominator to get very complicated polynomials, it is much easier to first factor and then cancel out any common factors.
(x^2 - 4x)/(x^3 - 9x) · (x^2 + 8x + 15)/(x^2 - 2x - 8) = (x(x - 4))/(x(x - 3)(x + 3)) · ((x + 3)(x + 5))/((x + 2)(x - 4))

At this point, we see there are common factors between the fractions.
(x(x - 4))/(x(x - 3)(x + 3)) · ((x + 3)(x + 5))/((x + 2)(x - 4)) = (x + 5)/((x - 3)(x + 2))

At this point, the answer is in factored form and simplified. You do not need to multiply out the base.",B_boundary,NA,high
1387,"Example B

Multiply (4x^2 y^5 z)/(6xyz^6) · (15y^4)/(35x^4)

Solution: These rational expressions are monomials with more than one variable. Here, we need to remember the laws of exponents from earlier concepts. Remember to add the exponents when multiplying and subtract the exponents when dividing. The easiest way to solve this type of problem is to multiply the two fractions together first and then subtract common exponents.
(4x^2 y^5 z)/(6xyz^6) · (15y^4)/(35x^4) = (60x^2 y^9 z)/(210x^5 y z^6) = (2y^8)/(7x^3 z^5)

You can reverse the order and cancel any common exponents first and then multiply, but sometimes that can get confusing.",B_boundary,NA,high
1393,"Guidance

Dividing rational expressions has one additional step than multiply them. Recall that when you divide fractions, you need to flip the second fraction and change the problem to multiplication. The same rule applies to dividing rational expressions.",B_boundary,NA,high
1403,"Guidance

Recall, that when you add or subtract fractions, the denominators must be the same. The same is true of adding and subtracting rational expressions. The denominators must be the same expression and then you can add or subtract the numerators.",B_boundary,NA,high
1405,"Example B

Subtract (x^2 - 4)/(x - 3) - (2x - 1)/(x - 3).

Solution: You need to be a little more careful with subtraction. The entire expression in the second numerator is being subtracted. Think of the minus sign like distributing -1 to that numerator.
(x^2 - 4)/(x - 3) - (2x - 1)/(x - 3) = (x^2 - 4 - (2x + 1))/(x - 3) = (x^2 - 4 - 2x - 1)/(x - 3) = (x^2 - 2x - 3)/(x - 3)

At this point, factor the numerator if possible.
(x^2 - 2x - 3)/(x - 3) = ((x - 3)(x + 1))/(x - 3) = x + 1",B_boundary,NA,medium
1437,Example A: Solve x/(2x-3) = 3x/(x+11). Solution: Use cross-multiplication to solve the problem. You can use the example above as a guideline. 3x(2x - 3) = x(x + 11) -> 6x^2 - 9x = x^2 + 11x -> 5x^2 - 20x = 0 -> 5x(x - 4) = 0 -> x = 0 and 4. Check your answers. It is possible to get extraneous solutions with rational expressions. For x = 0: 0/(2*0 - 3) = (3*0)/(0 + 11) -> 0/-3 = 0/11 -> 0 = 0. For x = 4: 4/(2*4 - 3) = (3*4)/(4 + 11) -> 4/5 = 12/15 -> 4/5 = 4/5.,B_boundary,NA,high
1440,"Guided Practice: Solve the following rational equations. 1. -x/(x-1) = (x-8)/3; 2. (x^2-1)/(x+2) = (2x-1)/2; 3. (9-x)/x^2 = 4/(-3x). Answers: 1. -x/(x-1) = (x-8)/3 -> x^2 - 9x + 8 = -3x -> x^2 - 6x + 8 = 0 -> (x-4)(x-2) = 0 -> x = 4 and 2. Check: x = 4 -> -4/(4-1) = (4-8)/3 -> -4/3 = -4/3; x = 2 -> -2/(2-1) = (2-8)/3 -> -2/1 = -6/3. 2. (x^2-1)/(x+2) = (2x-1)/2 -> 2x^2 + 3x - 2 = 2x^2 - 2 -> 3x = 0 -> x = 0. Check: (0^2-1)/(0+2) = (2(0)-1)/2 -> -1/2 = -1/2. 3. (9-x)/x^2 = 4/(-3x) -> 4x^2 = -27x + 3x^2 -> x^2 + 27x = 0 -> x(x+27) = 0 -> x = 0 and -27. Check: x = 0 -> (9-0)/0^2 = 4/(-3(0)) -> und = und; x = -27 -> (9+27)/(-27)^2 = 4/(-3(-27)) -> 36/729 = 4/81 -> 4/81 = 4/81. x = 0 is not actually a solution because it is a vertical asymptote for each rational expression, if graphed. Because zero is not part of the domain, it cannot be a solution, and is extraneous.",B_boundary,NA,high
1445,"Example B: Solve 5x/(x-2) = 7 + 10/(x-2). Solution: Because the denominators are the same, we need to multiply all three terms by x - 2. 5x/(x-2) = 7 + 10/(x-2) -> (x-2) * (5x/(x-2)) = (x-2) * 7 + (x-2) * (10/(x-2)) -> 5x = 7x - 14 + 10 -> -2x = -4 -> x = 2. Checking our answer, we have: 5*2/(2-2) = 7 + 10/(2-2) -> 10/0 = 7 + 10/0. Because the solution is the vertical asymptote of two of the expressions, x = 2 is an extraneous solution. Therefore, there is no solution to this problem.",B_boundary,NA,high
1447,"Guided Practice: Solve the following equations. 1. 2x/(x-3) = 2 + 3x/(x^2-9); 2. 4/(x-3) + 5 = 9/(x+2); 3. 3/(x^2+4x+4) + 1/(x+2) = 2/(x^2-4). Answers: 1. The LCD is x^2 - 9. Multiply each term by its factored form to cross-cancel: 2x/(x-3) = 2 + 3x/(x^2-9) -> ((x-3)(x+3)/1) * (2x/(x-3)) = (x-3)(x+3) * 2 + ((x-3)(x+3)/1) * (3x/(x^2-9)) -> 2x(x+3) = 2(x^2 - 9) + 3x -> 2x^2 + 6x = 2x^2 - 18 + 3x -> 3x = -18 -> x = -6. Checking our answer, we have: 2(-6)/(-6-3) = 2 + 3(-6)/((-6)^2-9) -> -12/-9 = 2 + -18/27 -> 4/3 = 2 - 2/3. 2. The LCD is (x-3)(x+2). Multiply each term by the LCD: 4/(x-3) + 5 = 9/(x+2) -> (x-3)(x+2) * (4/(x-3)) + (x-3)(x+2) * 5 = (x-3)(x+2) * (9/(x+2)) -> 4(x+2) + 5(x-3)(x+2) = 9(x-3) -> 4x + 8 + 5x^2 - 5x - 30 = 9x - 27 -> 5x^2 - 10x + 5 = 0 -> 5(x^2 - 2x + 1) = 0. This polynomial factors to be 5(x - 1)(x - 1) = 0, so x = 1 is a repeated solution. Checking our answer, we have 4/(1-3) + 5 = 9/(1+2) -> -2 + 5 = 3. 3. The LCD is (x+2)(x+2)(x-2): 3/(x^2+4x+4) + 1/(x+2) = 2/(x^2-4) -> (x+2)(x+2)(x-2) * (3/((x+2)(x+2))) + (x+2)(x+2)(x-2) * (1/(x+2)) = (x+2)(x+2)(x-2) * (2/((x-2)(x+2))) -> 3(x-2) + (x-2)(x+2) = 2(x+2) -> 3x - 6 + x^2 - 4 = 2x + 4 -> x^2 + x - 14 = 0. This quadratic is not factorable, so we need to use the Quadratic Formula to solve for x: x = (-1 ± sqrt(1 - 4(-14))) / 2 = (-1 ± sqrt(57)) / 2 ≈ 3.27 and -4.27. Using your graphing calculator, you can check the answer. The x-values of points of intersection of y = 3/(x^2+4x+4) + 1/(x+2) and y = 2/(x^2-4) are the same as the values above.",B_boundary,NA,high
1460,"Example B: Graph the parabola from Example A. Plot the vertex, axis of symmetry, focus, and directrix. Solution: First, plot all the critical values we found from Example A. Then, determine a set of symmetrical points that are on the parabola to make sure your curve is correct. If x = 5, then y is either -7 or 9. This means that the points (5,-7) and (5,9) are both on the parabola. It is important to note that parabolas with a horizontal orientation are not functions because they do not pass the vertical line test.",B_boundary,NA,high
1467,"Example A: Find the radius of x^2 + y^2 = 16 and graph. Solution: To find the radius, we can set 16 = r^2, making r = 4. r is not -4 because it is a distance and distances are always positive. To graph the circle, start at the origin and go out 4 units in each direction and connect.",B_boundary,NA,high
1489,"Other Important Facts
• a is ALWAYS greater than b. If they are equal, we have a circle.
• The foci, vertices, and co-vertices relate through a version of the Pythagorean Theorem: c^2 = a^2 - b^2",B_boundary,NA,high
1499,"From this example, we can create formulas for finding the vertices, co-vertices, and foci of an ellipse with center (h, k). Also, when graphing an ellipse, not centered at the origin, make sure to plot the center.

TABLE 10.2:
Horizontal | Equation: (x-h)^2/a^2 + (y-k)^2/b^2 = 1 | Vertices: (h+-a, k) | Co-Vertices: (h, k+-b) | Foci: (h+-c, k)
Vertical | Equation: (x-h)^2/b^2 + (y-k)^2/a^2 = 1 | Vertices: (h, k+-a) | Co-Vertices: (h+-b, k) | Foci: (h, k+-c)",B_boundary,NA,high
1509,"Using the picture, any point, (x, y) on a hyperbola has the property, d1 - d2 = P, where P is a constant.
Comparing this to the ellipse, where d1 + d2 = P and the equation was x^2/a^2 + y^2/b^2 = 1 or x^2/b^2 + y^2/a^2 = 1.
For a hyperbola, then, the equation will be x^2/a^2 - y^2/b^2 = 1 or y^2/a^2 - x^2/b^2 = 1. Notice in the vertical orientation of a hyperbola, the y^2 term in first. Just like with an ellipse, there are two vertices, on the hyperbola. Here, they are the two points that are closest to each other on the graph. The line through the vertices and foci is called the transverse axis. Its midpoint is the center of the hyperbola. In this concept, the center will be the origin. There will always be two branches for any hyperbola and two asymptotes.",B_boundary,NA,high
1510,"Example A
Graph x^2/64 - y^2/25 = 1. Then, find the vertices, foci, and asymptotes.

Solution: First, this hyperbola has a horizontal transverse axis because the x^2 term is first. Also, with hyperbolas, the a and b term stay in place, but the x and y terms switch. a is not always greater than b.
Therefore, a = sqrt(64) = 8 and b = sqrt(25) = 5. To graph this hyperbola, go out 8 units to the left and right of the center and 5 units up and down to make a rectangle. The diagonals of this rectangle are the asymptotes.
Draw the hyperbola branches with the vertices on the transverse axis and the rectangle. Sketch the branches to get close to the asymptotes, but not touch them.
The vertices are (+-8,0) and the asymptotes are y = +-5/8 x (see pictures above. To find the foci, we use the Pythagorean Theorem, c^2 = a^2 + b^2 because the foci are further away from the center than the vertices.
c^2 = 64 + 25 = 89
c = sqrt(89)
The foci are (+-sqrt(89), 0).",B_boundary,NA,high
1513,"Important Note: The asymptotes and square are not a part of the function. They are included in graphing a hyperbola because it makes it easier to do so.
Also, when graphing hyperbolas, we are sketching each branch. We did not make a table of values to find certain points and then connect. You can do this, but using the square or rectangle with the asymptotes produces a pretty accurate graph and is much simpler.",B_boundary,NA,high
1516,"Problem Set
Find the vertices, asymptotes, and foci of each hyperbola below. Then, graph.
1. x^2/9 - y^2/16 = 1
2. 4y^2 - 25x^2 = 100
3. x^2/81 - y^2/64 = 1
4. x^2 - y^2 = 16
5. y^2/49 - x^2/25 = 1
6. 121y^2 - 9x^2 = 1089
7. y^2 - x^2 = 1
8. x^2/64 - y^2/4 = 1
9. y^2/4 - x^2/64 = 1
10. Writing Compare the hyperbolas from #8 and #9. How are they the same? How are they different? What do you know about the asymptotes and foci?
11. Critical Thinking Compare the equations x^2/25 - y^2/9 = 1 and x^2/25 + y^2/9 = 1. Graph them on the same axes and find their foci.",B_boundary,NA,high
1520,"Example B
Find the equation of the hyperbola, centered at the origin, with an asymptote of y = 2/3 x and vertex of (0,12).

Solution: We know that a = 12, making the transverse axis is vertical and the general equation of the asymptote y = a/b x. Therefore, 2/3 = 12/b, making b = 18. Therefore, the equation of the hyperbola is y^2/144 - x^2/324 = 1.
In this example, we showed that the slope of the asymptote can be reduced to something that is not always a/b, but c(m/n) = a/b, where c is some constant that we can reduce the fraction by.",B_boundary,NA,high
1527,"From this example, we can create formulas for finding the vertices, foci, and asymptotes of a hyperbola with center (h, k). Also, when graphing a hyperbola, not centered at the origin, make sure to plot the center.

TABLE 10.3:
Horizontal | Equation: (x-h)^2/a^2 - (y-k)^2/b^2 = 1 | Vertices: (h+-a, k) | Foci: (h+-c, k) | Asymptotes: y-k = +-b/a(x-h)
Vertical | Equation: (y-k)^2/a^2 - (x-h)^2/b^2 = 1 | Vertices: (h, k+-a) | Foci: (h, k+-c) | Asymptotes: y-k = +-a/b(x-h)",B_boundary,NA,high
1532,"2. Change this equation to standard form in order to graph.
(25(x-3)^2)/100 - (4(y-1)^2)/100 = 100/100
((x-3)^2)/4 - ((y-1)^2)/25 = 1
center: (3,1), a = 2, b = 5
Find the foci.
c^2 = 25 + 4 = 29
c = ∘29
The foci are (3, 1 + ∘29) and (3, 1 - ∘29).",B_boundary,NA,high
1542,"Example B
Determine the type of conic section 25x^2 - 20y^2 - 100x + 240y + 320 = 0 is and rewrite the equation in standard form.
Solution: Using the logic from the previous example, we can conclude that this conic is not a circle. It is also not a parabola because it has both the x^2 and y^2 terms. Rewrite the equation, grouping the x terms together, y terms together, and moving the constant over to the other side. Then, pull out the GCF of each set of terms.
25x^2 - 20y^2 - 100x + 240y + 320 = 0
25x^2 - 100x - 20y^2 + 240y = -320
25(x^2 - 4x) - 20(y^2 - 12y) = -320
Now, complete the square for the x and y terms. When determining what constant will “complete the square” for each grouping, don’t forget to multiply the constant by the number outside the parenthesis before adding it to the other side.
25(x^2 - 4x + 4) - 20(y^2 - 12y + 36) = -320 + 100 + 720
(25(x-2)^2)/500 - (20(y-6)^2)/500 = 500/500
((x-2)^2)/20 - ((y-6)^2)/25 = 1
We now see that this conic is a hyperbola. Going back the original equation, C is negative. In order for a general second-degree equation to be a hyperbola, A or C (not both) must be negative. If A and C are both positive or negative and not equal, the equation represents an ellipse.",B_boundary,NA,medium
1543,"Example C
Write the equation of the conic below.
Solution: Just by looking at the graph, we know this is a horizontal ellipse. The standard equation for this ellipse is ((x-h)^2)/(a^2) + ((y-k)^2)/(b^2) = 1. The center is (-3,6), the major axis is 14 units long, making a = 7, and the minor axis is 6 units long, making b = 3. The equation is therefore ((x-(-3))^2)/(7^2) + ((y-6)^2)/(3^2) = 1 or ((x+3)^2)/49 + ((y-6)^2)/4 = 1.",B_boundary,NA,high
1556,"15. Find the Area of an Ellipse Graph x^2 + y^2 = 36 and find is area.
a. Then, graph (x^2)/36 + (y^2)/25 = 1 and (x^2)/25 + (y^2)/36 = 1 on the same axes.
b. Do these ellipses have the same area? Why or why not?
c. If the equation of the area of a circle is A = πr^2, what do you think the area of an ellipse is? Use a and b as in the standard form, (x^2)/(a^2) + (y^2)/(b^2) = 1.
d. Find the areas of the ellipses from part a. Are the areas more or less than the area of the circle? Why or why not?",B_boundary,NA,high
1560,"The technique used in this example is how it is recommended you approach each problem. First, graph the system so that you have an idea of how many solutions there are and where they are located. Then, use substitution to solve for the exact answers.",B_boundary,NA,high
1588,"Using and Writing N^th Term Rules for Sequences
Objective
Use an n^th term rule or general rule for a sequence to find terms and write a general rule for a given sequence.
Guidance
In the previous concept we wrote a recursive rule to find the next term in a sequence. Recursive rules can help us generate multiple sequential terms in a sequence but are not helpful in determining a particular single term. Consider the sequence: 3, 5, 7, ..., a_n. The recursive rule for this sequence is a_n = a_{n-1} + 2. What if we want to find the 100^th term? The recursive rule only allows us to find a term in the sequence if we know the previous term. An n^th term or general rule, however, will allow us to find the 100^th term by replacing n in the formula with 100.",B_boundary,NA,high
1602,"Example B
Write the terms and find the sum of the series: ∑_{n=9}^{11} n(n+1)/2
Solution: Replace n with the values 9, 10 and 11 and sum the resulting series.
9(9−1)/2 + 10(10−1)/2 + 11(11−1)/2
36 + 45 + 55
136
Using the calculator: sum(seq(x(x − 1)/2, x, 9, 11)) = 136.",B_boundary,NA,high
1609,"In problems 11 and 12, write out the terms in each of the series (a and b) and explain why the sums are equal.
1. ∑_{n=1}^5 (2n + 3)
2. 3(5) + ∑_{n=1}^5 2n
1. ∑_{n=1}^5 n(n+1)/2
2. 1/2 ∑_{n=1}^5 n(n + 1)",B_boundary,NA,high
1625,"Example B
Find the common difference, first term and nth term rule for the arithmetic sequence in which a11 = −13 and a40 = −71.
Solution: Though this is exactly the same type of problem as Example A, we are going to use a different approach. We discovered in the last concept that the nth term rule is really just using the first term and adding d to it n − 1 times to find the nth term. We are going to use that idea to find the common difference. To get from the 11th term to the 40th term, the common difference is added 40 − 11 or 29 times. The difference in the term values is −71 − (−13) or -58. What must be added 29 times to create a difference of -58? We can subtract the terms and divide by the difference in term number to determine the common difference.
(-71 − (-13))/(40 − 11) = (-71 + 13)/29 = -58/29 = -2. So d = -2.
Now we can use the common difference and one of the terms to find the first term as we did previously.
a1 + (11 − 1)(−2) = −13
a1 + (−20) = −13
a1 = 7
Writing the nth term rule we get: an = 7 + (n − 1)(−2) = 7 − 2n + 2 = −2n + 9.",B_boundary,NA,high
1634,"Example B
Find the sum of the first 40 terms in the arithmetic series 35 + 31 + 27 + 23 + ...
Solution: For this particular series we know the first term and the common difference, so let’s use the rule that doesn’t require the nth term: 1/2 n[2a1 + d(n − 1)], where n = 40, d = −4 and a1 = 35.
1/2 (40)[2(35) + (−4)(40 − 1)] = 20[70 − 156] = −1720
We could also find the nth term and use the rule 1/2 n(a1 + an), where an = a1 + d(n − 1).
a40 = 35 + (−4)(40 − 1) = 35 − 156 = −121, so the sum is 1/2 (40)(35 − 121) = 20(−86) = −1720.",B_boundary,NA,high
1649,"Example C
Find the nth term rule for the sequence 81, 54, 36, 24, ... and hence find the 12th term.
Solution: The first term here is 81 and the common ratio, r, is 54/81 = 2/3. The nth term rule is an = 81(2/3)^{n−1}. Now we can find the 12th term a12 = 81(2/3)^{12−1} = 81(2/3)^{11} = 2048/2187. Use the graphing calculator for the last step and MATH >Frac your answer to get the fraction. We could also use the calculator and the general rule to generate terms seq(81(2/3)^(x − 1), x, 12, 12). Reminder: the seq( ) function can be found in the LIST ( 2nd STAT) Menu under OPS. Be careful to make sure that the entire exponent is enclosed in parenthesis.",B_boundary,NA,medium
1650,"Example D
Randall deposits $1000 in a savings account which earns 3% interest per year. What is the value of his investment after 15 years?
Solution: This is actually a geometric sequence. The value of the investment at the end of each year is the terms in the sequence which corresponds to that year. Our common difference will be 1.03 (103%) because we are maintaining the original amount (100%) and adding another 3%. Let’s look at the terms:
Year 1 2 3 ... 14 15
Value 1000(1.03) 1000(1.03)^2 1000(1.03)^3 ... 1000(1.03)^14 1000(1.03)^15
The general rule for the terms in this sequence (i.e. the value of the investment after a prescribed number of years) is an = 1000(1.03)^n. Note that since we are looking at the value at the end of a certain number of years and we will get interest for all of those years, the exponent is n rather than (n − 1). The value at the end of five years can be calculated using a15 = 1000(1.03)^15 = 1557.967417 ≈ $1557.97",B_boundary,NA,high
1661,"Example C
Find the nth term rule for the geometric sequence in which a5 = 8 and a10 = 1/4.
Solution: Using the same method at the previous example, we can solve for r and a1. Then, write the general rule.
Equation 1: a5 = 8, so 8 = a1r^4, solving for a1 we get a1 = 8/r^4.
Equation 2: a10 = 1/4, so 1/4 = a1r^9, solving for a1 we get a1 = (1/4)/r^9.
8/r^4 = (1/4)/r^9
8r^9 = 1/4 r^4
8r^9 / (8r^4) = (1/4 r^4) / (8r^4)
r^5 = 1/32
∛5{r^5} = ∛5{1/32}
r = 1/2
Thus, a1 = 8 / (1/2)^4 = 8 / (1/16) = 8/1 · 16/1 = 128.
The nth term rule is an = (3/8)(2)^{n−1}.
* Note: In solving the equation above for r we divided both sides by r^4. In general it is not advisable to divide both sides of an equation by the variable because we may lose a possible solution, r = 0. However, in this case, r ≠ 0 since it is the common ratio in a geometric sequence.",B_boundary,NA,medium
1683,"Example A

Find the first five partial sums of ∑_{n=1}^∞ 2n−1 and make an observation about the sum of the infinite series.

Solution: The first five partial sums are S1, S2, S3, S4 and S5. To find each of these sums we will need the first five terms of the sequence: 1, 3, 5, 7, 9. No we can find the partial sums as shown:

S1 = a1 = 1
S2 = a1 + a2 = 1 + 3 = 4
S3 = a1 + a2 + a3 = 1 + 3 + 5 = 9
S4 = a1 + a2 + a3 + a4 = 1 + 3 + 5 + 7 = 16
S5 = a1 + a2 + a3 + a4 + a5 = 1 + 3 + 5 + 7 + 9 = 25

Notice that each sum can also be found by adding the nth term to the previous sum: Sn = Sn−1 + an.
For example: S5 = S4 + a4 = 16 + 9 = 25

The sequence of the first five partial sums is 1, 4, 9, 16, 25. This pattern will continue and the terms will continue to grow without bound. In other words, the partial sums continue to grow and the infinite sum cannot be determined as it is infinitely large.",B_boundary,NA,high
1685,"Example C

Find the first five partial sums of ∑_{n=1}^∞ 1/n, the “harmonic series” and make an observation about the sum of the infinite series. (You may need to find addition partial sums to see the behavior of the infinite series.)

Solution: Use the calculator to find the following sums:

S1 = sum(seq(1/x, x, 1, 1)) = 1
S2 = sum(seq(1/x, x, 1, 2)) = 1.5
S3 = sum(seq(1/x, x, 1, 3)) = 1.833
S4 = sum(seq(1/x, x, 1, 4)) = 2.083
S5 = sum(seq(1/x, x, 1, 5)) = 2.283

In this series, the behavior is not quite as clear. Consider some additional partial sums:

S50 = 4.499
S100 = 5.187
S500 = 6.793

In this case, the partial sums don’t seem to have a bound. They will continue to grow and therefore there is no finite sum.",B_boundary,NA,high
1723,"Example C How many unique 4 digit numbers can be made? What if no digits can be repeated? Solution: For the first part, consider that in order for the number to be a four digit number, the first digit cannot be zero. So, we start with only 9 digits for the first slot. The second slot could be filled with any of the ten digits and so on: 9×10×10×10 = 9000. For the second part, in which digits cannot be repeated, we would still have 9 possible digits for the first slot, then we’d have 9 again for the second slot (we cannot repeat the first digit, but we can add 0 back into the mix), then 8 for the third slot and 7 for the final slot: 9×9×8×7 = 4536.",B_boundary,NA,high
1740,"More Guidance The way we just wrote out 5 × 4 × 3 × 2 × 1 can also be expressed as a factorial. A factorial is the product of a number with each number less than itself. We use the notation, 5!, which is read as “five factorial” to represent the expression 5×4×3×2×1. It is important to note that 0!= 1!= 1. Students are often perplexed that both zero and one factorial are equal to one but think back to the context for illustration. If you want to arrange zero items, how many ways can you do it? If you want to arrange one item, how many ways can you do it? There is only one way to “arrange” zero or one item. To evaluate a factorial on the TI-83 or 84 graphing calculator, type in the number, then press MATH→NUM, 4!. Press ENTER to evaluate.",B_boundary,NA,medium
1751,"10. How many ways can seven diners sit around a circular table. (Hint: It is not 7!, consider how a circular seating arrangement is different than a linear arrangement.)",B_boundary,NA,medium
1770,Define and Apply Combinations Objective To define and calculate combinations of objects and to recognize the difference between a combination and a permutation.,B_boundary,NA,high
1772,"Example A How many ways can we choose three different flavors of ice cream from a selection of 15 flavors to place in a bowl? Solution: First, does order matter in the bowl? When we created an ice cream cone with three scoops in an earlier concept the order did matter but here it does not. Let’s work from the example of the ice cream cone. We determined the number of permutations of a subset of three flavors from the total 15 flavors using the formula: n! / (n−r)! = 15! / (15−3)! = 15! / 12! = 15×14×13×12! / 12! = 2730. Now that order doesn’t matter, this number includes the 3! ways to arrange each combination of 3 flavors. We can divide 2,730 by 3! to determine the number of combinations: 2730 / (3×2×1) = 2730 / 6 = 455.",B_boundary,NA,high
1800,"Example A
Use the Binomial Theorem to expand (x+2y)^6
Solution: First, in this example, a = x, b = 2y and n = 6. Now we can substitute into the rule.
(x+2y)^6 = (6 0)x^6(2y)^0 + (6 1)x^5(2y)^1 + (6 2)x^4(2y)^2 + (6 3)x^3(2y)^3 + (6 4)x^2(2y)^4 + (6 5)x^1(2y)^5 + (6 6)x^0(2y)^6
Now we can simplify:
= (1)x^6(1) + (6)x^5(2y) + (15)x^4(4y^2) + (20)x^3(8y^3) + (15)x^2(16y^4) + (6)x(32y^5) + (1)(1)(64y^6)
= x^6 + 12x^5y + 30x^4y^2 + 160x^3y^3 + 240x^2y^4 + 192xy^5 + 64y^6",B_boundary,NA,high
1801,"More Guidance
What if we just want to find a single term in the expansion? We can use the following rule to represent the (r + 1)st term in the expansion: (n r) a^(n−r) b^r. The rule is for the (r + 1)st term because if we want the 1st term, then r = 0 (refer back to the Binomial Theorem expansion rule). The value of r in the expansion is always one less than the term number.",B_boundary,NA,high
1811,"Example B
What is the probability of rolling a four and a three when two dice are rolled? How about a sum of six when two dice are rolled? What is the most likely sum to roll?
Solution: In this case it is useful to make a diagram of the sample space when two dice are rolled.

From this diagram we can see that there are 36 possible outcomes when two dice are rolled.
• To answer the first part of the question, we can observe in the table that there are two ways (shown in red) that can we roll a 4 and a 3 so the probability of rolling a 4 and a 3 is 2/36 = 1/18.
• For the second part, there are 5 ways (shown in blue) that a sum of six can be rolled. Therefore the probability of rolling a sum of six is 6/36 = 1/6.",B_boundary,NA,high
1812,"More Guidance
The examples above are more accurately described as theoretical probabilities because the theory is that if all the outcomes have an equal likelihood of occurring then the probability is the ratio described about. Does this mean however that when we flip a coin four times we will get 2 heads and 2 tails? Theoretically, this is the most likely outcome, but it is possible that in an experiment we get very different results. When we use the results of an experiment to determine probabilities they are referred to as experimental probabilities. Each flip of the coin
Complete the table below to investigate the connection between theoretical and experimental probabilities.

TABLE 12.2:
Number of flips of a coin | Number of Heads | Number of Tails | Probability of flipping a Head | Probability of flipping a Tail
5
10
50
100
1000*
Theoretical | 1/2 | 1/2

* You may wish to use a probability simulator to investigate how many heads and tails are achieved with 1000 flips or combine your results for the 100 flips with 9 other classmates.

Is the experimental probability the same as the theoretical probability? What do you notice as the number of flips increases?",B_boundary,NA,high
1814,"Guided Practice
1. What is the probability of selecting a red chip from a bag containing 10 red chips, 12 blue chips and 15 white chips?
2. What is the probability of rolling doubles when two dice are rolled?
3. Over the course of a month, Sally and Stan recorded how many times their cell phones dropped a call. During this time Sally made 55 phone calls and 4 of them were dropped while Stan made 36 calls and 3 were dropped. What is the probability that Sally’s cell phone drops a call? How about Stan’s? Who appears to have to more reliable service?",B_boundary,NA,high
1822,"Example B
What is the probability of rolling doubles twice in a row? Three times in a row?
Solution: Each of these rolls are independent events. It is human nature to think that just because we have rolled doubles once or twice already that we are unlikely to roll them another time. It is true that that probability of rolling doubles three times in a row is smaller than rolling doubles once but this is not because the probability changes for each roll. Let’s look at why this occurs:
P(doubles) = 6/36 = 1/6, since there are six ways to roll doubles.
P(doubles twice) = 1/6 × 1/6 = 1/36
P(doubles three times) = 1/6 × 1/6 × 1/6 = 1/216",B_boundary,NA,medium
1841,"Example B
In a game of chance, a pebble is dropped onto the board shown below. If the radius of each of blue circle is 1 cm, find the probability that the pebble will land in a blue circle.
Solution: The area of the square is 16 cm^2. The area of each of the 16 circles is 1^2 π = π. The probability of the pebble landing in a circle is the sum of the areas of the circles divided by the area of the square.
P(blue circle) = 16π / 64 ≈ 0.785",B_boundary,NA,high
1852,"Example B
Create a Venn diagram to illustrate the following information regarding the subsets M and N in universe U:
n(M) = 89; n(N) = 103; n(M ∪N) = 130; n(U) = 178
Solution: Again, we will start in the middle or intersection. We must determine how many elements are in the intersection. Let’s consider that when we add the elements in M to the elements in N, we are adding the elements in the intersection twice. This happens because they are counted in set M and counted again in set N. Did you notice that n(M)+n(N) = 89+103 = 192 while the n(M ∪N) = 130? We have double counted the 62 (192-130) elements in M ∩N. Now we can put this number in the Venn diagram and work our way out as we did in the previous example.
In general, for two sets, M and N, we can use the formula: n(M) + n(N) − n(M ∩N) = n(M ∪N) to represent the relationship between the regions in the Venn diagram and to solve problems. In this case, substituting in the given information we can determine the n(M ∩N) as shown below:
89+103−n(M ∩N) = 130
192−n(M ∩N) = 130
−n(M ∩N) = −62
n(M ∩N) = 62",B_boundary,NA,high
1860,d. P(A∪B) = 0.4+0.3+0.2 = 0.9. Which can also be found using the formula P(A) + P(B) − P(A∩B) = 0.7 + 0.5 − 0.3 = 0.9.,B_boundary,NA,high
1864,"Example C: The data from a survey of 140 students showed that 37 study music, 103 play a sport and 25 do neither. Create a Venn diagram to illustrate the data collected and then determine the probability that if a student is selected at random, a. he or she will study music b. he or she will study music given that he or she plays a sport. Solution: Let M represent the set of students who study music and S represent the set of students who play sports. First let's determine the number of students that study music and play a sport to fill in the overlapping region in the diagram and then we can find the other values. n(M) + n(S) − n(M ∩ S) = n(M ∪ S) => 37 + 103 − n(M ∩ S) = 115 => n(M ∩ S) = 25. a. The probability that a randomly selected student studies music is the number of students who study music divided by the total number of students surveyed or P(M) = n(M)/140 = 37/140 ≈ 0.264. b. The probability that a randomly selected student will study music given that he/she plays a sport is called a conditional probability. We use the notation P(M|S) to represent the P(M) given that S has already occurred. To find this probability using a Venn diagram, we find the number of student who study music and play a sport and divide by the number of students who play a sport or P(M|S) = n(M∩S)/n(S) = 25/103 ≈ 0.243. Think of it this way, when we say that we know that the student plays a sport, then the numerator is limited to those students who study music and play a sport and the denominator is limited to those who play a sport. There is also a formula for conditional probability: P(A|B) = P(A∩B)/P(B). In the context of our problem, it is: P(M|S) = P(M∩S)/P(S) = (25/140)/(103/140) = (25/140) · (140/103) = 25/103. Notice that the resulting probability is the same as previously determined. Either method can be used.",B_boundary,NA,high
1873,"Guidance: We have already discussed the formula for conditional probabilities: P(A|B) = P(A∩B)/P(B). These events are not independent, they are conditional because the outcome of event B affects the outcome of event A. When events are independent, P(A|B) = P(A), meaning that it doesn't matter that event B has occurred, the result of event B does not affect the result of event A. Now we can replace P(A|B) with P(A∩B)/P(B) in the previous statement to get P(A∩B)/P(B) = P(A). Finally, multiply both sides by P(B) to get P(A∩B) = P(A)×P(B) for independent events A and B. We can use this rule to determine if events are independent or to find the intersection of known independent events. It is also possible for two events to have not intersection, or P(A∩B) = 0. When this occurs we say that the events (or sets) are Mutually Exclusive. If one has occurred, then the other cannot occur. Examples of Mutually Exclusive sets are Boys and Girls, Juniors and Seniors-it is not possible to be both. It is important to note here that mutually exclusive events cannot be independent unless the probability of one of the events is zero since for independent events P(A∩B) = P(A)×P(B) and the only way a product can equal zero is if one of the factors is equal to zero.",B_boundary,NA,high
1874,"Example A: Given two events, A and B, such that P(A) = 0.3, P(B) = 0.5 and P(A∪B) = 0.65 a. Find P(A∩B). b. State with a reason whether the events are independent. c. State with a reason whether the events are mutually exclusive. Solution: a. Since we are not told that the events are independent, we do not know that P(A∩B) = P(A)×P(B). However, for all events, independent or otherwise, it is true that P(A) + P(B) − P(A∩B) = P(A∪B) so 0.3 + 0.5 − P(A∩B) = 0.65 => P(A∩B) = 0.15. b. To determine if the events are independent we will test the rule P(A∩B) = P(A)×P(B). P(A)×P(B) = 0.3×0.5 = 0.15 = P(A∩B). Thus, the events are independent since the product of their probabilities is equal to the probability of their intersection. c. The events are not mutually exclusive because P(A∩B) = 0.15 ≠ 0.",B_boundary,NA,high
1889,"Guidance: The Pythagorean Theorem refers to the relationship between the lengths of the three sides in a right triangle. It states that if a and b are the legs of the right triangle and c is the hypotenuse, then a^2 + b^2 = c^2. For example, the lengths 3, 4, and 5 are the sides of a right triangle because 3^2 + 4^2 = 5^2 (9 + 16 = 25). Keep in mind that c is always the longest side. The converse of this statement is also true. If, in a triangle, c is the length of the longest side and the shorter sides have lengths a and b, and a^2 + b^2 = c^2, then the triangle is a right triangle.",B_boundary,NA,high
1898,"Problem Set: Do the lengths below form a right triangle? Remember to make sure that they form a triangle. 10. 3, 4, 5 11. 6, 6, 11 12. 11, 13, 17",B_boundary,NA,high
1903,"Example B: Use trigonometric ratios to find x and y. Solution: First identify or label the sides with respect to the given acute angle. So, x is opposite, y is hypotenuse (note that it is the hypotenuse because it is the side opposite the right angle, it may be adjacent to the given angle but the hypotenuse cannot be the adjacent side) and 6 is the adjacent side. To find x, we must use the given length of 6 in our ratio too. So we are using opposite and adjacent. Since tangent is the ratio of opposite over adjacent we get: tan 35° = x/6 => x = 6 tan 35° (multiply both sides by 6) => x ≈ 4.20 (Use the calculator to evaluate-type in 6TAN(35) ENTER). NOTE: make sure that your calculator is in DEGREE mode. To check, press the MODE button and verify that DEGREE is highlighted (as opposed to RADIAN). If it is not, use the arrow buttons to go to DEGREE and press ENTER. The default mode is radian, so if your calculator is reset or the memory is cleared it will go back to radian mode until you change it. To find y using trig ratios and the given length of 6, we have adjacent and hypotenuse so we'll use cosine: cos 35° = 6/y => cos 35°/1 = 6/y (set up a proportion to solve for y) => 6 = y cos 35° (cross multiply) => y = 6/cos 35° (divide by cos 35°) => y = 7.32 (Use the calculator to evaluate-type in 6/TAN(35) ENTER). Alternatively, we could find y using the value we found for x and the Pythagorean theorem: 4.20^2 + 6^2 = y^2 => 53.64 = y^2 => y ≈ 7.32. The downside of this method is that if we miscalculated our x value, we will double down on our mistake and guarantee an incorrect y value. In general you will help avoid this kind of mistake if you use the given information whenever possible.",B_boundary,NA,medium
1917,"Example B: Find the measures of the unknown angles in the triangle shown. Round answers to the nearest degree. Solution: We can solve for either x or y first. If we choose to solve for x first, the 23 is opposite and 31 is adjacent so we will use the tangent ratio. x = tan^-1(23/31) ≈ 37°. Recall that in a right triangle, the acute angles are always complementary, so 90° − 37° = 53°, so y = 53°. We can also use the side lengths an a trig ratio to solve for y: y = tan^-1(31/23) ≈ 53°.",B_boundary,NA,high
1918,"Example C: Solve the right triangle shown below. Round all answers to the nearest tenth. Solution: We can solve for either angle A or angle B first. If we choose to solve for angle B first, then 8 is the hypotenuse and 5 is the opposite side length so we will use the sine ratio. sin B = 5/8 => m∠B = sin^-1(5/8) ≈ 38.7°. Now we can find A two different ways. Method 1: We can using trigonometry and the cosine ratio: cos A = 5/8 => m∠A = cos^-1(5/8) ≈ 51.3°. Method 2: We can subtract m∠B from 90°: 90° − 38.7° = 51.3° since the acute angles in a right triangle are always complimentary. Either method is valid, but be careful with Method 2 because a miscalculation of angle B would make the measure you get for angle A incorrect as well.",B_boundary,NA,medium
1926,"Guidance: When solving word problems, it is important to understand the terminology used to describe angles. In trigonometric problems, the terms angle of elevation and angle of depression are commonly used. Both of these angles are always measured from a horizontal line as shown in the diagrams below.",B_boundary,NA,high
1927,"Example A: An airplane approaching an airport spots the runway at an angle of depression of 25°. If the airplane is 15,000 ft above the ground, how far (ground distance) is the plane from the runway? Give your answer to the nearest 100 ft. Solution: Make a diagram to illustrate the situation described and then use a trigonometric ratio to solve. Keep in mind that an angle of depression is down from a horizontal line of sight-in this case a horizontal line from the pilot of the plane parallel to the ground. Note that the angle of depression and the alternate interior angle will be congruent, so the angle in the triangle is also 25°. From the picture, we can see that we should use the tangent ratio to find the ground distance. tan 25° = 15000/d => d = 15000/tan 25° ≈ 32,200 ft.",B_boundary,NA,high
1941,"Example B
Determine the quadrant in which −745◦ lies and hence determine the reference angle.
Solution: Since our angle is more than one rotation, we need to add 360◦ until we get an angle whose absolute value is less than 360◦: −745◦ + 360◦ = −385◦, again −385◦ + 360◦ = −25◦.
Now we can plot the angle and determine the reference angle:
Note that the reference angle is positive 25◦. All reference angles will be positive as they are acute angles (between 0◦ and 90◦).",B_boundary,NA,high
1964,"Example A
Use your calculator to evaluate sec 2π / 5.
Solution: First, be sure that your calculator is in radian mode. To check/change the mode, press the MODE button and make sure RADIAN is highlighted. If it is not, use the arrow keys to move the cursor to RADIANS and press enter to select RADIAN as the mode. Now we are ready to use the calculator to evaluate the reciprocal trig function. Since the calculator does not have a button for secant, however, we must utilize the reciprocal relationship between cosine and secant:
Since sec θ = 1 / cos θ, sec 2π / 5 = 1 / cos(2π / 5) = 3.2361.",B_boundary,NA,high
1970,"Guidance
Earlier in the unit we learned how to find the measure of an acute angle in a right triangle using the inverse trigonometric ratios on the calculator. Now we will extend this inverse concept to finding the possible angle measures given a trigonometric ratio on the unit circle. We say possible, because there are an infinite number of possible angles with the same ratios. Think of the unit circle. For which angles does sin θ = 1/2? From the special right triangles, we know that the reference angle must be 30◦ or π/6. But because sine is positive in the first and second quadrants, the angle could also be 150◦ or 5π/6. In fact, we could take either of these angles and add or subtract 360◦ or 2π to it any number of times and still have a coterminal angle for which the sine ratio would remain 1/2. For problems in this concept we will specify a finite interval for the possible angles measures. In general, this interval will be 0 ≤ θ < 360◦ for degree measures and 0 ≤ θ < 2π for radian measures.",B_boundary,NA,high
1971,"Inverse Trigonometric Ratios on the Calculator
When you use the calculator to find an angle given a ratio, the calculator can only give one angle measure. The answers for the respective functions will always be in the following quadrants based on the sign of the ratio.
TABLE 13.1:
Trigonometric Ratio | Positive Ratios | Negative Ratios
Sine | 0 ≤ θ ≤ 90◦ or 0 ≤ θ ≤ π/2 | −90◦ ≤ θ ≤ 0◦ or −π/2 ≤ θ ≤ 0
Cosine | 0 ≤ θ ≤ 90◦ or 0 ≤ θ ≤ π/2 | 90◦ < θ ≤ 180◦ or π/2 < θ ≤ π
Tangent | 0 ≤ θ ≤ 90◦ or 0 ≤ θ ≤ π/2 | −90◦ ≤ θ < 0◦ or −π/2 ≤ θ < 0",B_boundary,NA,high
1983,"Note: You may have noticed that there is a pattern that gives us a short cut for finding the Polar coordinates for any Cartesian coordinates, (x, y):
The reference angle can be found using, θ = tan−1(y / x) and then the angle of rotation can be found by placing the reference angle in the appropriate quadrant and giving a positive angle of rotation from the positive x –axis (0◦ ≤ θ < 360◦ or 0 ≤ θ < 2π). The radius is always r = √(x² + y²) and should be given in reduced radical form.",B_boundary,NA,high
2009,"Guidance
Recall that the sine ratios for an angle and its supplement will always be equal. In other words, sinθ = sin(180 - θ). In Geometry you learned that two triangles could not be proven congruent using SSA and you investigated cases in which there could be two triangles. In Example A, we will explore how the Law of Sines can be used to find two possible triangles when given two side lengths of a triangle and a non-included angle.",B_boundary,NA,high
2010,"Example A
Given ΔABC with m∠A = 30◦, a = 5, and b = 8, solve for the other angle and side measures.
Solution: First, let’s make a diagram to show the relationship between the given sides and angles. Then we can set up a proportion to solve for angle C:
sin 30◦ / 5 = sin C / 8
sin C = (8 sin 30◦) / 5
C = sin⁻¹((8 sin 30◦) / 5) ≈ 53.1◦
From here we can find m∠A = 96.9◦, since the three angles must add up to 180◦. We can also find the third side using another Law of Sines ratio:
sin 30◦ / 5 = sin 96.9◦ / a
a = (5 sin 96.9◦) / sin 30◦ ≈ 9.9
Putting these measures in the triangle, we get:
But, we know that sinθ = sin(180 - θ) so when we solved for C we only got one of the two possible angles. The other angle will be 180◦ - 53.1◦ = 126.9◦. Next we need to determine the measure of angle A for and the length of the third side in this second possible triangle. The sum of the three angles must still be 180◦, so m∠A = 23.1◦. Now set up a proportion to solve for the third side just as before:
sin 30◦ / 5 = sin 23.1◦ / a
a = (5 sin 23.1◦) / sin 30◦ ≈ 3.9
The second triangle would look like this:
In this instance there were two possible triangles.",B_boundary,NA,high
2011,"Example B
Given ΔABC with m∠B = 80◦, a = 5 and b = 7, solve for the other angle and side measures.
Solution: Again we will start with a diagram and use the law of sines proportion to find a second angle measure in the triangle.
sin 80◦ / 7 = sin A / 5
sin A = (5 sin 80◦) / 7
A = sin⁻¹((5 sin 80◦) / 7) ≈ 44.7◦
Now find the third angle, 180◦ - 80◦ - 44.7◦ = 55.3◦ and solve for the third side:
sin 80◦ / 7 = sin 55.3◦ / c
c = (7 sin 55.3◦) / sin 80◦ ≈ 5.8
Because we used the inverse sine function to determine the measure of angle A, the angle could be the supplement of 44.7◦ or 135.3◦ so we need to check for a second triangle. If we let m∠A = 135.3◦ and then attempt to find the third angle, we will find that the sum of the two angles we have is greater than 180◦ and thus no triangle can be formed.
m∠A + m∠B + m∠C = 180◦
135.3◦ + 80◦ + m∠C = 180◦
215.3◦ + m∠C > 180◦
This example shows that two triangles are not always possible. Note that if the given angle is obtuse, there will only be one possible triangle for this reason.",B_boundary,NA,high
2020,"Example C
Given c = 25 cm, a = 31 cm and B = 78◦, find the area of ΔABC.
Solution: Here we are given two sides and the included angle. We can adjust the formula to represent the sides and angle we are given: A = 1/2 ac sin B. It really doesn’t matter which “letters” are in the formula as long as they represent two sides and the included angle (the angle between the two sides.) Now put in our values to find the area: A = 1/2 (31)(25) sin(78◦) ≈ 379 cm².",B_boundary,NA,high
2036,"Note: Be careful to put parenthesis around the entire numerator and entire denominator on the calculator to ensure the proper order of operations. Your calculator screen should look like this:
cos⁻¹((12² + 18² - 21²)/(2(12)(18)))",B_boundary,NA,medium
2059,"Comparing y = sin x and y = cos x (below), we see that the curves are almost identical, except that the sine curve starts at y = 0 and the cosine curve starts at y = 1.",B_boundary,NA,high
2077,"Guidance
Just like other functions, sine and cosine curves can be moved to the left, right, up and down. The general equation for a sine and cosine curve is y = a sin(x - h) + k and y = a cos(x - h) + k, respectively. Also, just like in other functions, h is the horizontal shift, also called a phase shift, and k is the vertical shift. Notice, that because it is x - h in the equation, h will always shift in the opposite direction of what is in the equation.",B_boundary,NA,high
2087,13. Critical Thinking Is there a difference between y = sin x + 1 and y = sin(x + 1)? Explain your answer.,B_boundary,NA,high
2093,"Problem Set
Determine if the following statements are true or false.
1. To change a cosine curve into a sine curve, shift the curve π/2 units.
2. For any given sine or cosine graph, there are infinitely many possible equations that can be written to represent the curve.
3. The amplitude is the same as the maximum value of the sine or cosine curve.
4. The horizontal shift is always in terms of π.
5. The domain of any sine or cosine function is always all real numbers.",B_boundary,NA,high
2096,"Use the graph below to answer questions 16-20.
16. Write a sine equation for the function where the amplitude is positive.
17. Write a cosine equation for the function where the amplitude is positive.
18. Write a sine equation for the function where the amplitude is negative.
19. Write a cosine equation for the function where the amplitude is negative.
20. Describe the similarities and differences between the four equations from questions 16-19.",B_boundary,NA,high
2161,"Guidance: This concept continues where the previous one left off. Now that you are comfortable simplifying expressions, we will extend the idea to verifying entire identities. Here are a few helpful hints to verify an identity: Change everything into terms of sine and cosine; Use the identities when you can; Start with simplifying the left-hand side of the equation, then, once you get stuck, simplify the right-hand side. As long as the two sides end up with the same final expression, the identity is true.",B_boundary,NA,high
2162,"Example A: Verify the identity cot^2 x / csc x = csc x - sin x. Solution: Rather than have an equal sign between the two sides of the equation, we will draw a vertical line so that it is easier to see what we do to each side of the equation. Start with changing everything into sine and cosine: cot^2 x / csc x = (cos^2 x / sin^2 x) / (1 / sin x) = cos^2 x / sin x. For the right side: csc x - sin x = 1 / sin x - sin x. Now, it looks like we are at an impasse with the left-hand side. Let's combine the right-hand side by giving them same denominator: 1 / sin x - sin^2 x / sin x = (1 - sin^2 x) / sin x = cos^2 x / sin x. The two sides reduce to the same expression, so we can conclude this is a valid identity. In the last step, we used the Pythagorean Identity, sin^2 theta + cos^2 theta = 1, and isolated the cos^2 x = 1 - sin^2 x. There are usually more than one way to verify a trig identity. When proving this identity in the first step, rather than changing the cotangent to cos^2 x / sin^2 x, we could have also substituted the identity cot^2 x = csc^2 x - 1.",B_boundary,NA,high
2167,Problem Set: Verify the following identities. 1. cot(-x) = -cot x; 2. csc(-x) = -csc x; 3. tan x csc x cos x = 1; 4. sin x + cos x cot x = csc x; 5. csc(pi/2 - x) = sec x; 6. tan(pi/2 - x) = tan x [cot x]; 7. csc x / sin x - cot x / tan x = 1; 8. tan^2 x / (tan^2 x + 1) = sin^2 x; 9. (sin x - cos x)^2 + (sin x + cos x)^2 = 2; 10. sin x - sin x cos^2 x = sin^3 x; 11. tan^2 x + 1 + tan x sec x = (1 + sin x) / cos^2 x; 12. cos^2 x = csc x cos x / (tan x + cot x); 13. 1 / (1 - sin x) - 1 / (1 + sin x) = 2 tan x sec x; 14. csc^4 x - cot^4 x = csc^2 x + cot^2 x; 15. (sin x - tan x)(cos x - cot x) = (sin x - 1)(cos x - 1).,B_boundary,NA,high
2171,"Guidance: In the previous concept, we verified trigonometric identities, which are true for every real value of x. In this concept, we will solve trigonometric equations. An equation is only true for some values of x.",B_boundary,NA,high
2172,"Example A: Verify that csc x - 2 = 0 when x = 5pi/6. Solution: Substitute in x = 5pi/6 to see if the equations holds true: csc(5pi/6) - 2 = 0; 1 / sin(5pi/6) - 2 = 0; 1 / (1/2) - 2 = 0; 2 - 2 = 0. This is a true statement, so x = 5pi/6 is a solution to the equation.",B_boundary,NA,high
2176,"Answers: 1. 2 sin(pi/3) = sqrt(3) -> 2 * sqrt(3)/2 = sqrt(3). Yes, x = pi/3 is a solution. 2. Isolate the cos^2 x and then take the square root of both sides. Don't forget about the +-! 9 cos^2 x - 5 = 0; 9 cos^2 x = 5; cos^2 x = 5/9; cos x = +- sqrt(5)/3. The cos x = sqrt(5)/3 at x = 0.243 rad (use your graphing calculator). To find the other value where cosine is positive, subtract 0.243 from 2pi, x = 2pi - 0.243 = 6.037 rad. The cos x = -sqrt(5)/3 at x = 2.412 rad, which is in the 2nd quadrant. To find the other value where cosine is negative (the 3rd quadrant), use the reference angle, 0.243, and add it to pi: x = pi + 0.243 = 3.383 rad. 3. Here, we will find the solution within the given range, 0 <= x < 2pi: 3 sec(x - 1) + 2 = 0; 3 sec(x - 1) = -2; sec(x - 1) = -2/3; cos(x - 1) = -3/2. At this point, we can stop. The range of the cosine function is from 1 to -1. -3/2 is outside of this range, so there is no solution to this equation.",B_boundary,NA,high
2177,Problem Set: Determine if the following values for x are solutions to the equation 5 + 6 csc x = 17: 1. x = -7pi/6; 2. x = 11pi/6; 3. x = 5pi/6.,B_boundary,NA,high
2194,"In general, sin(a+b) ≠ sina+sinb and similar statements can be made for the other sum and difference formulas.",B_boundary,NA,medium
2196,"Example C
Find the exact value of tan(-π/12).
Solution: This angle is the difference between π/4 and π/3.
tan(π/4 − π/3) = (tan π/4 − tan π/3)/(1 + tan π/4 tan π/3)
= (1 − √3)/(1 + √3)
This angle is also the same as 23π/12. You could have also used this value and done tan(π/4 + 5π/3) and arrived at the same answer.",B_boundary,NA,high
2200,"10. Now, use sin 15◦ from #1, and find sin 345◦. Do you arrive at the same answer? Why or why not?",B_boundary,NA,high
2201,"11. Using cos 15◦ from #7, find cos 165◦. What is another way you could find cos 165◦?",B_boundary,NA,high
2204,14. Use the sine difference formula to find sin 142◦ with any two angles you choose. Do you arrive at the same answer? Why or why not?,B_boundary,NA,high
2214,"Determine if the following trig statements are true or false.
16. sin(π−x) = sin(x−π)
17. cos(π−x) = cos(x−π)
18. tan(π−x) = tan(x−π)",B_boundary,NA,high
2219,"Example C
Solve 2 sin(x+π/3) = tan π/3.
Solution:
2 sin(x+π/3) = tan π/3
2(sinx cos π/3+cos x sin π/3) = √3
2 sinx · 1/2+2 cos x · √3/2 = √3
sinx+√3 cos x = √3
sinx = √3(1−cos x)
sin2 x = 3(1−2 cos x+cos2 x) square both sides
1−cos2 x = 3−6 cos x+3 cos2 x substitute sin2 x = 1−cos2 x
0 = 4 cos2 x−6 cos x+2
0 = 2 cos2 x−3 cos x+1
At this point, we can factor the equation to be (2 cos x − 1)(cos x − 1) = 0. cos x = 1/2, and 1, so x = 0, π/3, 5π/3. Be careful with these answers. When we check these solutions it turns out that 5π/3 does not work.
2 sin(5π/3+π/3) = tan π/3
2 sin 2π = √3
0 ≠ √3
Therefore, 5π/3 is an extraneous solution.",B_boundary,NA,high
2229,"Example B
Find the exact value of sin 2a if cosa = −4/5 and 3π/2 ≤ a < 2π.
Solution: To use the sine double-angle formula, we also need to find sina, which would be 3/5 because a is in the 4th quadrant.
sin 2a = 2 sinacosa
= 2 · 3/5 · −4/5
= −24/25",B_boundary,NA,high
36,"Example C
Determine if t = −2 is a solution to 7t^2 − 9t − 10 = 36.
Solution: Here, t is the variable and it is listed twice in this equation. Plug in -2 everywhere there is a t and simplify.
7(−2)^2 − 9(−2) − 10 = 36
7(4) + 18 − 10 = 36
28 + 18 − 10 = 36
36 = 36
-2 is a solution to this equation.",C_control,NA,high
1982,"Example B
Write the Cartesian coordinates, (3, −4), in Polar form. Give the angle in degrees.
Solution: Again, start with a sketch.
We can find the reference angle again using tangent: tan−1(−4/3) = −53.1◦. So the angle of rotation is 360◦ − 53.1◦ = 306.9◦
Now find the radius:
r² = 3² + (−4)²
r² = 25
r = √25 = 5
The Polar coordinates are thus (5, 306.9◦)",C_control,NA,high
1620,"Problem Set
Identify which of the following sequences is arithmetic. If the sequence is arithmetic find the nth term rule.
1. 2, 3, 4, 5, ...
2. 6, 2, −1, −3, ...
3. 5, 0, −5, −10, ...
4. 1, 2, 4, 8, ...
5. 0, 3, 6, 9, ...
6. 13, 12, 11, 10, ...",C_control,NA,high
2193,"Example A: Find the exact value of sin 75 degrees. Solution: This is an example of where we can use the sine sum formula from above, sin(a + b) = sin a cos b + cos a sin b, where a = 45 degrees and b = 30 degrees: sin 75 degrees = sin(45 degrees + 30 degrees) = sin 45 degrees cos 30 degrees + cos 45 degrees sin 30 degrees = sqrt(2)/2 * sqrt(3)/2 + sqrt(2)/2 * 1/2 = (sqrt(6) + sqrt(2)) / 4.",C_control,NA,high
1350,"Example A
Graph f(x) = (2x - 1)/(x + 4). Find asymptotes, x and y intercepts, domain and range.

Solution: To find the vertical asymptote, it is the same as before, the value that makes the denominator zero. In this case, x = -4. Also the same is how to find the x and y intercepts.

y-intercept (when x = 0): y = (2 · 0 - 1)/(0 + 4) = -1/4

x-intercept (when y = 0):
0 = (2x - 1)/(x + 4)
0 = 2x - 1
1 = 2x
1/2 = x

When solving for the x-intercept, to get the denominator out, we multiplied both sides by x + 4. But, when we multiply anything by 0, it remains 0. Therefore, to find the x-intercept, we only need to set the numerator equal to zero and solve for x.

The last thing to find is the horizontal asymptote. We know that the function is positive, so the branches will be in the first and third quadrants. Let’s make a table.
TABLE 9.12:
x: -13, -7, -5, -3, -1, 0, 2, 5, 14
y: 3, 5, 11, -7, -1, -0.25, 0.5, 1, 1.5

It looks like the horizontal asymptote is y = 2 because both branches seem to approach 2 as x gets larger, both positive and negative. If we plug in x = 86, y = 1.9 and when x = -94, y = 2.1. As you can see, even when x is very large, the function is still approaching 2.

Looking back at the original equation, f(x) = (2x - 1)/(x + 4), extract the leading coefficients and leave them numerator over denominator, 2/1. This is the horizontal asymptote. We can generalize this pattern for all rational functions. When the degree of the numerator is equal to the degree of the denominator, the horizontal asymptote is the ratio of the leading coefficients.

Finally, the domain is all real numbers; x ≠ -4 and the range is all real numbers; y ≠ 2.",C_control,NA,high
1554,"Problem Set
Use the discriminant to determine the type of conic each equation represents.
1. 2x^2 + 2y^2 + 16x - 8y + 25 = 0
2. x^2 - y^2 - 2x + 5y - 12 = 0
3. 6x^2 + y^2 - 12x + 7y + 35 = 0
4. 3x^2 - 15x + 9y - 18 = 0
5. 10y^2 + 6x - 40y + 253 = 0
6. 4x^2 + 4y^2 + 32x + 48y + 465 = 0
Match the equation with the correct graph.
7. x^2 + 10x + 4y + 41 = 0
8. 4y^2 + x + 56y + 188 = 0
9. x^2 + y^2 + 10x - 14y + 65 = 0
10. 25x^2 + y^2 - 200x - 10y + 400 = 0",C_control,NA,high
1710,"2. At a neighborhood restaurant wings are the specialty. The restaurant offers 3 sizes of wings, 4 levels of heat and ranch or blue cheese dipping sauce. How many different orders are possible?",C_control,NA,high
360,"Example A

Is the point (5, -2) the solution of the system of linear equations shown in the graph below?

Solution: Yes, the lines intersect at the point (5, -2) so it is the solution to the system.",C_control,NA,high
1383,"Problem Set

Simplify the following Rational Expressions.

1. (4x^3)/(2x^2 + 3x)
2. (x^3 + x^2 - 2x)/(x^4 + 4x^3 - 5x^2)
3. (2x^2 - 5x - 3)/(2x^2 - 7x - 4)
4. (5x^2 + 37x + 14)/(5x^3 - 33x^2 - 14x)
5. (8x^2 - 60x - 32)/(-4x^2 + 26x + 48)
6. (6x^3 - 24x^2 + 30x - 120)/(9x^4 + 36x^2 - 45)
7. (6x^2 + 5x - 4)/(6x^2 - x - 1)
8. (x^4 + 8x)/(x^4 - 2x^3 + 4x^2)
9. (6x^4 - 3x^3 - 63x^2)/(12x^2 - 84x)
10. (x^5 - 3x^3 - 4x)/(x^4 + 2x^3 + x^2 + 2x)
11. (-3x^2 + 25x - 8)/(x^3 - 8x^2 + x - 8)
12. (-x^3 + 3x^2 + 13x - 15)/(-2x^3 + 7x^2 + 20x - 25)",C_control,NA,high
1409,"Problem Set

Add or subtract the following rational expressions.

1. 3/x + (x + 1)/x
2. 5/(x + 1) + (x - 4)/(x + 1)
3. (x + 15)/(x - 2) - 10/(x - 2)
4. (4x - 3)/(x + 3) + 15/(x + 3)
5. (3x + 8)/(x^2 - 4x - 5) + (2x + 3)/(x^2 - 4x - 5)
6. (5x + 3)/(x^2 - 4) - (2x + 9)/(x^2 - 4)
7. (3x^2 + x)/(x^3 - 8) + 4/(x^3 - 8) - (2x^2 - x)/(x^3 - 8)
8. (4x + 3)/(x^2 + 1) - (x + 2)/(x^2 + 1) + (1 - x)/(x^2 + 1)
9. (18x^2 - 7x + 2)/(8x^3 + 4x^2 - 18x - 9) - (3x^2 + 13x - 4)/(8x^3 + 4x^2 - 18x - 9) + (5x^2 - 13)/(8x^3 + 4x^2 - 18x - 9)
10. (2x^2 + 3x)/(x^3 + 2x^2 - 16x - 32) + (5x^2 - 13)/(x^3 + 2x^2 - 16x - 32) - (4x^2 + 9x + 11)/(x^3 + 2x^2 - 16x - 32)",C_control,NA,high
1904,"Example C: Given ΔABC, with m∠A = 90°, m∠C = 20° and c = 9, find a and b. Solution: Visual learners may find it particularly useful to make a sketch of this triangle and label it with the given information: To find a (the hypotenuse) we can use the opposite side and the sine ratio: sin 20° = 9/a, solving as we did in Example B we get a = 9/sin 20° ≈ 26.31. To find b (the adjacent side) we can use the opposite side and the tangent ratio: tan 20° = 9/b, solving for b we get b = 9/tan 20° ≈ 24.73.",C_control,NA,high
1767,9. How many unique ways can the letters in MISSISSIPPI be arranged?,C_control,NA,high
1973,"Example B
Use your calculator to find θ, to two decimal places, where 0 ≤ θ < 2π.
a. sec θ = 2.1647
b. sin θ = −1.0034
c. cot θ = −1.5632
Solution: For each these, we will need to be in radian mode on the calculator.
a. Since cos θ = 1 / sec θ, sec−1(2.1647) = cos−1(1 / 2.1647) = 1.09 radians. This is a first quadrant value and thus the reference angle as well. Since cosine (and subsequently, secant) is also positive in the fourth quadrant, we can find the second answer by subtracting from 2π: 2π − 1.09 = 5.19.
Hence, sec−1(2.1647) = 1.09, 5.19
b. From the calculator, sin−1(−0.3487) = −0.36 radians, a fourth quadrant reference angle of 0.36 radians. Now we can use this reference angle to find angles in the third and fourth quadrants within the interval given for θ.
3rd quadrant: π + 0.36 = 3.50 and 4th quadrant: 2π − 0.36 = 5.92
So, sin−1(−0.3487) = 3.50, 5.92
c. Here, tan θ = 1 / cot θ, so cot−1(−1.5632) = tan−1(−1 / 1.5632) = −0.57, a fourth quadrant reference angle of 0.57 radians. Since the ratio is negative and tangent and cotangent are both negative in the 2nd and 4th quadrants, those are the angles we must find.
2nd quadrant: π − 0.57 = 2.57 and 4th quadrant: 2π − 0.57 = 5.71
So, cot−1(−1.5632) = 2.57, 5.71",C_control,NA,high
149,"Answers
1. Plug in -4 for x to see if it works.
|15 - 2(-4)| > 9
|15 + 8| > 9
|23| > 9
23 > 9
Yes, -4 works, so it is a solution to this absolute value inequality.",C_control,NA,high
2045,"11. Find the m∠A if a = 24, b = 20 and c = 14.",C_control,NA,high
1064,"Problem Set
Find all solutions to the following functions. Use any method.
1. f(x) = x⁴ + x³ − 12x² − 10x + 20
2. f(x) = 4x³ − 20x² − 3x + 15
3. f(x) = 2x⁴ − 7x² − 30
4. f(x) = x³ + 5x² + 12x + 18
5. f(x) = 4x⁴ + 4x³ − 22x² − 8x + 40
6. f(x) = 3x⁴ + 4x² − 15
7. f(x) = 2x³ − 6x² + 9x − 27
8. f(x) = 6x⁴ − 7x³ − 280x² − 419x + 280
9. f(x) = 9x⁴ + 6x³ − 28x² + 2x + 11
10. f(x) = 2x⁵ − 19x⁴ + 30x³ + 97x² − 20x + 150
Find a function with the following roots.
11. 4, i
12. −3, −2i
13. √5, −1 + i
14. 2, 1/3, 4 − √2
15. Writing Write down the steps you use to find all the zeros of a polynomial function.
16. Writing Why do imaginary and irrational roots always come in pairs?
17. Challenge Find all the solutions to f(x) = x⁵ + x³ + 8x² + 8.",C_control,NA,high
690,"Review Queue
1. Multiply the matrices:
[ 3 -5 ; 7 -1 ] [ x ; y ]",C_control,NA,high
923,"This technique can be applied to real-life problems. You can also use technique to find the equation of any parabola, given three points.",C_control,NA,high
1849,"Guidance
A Venn diagram is shown below.
The diagram illustrates that within some universe of data, there are two subsets, A and B, which have some elements in common. The following example relates the use of a Venn diagram to a real world situation.",C_control,NA,high
1598,"Series and Summation Notation
Objective
Write the terms of a series and find the sum of a finite series.",C_control,NA,high
1101,"This chapter extends what we have learned about polynomials and exponents and applies those ideas to square root and cubed root functions. First, we will introduce rational exponents and simplify these expressions. We will also solve equations with radicals and rational exponents. Then, we switch gears a little and learn how to find the inverse of a function as well as how to add, subtract, multiply, divide, and compose them. The last lesson is an introduction to statistics.",C_control,NA,high
1825,"Vocabulary
Independent Events
Multiple events for which the outcome of one event does not affect the outcome of a second or subsequent event. The probability of multiple independent events occurring is the product of the probabilities of the individual events.

Conditional Events
Events for which the outcome of one event is influenced by the outcome of a previous event. In this concept, we can manipulate the probabilities of the subsequent events to reflect the desired outcome of previous events and thus create pseudo-independent events.",C_control,NA,high
1334,"Guidance
The last type of variation is called joint variation. This type of variation involves three variables, usually x, y and z. For example, in geometry, the volume of a cylinder varies jointly with the square of the radius and the height. In this equation the constant of variation is π, so we have V = πr^2h. In general, the joint variation equation is z = kxy. Solving for k, we also have k = z/(xy).",C_control,NA,high
2238,"Example A
Simplify cos 2x / (sinx cos x).
Solution: Use cos 2a = cos2 a−sin2 a and then factor.
cos 2x / (sinx cos x) = (cos2 x−sin2 x)/(sinx+cos x)
= ((cos x−sinx)(cos x+sinx))/(sinx+cos x)
= cos x−sinx",C_control,NA,high
834,"Solving Quadratic Equations with Complex Number Solutions
Objective
To apply what we have learned about complex numbers and solve quadratic equations with complex number solutions.",C_control,NA,high
865,"Review Queue
Solve each equation by completing the square.
1. x² - 4x + 20 = 0
2. 4x² - 12x - 33 = 0
Solve each equation by factoring.
3. 12x² + 31x + 20 = 0
4. 5x² - 30x - 23 = x² - 77",C_control,NA,high
1097,8. Find the two imaginary solutions in #3.,C_control,NA,high
1337,"Example C
Geometry Connection The volume of a pyramid varies jointly with the area of the base and the height with a constant of variation of 1/3. If the volume is 162 units^3 and the area of the base is 81 units^2, find the height.

Solution: Find the joint variation equation first.
V = 1/3 Bh
Now, substitute in what you know to solve for the height.
162 = 1/3 · 81 · h
162 = 27h
6 = h",C_control,NA,high
611,"Problem Set
Use the following matrices to answer questions 1-10.

A = [2 -1 4]
B = [-3; 5; 0]
C = [4 -1; 2 5]
D = [3 -2]
E = [8 -1 0; 2 5 1; 3 4 -3]
F = [5 0 -11; -1 8 9]

For each product, determine the dimensions of the resulting matrix or write ""cannot be determined"". Do not multiply the matrices together.
1. AB
2. BA
3. CD
4. DC
5. EA
6. EB
7. CF
8. FC
9. DF
10. BD",C_control,NA,high
1750,"9. If the two of the eight girls in problem eight must sit together, how many ways can the 8 girls be arranged in the row such that the two girls sit together?",C_control,NA,high
151,"Problem Set
Determine if the following numbers are solutions to the given absolute value inequalities.
1. |x - 9| > 4; 10
2. |1/2 x - 5| ≤ 1; 8
3. |5x + 14| ≥ 29; -8",C_control,NA,high
658,"3. Find the inverse of
[ 3 -4 ; 6 -7 ].",C_control,NA,high
512,"Guided Practice
Solve the following systems using linear combinations:
1.
6x+5y = 3
−4x−2y = −14

2.
9x−7y = −19
5x−3y = −15

3.
15x−21y = −63
7y = 5x+21",C_control,NA,high
663,"2.
[ 3 7 ; 1 2 ]
and
[ -2 7 ; 1 -3 ]",C_control,NA,high
2029,"Example C
Rae is making a triangular flower garden. One side is bounded by her porch and a second side is bounded by her fence. She plans to put in a stone border on the third side. If the length of the porch is 10 ft and the length of the fence is 15 ft and they meet at a 100◦ angle, how many feet of stone border does she need to create?
Solution: Let the two known side lengths be a and b and the angle between is C. Now we can use the formula to find c, the length of the third side.
c² = 10² + 15² - 2(10)(15) cos 100◦
c² ≈ 377.094
c ≈ 19.4
So Rae will need to create a 19.4 ft stone border.",C_control,NA,high
91,"Guided Practice
Solve each equation below and check your answer.
1. 3/4 + 2/3 x = 2x+ 5/6
2. 0.6(2x−7) = 5x−5.1
Answers
1. Use the LCD method introduced in the problem set from the previous concept. Multiply every term by the LCD of 4, 3, and 6.
12(3/4 + 2/3 x = 2x+ 5/6)
9+8x = 24x+10
Now, combine like terms. Follow the steps from Example B.
9+8x = 24x+10
−10−8x −8x−10
−1/16 = 16x/16
−1/16 = x
Check your answer:
3/4 + 2/3(−1/16) = 2(−1/16) + 5/6
3/4 − 1/24 = −1/8 + 5/6
18/24 − 1/24 = −3/24 + 20/24
17/24 = 17/24
2. Even though there are decimals in this problem, we can approach it like any other problem. Use the Distributive Property and combine like terms.
0.6(2x+7) = 4.3x−5.1
1.2x+4.2 = 4.3x−5.1
−4.3x−4.2 −4.3x−4.2
−3.1x/−3.1 = −9.3/−3.1
x = 3
Check your answer:
0.6(2(3) +7) = 4.3(3)−5.1
0.6 · 13 = 12.9−5.1
7.8 = 7.8",C_control,NA,high
219,"20. The population of a small town in northern California gradually increases by about 50 people a year. In 2010, the population was 8500 people. Write an equation for the population of this city and find its estimated population in 2017.",C_control,NA,high
1464,"Problem Set: Find the vertex, focus, axis of symmetry, and directrix of the parabolas below. 1. (x+1)^2 = -3(y-6); 2. (x-3)^2 = y-7; 3. (y+2)^2 = 8(x+1); 4. y^2 = -10(x-3); 5. (x+6)^2 = 4(y+8); 6. (y-5)^2 = -1/2 x; 7. Graph the parabola from #1; 8. Graph the parabola from #2; 9. Graph the parabola from #4; 10. Graph the parabola from #5; Find the equation of the parabola given the vertex and either the focus or directrix: 11. vertex: (2,-1), focus: (2,-4); 12. vertex: (-3,6), directrix: x = 2; 13. vertex: (6,10), directrix: y = 9.5; 14. Challenge focus: (-1,-2), directrix: x = 3; 15. Extension Rewrite the equation of the parabola, x^2 - 8x + 2y + 22 = 0, in standard form by completing the square. Then, find the vertex. (For a review, see the Completing the Square when a = 1 concept.)",C_control,NA,high
927,Vocabulary Quadratic Regression The process through which the equation of best fit is a quadratic equation.,C_control,NA,high
1895,"Guided Practice: Use the Pythagorean Theorem to determine if a right triangle is formed by the given lengths. 3. 16, 30, 34 4. 9, 40, 42 5. 2, 2, 4",C_control,NA,high
1170,"When finding the equation of a cubed root function, you may assume that one of the given points is (h, k). Whichever point is on the “bend” is (h, k) for the purposes of this text.",C_control,NA,high
2144,"Example A: Given that cos theta = 3/5 and 0 < theta < pi/2, find sin theta. Solution: Use the Pythagorean Identity to find sin theta: sin^2 theta + cos^2 theta = 1; sin^2 theta + (3/5)^2 = 1; sin^2 theta = 1 - 9/25; sin^2 theta = 16/25; sin theta = +- 4/5. Because theta is in the first quadrant, we know that sine will be positive. sin theta = 4/5.",C_control,NA,high
1835,"Tommy has 20 water balloons in bucket. There is a 1/8 chance of each balloon exploding on him before he even has a chance to throw it. Use a Binomial Probability Distribution to answer the following questions.
4. What is the probability that Tommy throws eight without any breaking on him?
5. What is the probability that exactly five of the eight balloons he attempts to throw explode on him?
6. What is the probability that more than two of the eight explode on him?",C_control,NA,high
811,"5.3 Complex Numbers
Objective
To define and use complex and imaginary numbers. Then, solve quadratic equations with imaginary solutions.",C_control,NA,high
193,"Example C
The slope of a line is 1/2 and it passes through the point (4, -7). What is the equation of the line?
Solution: In this problem, we are given m and a point on the line. The point, (4, -7) can be substituted in for x and y in the equation. We need to solve for the y-intercept, or b. Plug in what you know to the slope-intercept equation.
y = mx + b
-7 = 1/2(4) + b
-7 = 2 + b
-9 = b
From this, the equation of the line is y = 1/2 x - 9.
We can test if a point is on a line or not by plugging it into the equation. If the equation holds true, the point is on the line. If not, then the point is not on the line.",C_control,NA,high
638,"Example B
Use Cramer's Rule to solve the system:
2x + 2y - z = -7
5x + y - 2z = -3
x - 3y + 2z = 21

Solution:
Matrix A is the matrix made up of the coefficients of x, y and z:
[2 2 -1; 5 1 -2; 1 -3 2]

Now we can find the determinant of matrix A:
det A = |2 2 -1; 5 1 -2; 1 -3 2|
= [(2)(1)(2) + (2)(-2)(1) + (-1)(5)(-3)] - [(1)(1)(-1) + (-3)(-2)(2) + (2)(5)(2)]
= [4 - 4 + 15] - [-1 + 12 + 20]
= 15 - 31
= -16

Now using the formulas above, we can find x, y and z as follows:
x = |-7 2 -1; -3 1 -2; 21 -3 2| / -16 = -32 / -16 = 2
y = |2 -7 -1; 5 -3 -2; 1 21 2| / -16 = 48 / -16 = -3
z = |2 2 -7; 5 1 -3; 1 -3 21| / -16 = -80 / -16 = 5

So the solution is (2, -3, 5).",C_control,NA,high
1151,"Vocabulary
General Equation for a Square Root Function
f(x) = a√{x−h}+k where h is the horizontal shift and k is the vertical shift.",C_control,NA,high
544,"Example A
Graph and identify the solution to the system:

y > 2x−3
y ≤ 4x+1

Solution:
Since both of these inequalities are given in slope intercept form, we can use the y−intercept and the slope to graph the lines. Since inequality 1 has “y >”, we will make a dashed line to indicate that the line is not included in the solution and shade above the line where y is “greater” (where the y−axis is above) the line. Since inequality 2 has “y ≤” we will make a solid line to indicate that the line is included in the solution set and shade below the line where y is “less than” (where the y−axis is below) the line. Inequality 1 is graphed in blue and inequality 2 is graphed in red. The overlap of the shaded regions (purple shading) represents the solution.",C_control,NA,high
1254,"Problem Set
Determine if the following functions are exponential growth, decay or neither. Give a reason for your answer.
1. y = 4/3 e^x
2. y = −e^(−x) + 3
3. y = (1/e)^x + 2
4. y = (3/e)^(−x) − 5",C_control,NA,high
1475,"Example B: Find the equation of the circle with center (2,4) and radius 5. Solution: Plug in the center and radius to the equation and simplify: (x-2)^2 + (y-4)^2 = 5^2 -> (x-2)^2 + (y-4)^2 = 25.",C_control,NA,high
1236,10. A discount retailer advertises that items will be marked down at a rate of 10% per week until sold. The initial price of one item is $50. a. Write an exponential decay function to model the price of the item x weeks after it is first put on the rack. b. What will the price be after the item has been on display for 5 weeks? c. After how many weeks will the item be half its original price?,C_control,NA,high
2050,"Example C
Caroline wants to measure the height of a radio tower. From some distance away from the tower, the angle of elevation from her spot to the top of the tower is 65°. Caroline walks 100 m further away from the tower and measures the angle of elevation to the top of tower to be 48°. How tall is the tower?

Solution: First, make a diagram to illustrate the situation.

We can use angle properties (linear pair and triangle sum) to find the angles shown in green in the diagram.
180° - 65° = 115° and 180° - 48° - 115° = 17°

Next, we can use the Law of Sines in the obtuse triangle to find the hypotenuse in the right triangle:

sin 17° / 100 = sin 48° / x
x = (100 sin 48°) / sin 17° ≈ 254.18

Finally we can use the sine ratio in the right triangle to find the height of the tower:

sin 65° = h / 254.18, h = 254.18 sin 65° ≈ 230.37 m",C_control,NA,high
1140,"Graphing Square Root Functions
Objective
To graph a square root function with and without a calculator.",C_control,NA,high
2129,Introduction to Trig Identities - Objective: Here you'll learn about the basic trigonometric identities and how to use them.,C_control,NA,high
1124,"Vocabulary
Rational Exponent
An exponent that can be written as a fraction. For any n^th root, the n of the root can be written in the denominator of a rational exponent. √[n]{x} = x^{1/n}.",C_control,NA,high
1079,"Parent Graph: The most basic function of a particular type. It has a leading coefficient of 1, no additional x−terms, and no constant.",C_control,NA,high
2237,"Guidance
We can also use the double-angle and half-angle formulas to simplify trigonometric expressions.",C_control,NA,high
1107,"So, it does not matter if you evaluate the root first or the exponent.
The n^th Root Theorem: For any real number a, root n, and exponent m, the following is always true: √[n]{a^m} = √[n]{a}^m = (√[n]{a})^m.",C_control,NA,high
688,"12.
X ([ 5 -1 ; 2 4 ] − [ 3 -1 ; 2 2 ]) + [ 5 -2 ; 9 7 ] = [ 9 -16 ; 11 13 ]",C_control,NA,high
103,"Problem Set
Solve and graph each inequality.
1. x+5 > −6
2. 2x ≥ 14
3. 4 < −x
4. 3x−4 ≤ 8
5. 21−8x < 45
6. 9 > x−2
7. 1/2 x+5 ≥ 12
8. 54 ≤ −9x
9. −7 < 8+ 5/6 x
10. 10− 3/4 x < −8
11. 4x+15 ≥ 47
12. 0.6x−2.4 < 4.8
13. 1.5 > −2.7−0.3x
14. −11 < 12x+121
15. 1/2 − 3/4 x ≤ −5/8",C_control,NA,high
1976,"Problem Set
For problems 1-6, use your calculator to find all solutions on the interval 0 ≤ θ < 360◦. Round your answers to the nearest tenth.
1. cos−1(−0.2182)
2. sec−1(10.8152)
3. tan−1(−20.2183)
4. sin−1(0.8785)
5. csc−1(−6.9187)
6. cot−1(0.8316)
For problems 7-12, use your calculator to find θ, to two decimal places, where 0 ≤ θ < 2π.
7. sin θ = −0.6153
8. cos θ = 0.1382
9. cot θ = −2.8135
10. sec θ = −8.8775
11. tan θ = 0.9990
12. csc θ = 12.1385
For problems 13-18, find θ, without using a calculator, where 0 ≤ θ < 2π.
13. sin θ = 0
14. cos θ = −√2 / 2
15. tan θ = −1
16. sec θ = 2√3 / 3
17. sin θ = 1 / 2
18. cot θ = undefined
19. cos θ = −1 / 2
20. csc θ = √2
21. tan θ = √3 / 3",C_control,NA,high
2049,"Example B
Alena is planning a garden in her yard. She is using three pieces of wood as a border. If the pieces of wood have lengths 4 ft, 6 ft and 3 ft, what is the area of her garden?

Solution: The garden will be triangular with side lengths 4 ft, 6 ft and 3 ft. Find the semi-perimeter and then use Heron's formula to find the area.

s = 1/2(4 + 6 + 3) = 13/2

A = √((13/2)(13/2 - 4)(13/2 - 6)(13/2 - 3)) = √((13/2)(5/2)(1/2)(7/2)) = √(455/16) ≈ 28 ft²",C_control,NA,high
1382,"Vocabulary

Rational Expression
A fraction with polynomials in the numerator and denominator.",C_control,NA,high
411,"Classify the following systems as consistent, inconsistent, independent or dependent. You may do this with or without graphing them. You do not need to find the unique solution if there is one. 9. 6x - y = 18, y = 1/6 x + 3",C_control,NA,high
1358,"4. horizontal asymptote: y = 1/2, y-intercept: (0, -2)
vertical asymptotes: x = 1/2, x-intercept: (-2, 0)
hole: x = 2, f(2) = 4/3
domain: ℝ; x ≠ 1/2, 2
range: ℝ; y ≠ 1/2, 4/3",C_control,NA,high
979,"Adding and Subtracting Polynomials Objective: Adding and subtracting polynomials, as well as learning about the different parts of a polynomial.",C_control,NA,high
1608,"Use your calculator to find the following sums.
6. ∑_{n=10}^{15} (1/2 n + 3)
7. ∑_{n=0}^{50} (n − 25)
8. ∑_{n=1}^5 (1/2)^{n−5}
9. ∑_{n=5}^{12} n(2n+1)/2
10. ∑_{n=1}^{100} 1/2 n",C_control,NA,high
1769,"11. At a math department luncheon, the department chair has three $20 gift certificates to the local coffee shop, five $25 gift certificates to a local bookstore and two state of the art calculators to give as prizes amongst the 10 department members. If each teacher receives one prize, how many unique distributions of prizes can be made?",C_control,NA,high
1488,"TABLE 10.1: Equation of an Ellipse, Centered at the Origin

x^2/a^2 + y^2/b^2 = 1
HORIZONTAL
major axis is the x-axis with length 2a.
minor axis is the y-axis with length 2b.

x^2/b^2 + y^2/a^2 = 1
VERTICAL
major axis is the y-axis with length 2a.
minor axis is the x-axis with length 2b.",C_control,NA,high
1029,Vocabulary Quadratic form: When a polynomial looks a trinomial or binomial and can be factored like a quadratic equation.,C_control,NA,high
292,"Guidance
A linear inequality is very similar to the equation of a line, but with an inequality sign. They can be written in one of the following ways:
Ax+By < C Ax+By > C Ax+By ≤ C Ax+By ≥ C
Notice that these inequalities are very similar to the standard form of a line. We can also write a linear inequality in slope-intercept form.
y < mx+b y > mx+b y ≤ mx+b y ≥ mx+b
In all of these general forms, the A,B,C,m, and b represent the exact same thing they did with lines.
An ordered pair, or point, is a solution to a linear inequality if it makes the inequality true when the values are substituted in for x and y.",C_control,NA,high
1257,"9. The value of Steve’s car decreases in value according to the exponential decay function: V = Pe^(−0.12t), where V is the current value of the vehicle, t is the number of years Steve has owned the car and P is the purchase price of the car, $25,000.
a. To the nearest dollar, what will the value of Steve’s car be in 2 years?
b. To the nearest dollar, what will the value be in 10 years?",C_control,NA,high
681,"5.
X [ 2 9 ; 5 -1 ] = [ 10 -2 ; 22 -42 ]",C_control,NA,high
430,"Solve the following system using substitution. Remember to check your answers: 7. 2x + y = 18, -3x + 11y = -27",C_control,NA,high
1131,"Example A
Simplify x^{1/2} · x^{3/4}.
Solution: Recall from the Product Property of Exponents, that when two numbers with the same base are multiplied we add the exponents. Here, the exponents do not have the same base, so we need to find a common denominator and then add the numerators.
x^{1/2} · x^{3/4} = x^{2/4} · x^{3/4} = x^{5/4}
This rational exponent does not reduce, so we are done.",C_control,NA,high
1952,"Trigonometric Ratios on the Unit Circle
Objective
Determine exact value of trigonometric ratios for multiples of 0◦, 30◦ and 45◦ (or 0, π/6, π/4 radians).",C_control,NA,high
1284,"Graph the following logarithmic functions using your graphing calculator.
7. y = ln(x+6)−1
8. y = −ln(x−1) + 2
9. y = ln(1−x) + 3",C_control,NA,high
1424,"Answers

1. The LCD is 2x(x - 6).
3/(x^2 - 6x) + (5 - x)/(2x - 12) = 2/2 · 3/(x(x - 6)) + (5 - x)/(2(x - 6)) · x/x = (6 + x(5 - x))/(2x(x - 6)) = (6 + 5x - x^2)/(2x(x - 6)) = (-1(x^2 - 5x - 6))/(2x(x - 6))
We pulled a -1 out of the numerator so we can factor it.
= (-1(x - 6)(x + 1))/(2x(x - 6)) = (-x - 1)/(2x)

2. The LCD is (x + 2)(x + 2)(x + 3).
x/(x^2 + 4x + 4) - (x - 5)/(x^2 + 5x + 6) = ((x + 3)/(x + 3)) · (x/((x + 2)(x + 2))) - ((x - 5)/((x + 2)(x + 3))) · ((x + 2)/(x + 2)) = (x(x + 3) - (x - 5)(x + 2))/((x + 2)(x + 2)(x + 3)) = (x^2 + 3x - (x^2 - 3x - 10))/((x + 2)^2 (x + 3)) = (x^2 + 3x - x^2 + 3x + 10)/((x + 2)^2 (x + 3)) = (6x + 10)/((x + 2)^2 (x + 3)) = (2(3x + 5))/((x + 2)^2 (x + 3))

3. The LCD is (x - 5)(x + 4)(x + 1)(x - 1).
2x/(x^2 - x - 20) + (x^2 - 9)/(x^2 - 1) = ((x + 1)(x - 1))/((x + 1)(x - 1)) · (2x/((x - 5)(x + 4))) + ((x^2 - 9)/((x + 1)(x - 1))) · ((x - 5)(x + 4))/((x - 5)(x + 4)) = (2x(x + 1)(x - 1) + (x^2 - 9)(x - 5)(x + 4))/((x - 5)(x + 4)(x + 1)(x - 1)) = (2x^3 - 2x + x^4 - x^3 - 29x^2 + 9x + 180)/((x - 5)(x + 4)(x + 1)(x - 1)) = (x^4 + x^3 - 29x^2 + 7x + 180)/((x - 5)(x + 4)(x + 1)(x - 1))",C_control,NA,high
1050,"Review Queue
Factor the following polynomials completely.
1. 8x³ − 27
2. 3x² − 20x − 7
3. 6x⁴ + 17x² + 7
4. x³ − 9x² − 4x + 36
5. x⁴ + 2x³ + x + 2
6. 162x⁵ − 512x",C_control,NA,high
1266,"Vocabulary
Logarithm
The inverse of an exponential function and is written log_b a = x such that b^x = a.
Exponential Form
b^x = a, such that b is the base and x is the exponent.
Logarithmic Form
log_b a = x, such that b is the base.
Natural Log
The inverse of the natural number, e, written ln.
Change of Base Formula
Let b, x, and y be positive numbers, b ≠ 1 and y ≠ 1. Then, log_y x = (log_b x)/(log_b y). More specifically, log_y x = (log x)/(log y) and log_y x = (ln x)/(ln y), so that expressions can be evaluated using a calculator.",C_control,NA,high
597,"Multiplying Two Matrices

Objective
Multiply matrices together.

Guidance
To multiply matrices together we will be multiplying each element in each row of the first matrix by each element in each column in the second matrix. Each of these products will be added together to get the result for a particular row and column as shown below.

[a b; c d] · [e f; g h] = [ae+bg af+bh; ce+dg cf+dh]",C_control,NA,high
2040,"Use the Law of Cosines to find the value of x, to the nearest degree, in problems 1 through 6.",C_control,NA,high
1785,"11. A soccer team has 20 players, but only 11 play at any one time. 1. How many ways can the coach select a group of eleven players to start (disregard positions)? 2. Now, of the eleven players on the field, one is a goalie, four play defense, three play midfield and three play offense. How many ways are there to assign the eleven players to these positions? 3. Considering your answers to parts a and b, how many ways can the coach select eleven players and assign them positions on the field? Assume all players can play each position.",C_control,NA,high
57,"TABLE 1.3: Helpful Formulas
Distance: d = rt (d = distance, r = rate, t = time)
Temperature: F = 9/5 C + 32 (F = degrees in Fahrenheit, C = degrees in Celsius)
Area of a Triangle: A = 1/2 bh (A = area, b = base, h = height)
Area of a Rectangle: A = bh (A = area, b = base, h = height)
Area of a Circle: A = πr^2 (A = area, r = radius)
Area of a Trapezoid: A = 1/2 h(b1 + b2) (A = area, h = height, b1 = one base, b2 = other base)
Perimeter of a Rectangle: P = 2l + 2w (P = perimeter, l = length, w = width)
Circumference of a Circle: C = 2πr (C = circumference, r = radius)",C_control,NA,high
1222,"Example B: Graph y = 3^(x−2) + 1. Find the y-intercept, asymptote, domain and range. Solution: This is not considered a growth function because h and k are not zero. To graph something like this (without a calculator), start by graphing y = 3^x and then shift it h units in the x-direction and k units in the y-direction. Notice that the point (0, 1) from y = 3^x gets shifted to the right 2 units and up one unit and is (2, 2) in the translated function, y = 3^(x−2) + 1. Therefore, the asymptote is y = 1. To find the y-intercept, plug in x = 0. y = 3^(0−2) + 1 = 3^-2 + 1 = 1 1/9 = 1.1. The domain of all exponential functions is all real numbers. The range will be everything greater than the asymptote. In this example, the range is y > 1.",C_control,NA,high
551,"17.
2x + 3y > 6
5x − 2y < −10
x − 3y > 3

18.
y ≤ x
y ≥ −x
x < 5",C_control,NA,high
1902,"Example A: Find the trig ratios for the acute angles R and P in ΔPQR. Solution: From angle R, O = 8; A = 15; and H = 17. Now the trig ratios are: sin R = 8/17; cos R = 15/17; tan R = 8/15. From angle P, O = 15; A = 8; and H = 17. Now the trig ratios are: sin P = 15/17; cos P = 8/17; tan P = 15/8. Do you notice any patterns or similarities between the trigonometric ratios? The opposite and adjacent sides are switched and the hypotenuse is the same. Notice how this switch affects the ratios: sin R = cos P, cos R = sin P, tan R = 1/tan P.",C_control,NA,high
1459,"Example A: Analyze the equation (y-1)^2 = 8(x+3). Find the vertex, axis of symmetry, focus, and directrix. Then determine if the function opens up, down, left or right. Solution: First, because y is squared, we know that the parabola will open to the left or right. We can conclude that the parabola will open to the right because 8 is positive, meaning that p is positive. Next, find the vertex. Using the general equation, (y-k)^2 = 4p(x-h), the vertex is (-3,1) and the axis of symmetry is y = 1. Setting 4p = 8, we have that p = 2. Adding p to the x-value of the vertex, we get the focus, (-1,1). Subtracting p from the x-value of the vertex, we get the directrix, x = -5.",C_control,NA,high
720,"14. Maria, Rebecca and Sally are selling baked goods for their math club. Maria sold 15 cookies, 20 brownies and 12 cupcakes and raised $23.50. Rebecca sold 22 cookies, 10 brownies and 11 cupcakes and raised $19.85. Sally sold 16 cookies, 5 brownies and 8 cupcakes and raised $13.30. How much did they charge for each type of baked good?",C_control,NA,high
1036,"Example B
(3x⁴ + x³ − 17x² + 19x − 6) ÷ (x² − 2x + 1). Determine if x² − 2x + 1 goes evenly into 3x⁴ + x³ − 17x² + 19x − 6. If so, try to factor the divisor and quotient further.
Solution: First, do the long division. If x² − 2x + 1 goes in evenly, then the remainder will be zero.
This means that x² − 2x + 1 and 3x² + 7x − 6 both go evenly into 3x⁴ + x³ − 17x² + 19x − 6. Let’s see if we can factor either x² − 2x + 1 or 3x² + 7x − 6 further.
x² − 2x + 1 = (x − 1)(x − 1) and 3x² + 7x − 6 = (3x − 2)(x + 3).
Therefore, 3x⁴ + x³ − 17x² + 19x − 6 = (x − 1)(x − 1)(x + 3)(3x − 2). You can multiply these to check the work.
A binomial with a degree of one is a factor of a larger polynomial, f(x), if it goes evenly into it. In this example, (x − 1)(x − 1)(x + 3) and (3x − 2) are all factors of 3x⁴ + x³ − 17x² + 19x − 6. We can also say that 1, 1, -3, and 2/3 are all solutions of 3x⁴ + x³ − 17x² + 19x − 6.",C_control,NA,high
261,"Defining Relations and Functions

Objective
To learn what a relation and a function are and how they pertain to linear equations.",C_control,NA,high
317,"Example C
Use a table to graph y = −|x−1|+2. Determine the vertex, domain, and range.
Solution: Determine what makes the inside of the absolute value equation zero, x = 1. Then, to make your table of values, pick a couple values on either side of x = 1.
TABLE 2.4:
x −|x−1|+2 y
−2 −|−2−1|+2 -1
-1 −|−1−1|+2 0
0 −|0−1|+2 1
1 −|1−1|+2 2
2 −|2−1|+2 1
3 −|3−1|+2 0
4 −|4−1|+2 -1
The vertex is (1, 2) and in this case, it is the maximum value. The domain is x ∈ R, and the range is y ∈ (−∞,2].",C_control,NA,high
343,"Vocabulary

Scatterplot
A set of data that is plotted on a graph to see if a relationship exists between the points.

Line of Best Fit
The linear equation that best approximates a scatterplot.",C_control,NA,high
60,"Find the value of y given the value of x.
9. 4x−8y = 2; x = −1
10. 2y−5x = 12; x = 16
11. 3x+ 1/2 y = −5; x = 7
12. 1/4 x+ 2/3 y−18 = 0; x = −24",C_control,NA,high
30,"Problem Set
Determine which algebraic property is being used below.
1. 8+5 = 5+8
2. 7(x−2) = 7x−14
3. 2/3 · 3/2 = 1
4. 4 · (5 · 2) = (4 · 5) · 2
5. −1/4 + 0 = −1/4
6. −6+6 = 0
7. What is the additive inverse of 1?
8. What is the multiplicative inverse of −1/5?
9. Simplify 6(4−9+5) using:
a. the Distributive Property
b. the Order of Operations
c. Do you get the same answer? Why do you think that is?",C_control,NA,high
772,5.2 Solving Quadratics by Using Square Roots: Objective: Reviewing simplifying square roots and to solve a quadratic equation by using square roots.,C_control,NA,high
1018,"Example B Factor x^3 + 5x^2 - x - 5 by grouping. Solution: Follow the steps from above. x^3 + 5x^2 - x - 5 = x^2 (x + 5) - 1(x + 5) = (x + 5)(x^2 - 1) Look to see if we can factor either factor further. Yes, the second factor is a difference of squares. (x + 5)(x^2 - 1) = (x + 5)(x - 1)(x + 1)",C_control,NA,high
474,"Solve the following system using linear combinations: 6. x + 3y = -2, -x - 2y = 4",C_control,NA,high
945,Example C Simplify: (a) 5^9 / 5^7 (b) x^4 / x^2 (c) x^10 y^5 / (x^6 y^2) Solution: Use the Quotient Property from above. (a) 5^9 / 5^7 = 5^{9-7} = 5^2 = 25 (b) x^4 / x^2 = x^{4-2} = x^2 (c) x^10 y^5 / (x^6 y^2) = x^{10-6} y^{5-2} = x^4 y^3,C_control,NA,high
1373,"9.3 Simplifying, Multiplying, and Dividing Rational Expressions

Objective
To simplify, multiply, and divide rational expressions.",C_control,NA,high
1557,"Solving Systems of Lines, Quadratics and Conics
Objective
To solve systems of equations with lines, parabolas, circles, or ellipses by graphing and substitution.
Guidance
In the Solving Systems of Equations chapter, we solved a system involving two lines or three planes, by using graphing, substitution, and linear combinations. In this concept, we will add circles, parabolas, and ellipses to systems of equations. Because both x and y can be squared in these equations, there will often be more than one answer.",C_control,NA,high
1505,"10.4 Hyperbolas

Objective
To identify parts of and graph hyperbolas centered at the origin or not.",C_control,NA,high
881,"Example A
Determine the type of solutions 4x^2 - 5x + 17 = 0 has.
Solution: Find the discriminant.
b^2 - 4ac = (-5)^2 - 4(4)(17)
= 25 - 272
At this point, we know the answer is going to be negative, so there is no need to continue (unless we were solving the problem). This equation has two imaginary solutions.",C_control,NA,high
2184,"Example C: Solve tan^2 x - 5 tan x - 9 = 0 in the interval 0 <= x < pi. Solution: This equation is not factorable so you have to use the Quadratic Formula: tan x = (5 +- sqrt((-5)^2 - 4(1)(-9))) / 2 = (5 +- sqrt(61)) / 2 approx 6.41 and -1.41. x approx tan^-1 6.41 approx 1.416 rad and x approx tan^-1 -1.41 approx -0.954 rad. The first answer is within the range, but the second is not. To adjust -0.954 to be within the range, we need to find the answer in the second quadrant, pi - 0.954 = 2.186 rad.",C_control,NA,high
1428,"Example A

Simplify ((9x)/(x + 2)) / (3/(x^2 - 4)).

Solution: This complex fraction is a fraction divided by another fraction. Rewrite the complex fraction as a division problem.
((9x)/(x + 2)) / (3/(x^2 - 4)) = (9x)/(x + 2) ÷ 3/(x^2 - 4).

Now, this is just like a problem from the Dividing Rational Expressions concept. Flip the second fraction, change the problem to multiplication and simplify.
(9x)/(x + 2) ÷ 3/(x^2 - 4) = (9x)/(x + 2) · (x^2 - 4)/3 = (9x)/(x + 2) · ((x + 2)(x - 2))/3 = 3x(x - 2)",C_control,NA,high
1217,"Multi-step problem. 15. In many countries, the temperature is measured in degrees Celsius. In the US we typically use degrees Fahrenheit. For travelers, it is helpful to be able to convert from one unit of measure to another. The following problem will help you learn to do this using an inverse function. a. The temperature at which water freezes will give us one point on a line in which x represents the degrees in Celsius and y represents the degrees in Fahrenheit. Water freezes at 0 degrees Celsius and 32 degrees Fahrenheit so the first point is (0, 32). The temperature at which water boils gives us the second point (100, 212), because water boils at 100 degrees Celsius or 212 degrees Fahrenheit. Use this information to show that the equation to convert from Celsius to Fahrenheit is y = 9/5 x + 32 or F = 9/5 C + 32. b. Find the inverse of the equation above by solving for C to derive a formula that will allow us to convert from Fahrenheit to Celsius. c. Show that your inverse is correct by showing that the composition of the two functions simplifies to either F or C (depending on which one you put into the other.)",C_control,NA,high
539,"Guided Practice
1. Determine whether the given points are solutions to the systems shown in the graph:
a) (-3, 3)
b) (4, 2)
c) (3, 2)
d) (-4, 4)
2. Determine whether the following points are solutions to the system:
y < 11x−5
7x−4y ≥ 1
a) (4, 0)
b) (0, -5)
c) (7, 12)
d) (-1, -3)",C_control,NA,high
2005,"Problem Set
Solve the triangles. Round your answers to the nearest tenth.
1. [Triangle with side 7 between A and B, angle 82◦ at B, and angle 42◦ at C]
2. [Triangle with side 5 between A and B, angle 40◦ at B, and angle 110◦ at A]
3. [Triangle with angle 93◦ at B, angle 22◦ at C, and side 15 between A and C]
4. [Triangle with angle 51◦ at C, angle 23◦ at B, and side 30 between A and C]
5. [Triangle with angle 32◦ at A, angle 65◦ at C, and side 22 between B and C]
6. [Triangle with angle 67◦ at A, angle 80◦ at B, and side 9 between A and B]",C_control,NA,high
1230,"Example B: Determine which of the following functions are exponential decay functions, exponential growth functions, or neither. Briefly explain your answer. a) y = 4(1.3)^x  b) f(x) = 3(6/5)^x  c) y = (3/10)^x  d) g(x) = −2(0.65)^x. Solution: a) and b) are exponential growth functions because b > 1. c) is an exponential decay function because b is between zero and one. d) is neither growth or decay because a is negative.",C_control,NA,high
1948,"Example B
Find two angles, one positive and one negative, coterminal to 5π / 3 and find its reference angle, in radians.
Solution: Since we are working in radians now we will add/subtract multiple of 2π instead of 360◦. Before we can add, we must get a common denominator of 3 as shown below.
5π / 3 + 2π = 5π / 3 + 6π / 3 = 11π / 3 and 5π / 3 − 2π = 5π / 3 − 6π / 3 = −π / 3
Now, to find the reference angle, first determine in which quadrant 5π / 3 lies. If we think of the measures of the angles on the axes in terms of π and more specifically, in terms of π / 3, this task becomes a little easier.
Consider π is equal to 3π / 3 and 2π is equal to 6π / 3 as shown in the diagram. Now we can see that the terminal side of 5π / 3 lies in the fourth quadrant and thus the reference angle will be:
6π / 3 − 5π / 3 = π / 3",C_control,NA,high
542,"Given the four linear systems below, match the point with the system(s) for which it is a solution.
A.
5x+2y ≤ 10
3x−4y > −12

B.
5x+2y < 10
3x−4y ≤ −12

C.
5x+2y > 10
3x−4y < −12

D.
5x+2y ≥ 10
3x−4y ≥ −12

11. (0, 0)
12. (4, 6)
13. (0, 5)
14. (-3, 4)
15. (4, 3)
16. (0, 3)
17. (-8, -3)
18. (1, 6)
19. (4, -5)
20. (4, -2)",C_control,NA,high
935,"Review Queue
Simplify the following expressions.
1. 5^2
2. 3^3
3. 2^3 · 2^2
For questions 4-6, x = −3, y = 2, and z = −4. Evaluate the following.
4. xy^2
5. (xy)^2
6. x^2 z / y^2",C_control,NA,high
155,"Review Queue
1. Solve 3(4x - 7) + 18 = 5x + 53.
2. How many feet are in a yard? A mile?
3. List 3 words that mean “add.”
4. List 3 words that mean “subtract.”",C_control,NA,high
1581,"Example A
Describe the pattern and write a recursive rule for the sequence: 9, 11, 13, 15, ...
Solution: First we need to determine what the pattern is in the sequence. It appears that 2 is added to each term to obtain the following term in the sequence. We can use a_{n-1} and a_n to write a recursive rule as follows: a_n = a_{n-1} + 2",C_control,NA,high
1820,"Guidance
When multiple events occur we can calculate the probability of these combined events by finding their product if the events are independent. Independent Events are events for which the outcome of one event does not affect the outcome of a second event. For example, if we roll a die and then roll it again, the outcome of the second roll is independent from the outcome of the first event.
To determine the probability of two independent events, A and B, both occurring, we multiply the probabilities of each of the two events together: P(A) × P(B) = P(A and B).
*Note, the use of set notation will be introduced in the concept “Union and Intersection of Sets”.
In some cases, the outcome of one event affects the outcome of a second event. For example, when a hand of cards is dealt in a game of poker, the probability of receiving a particular card changes based on what cards have already been dealt. This is an example of Conditional Probability. We will introduce conditional probability here for situations in which we can manipulate the subsequent probabilities to make independent events as shown in Example C.",C_control,NA,high
1317,"This chapter deals with functions that have the variable in the denominator of a fraction. First, we will discuss the concept of variation and how that relates to a rational function. Next, we will graph several different types of rational functions followed by multiplying, dividing, adding, and subtracting rational expressions. Lastly, we will solve rational equations.",C_control,NA,high
2139,Verify the following identities: 7. cot theta sec theta = csc theta; 8. cos theta / cot theta = tan theta / sec theta; 9. sin theta csc theta = 1; 10. cot(-theta) = -cot theta; 11. tan x csc x cos x = 1; 12. sin^2(-x) / tan^2 x = cos^2 x.,C_control,NA,high
765,Example C: Solve 10x^2 − 25x = 0 by factoring. Solution: Here is an example of a quadratic equation without a constant term. The only thing we can do is take out the GCF: 10x^2 − 25x = 0 => 5x(2x − 5) = 0. Set the two factors equal to zero and solve: 5x = 0 or 2x − 5 = 0 => x = 0 or 2x = 5 => x = 5/2. Check: 10(0)^2 − 25(0) = 0; 10(5/2)^2 − 25(5/2) = 10(25/4) − 125/2 = 125/2 − 125/2 = 0.,C_control,NA,high
942,"Rather than expand the exponents every time or find the powers separately, we can use this property to simplify the product of two exponents with the same base.",C_control,NA,high
1421,"Example B

Add 4/(x + 6) + (x - 2)/(3x + 1).

Solution: The denominators have no common factors, so the LCD will be (x + 6)(3x + 1).

4/(x + 6) + (x - 2)/(3x + 1) = ((3x + 1)/(3x + 1)) · (4/(x + 6)) + ((x - 2)/(3x + 1)) · ((x + 6)/(x + 6))
= (4(3x + 1))/((3x + 1)(x + 6)) + ((x - 2)(x + 6))/((3x + 1)(x + 6))
= (12x + 4 + x^2 + 4x - 12)/((3x + 1)(x + 6))
= (x^2 + 16x - 8)/((3x + 1)(x + 6))",C_control,NA,high
50,"Find the GCF of the following expressions and use the Distributive Property to simplify each one.
9. 6a − 18
10. 9x^2 − 15
11. 14d + 7
12. 3x − 24y + 21",C_control,NA,high
270,"Guided Practice
Determine if the following relations are functions. Briefly explain your answer.
1. {(3, -5), (8, 1), (-3, -3), (5, 1)}
2. {(9, -2), (0, 0), (7, 4), (9, 3)}",C_control,NA,high
1932,"Problem Set
Use the Pythagorean Theorem and/or trigonometry to solve the following word problems.
1. A square has sides of length 8 inches. To the nearest tenth of an inch, what is the length of its diagonal?
2. Layne spots a sailboat from her fifth floor balcony, about 25 m above the beach, at an angle of depression of 3◦. To the nearest meter, how far out is the boat?
3. A zip line takes passengers on a 200 m ride from high up in the trees to a ground level platform. If the angle of elevation of the zip line is 10◦, how high above ground is the tree top start platform? Give your answer to the nearest meter.
4. The angle of depression from the top of an apartment building to the base of a fountain in a nearby park is 57◦. If the building is 150 ft tall, how far away, to the nearest foot, is the fountain?
5. A playground slide platform is 6 ft above ground. If the slide is 8 ft long and the end of the slide is 1 ft above ground, what angle does the slide make with the ground? Give your answer to the nearest degree.
6. Benjamin spots a tree directly across the river from where he is standing. He then walks 27 ft upstream and determines that the angle between his previous position and the tree on the other side of the river is 73◦. How wide, to the nearest foot, is the river?
7. A rectangle has sides of length 6 in and 10 in. To the nearest degree, what angle does the diagonal make with the longer side?
8. Tommy is flying his kite one afternoon and notices that he has let out the entire 130 ft of string. The angle his string makes with the ground is 48◦. How high, to the nearest foot, is his kite at this time?
9. A tree struck by lightning in a storm breaks and falls over to form a triangle with the ground. The tip of the tree makes a 18◦ angle with the ground 21 ft from the base of the tree. What was the height of the tree to the nearest foot?
10. Upon descent an airplane is 19,000 ft above the ground. The air traffic control tower is 190 ft tall. It is determined that the angle of elevation from the top of the tower to the plane is 15◦. To the nearest mile, find the ground distance from the airplane to the tower.
11. Why will the sine and cosine ratios always be less than 1?",C_control,NA,high
1497,"Guidance
Just like in the previous lessons, an ellipse does not always have to be placed with its center at the origin. If the center is (h, k) the entire ellipse will be shifted h units to the left or right and k units up or down. The equation becomes (x-h)^2/a^2 + (y-k)^2/b^2 = 1. We will address how the vertices, co-vertices, and foci change in the next example.",C_control,NA,high
1730,6. How many four number/letter pins can be made if no number or letter can be repeated?,C_control,NA,high
621,"13. Real world application: A movie theater tracks the sales of popcorn in three different sizes. The data collected over a weekend (Friday, Saturday and Sunday nights) is shown in the matrix below. The price of each size is shown in a second matrix. How much revenue did the theater take in each night for popcorn? How much did the theater take in for popcorn in total?

14.
Sales (S, M, L):
Friday [36 85 40]
Saturday [41 112 51]
Sunday [28 72 35]

Price (S, M, L):
S [5.50]
M [6.25]
L [7.25]",C_control,NA,high
1223,"Example C: Graph the function y = −1/2 · 4^x. Determine if it is an exponential growth function. Solution: In this example, we will outline how to use the graphing calculator to graph an exponential function. First, clear out anything in Y =. Next, input the function into Y1, -(1/2) 4^X and press GRAPH. Adjust your window accordingly. This is not an exponential growth function, because it does not grow in a positive direction. By looking at the definition of a growth function, a > 0, and it is not here.",C_control,NA,high
783,Problem Set: Find the square root of each number by using the calculator. Round your answer to the nearest hundredth: 1. 56 2. 12 3. 92,C_control,NA,high
1828,"Guidance
Sometimes it is useful to create a tree diagram to illustrate the possible outcomes of multiple events and their individual probabilities, calculate the probabilities of the combined events and the sample space. In other cases, we might use combinations or permutations to create a Probability Distribution table. A Probability Distribution is a table which includes all possible outcomes (sample space) and their respective probabilities.",C_control,NA,high
1702,"Guidance

Sometimes we want to know how many different combinations can be made of a variety of items. The fundamental counting principle which states that the number of ways in which multiple events can occur can be determined by multiplying the number of possible outcomes for each event together. In other words, if events A, B, and C have 5, 3 and 4 possible outcomes respectively, then the possible combinations of outcomes is 5×3×4 = 60.

The following examples will aid in developing an understanding of this concept and its application.",C_control,NA,high
1777,Vocabulary Combinations The number of ways a subset of items can be selected from a larger set disregarding order of selection.,C_control,NA,high
1682,"Guidance

An infinite series is a series with an infinite number of terms. In other words, the value of n increases without bound as shown in the series below.

∑_{n=1}^∞ 3n+1 = 4+7+10+13+...
∑_{n=1}^∞ 4(2)^{n−1} = 4+8+16+32+...
∑_{n=1}^∞ 8(1/2)^{n−1} = 8+4+2+1+1/2+...

These sums continue forever and can increase without bound.

Since we cannot find the sums of these series by adding all the terms, we can analyze their behavior by observing patterns within their partial sums. A partial sum is a sum of a finite number of terms in the series. We can look at a series of these sums to observe the behavior of the infinite sum. Each of these partial sums is denoted by Sn where n denotes the index of the last term in the sum. For example, S6 is the sum of the first 6 terms in an infinite series.",C_control,NA,high
998,"Example C Find the product of (x - 5)(2x + 3)(x^2 + 4). Solution: In this example we have three binomials. When multiplying three polynomials, start by multiplying the first two binomials together. (x - 5)(2x + 3) = 2x^2 + 3x - 10x - 15 = 2x^2 - 7x - 15 Now, multiply the answer by the last binomial. (2x^2 - 7x - 15)(x^2 + 4) = 2x^4 + 8x^2 - 7x^3 - 28x - 15x^2 - 60 = 2x^4 - 7x^3 - 7x^2 - 28x - 60",C_control,NA,high
931,"15. Physics and Photography Connection Your physics teacher gives you a project to analyze parabolic motion. You know that when a person throws a football, the path is a parabola. Using your camera, you take an long exposure picture of a friend throwing a football. A sketch of the picture is below.

You put the path of the football over a grid, with the x−axis as the horizontal distance and the y−axis as the height, both in 3 feet increments. The release point, or shoulder height, of your friend is 5 ft, 3 in and you estimate that the maximum height is 23 feet. Find the equation of the parabola.",C_control,NA,high
1264,"Example C
Use your calculator to find the following logarithms. Round your answer to the nearest hundredth.
a) ln 7
b) log 35
c) log_5 226
Solution:
a) Locate the LN button on your calculator. Depending on the brand, you may have to input the number first. For a TI-83 or 84, press the LN, followed by the 7 and ENTER. The answer is 1.95.
b) The LOG button on the calculator is base 10. Press LOG, 35, ENTER. The answer is 1.54.
c) To use the calculator for a base other than 10 or the natural log, you need to use the change of base formula.
Change of Base Formula: log_a x = (log_b x)/(log_b a), such that x, a, and b > 0 and a and b ≠ 1.
So, to use this for a calculator, you can use either LN or LOG.
log_5 226 = (log 226)/(log 5) or (ln 226)/(ln 5) ≈ 3.37
In the TI-83 or 84, the keystrokes would be LOG(226)/LOG(5), ENTER.",C_control,NA,high
1,"Algebra II is considered the third year of math in the on-level mathematics high-school sequence. Depending on the level of the students in your class, the option of Trigonometry can be added at the end of the coursework. There is a lot of material to be covered in this course, including: systems of equations, quadratics, higher level polynomials, exponential and logarithmic functions, modeling, rational functions, conics, sequences and series, probability, and trigonometry.",C_control,NA,high
375,"Example B
Graph and solve the system:
3x+2y = 6
y = −1/2 x − 1

Solution: This example is very similar to the first example. The only difference is that equation 1 is not in slope intercept form. We can either solve for y to put it in slope intercept form or we can use the intercepts to graph the equation. To review using intercepts to graph lines, we will use the latter method.

Recall that the x−intercept can be found by replacing y with zero and solving for x:
3x+2(0) = 6
3x = 6
x = 2

Similarly, the y−intercept is found by replacing x with zero and solving for y:
3(0) +2y = 6
2y = 6
y = 3

We have two points, (2, 0) and (0, 3) to plot and graph this line. Equation 2 can be graphed using the y−intercept and slope as shown in Example A.

Now that both lines are graphed we observe that their intersection is the point (4, -3).

Finally, check this solution by substituting it into each of the two equations.
Equation 1: 3x+2y = 6; 3(4) +2(−3) = 12−6 = 6 ✓
Equation 2: y = −1/2 x − 1; −3 = −1/2 (4) − 1 ✓",C_control,NA,high
729,"Example C: Factor x^2 + 12x − 28. Solution: We can approach this problem in exactly the same way we did Example B. This time, we will not use the “X.” What are the factors of -28 that also add up to 12? Let’s list them out to see: −4 · 7, 4 · −7, 2 · −14, −2 · 14, 1 · −28, −1 · 28. The red pair (-2, 14) is the one that works. Notice that we only listed the factors of negative 28: x^2 + 12x − 28 = x^2 − 2x + 14x − 28 = (x^2 − 2x) + (14x − 28) = x(x − 2) + 14(x − 2) = (x − 2)(x + 14).",C_control,NA,high
55,"Example B
Given the equation 2b/3 + 6a − 4 = 8, find b when a = 1 and a = −2.
Solution: This example combines what was learned in the last section with what we did in the previous example. First, isolate b. Move both the 6a and the 4 over to the other side by doing the opposite operation.
2b/3 + 6a − 4 = 8
−6a + 4 = +4 − 6a
2b/3 = 12 − 6a
Now, we have a fraction multiplied by b. To undo this we must multiply by the reciprocal of 2/3, which is 3/2. This means, we must multiply everything in the equation by the reciprocal.
3/2 (2b/3) = 3/2 (12 − 6a)
3/2 · 2b/3 = 3/2 · 12 − 3/2 · 6a
b = 18 − 9a
Even though we know that a 9 can be pulled out of the 18 and the 9 in the above equation, it is not a necessary step in solving for b. Now, we can do what the question asks, find b when a = 1 and -2. Plug in these values for a.
a = 1 : b = 18 − 9(1) = 18 − 9 = 9
a = −2 : b = 18 − 9(−2) = 18 + 18 = 36",C_control,NA,high
239,"Are the pairs of lines parallel, perpendicular or neither?
12. 4x+2y = 5 and 5x−10y = −20
13. 9x+12y = 8 and 6x+8y = −1
14. 5x−5y = 20 and x+y = 7
15. 8x−4y = 12 and 4x−y = −15",C_control,NA,high
1674,"Find the indicated sums using the formula and then check your answers with the calculator.

5. ∑_{n=1}^4 (−1)(1/2)^{n−1}
6. ∑_{n=2}^8 (128)(1/4)^{n−1}
7. ∑_{n=2}^7 125/64 (4/5)^{n−1}
8. ∑_{n=5}^{11} 1/32 (−2)^{n−1}",C_control,NA,high
719,"For the following word problems, set up a system of linear equations to solve using matrices.

13. A mix of 1 lb almonds and 1.5 lbs cashews sells for $15.00. A mix of 2 lbs almonds and 1 lb cashews sells for $17.00. How much does each nut cost per pound?",C_control,NA,high
1492,"Example C
Write an equation for the ellipse with the given characteristics below and centered at the origin.
a) vertex: (-6,0), co-vertex: (0,4)
b) vertex: (0,9), focus: (0,-5)

Solution: In either part, you may wish to draw the ellipse to help with orientation.
For part a, we can conclude that a = 6 and b = 4. The ellipse is horizontal, because the larger value, a, is the x-value of the vertex. The equation is x^2/36 + y^2/16 = 1.
For part b, we know that a = 9 and c = 5 and that the ellipse is vertical. Solve for b using c^2 = a^2 - b^2
5^2 = 9^2 - b^2
25 = 81 - b^2
b^2 = 56 -> b = 2*sqrt(14)
The equation is x^2/56 + y^2/81 = 1",C_control,NA,high
523,"Example B
Solve the system:

15x+y = 24
y = −4x+2

Solution: This time one of our equations is already solved for y. It is easiest here to use this expression to substitute into the other equation and solve:

15x+ (−4x+2) = 24
15x−4x+2 = 24
11x = 22
x = 2

Now solve for y:

y = −4(2) +2
y = −8+2
y = −6

Solution: (2, -6)
Check your answer:
15(2) + (−6) = 30−6 = 24
−6 = −4(2) +2 = −8+2 = −6",C_control,NA,high
1729,5. How many four letter pins (codes) can be made?,C_control,NA,high
274,20. Is x = 4 a function? Why or why not?,C_control,NA,high
1280,"Example B
Is (16, 1) on y = log(x−6)?
Solution: Plug in the point to the equation to see if it holds true.
1 = log(16−6)
1 = log 10
1 = 1
Yes, this is true, so (16, 1) is on the graph.",C_control,NA,high
1787,Review Queue 1. How many ways can seven different floats be ordered in a parade? 2. How many unique ways can the letters in the word COMMITTEE be arranged? 3. How many combinations of 4 sundae toppings can be made from a selection of 12?,C_control,NA,high
330,"Vocabulary

General Form of an Absolute Value Function
For any absolute value function, the general form is y = a|x−h|+k, where a controls the width of the ‘V’ and (h, k) is the vertex.

Breadth
The wideness or narrowness of a function with two symmetric sides.",C_control,NA,high
1496,"Ellipses Centered at (h, k)

Objective
To graph and find the equation of ellipses that are not centered at the origin.",C_control,NA,high
1363,"Graphing

Objective
To learn how to graph rational functions where the degrees of the numerator and denominator are not the same.",C_control,NA,high
1550,"Example B
Use the discriminant to determine the type of conic: 3x^2 + 3y^2 - 9x - 12y - 20 = 0
Solution: A = 3, B = 0, C = 3
0^2 - 4(3)(3) = -36 Because A = C and the discriminant is less than zero, this is a circle.",C_control,NA,high
65,"Review Queue
1. Find the value of each expression if a = 5 and b = −3.
a) 6a−b
b) a2 −b2
c) 9b+2a
2. Solve 9x+7y = 63 for y.
3. Solve 9x+7y = 63 for x.",C_control,NA,high
749,Factoring Special Quadratics: Objective: To factor perfect square trinomials and the difference of squares.,C_control,NA,high
1626,"More Guidance
Before we look at the final example for this concept, we are going to connect the nth term rule for an arithmetic sequence to the equation of a line. Have you noticed that the simplified nth term rule, an = pn + q, where p and q represent constants, looks a little like y = mx + b, the slope-intercept form of the equation of a line? Let’s explore why this is the case using the arithmetic sequence 1, 4, 7, 10, ... If we create points by letting the x-coordinate be the term number and the y-coordinate be the term, we get the following points and can plot them in the coordinate plane as shown below,
The points are: (1, 1), (2, 4), (3, 7), (4, 10)
Notice, that all of these points lie on the same line. This happens because for each increase of one in the term number (x), the term value (y) increases by 3. This common difference is actually the slope of the line.
We can find the equation of this line using the slope, 3, and the point (1, 1) in the equation y = mx + b as follows:
1 = 3(1) + b
1 = 2 + b, so the equation of the line is y = 3x − 1
−1 = b
The nth term rule for the sequence is thus: an = 3n − 1.",C_control,NA,high
873,"Vocabulary
Quadratic Formula: For any quadratic equation in the form ax² + bx + c = 0, x = (-b ± √(b² - 4ac))/2a.",C_control,NA,high
1925,Application Problems Objective: Use the Pythagorean Theorem and trigonometric ratios to solve the real world application problems.,C_control,NA,high
187,"Problem Set
Find the slope of each line by using slope triangles.
1.
2.
3.
4.
5.
6.",C_control,NA,high
1647,"More Guidance
Now let’s see if we can develop a general rule (nth term) for this sequence. Since we know that each term is multiplied by 3 to get the next term, let’s rewrite each term as a product and see if there is a pattern.
a1 = 2
a2 = a1(3) = 2(3) = 2(3)^1
a3 = a2(3) = 2(3)(3) = 2(3)^2
a4 = a3(3) = 2(3)(3)(3) = 2(3)^3
This illustrates that the general rule is an = a1(r)^{n−1}, where r is the common ratio. This even works for the first term since a1 = 2(3)^0 = 2(1) = 2.",C_control,NA,high
107,"Example A
Is x = −3 a solution to 2(3x−5) ≤ x+10?
Solution: Plug in -3 for x and see if the inequality is true.
2(3(−3)−5) ≤ (−3) +10
2(−9−5) ≤ 7
2 · −14 ≤ 7
−28 ≤ 7
This is a true inequality statement. -3 is a solution.",C_control,NA,high
1253,"Vocabulary
Natural Number (Euler Number)
The number e, such that as n → ∞, (1+1/n)^n → e. e ≈ 2.71828.",C_control,NA,high
224,"Example C
Write the equation of the line that passes through (6, -10) and is parallel to the line that passes through (4, -6) and (3, -4).

Solution: First, we need to find the slope of the line that our line will be parallel to. Use the points (4, -6) and (3, -4) to find the slope.
m = (−4−(−6))/(3−4) = 2/−1 = −2
This is the slope of our given line as well as the parallel line. Use the point (6, -10) to find the y−intercept of the line that we are trying to find the equation for.
−10 = −2(6) +b
−10 = −12+b
2 = b
The equation of the line is y = −2x+2.",C_control,NA,high
536,"Guidance
A linear system of inequalities has an infinite number of solutions. Recall that when graphing a linear inequality the solution is a shaded region of the graph which contains all the possible solutions to the inequality. In a system, there are two linear inequalities. The solution to the system is all the points that satisfy both inequalities or the region in which the shading overlaps.",C_control,NA,high
1458,"Parabolas with Vertex at (h, k). Objective: To write and graph the equation of a parabola with vertex (h, k) and find the focus, directrix, and vertex. Guidance: You learned in the Quadratics chapter that parabolas don’t always have their vertex at (0,0). In this concept, we will address parabolas where the vertex is (h, k), learn how to find the focus, directrix and graph. Recall from the previous concept that the equation of a parabola is x^2 = 4py or y^2 = 4px and the vertex is on the origin. In the Quadratics chapter, we learned that the vertex form of a parabola is y = a(x-h)^2 + k. Combining the two, we can find the vertex form for conics: y = a(x-h)^2 + k and x^2 = 4py. Solve the first for (x-h)^2: (x-h)^2 = (1/a)(y-k). From #13 in the previous concept, we found that 4p = 1/a: (x-h)^2 = 4p(y-k). If the parabola is horizontal, then the equation will be (y-k)^2 = 4p(x-h). Notice, that even though the orientation is changed, the h and k values remain with the x and y values, respectively. Finding the focus and directrix are a little more complicated. Use the extended table (from the previous concept) below to help you find these values. Notice that the way we find the focus and directrix does not change whether p is positive or negative.",C_control,NA,high
1638,"Problem Set
Find the sums of the following arithmetic series.
1. −6 + −1 + 4 + ... + 119
2. 72 + 60 + 48 + ... + −84
3. 3 + 5 + 7 + ... + 99
4. 25 + 21 + 17 + ... + −23
5. Find the sum of the first 25 terms of the series 215 + 200 + 185 + ...
6. Find the sum of the first 14 terms in the series 3 + 12 + 21 + ...
7. Find the sum of the first 32 terms in the series −70 + −65 + −60 + ...
8. Find the sum of the first 200 terms in −50 + −49 + −48 + ...",C_control,NA,high
647,"2. Evaluate:
det [ 2 -3 1 ; 5 0 -4 ; 6 8 -2 ]",C_control,NA,high
1391,"Problem Set

Multiply the following expressions. Simplify your answers.

1. (8x^2 y^3)/(5x^3 y) · (15xy^8)/(2x^3 y^5)
2. (11x^3 y^9)/(2x^4) · (6x^7 y^2)/(33xy^3)
3. (18x^3 y^6)/(13x^8 y^2) · (39x^12 y^5)/(9x^2 y^9)
4. (3x + 3)/(y - 3) · (y^2 - y - 6)/(2x + 2)
5. 6/(2x + 3) · (4x^2 + 4x - 3)/(3x + 3)
6. (6 + x)/(2x - 1) · (x^2 + 5x - 3)/(x^2 + 5x - 6)
7. (3x - 21)/(x - 3) · (-x^2 + x + 6)/(x^2 - 5x - 14)
8. (6x^2 + 5x + 1)/(8x^2 - 2x - 3) · (4x^2 + 28x - 30)/(6x^2 - 7x - 3)
9. (x^2 + 9x - 36)/(x^2 - 9) · (x^2 + 8x + 15)/(-x^2 + 11x + 12)
10. ((2x^2 + x - 21)/(x^2 + 2x - 48)) · (4 - x) · ((2x^2 - 9x - 18)/(2x^2 - x - 28))
11. ((8x^2 - 10x - 3)/(4x^3 + x^2 - 36x - 9)) · ((5x + 3)/(x - 1)) · ((x^3 + 3x^2 - x - 3)/(5x^2 + 8x + 3))",C_control,NA,high
473,"Solve the following system using linear combinations: 5. 8x - 12y = 24, -3x + 12y = 21",C_control,NA,high
256,"Problem Set
Graph the following lines by changing the equation to slope-intercept form.
1. −2x+y = 5
2. 3x+8y = 16
3. 4x−2y = 10
4. 6x+5y = −20
5. 9x−6y = 24
6. x+4y = −12",C_control,NA,high
203,"2.2 Standard Form of a Line

Objective
To familiarize students with the standard form of a line, as well as finding the equations of lines that are parallel or perpendicular to a given line.",C_control,NA,high
1837,"Five cards are randomly selected from a deck of cards.
10. Create a probability distribution table for the number of “high” cards (jack, queen, king or ace) in a 5 card hand chosen at random.
11. What is the probability of getting at least one high card?
12. What is the probability of getting at least two?",C_control,NA,high
2222,"15. Real Life Application The height, h (in feet), of two people in different seats on a Ferris wheel can be modeled by h1 = 50 cos 6t +46 and h2 = 50 cos 6(t − π/3)+46 where t is the time (in minutes). When are the two people at the same height?",C_control,NA,high
2150,"Find the values of the other five trigonometric functions of theta: 4. sin theta = 8/17, 0 < theta < pi/2; 5. cos theta = -5/6, pi/2 < theta < pi; 6. tan theta = sqrt(3)/4, 0 < theta < pi/2; 7. sec theta = -41/9, pi < theta < 3pi/2; 8. sin theta = -11/14, 3pi/2 < theta < 2pi; 9. cos theta = 2 sqrt(2) / 4, 0 < theta < pi/2; 10. cot theta = -sqrt(5), pi < theta < 3pi/2; 11. csc theta = 4, pi/2 < theta < pi; 12. tan theta = -7/10, 3pi/2 < theta < 2pi.",C_control,NA,high
1309,"Problem Set
Use logarithms and a calculator to solve the following equations for x. Round answers to three decimal places.
1. 5^x = 65
2. 2^x = 90
3. 6^(x+1) + 3 = 13
4. 6(11^(3x−2)) = 216
5. 8 + 13^(2x−5) = 35
6. 1/2 · 7^(x−3) − 5 = 14",C_control,NA,high
1461,"Example C: The vertex of a parabola is (-2,4) and the directrix is y = 7. Find the equation of the parabola. Solution: First, let’s determine the orientation of this parabola. Because the directrix is horizontal, we know that the parabola will open up or down (see table/pictures above). We also know that the directrix is above the vertex, making the parabola open down and p will be negative (plot this on an x - y plane if you are unsure). To find p, we can use the vertex, (h, k) and the equation for a horizontal directrix, y = k - p: 7 = 4 - p -> 3 = -p (Remember, p is negative because of the downward orientation of the parabola) -> -3 = p. Now, using the general form, (x-h)^2 = 4p(y-k), we can find the equation of this parabola: (x - (-2))^2 = 4(-3)(y - 4) -> (x+2)^2 = -12(y-4).",C_control,NA,high
148,"Guided Practice
1. Is x = -4 a solution to |15 - 2x| > 9?
2. Solve and graph |2/3 x + 5| ≤ 17.",C_control,NA,high
1256,"8. The population of Springfield is growing exponentially. The growth can be modeled by the function P = Ie^(0.055t), where P represents the projected population, I represents the current population of 100,000 in 2012 and t represents the number of years after 2012.
a. To the nearest person, what will the population be in 2022?
b. In what year will the population double in size if this growth rate continues?",C_control,NA,high
715,"Solve the systems using matrices and a calculator.

4.
2x+y = −1
−3x−2y = −3",C_control,NA,high
25,"Going along with the properties of algebra, are the Order of Operations. The Order of Operations is a set of guidelines that allow mathematicians to perform problems in the exact same way. The order is as follows:
Parenthesis Do anything in parenthesis first.
Exponents Next, all powers (exponents) need to be evaluated.
Multiplication/Division Multiplication and division must be done at the same time, from left to right, because they are inverses of each other.
Addition/Subtraction Addition and subtraction are also done together, from left to right.",C_control,NA,high
882,"Example B
Solve the equation from Example A to prove that it does have two imaginary solutions.
Solution: Use the Quadratic Formula.
x = (5 ± √(25 - 272)) / 8 = (5 ± √(-247)) / 8 = 5/8 ± (√247 / 8)i",C_control,NA,high
1838,"Basic Geometric Probabilities
Objective
Determine the probabilities of events occurring based on Geometric properties.",C_control,NA,high
1224,"Guided Practice: Graph the following exponential functions. Determine if they are growth functions. Then, find the y-intercept, asymptote, domain and range. Use an appropriate window. 1. y = 3^(x−4) − 2  2. f(x) = (−2)^(x+5)  3. f(x) = 5^x  4. Abigail is in a singles tennis tournament. She finds out that there are eight rounds until the final match. If the tournament is single elimination, how many games will be played? How many competitors are in the tournament?",C_control,NA,high
949,Problem Set Expand the following numbers and evaluate. 1. 2^6 2. 10^3 3. (-3)^5 4. (0.25)^4,C_control,NA,high
268,"Example C
Determine if the equation above, x^2 + y^2 = 9 represents a function.

Solution: The graph of x^2 + y^2 = 9 is a circle with radius 3.
Drawing vertical lines through the circle, we see that it touches them twice.
This tells us that a circle is not a function.
However, if we solve the equation for y, we get y = ±√(-x^2 + 9) or y = √(-x^2 + 9) and y = −√(-x^2 + 9). These two equations separately are functions. Think of them as the top and bottom halves of the circle.",C_control,NA,high
1121,"Example C
Find 5^{2/3} using a calculator. Round your answer to the nearest hundredth.
Solution: To type this into a calculator, the keystrokes would probably look like: 5^{2/3}. The “^” symbol is used to indicate a power. Anything in parenthesis after the “^” would be in the exponent. Evaluating this, we have 2.924017738..., or just 2.92.
Other calculators might have a x^y button. This button has the same purpose as the ^ and would be used in the exact same way.",C_control,NA,high
1792,"Example C Use what you discovered in the previous example to expand (x+y)^6. Solution: The degree of this expansion is 6, so the powers of x will begin with 6 and decrease by one each term until reaching 0 while the powers of y will begin with zero and increase by one each term until reaching 6. We can write the variables in the expansion (leaving space for the coefficients) as follows: _x^6 + _x^5y + _x^4y^2 + _x^3y^3 + _x^2y^4 + _xy^5 + _y^6 In the previous example we observed that the coefficients for a fourth degree binomial were found in the fifth row of Pascal’s Triangle. Here we have a 6th degree binomial, so the coefficients will be found in the 7th row of Pascal’s Triangle. Now we can fill in the blanks with the correct coefficients. x^6 +6x^5y+15x^4y^2 +20x^3y^3 +15x^2y^4 +6xy^5 +y^6",C_control,NA,high
1081,"Make your own table and graph the following functions.

4. f(x) = (x+5)(x+2)(x−1)
5. y = x^4
6. y = x^5",C_control,NA,high
1078,End Behavior: How the ends of a graph look. End behavior depends on the degree of the function and the leading coefficient.,C_control,NA,high
2135,"Answers: 1. First, let's use the Tangent Identity and the Reciprocal Identity to change tangent and secant in terms of sine and cosine: 1 + tan^2 theta = sec^2 theta; 1 + sin^2 theta / cos^2 theta = 1 / cos^2 theta. Now, change the 1 into a fraction with a base of cos^2 theta and simplify: cos^2 theta / cos^2 theta + sin^2 theta / cos^2 theta = 1 / cos^2 theta; (cos^2 theta + sin^2 theta) / cos^2 theta = 1 / cos^2 theta; 1 / cos^2 theta = 1 / cos^2 theta. In the second to last step, we arrived at the original Pythagorean Identity sin^2 theta + cos^2 theta in the numerator of the left-hand side. Therefore, we can substitute in 1 for this and the two sides of the equation are the same. 2. First, recall that sin theta = y, where (x, y) is the endpoint of the terminal side of theta on the unit circle. Now, if we have sin(-theta), what is its endpoint? Well, the negative sign tells us that the angle is rotated in a clockwise direction, rather than the usual counter-clockwise. By looking at the picture, we see that sin(-theta) = -y. Therefore, if sin theta = y, then -sin theta = -y and combining the equations, we have sin(-theta) = -sin theta.",C_control,NA,high
2168,14.3 Solving Trigonometric Equations - Objective: Here you'll learn how to solve equations with trigonometric functions.,C_control,NA,high
966,Guidance: The last set of properties to explore are the power properties. Let’s investigate what happens when a power is raised to another power.,C_control,NA,high
904,"4. To change y = x^2 − 6x − 7 into vertex form, complete the square.
y + 7 + 9 = x^2 − 6x + 9
y + 16 = (x − 3)^2
y = (x − 3)^2 − 16
The vertex is (3, -16).
For vertex form, we could solve the equation by using square roots or we could factor the standard form. Either way, we will get that the x−intercepts are (7, 0) and (-1, 0).",C_control,NA,high
1546,"Vocabulary
General Second-Degree Equation
Ax^2 + Bxy + Cy^2 + Dx + Ey + F = 0. For the conic sections in this chapter, B = 0.",C_control,NA,high
1235,"Graph the following exponential functions. Give the y-intercept, the equation of the asymptote and the domain and range for each function. 4. y = (1/2)^x  5. y = (0.8)^(x+2)  6. y = 4(2/3)^(x−1) − 5  7. y = −(5/7)^x + 3  8. y = (8/9)^(x+5) − 2  9. y = (0.75)^(x−2) + 4",C_control,NA,high
408,"Classify the following systems as consistent, inconsistent, independent or dependent. You may do this with or without graphing them. You do not need to find the unique solution if there is one. 6. 2x - 2y = 11, y = x + 13",C_control,NA,high
1757,"Example B Consider the word, VIRGINIA. How many unique ways can these letters be arranged? Solution: There are eight letters which can be arranged 8! ways. However, some of these arrangements will not be unique because there are multiple I’s in the word VIRGINIA. For example, if we let the three I’s be different colors, then we can see that there are several indistinguishable ways the I’s can be arranged. VIRGINIA, VIRGINIA, VIRGINIA, VIRGINIA, VIRGINIA, VIRGINIA In fact, there are 3! or 6 ways that the three I’s can be arranged that are indistinguishable when the arrangement of the remaining letters is constant. To figure out the number of unique arrangements of the 8 letters with 3 that are indistinguishable we can find the permutations of the 8 letters and divide by the permutations of the indistinguishable items. 8! / 3! = (8×7×6×5×4×3!) / 3! = 8×7×6×5×4 = 6720",C_control,NA,high
1118,"Example A
Find 256^{1/4}.
Solution: Rewrite this expression in terms of roots. A number to the one-fourth power is the same as the fourth root.
256^{1/4} = √[4]{256} = √[4]{4^4} = 4
Therefore, 256^{1/4} = 4.",C_control,NA,high
146,"Example B
Solve and graph |4x - 3| > 9.
Solution: Break apart the absolute value inequality to find the two solutions.
|4x - 3| > 9
4x - 3 > 9 or 4x - 3 < -9
4x > 12 or 4x < -6
x > 3 or x < -3/2

Test a solution, x = 5 :
|4(5) - 3| > 9
|20 - 3| > 9 [✓]
17 > 9",C_control,NA,high
965,Power Properties Objective: To discover and use the power properties of exponents.,C_control,NA,high
805,"Use either factoring or solving by square roots to solve the following quadratic equations.
13. x² - 16x + 55 = 0
14. 2x² - 9 = 27
15. 6x² + 23x = -20",C_control,NA,high
590,"Example A

Perform the scalar multiplication:
2 [-4, 1/2; -1, 3]

Solution: In this case we just need to multiply each element of the matrix by 2.
[2(-4), 2(1/2); 2(-1), 2(3)] = [-8, 1; -2, 6]",C_control,NA,high
2182,"Example A: Solve sin^2 x - 3 sin x + 2 = 0. Solution: This sine equation looks a lot like the quadratic x^2 - 3x + 2 = 0 which factors to be (x - 2)(x - 1) = 0 and the solutions are x = 2 and 1. We can factor the trig equation in the exact same manner. Instead of just x, we will have sin x in the factors: sin^2 x - 3 sin x + 2 = 0; (sin x - 2)(sin x - 1) = 0; sin x = 2 and sin x = 1. There is no solution for sin x = 2, and sin x = 1 when x = pi/2 +- 2pi*n.",C_control,NA,high
848,"Example A
Solve x² - 8x - 1 = 10.

Solution:
1. Write the polynomial so that x² and x are on the left side of the equation and the constants on the right. This is only for organizational purposes, but it really helps. Leave a little space after the x-term.
x² - 8x = 11

2. Now, ""complete the square."" Determine what number would make a perfect square trinomial with x² - 8x + c. To do this, divide the x-term by 2 and square that number, or (b/2)².
(b/2)² = (8/2)² = 4² = 16

3. Add this number to both sides in order to keep the equation balanced.
x² - 8x + 16 = 11 + 16

4. Factor the left side to the square of a binomial and simplify the right.
(x - 4)² = 27

5. Solve by using square roots.
x - 4 = ±3√3
x = 4 ± 3√3

Completing the square enables you to solve any quadratic equation using square roots. Through this process, we can make an unfactorable quadratic equation solvable, like the one above. It can also be used with quadratic equations that have imaginary solutions.",C_control,NA,high
